12:43:32:471  INFO 20552 --- [main] com.hmall.pay.PayApplication             : Starting PayApplication using Java 11.0.25 on LAPTOP-16OT1L5F with PID 20552 (G:\BaiduNetdiskDownload\SpringCloud微服务—资料\day02-Docker\资料\hmall\pay-service\target\classes started by 18071 in G:\BaiduNetdiskDownload\SpringCloud微服务—资料\day02-Docker\资料\hmall)
12:43:32:475 DEBUG 20552 --- [main] com.hmall.pay.PayApplication             : Running with Spring Boot v2.7.12, Spring v5.3.27
12:43:32:476  INFO 20552 --- [main] com.hmall.pay.PayApplication             : The following 1 profile is active: "dev"
12:43:33:415  INFO 20552 --- [main] o.s.cloud.context.scope.GenericScope     : BeanFactory id=01d8b01a-9dca-395a-8a21-45a8fef661c6
12:43:33:715  INFO 20552 --- [main] o.s.b.w.embedded.tomcat.TomcatWebServer  : Tomcat initialized with port(s): 8086 (http)
12:43:33:724  INFO 20552 --- [main] o.apache.catalina.core.StandardService   : Starting service [Tomcat]
12:43:33:725  INFO 20552 --- [main] org.apache.catalina.core.StandardEngine  : Starting Servlet engine: [Apache Tomcat/9.0.75]
12:43:33:846  INFO 20552 --- [main] o.a.c.c.C.[Tomcat].[localhost].[/]       : Initializing Spring embedded WebApplicationContext
12:43:33:846  INFO 20552 --- [main] w.s.c.ServletWebServerApplicationContext : Root WebApplicationContext: initialization completed in 1321 ms
12:43:34:024  INFO 20552 --- [main] o.s.c.openfeign.FeignClientFactoryBean   : For 'user-service' URL not provided. Will try picking an instance via load-balancing.
12:43:34:063  INFO 20552 --- [main] o.s.c.openfeign.FeignClientFactoryBean   : For 'trade-service' URL not provided. Will try picking an instance via load-balancing.
12:43:36:214  INFO 20552 --- [main] pertySourcedRequestMappingHandlerMapping : Mapped URL path [/v2/api-docs] onto method [springfox.documentation.swagger2.web.Swagger2ControllerWebMvc#getDocumentation(String, HttpServletRequest)]
12:43:36:860  INFO 20552 --- [main] com.alibaba.nacos.common.remote.client   : [RpcClientFactory] create a new rpc client of 00e392ca-5385-4cc8-a6c5-046ceb10e408
12:43:36:904  INFO 20552 --- [main] org.reflections.Reflections              : Reflections took 24 ms to scan 1 urls, producing 3 keys and 6 values 
12:43:36:927  INFO 20552 --- [main] org.reflections.Reflections              : Reflections took 7 ms to scan 1 urls, producing 4 keys and 9 values 
12:43:36:936  INFO 20552 --- [main] org.reflections.Reflections              : Reflections took 6 ms to scan 1 urls, producing 3 keys and 10 values 
12:43:36:938  WARN 20552 --- [main] org.reflections.Reflections              : given scan urls are empty. set urls in the configuration
12:43:36:945  INFO 20552 --- [main] org.reflections.Reflections              : Reflections took 5 ms to scan 1 urls, producing 1 keys and 5 values 
12:43:36:953  INFO 20552 --- [main] org.reflections.Reflections              : Reflections took 7 ms to scan 1 urls, producing 1 keys and 7 values 
12:43:36:961  INFO 20552 --- [main] org.reflections.Reflections              : Reflections took 6 ms to scan 1 urls, producing 2 keys and 8 values 
12:43:36:963  WARN 20552 --- [main] org.reflections.Reflections              : given scan urls are empty. set urls in the configuration
12:43:36:964  INFO 20552 --- [main] com.alibaba.nacos.common.remote.client   : [00e392ca-5385-4cc8-a6c5-046ceb10e408] RpcClient init label, labels = {module=naming, source=sdk}
12:43:36:965  INFO 20552 --- [main] com.alibaba.nacos.common.remote.client   : [00e392ca-5385-4cc8-a6c5-046ceb10e408] RpcClient init, ServerListFactory = com.alibaba.nacos.client.naming.core.ServerListManager
12:43:36:965  INFO 20552 --- [main] com.alibaba.nacos.common.remote.client   : [00e392ca-5385-4cc8-a6c5-046ceb10e408] Registry connection listener to current client:com.alibaba.nacos.client.naming.remote.gprc.redo.NamingGrpcRedoService
12:43:36:966  INFO 20552 --- [main] com.alibaba.nacos.common.remote.client   : [00e392ca-5385-4cc8-a6c5-046ceb10e408] Register server push request handler:com.alibaba.nacos.client.naming.remote.gprc.NamingPushRequestHandler
12:43:36:967  INFO 20552 --- [main] com.alibaba.nacos.common.remote.client   : [00e392ca-5385-4cc8-a6c5-046ceb10e408] Try to connect to server on start up, server: {serverIp = '192.168.150.102', server main port = 8848}
12:43:37:319  WARN 20552 --- [Thread-4] c.a.nacos.common.notify.NotifyCenter     : [NotifyCenter] Start destroying Publisher
12:43:37:320  WARN 20552 --- [Thread-7] c.a.n.common.http.HttpClientBeanHolder   : [HttpClientBeanHolder] Start destroying common HttpClient
12:43:37:320  WARN 20552 --- [Thread-4] c.a.nacos.common.notify.NotifyCenter     : [NotifyCenter] Destruction of the end
12:43:37:321  WARN 20552 --- [Thread-7] c.a.n.common.http.HttpClientBeanHolder   : [HttpClientBeanHolder] Destruction of the end
12:43:40:852 ERROR 20552 --- [main] c.a.n.c.remote.client.grpc.GrpcClient    : Server check fail, please check server 192.168.150.102 ,port 9848 is available , error ={}

java.util.concurrent.TimeoutException: Waited 3000 milliseconds (plus 12 milliseconds, 663300 nanoseconds delay) for com.alibaba.nacos.shaded.io.grpc.stub.ClientCalls$GrpcFuture@6ba08a09[status=PENDING, info=[GrpcFuture{clientCall={delegate={delegate=ClientCallImpl{method=MethodDescriptor{fullMethodName=Request/request, type=UNARY, idempotent=false, safe=false, sampledToLocalTracing=true, requestMarshaller=com.alibaba.nacos.shaded.io.grpc.protobuf.lite.ProtoLiteUtils$MessageMarshaller@74d53d63, responseMarshaller=com.alibaba.nacos.shaded.io.grpc.protobuf.lite.ProtoLiteUtils$MessageMarshaller@18f27a81, schemaDescriptor=com.alibaba.nacos.api.grpc.auto.RequestGrpc$RequestMethodDescriptorSupplier@624494d4}}}}}]]
	at com.alibaba.nacos.shaded.com.google.common.util.concurrent.AbstractFuture.get(AbstractFuture.java:508) ~[nacos-client-2.0.4.jar:na]
	at com.alibaba.nacos.common.remote.client.grpc.GrpcClient.serverCheck(GrpcClient.java:148) ~[nacos-client-2.0.4.jar:na]
	at com.alibaba.nacos.common.remote.client.grpc.GrpcClient.connectToServer(GrpcClient.java:264) ~[nacos-client-2.0.4.jar:na]
	at com.alibaba.nacos.common.remote.client.RpcClient.start(RpcClient.java:390) ~[nacos-client-2.0.4.jar:na]
	at com.alibaba.nacos.client.naming.remote.gprc.NamingGrpcClientProxy.start(NamingGrpcClientProxy.java:96) ~[nacos-client-2.0.4.jar:na]
	at com.alibaba.nacos.client.naming.remote.gprc.NamingGrpcClientProxy.<init>(NamingGrpcClientProxy.java:89) ~[nacos-client-2.0.4.jar:na]
	at com.alibaba.nacos.client.naming.remote.NamingClientProxyDelegate.<init>(NamingClientProxyDelegate.java:76) ~[nacos-client-2.0.4.jar:na]
	at com.alibaba.nacos.client.naming.NacosNamingService.init(NacosNamingService.java:95) ~[nacos-client-2.0.4.jar:na]
	at com.alibaba.nacos.client.naming.NacosNamingService.<init>(NacosNamingService.java:81) ~[nacos-client-2.0.4.jar:na]
	at java.base/jdk.internal.reflect.NativeConstructorAccessorImpl.newInstance0(Native Method) ~[na:na]
	at java.base/jdk.internal.reflect.NativeConstructorAccessorImpl.newInstance(NativeConstructorAccessorImpl.java:62) ~[na:na]
	at java.base/jdk.internal.reflect.DelegatingConstructorAccessorImpl.newInstance(DelegatingConstructorAccessorImpl.java:45) ~[na:na]
	at java.base/java.lang.reflect.Constructor.newInstance(Constructor.java:490) ~[na:na]
	at com.alibaba.nacos.api.naming.NamingFactory.createNamingService(NamingFactory.java:59) ~[nacos-client-2.0.4.jar:na]
	at com.alibaba.nacos.api.NacosFactory.createNamingService(NacosFactory.java:77) ~[nacos-client-2.0.4.jar:na]
	at com.alibaba.cloud.nacos.NacosServiceManager.createNewNamingService(NacosServiceManager.java:99) ~[spring-cloud-starter-alibaba-nacos-discovery-2021.0.4.0.jar:2021.0.4.0]
	at com.alibaba.cloud.nacos.NacosServiceManager.buildNamingService(NacosServiceManager.java:90) ~[spring-cloud-starter-alibaba-nacos-discovery-2021.0.4.0.jar:2021.0.4.0]
	at com.alibaba.cloud.nacos.NacosServiceManager.getNamingService(NacosServiceManager.java:46) ~[spring-cloud-starter-alibaba-nacos-discovery-2021.0.4.0.jar:2021.0.4.0]
	at com.alibaba.cloud.nacos.discovery.NacosWatch.start(NacosWatch.java:130) ~[spring-cloud-starter-alibaba-nacos-discovery-2021.0.4.0.jar:2021.0.4.0]
	at org.springframework.context.support.DefaultLifecycleProcessor.doStart(DefaultLifecycleProcessor.java:178) ~[spring-context-5.3.27.jar:5.3.27]
	at org.springframework.context.support.DefaultLifecycleProcessor.access$200(DefaultLifecycleProcessor.java:54) ~[spring-context-5.3.27.jar:5.3.27]
	at org.springframework.context.support.DefaultLifecycleProcessor$LifecycleGroup.start(DefaultLifecycleProcessor.java:356) ~[spring-context-5.3.27.jar:5.3.27]
	at java.base/java.lang.Iterable.forEach(Iterable.java:75) ~[na:na]
	at org.springframework.context.support.DefaultLifecycleProcessor.startBeans(DefaultLifecycleProcessor.java:155) ~[spring-context-5.3.27.jar:5.3.27]
	at org.springframework.context.support.DefaultLifecycleProcessor.onRefresh(DefaultLifecycleProcessor.java:123) ~[spring-context-5.3.27.jar:5.3.27]
	at org.springframework.context.support.AbstractApplicationContext.finishRefresh(AbstractApplicationContext.java:937) ~[spring-context-5.3.27.jar:5.3.27]
	at org.springframework.context.support.AbstractApplicationContext.refresh(AbstractApplicationContext.java:586) ~[spring-context-5.3.27.jar:5.3.27]
	at org.springframework.boot.web.servlet.context.ServletWebServerApplicationContext.refresh(ServletWebServerApplicationContext.java:147) ~[spring-boot-2.7.12.jar:2.7.12]
	at org.springframework.boot.SpringApplication.refresh(SpringApplication.java:731) ~[spring-boot-2.7.12.jar:2.7.12]
	at org.springframework.boot.SpringApplication.refreshContext(SpringApplication.java:408) ~[spring-boot-2.7.12.jar:2.7.12]
	at org.springframework.boot.SpringApplication.run(SpringApplication.java:307) ~[spring-boot-2.7.12.jar:2.7.12]
	at org.springframework.boot.SpringApplication.run(SpringApplication.java:1303) ~[spring-boot-2.7.12.jar:2.7.12]
	at org.springframework.boot.SpringApplication.run(SpringApplication.java:1292) ~[spring-boot-2.7.12.jar:2.7.12]
	at com.hmall.pay.PayApplication.main(PayApplication.java:13) ~[classes/:na]

12:43:40:867  INFO 20552 --- [main] com.alibaba.nacos.common.remote.client   : [00e392ca-5385-4cc8-a6c5-046ceb10e408] Try to connect to server on start up, server: {serverIp = '192.168.150.102', server main port = 8848}
12:43:43:869 ERROR 20552 --- [main] c.a.n.c.remote.client.grpc.GrpcClient    : Server check fail, please check server 192.168.150.102 ,port 9848 is available , error ={}

java.util.concurrent.TimeoutException: Waited 3000 milliseconds (plus 264600 nanoseconds delay) for com.alibaba.nacos.shaded.io.grpc.stub.ClientCalls$GrpcFuture@1a914a00[status=PENDING, info=[GrpcFuture{clientCall={delegate={delegate=ClientCallImpl{method=MethodDescriptor{fullMethodName=Request/request, type=UNARY, idempotent=false, safe=false, sampledToLocalTracing=true, requestMarshaller=com.alibaba.nacos.shaded.io.grpc.protobuf.lite.ProtoLiteUtils$MessageMarshaller@74d53d63, responseMarshaller=com.alibaba.nacos.shaded.io.grpc.protobuf.lite.ProtoLiteUtils$MessageMarshaller@18f27a81, schemaDescriptor=com.alibaba.nacos.api.grpc.auto.RequestGrpc$RequestMethodDescriptorSupplier@624494d4}}}}}]]
	at com.alibaba.nacos.shaded.com.google.common.util.concurrent.AbstractFuture.get(AbstractFuture.java:508) ~[nacos-client-2.0.4.jar:na]
	at com.alibaba.nacos.common.remote.client.grpc.GrpcClient.serverCheck(GrpcClient.java:148) ~[nacos-client-2.0.4.jar:na]
	at com.alibaba.nacos.common.remote.client.grpc.GrpcClient.connectToServer(GrpcClient.java:264) ~[nacos-client-2.0.4.jar:na]
	at com.alibaba.nacos.common.remote.client.RpcClient.start(RpcClient.java:390) ~[nacos-client-2.0.4.jar:na]
	at com.alibaba.nacos.client.naming.remote.gprc.NamingGrpcClientProxy.start(NamingGrpcClientProxy.java:96) ~[nacos-client-2.0.4.jar:na]
	at com.alibaba.nacos.client.naming.remote.gprc.NamingGrpcClientProxy.<init>(NamingGrpcClientProxy.java:89) ~[nacos-client-2.0.4.jar:na]
	at com.alibaba.nacos.client.naming.remote.NamingClientProxyDelegate.<init>(NamingClientProxyDelegate.java:76) ~[nacos-client-2.0.4.jar:na]
	at com.alibaba.nacos.client.naming.NacosNamingService.init(NacosNamingService.java:95) ~[nacos-client-2.0.4.jar:na]
	at com.alibaba.nacos.client.naming.NacosNamingService.<init>(NacosNamingService.java:81) ~[nacos-client-2.0.4.jar:na]
	at java.base/jdk.internal.reflect.NativeConstructorAccessorImpl.newInstance0(Native Method) ~[na:na]
	at java.base/jdk.internal.reflect.NativeConstructorAccessorImpl.newInstance(NativeConstructorAccessorImpl.java:62) ~[na:na]
	at java.base/jdk.internal.reflect.DelegatingConstructorAccessorImpl.newInstance(DelegatingConstructorAccessorImpl.java:45) ~[na:na]
	at java.base/java.lang.reflect.Constructor.newInstance(Constructor.java:490) ~[na:na]
	at com.alibaba.nacos.api.naming.NamingFactory.createNamingService(NamingFactory.java:59) ~[nacos-client-2.0.4.jar:na]
	at com.alibaba.nacos.api.NacosFactory.createNamingService(NacosFactory.java:77) ~[nacos-client-2.0.4.jar:na]
	at com.alibaba.cloud.nacos.NacosServiceManager.createNewNamingService(NacosServiceManager.java:99) ~[spring-cloud-starter-alibaba-nacos-discovery-2021.0.4.0.jar:2021.0.4.0]
	at com.alibaba.cloud.nacos.NacosServiceManager.buildNamingService(NacosServiceManager.java:90) ~[spring-cloud-starter-alibaba-nacos-discovery-2021.0.4.0.jar:2021.0.4.0]
	at com.alibaba.cloud.nacos.NacosServiceManager.getNamingService(NacosServiceManager.java:46) ~[spring-cloud-starter-alibaba-nacos-discovery-2021.0.4.0.jar:2021.0.4.0]
	at com.alibaba.cloud.nacos.discovery.NacosWatch.start(NacosWatch.java:130) ~[spring-cloud-starter-alibaba-nacos-discovery-2021.0.4.0.jar:2021.0.4.0]
	at org.springframework.context.support.DefaultLifecycleProcessor.doStart(DefaultLifecycleProcessor.java:178) ~[spring-context-5.3.27.jar:5.3.27]
	at org.springframework.context.support.DefaultLifecycleProcessor.access$200(DefaultLifecycleProcessor.java:54) ~[spring-context-5.3.27.jar:5.3.27]
	at org.springframework.context.support.DefaultLifecycleProcessor$LifecycleGroup.start(DefaultLifecycleProcessor.java:356) ~[spring-context-5.3.27.jar:5.3.27]
	at java.base/java.lang.Iterable.forEach(Iterable.java:75) ~[na:na]
	at org.springframework.context.support.DefaultLifecycleProcessor.startBeans(DefaultLifecycleProcessor.java:155) ~[spring-context-5.3.27.jar:5.3.27]
	at org.springframework.context.support.DefaultLifecycleProcessor.onRefresh(DefaultLifecycleProcessor.java:123) ~[spring-context-5.3.27.jar:5.3.27]
	at org.springframework.context.support.AbstractApplicationContext.finishRefresh(AbstractApplicationContext.java:937) ~[spring-context-5.3.27.jar:5.3.27]
	at org.springframework.context.support.AbstractApplicationContext.refresh(AbstractApplicationContext.java:586) ~[spring-context-5.3.27.jar:5.3.27]
	at org.springframework.boot.web.servlet.context.ServletWebServerApplicationContext.refresh(ServletWebServerApplicationContext.java:147) ~[spring-boot-2.7.12.jar:2.7.12]
	at org.springframework.boot.SpringApplication.refresh(SpringApplication.java:731) ~[spring-boot-2.7.12.jar:2.7.12]
	at org.springframework.boot.SpringApplication.refreshContext(SpringApplication.java:408) ~[spring-boot-2.7.12.jar:2.7.12]
	at org.springframework.boot.SpringApplication.run(SpringApplication.java:307) ~[spring-boot-2.7.12.jar:2.7.12]
	at org.springframework.boot.SpringApplication.run(SpringApplication.java:1303) ~[spring-boot-2.7.12.jar:2.7.12]
	at org.springframework.boot.SpringApplication.run(SpringApplication.java:1292) ~[spring-boot-2.7.12.jar:2.7.12]
	at com.hmall.pay.PayApplication.main(PayApplication.java:13) ~[classes/:na]

12:43:43:870  INFO 20552 --- [main] com.alibaba.nacos.common.remote.client   : [00e392ca-5385-4cc8-a6c5-046ceb10e408] Try to connect to server on start up, server: {serverIp = '192.168.150.102', server main port = 8848}
12:43:46:880 ERROR 20552 --- [main] c.a.n.c.remote.client.grpc.GrpcClient    : Server check fail, please check server 192.168.150.102 ,port 9848 is available , error ={}

java.util.concurrent.TimeoutException: Waited 3000 milliseconds (plus 8 milliseconds, 102900 nanoseconds delay) for com.alibaba.nacos.shaded.io.grpc.stub.ClientCalls$GrpcFuture@42536da6[status=PENDING, info=[GrpcFuture{clientCall={delegate={delegate=ClientCallImpl{method=MethodDescriptor{fullMethodName=Request/request, type=UNARY, idempotent=false, safe=false, sampledToLocalTracing=true, requestMarshaller=com.alibaba.nacos.shaded.io.grpc.protobuf.lite.ProtoLiteUtils$MessageMarshaller@74d53d63, responseMarshaller=com.alibaba.nacos.shaded.io.grpc.protobuf.lite.ProtoLiteUtils$MessageMarshaller@18f27a81, schemaDescriptor=com.alibaba.nacos.api.grpc.auto.RequestGrpc$RequestMethodDescriptorSupplier@624494d4}}}}}]]
	at com.alibaba.nacos.shaded.com.google.common.util.concurrent.AbstractFuture.get(AbstractFuture.java:508) ~[nacos-client-2.0.4.jar:na]
	at com.alibaba.nacos.common.remote.client.grpc.GrpcClient.serverCheck(GrpcClient.java:148) ~[nacos-client-2.0.4.jar:na]
	at com.alibaba.nacos.common.remote.client.grpc.GrpcClient.connectToServer(GrpcClient.java:264) ~[nacos-client-2.0.4.jar:na]
	at com.alibaba.nacos.common.remote.client.RpcClient.start(RpcClient.java:390) ~[nacos-client-2.0.4.jar:na]
	at com.alibaba.nacos.client.naming.remote.gprc.NamingGrpcClientProxy.start(NamingGrpcClientProxy.java:96) ~[nacos-client-2.0.4.jar:na]
	at com.alibaba.nacos.client.naming.remote.gprc.NamingGrpcClientProxy.<init>(NamingGrpcClientProxy.java:89) ~[nacos-client-2.0.4.jar:na]
	at com.alibaba.nacos.client.naming.remote.NamingClientProxyDelegate.<init>(NamingClientProxyDelegate.java:76) ~[nacos-client-2.0.4.jar:na]
	at com.alibaba.nacos.client.naming.NacosNamingService.init(NacosNamingService.java:95) ~[nacos-client-2.0.4.jar:na]
	at com.alibaba.nacos.client.naming.NacosNamingService.<init>(NacosNamingService.java:81) ~[nacos-client-2.0.4.jar:na]
	at java.base/jdk.internal.reflect.NativeConstructorAccessorImpl.newInstance0(Native Method) ~[na:na]
	at java.base/jdk.internal.reflect.NativeConstructorAccessorImpl.newInstance(NativeConstructorAccessorImpl.java:62) ~[na:na]
	at java.base/jdk.internal.reflect.DelegatingConstructorAccessorImpl.newInstance(DelegatingConstructorAccessorImpl.java:45) ~[na:na]
	at java.base/java.lang.reflect.Constructor.newInstance(Constructor.java:490) ~[na:na]
	at com.alibaba.nacos.api.naming.NamingFactory.createNamingService(NamingFactory.java:59) ~[nacos-client-2.0.4.jar:na]
	at com.alibaba.nacos.api.NacosFactory.createNamingService(NacosFactory.java:77) ~[nacos-client-2.0.4.jar:na]
	at com.alibaba.cloud.nacos.NacosServiceManager.createNewNamingService(NacosServiceManager.java:99) ~[spring-cloud-starter-alibaba-nacos-discovery-2021.0.4.0.jar:2021.0.4.0]
	at com.alibaba.cloud.nacos.NacosServiceManager.buildNamingService(NacosServiceManager.java:90) ~[spring-cloud-starter-alibaba-nacos-discovery-2021.0.4.0.jar:2021.0.4.0]
	at com.alibaba.cloud.nacos.NacosServiceManager.getNamingService(NacosServiceManager.java:46) ~[spring-cloud-starter-alibaba-nacos-discovery-2021.0.4.0.jar:2021.0.4.0]
	at com.alibaba.cloud.nacos.discovery.NacosWatch.start(NacosWatch.java:130) ~[spring-cloud-starter-alibaba-nacos-discovery-2021.0.4.0.jar:2021.0.4.0]
	at org.springframework.context.support.DefaultLifecycleProcessor.doStart(DefaultLifecycleProcessor.java:178) ~[spring-context-5.3.27.jar:5.3.27]
	at org.springframework.context.support.DefaultLifecycleProcessor.access$200(DefaultLifecycleProcessor.java:54) ~[spring-context-5.3.27.jar:5.3.27]
	at org.springframework.context.support.DefaultLifecycleProcessor$LifecycleGroup.start(DefaultLifecycleProcessor.java:356) ~[spring-context-5.3.27.jar:5.3.27]
	at java.base/java.lang.Iterable.forEach(Iterable.java:75) ~[na:na]
	at org.springframework.context.support.DefaultLifecycleProcessor.startBeans(DefaultLifecycleProcessor.java:155) ~[spring-context-5.3.27.jar:5.3.27]
	at org.springframework.context.support.DefaultLifecycleProcessor.onRefresh(DefaultLifecycleProcessor.java:123) ~[spring-context-5.3.27.jar:5.3.27]
	at org.springframework.context.support.AbstractApplicationContext.finishRefresh(AbstractApplicationContext.java:937) ~[spring-context-5.3.27.jar:5.3.27]
	at org.springframework.context.support.AbstractApplicationContext.refresh(AbstractApplicationContext.java:586) ~[spring-context-5.3.27.jar:5.3.27]
	at org.springframework.boot.web.servlet.context.ServletWebServerApplicationContext.refresh(ServletWebServerApplicationContext.java:147) ~[spring-boot-2.7.12.jar:2.7.12]
	at org.springframework.boot.SpringApplication.refresh(SpringApplication.java:731) ~[spring-boot-2.7.12.jar:2.7.12]
	at org.springframework.boot.SpringApplication.refreshContext(SpringApplication.java:408) ~[spring-boot-2.7.12.jar:2.7.12]
	at org.springframework.boot.SpringApplication.run(SpringApplication.java:307) ~[spring-boot-2.7.12.jar:2.7.12]
	at org.springframework.boot.SpringApplication.run(SpringApplication.java:1303) ~[spring-boot-2.7.12.jar:2.7.12]
	at org.springframework.boot.SpringApplication.run(SpringApplication.java:1292) ~[spring-boot-2.7.12.jar:2.7.12]
	at com.hmall.pay.PayApplication.main(PayApplication.java:13) ~[classes/:na]

12:43:46:881  INFO 20552 --- [com.alibaba.nacos.client.remote.worker] com.alibaba.nacos.common.remote.client   : [00e392ca-5385-4cc8-a6c5-046ceb10e408] Try to reconnect to a new server, server is  not appointed, will choose a random server.
12:43:46:882  INFO 20552 --- [main] com.alibaba.nacos.common.remote.client   : [00e392ca-5385-4cc8-a6c5-046ceb10e408] Register server push request handler:com.alibaba.nacos.common.remote.client.RpcClient$ConnectResetRequestHandler
12:43:46:882  INFO 20552 --- [main] com.alibaba.nacos.common.remote.client   : [00e392ca-5385-4cc8-a6c5-046ceb10e408] Register server push request handler:com.alibaba.nacos.common.remote.client.RpcClient$$Lambda$977/0x00000008006ca440
12:43:46:989 ERROR 20552 --- [main] com.alibaba.nacos.common.remote.client   : Send request fail, request = SubscribeServiceRequest{headers={app=unknown}, requestId='null'}, retryTimes = 0, errorMessage = Client not connected, current status:STARTING
12:43:47:098 ERROR 20552 --- [main] com.alibaba.nacos.common.remote.client   : Send request fail, request = SubscribeServiceRequest{headers={app=unknown}, requestId='null'}, retryTimes = 1, errorMessage = Client not connected, current status:STARTING
12:43:47:210 ERROR 20552 --- [main] com.alibaba.nacos.common.remote.client   : Send request fail, request = SubscribeServiceRequest{headers={app=unknown}, requestId='null'}, retryTimes = 2, errorMessage = Client not connected, current status:STARTING
12:43:47:211 ERROR 20552 --- [main] c.a.cloud.nacos.discovery.NacosWatch     : namingService subscribe failed, properties:NacosDiscoveryProperties{serverAddr='192.168.150.102', username='', password='', endpoint='', namespace='', watchDelay=30000, logName='', service='pay-service', weight=1.0, clusterName='DEFAULT', group='DEFAULT_GROUP', namingLoadCacheAtStart='false', metadata={preserved.register.source=SPRING_CLOUD}, registerEnabled=true, ip='192.168.220.1', networkInterface='', port=-1, secure=false, accessKey='', secretKey='', heartBeatInterval=null, heartBeatTimeout=null, ipDeleteTimeout=null, instanceEnabled=true, ephemeral=true, failureToleranceEnabled=false}, ipDeleteTimeout=null, failFast=true}

com.alibaba.nacos.api.exception.NacosException: Request nacos server failed: 
	at com.alibaba.nacos.client.naming.remote.gprc.NamingGrpcClientProxy.requestToServer(NamingGrpcClientProxy.java:290) ~[nacos-client-2.0.4.jar:na]
	at com.alibaba.nacos.client.naming.remote.gprc.NamingGrpcClientProxy.doSubscribe(NamingGrpcClientProxy.java:230) ~[nacos-client-2.0.4.jar:na]
	at com.alibaba.nacos.client.naming.remote.gprc.NamingGrpcClientProxy.subscribe(NamingGrpcClientProxy.java:215) ~[nacos-client-2.0.4.jar:na]
	at com.alibaba.nacos.client.naming.remote.NamingClientProxyDelegate.subscribe(NamingClientProxyDelegate.java:147) ~[nacos-client-2.0.4.jar:na]
	at com.alibaba.nacos.client.naming.NacosNamingService.subscribe(NacosNamingService.java:393) ~[nacos-client-2.0.4.jar:na]
	at com.alibaba.cloud.nacos.discovery.NacosWatch.start(NacosWatch.java:132) ~[spring-cloud-starter-alibaba-nacos-discovery-2021.0.4.0.jar:2021.0.4.0]
	at org.springframework.context.support.DefaultLifecycleProcessor.doStart(DefaultLifecycleProcessor.java:178) ~[spring-context-5.3.27.jar:5.3.27]
	at org.springframework.context.support.DefaultLifecycleProcessor.access$200(DefaultLifecycleProcessor.java:54) ~[spring-context-5.3.27.jar:5.3.27]
	at org.springframework.context.support.DefaultLifecycleProcessor$LifecycleGroup.start(DefaultLifecycleProcessor.java:356) ~[spring-context-5.3.27.jar:5.3.27]
	at java.base/java.lang.Iterable.forEach(Iterable.java:75) ~[na:na]
	at org.springframework.context.support.DefaultLifecycleProcessor.startBeans(DefaultLifecycleProcessor.java:155) ~[spring-context-5.3.27.jar:5.3.27]
	at org.springframework.context.support.DefaultLifecycleProcessor.onRefresh(DefaultLifecycleProcessor.java:123) ~[spring-context-5.3.27.jar:5.3.27]
	at org.springframework.context.support.AbstractApplicationContext.finishRefresh(AbstractApplicationContext.java:937) ~[spring-context-5.3.27.jar:5.3.27]
	at org.springframework.context.support.AbstractApplicationContext.refresh(AbstractApplicationContext.java:586) ~[spring-context-5.3.27.jar:5.3.27]
	at org.springframework.boot.web.servlet.context.ServletWebServerApplicationContext.refresh(ServletWebServerApplicationContext.java:147) ~[spring-boot-2.7.12.jar:2.7.12]
	at org.springframework.boot.SpringApplication.refresh(SpringApplication.java:731) ~[spring-boot-2.7.12.jar:2.7.12]
	at org.springframework.boot.SpringApplication.refreshContext(SpringApplication.java:408) ~[spring-boot-2.7.12.jar:2.7.12]
	at org.springframework.boot.SpringApplication.run(SpringApplication.java:307) ~[spring-boot-2.7.12.jar:2.7.12]
	at org.springframework.boot.SpringApplication.run(SpringApplication.java:1303) ~[spring-boot-2.7.12.jar:2.7.12]
	at org.springframework.boot.SpringApplication.run(SpringApplication.java:1292) ~[spring-boot-2.7.12.jar:2.7.12]
	at com.hmall.pay.PayApplication.main(PayApplication.java:13) ~[classes/:na]
Caused by: com.alibaba.nacos.api.exception.NacosException: Client not connected, current status:STARTING
	at com.alibaba.nacos.common.remote.client.RpcClient.request(RpcClient.java:650) ~[nacos-client-2.0.4.jar:na]
	at com.alibaba.nacos.common.remote.client.RpcClient.request(RpcClient.java:630) ~[nacos-client-2.0.4.jar:na]
	at com.alibaba.nacos.client.naming.remote.gprc.NamingGrpcClientProxy.requestToServer(NamingGrpcClientProxy.java:280) ~[nacos-client-2.0.4.jar:na]
	... 20 common frames omitted

12:43:47:230  INFO 20552 --- [main] o.s.b.w.embedded.tomcat.TomcatWebServer  : Tomcat started on port(s): 8086 (http) with context path ''
12:43:47:335 ERROR 20552 --- [main] com.alibaba.nacos.common.remote.client   : Send request fail, request = InstanceRequest{headers={app=unknown}, requestId='null'}, retryTimes = 0, errorMessage = Client not connected, current status:STARTING
12:43:47:447 ERROR 20552 --- [main] com.alibaba.nacos.common.remote.client   : Send request fail, request = InstanceRequest{headers={app=unknown}, requestId='null'}, retryTimes = 1, errorMessage = Client not connected, current status:STARTING
12:43:47:555 ERROR 20552 --- [main] com.alibaba.nacos.common.remote.client   : Send request fail, request = InstanceRequest{headers={app=unknown}, requestId='null'}, retryTimes = 2, errorMessage = Client not connected, current status:STARTING
12:43:47:555 ERROR 20552 --- [main] c.a.c.n.registry.NacosServiceRegistry    : nacos registry, pay-service register failed...NacosRegistration{nacosDiscoveryProperties=NacosDiscoveryProperties{serverAddr='192.168.150.102', username='', password='', endpoint='', namespace='', watchDelay=30000, logName='', service='pay-service', weight=1.0, clusterName='DEFAULT', group='DEFAULT_GROUP', namingLoadCacheAtStart='false', metadata={preserved.register.source=SPRING_CLOUD}, registerEnabled=true, ip='192.168.220.1', networkInterface='', port=8086, secure=false, accessKey='', secretKey='', heartBeatInterval=null, heartBeatTimeout=null, ipDeleteTimeout=null, instanceEnabled=true, ephemeral=true, failureToleranceEnabled=false}, ipDeleteTimeout=null, failFast=true}},

com.alibaba.nacos.api.exception.NacosException: Request nacos server failed: 
	at com.alibaba.nacos.client.naming.remote.gprc.NamingGrpcClientProxy.requestToServer(NamingGrpcClientProxy.java:290) ~[nacos-client-2.0.4.jar:na]
	at com.alibaba.nacos.client.naming.remote.gprc.NamingGrpcClientProxy.doRegisterService(NamingGrpcClientProxy.java:129) ~[nacos-client-2.0.4.jar:na]
	at com.alibaba.nacos.client.naming.remote.gprc.NamingGrpcClientProxy.registerService(NamingGrpcClientProxy.java:115) ~[nacos-client-2.0.4.jar:na]
	at com.alibaba.nacos.client.naming.remote.NamingClientProxyDelegate.registerService(NamingClientProxyDelegate.java:94) ~[nacos-client-2.0.4.jar:na]
	at com.alibaba.nacos.client.naming.NacosNamingService.registerInstance(NacosNamingService.java:145) ~[nacos-client-2.0.4.jar:na]
	at com.alibaba.cloud.nacos.registry.NacosServiceRegistry.register(NacosServiceRegistry.java:74) ~[spring-cloud-starter-alibaba-nacos-discovery-2021.0.4.0.jar:2021.0.4.0]
	at org.springframework.cloud.client.serviceregistry.AbstractAutoServiceRegistration.register(AbstractAutoServiceRegistration.java:232) ~[spring-cloud-commons-3.1.3.jar:3.1.3]
	at com.alibaba.cloud.nacos.registry.NacosAutoServiceRegistration.register(NacosAutoServiceRegistration.java:78) ~[spring-cloud-starter-alibaba-nacos-discovery-2021.0.4.0.jar:2021.0.4.0]
	at org.springframework.cloud.client.serviceregistry.AbstractAutoServiceRegistration.start(AbstractAutoServiceRegistration.java:133) ~[spring-cloud-commons-3.1.3.jar:3.1.3]
	at org.springframework.cloud.client.serviceregistry.AbstractAutoServiceRegistration.bind(AbstractAutoServiceRegistration.java:98) ~[spring-cloud-commons-3.1.3.jar:3.1.3]
	at org.springframework.cloud.client.serviceregistry.AbstractAutoServiceRegistration.onApplicationEvent(AbstractAutoServiceRegistration.java:86) ~[spring-cloud-commons-3.1.3.jar:3.1.3]
	at org.springframework.cloud.client.serviceregistry.AbstractAutoServiceRegistration.onApplicationEvent(AbstractAutoServiceRegistration.java:47) ~[spring-cloud-commons-3.1.3.jar:3.1.3]
	at org.springframework.context.event.SimpleApplicationEventMulticaster.doInvokeListener(SimpleApplicationEventMulticaster.java:176) ~[spring-context-5.3.27.jar:5.3.27]
	at org.springframework.context.event.SimpleApplicationEventMulticaster.invokeListener(SimpleApplicationEventMulticaster.java:169) ~[spring-context-5.3.27.jar:5.3.27]
	at org.springframework.context.event.SimpleApplicationEventMulticaster.multicastEvent(SimpleApplicationEventMulticaster.java:143) ~[spring-context-5.3.27.jar:5.3.27]
	at org.springframework.context.support.AbstractApplicationContext.publishEvent(AbstractApplicationContext.java:421) ~[spring-context-5.3.27.jar:5.3.27]
	at org.springframework.context.support.AbstractApplicationContext.publishEvent(AbstractApplicationContext.java:378) ~[spring-context-5.3.27.jar:5.3.27]
	at org.springframework.boot.web.servlet.context.WebServerStartStopLifecycle.start(WebServerStartStopLifecycle.java:46) ~[spring-boot-2.7.12.jar:2.7.12]
	at org.springframework.context.support.DefaultLifecycleProcessor.doStart(DefaultLifecycleProcessor.java:178) ~[spring-context-5.3.27.jar:5.3.27]
	at org.springframework.context.support.DefaultLifecycleProcessor.access$200(DefaultLifecycleProcessor.java:54) ~[spring-context-5.3.27.jar:5.3.27]
	at org.springframework.context.support.DefaultLifecycleProcessor$LifecycleGroup.start(DefaultLifecycleProcessor.java:356) ~[spring-context-5.3.27.jar:5.3.27]
	at java.base/java.lang.Iterable.forEach(Iterable.java:75) ~[na:na]
	at org.springframework.context.support.DefaultLifecycleProcessor.startBeans(DefaultLifecycleProcessor.java:155) ~[spring-context-5.3.27.jar:5.3.27]
	at org.springframework.context.support.DefaultLifecycleProcessor.onRefresh(DefaultLifecycleProcessor.java:123) ~[spring-context-5.3.27.jar:5.3.27]
	at org.springframework.context.support.AbstractApplicationContext.finishRefresh(AbstractApplicationContext.java:937) ~[spring-context-5.3.27.jar:5.3.27]
	at org.springframework.context.support.AbstractApplicationContext.refresh(AbstractApplicationContext.java:586) ~[spring-context-5.3.27.jar:5.3.27]
	at org.springframework.boot.web.servlet.context.ServletWebServerApplicationContext.refresh(ServletWebServerApplicationContext.java:147) ~[spring-boot-2.7.12.jar:2.7.12]
	at org.springframework.boot.SpringApplication.refresh(SpringApplication.java:731) ~[spring-boot-2.7.12.jar:2.7.12]
	at org.springframework.boot.SpringApplication.refreshContext(SpringApplication.java:408) ~[spring-boot-2.7.12.jar:2.7.12]
	at org.springframework.boot.SpringApplication.run(SpringApplication.java:307) ~[spring-boot-2.7.12.jar:2.7.12]
	at org.springframework.boot.SpringApplication.run(SpringApplication.java:1303) ~[spring-boot-2.7.12.jar:2.7.12]
	at org.springframework.boot.SpringApplication.run(SpringApplication.java:1292) ~[spring-boot-2.7.12.jar:2.7.12]
	at com.hmall.pay.PayApplication.main(PayApplication.java:13) ~[classes/:na]
Caused by: com.alibaba.nacos.api.exception.NacosException: Client not connected, current status:STARTING
	at com.alibaba.nacos.common.remote.client.RpcClient.request(RpcClient.java:650) ~[nacos-client-2.0.4.jar:na]
	at com.alibaba.nacos.common.remote.client.RpcClient.request(RpcClient.java:630) ~[nacos-client-2.0.4.jar:na]
	at com.alibaba.nacos.client.naming.remote.gprc.NamingGrpcClientProxy.requestToServer(NamingGrpcClientProxy.java:280) ~[nacos-client-2.0.4.jar:na]
	... 32 common frames omitted

12:43:47:556  WARN 20552 --- [main] ConfigServletWebServerApplicationContext : Exception encountered during context initialization - cancelling refresh attempt: org.springframework.context.ApplicationContextException: Failed to start bean 'webServerStartStop'; nested exception is java.lang.reflect.UndeclaredThrowableException
12:43:47:888 ERROR 20552 --- [com.alibaba.nacos.client.naming.updater.0] com.alibaba.nacos.common.remote.client   : Send request fail, request = ServiceQueryRequest{headers={app=unknown}, requestId='null'}, retryTimes = 0, errorMessage = Client not connected, current status:STARTING
12:43:47:889  INFO 20552 --- [main] com.alibaba.nacos.common.remote.client   : Shutdown rpc client, set status to shutdown
12:43:47:889  INFO 20552 --- [main] com.alibaba.nacos.common.remote.client   : Shutdown client event executor java.util.concurrent.ScheduledThreadPoolExecutor@43ca96a0[Running, pool size = 2, active threads = 2, queued tasks = 0, completed tasks = 0]
12:43:47:889  INFO 20552 --- [main] c.a.n.c.remote.client.grpc.GrpcClient    : Shutdown grpc executor java.util.concurrent.ThreadPoolExecutor@7c68a63c[Running, pool size = 3, active threads = 0, queued tasks = 0, completed tasks = 3]
12:43:47:891 ERROR 20552 --- [com.alibaba.nacos.client.remote.worker] c.a.n.c.remote.client.grpc.GrpcClient    : Server check fail, please check server 192.168.150.102 ,port 9848 is available , error ={}

java.lang.InterruptedException: null
	at com.alibaba.nacos.shaded.com.google.common.util.concurrent.AbstractFuture.get(AbstractFuture.java:438) ~[nacos-client-2.0.4.jar:na]
	at com.alibaba.nacos.common.remote.client.grpc.GrpcClient.serverCheck(GrpcClient.java:148) ~[nacos-client-2.0.4.jar:na]
	at com.alibaba.nacos.common.remote.client.grpc.GrpcClient.connectToServer(GrpcClient.java:264) ~[nacos-client-2.0.4.jar:na]
	at com.alibaba.nacos.common.remote.client.RpcClient.reconnect(RpcClient.java:522) ~[nacos-client-2.0.4.jar:na]
	at com.alibaba.nacos.common.remote.client.RpcClient.lambda$start$2(RpcClient.java:370) ~[nacos-client-2.0.4.jar:na]
	at java.base/java.util.concurrent.Executors$RunnableAdapter.call(Executors.java:515) ~[na:na]
	at java.base/java.util.concurrent.FutureTask.run(FutureTask.java:264) ~[na:na]
	at java.base/java.util.concurrent.ScheduledThreadPoolExecutor$ScheduledFutureTask.run(ScheduledThreadPoolExecutor.java:304) ~[na:na]
	at java.base/java.util.concurrent.ThreadPoolExecutor.runWorker(ThreadPoolExecutor.java:1128) ~[na:na]
	at java.base/java.util.concurrent.ThreadPoolExecutor$Worker.run(ThreadPoolExecutor.java:628) ~[na:na]
	at java.base/java.lang.Thread.run(Thread.java:829) ~[na:na]

12:43:47:891 ERROR 20552 --- [com.alibaba.nacos.client.remote.worker] c.a.n.c.remote.client.grpc.GrpcClient    : [00e392ca-5385-4cc8-a6c5-046ceb10e408]Fail to connect to server!,error={}

java.util.concurrent.RejectedExecutionException: Task com.alibaba.nacos.shaded.io.grpc.internal.SerializingExecutor@465511f4 rejected from java.util.concurrent.ThreadPoolExecutor@7c68a63c[Terminated, pool size = 0, active threads = 0, queued tasks = 0, completed tasks = 3]
	at java.base/java.util.concurrent.ThreadPoolExecutor$AbortPolicy.rejectedExecution(ThreadPoolExecutor.java:2055) ~[na:na]
	at java.base/java.util.concurrent.ThreadPoolExecutor.reject(ThreadPoolExecutor.java:825) ~[na:na]
	at java.base/java.util.concurrent.ThreadPoolExecutor.execute(ThreadPoolExecutor.java:1355) ~[na:na]
	at com.alibaba.nacos.shaded.io.grpc.internal.SerializingExecutor.schedule(SerializingExecutor.java:93) ~[nacos-client-2.0.4.jar:na]
	at com.alibaba.nacos.shaded.io.grpc.internal.SerializingExecutor.execute(SerializingExecutor.java:86) ~[nacos-client-2.0.4.jar:na]
	at com.alibaba.nacos.shaded.io.grpc.internal.ClientCallImpl$ClientStreamListenerImpl.closedInternal(ClientCallImpl.java:696) ~[nacos-client-2.0.4.jar:na]
	at com.alibaba.nacos.shaded.io.grpc.internal.ClientCallImpl$ClientStreamListenerImpl.closed(ClientCallImpl.java:646) ~[nacos-client-2.0.4.jar:na]
	at com.alibaba.nacos.shaded.io.grpc.internal.ClientCallImpl$ClientStreamListenerImpl.closed(ClientCallImpl.java:639) ~[nacos-client-2.0.4.jar:na]
	at com.alibaba.nacos.shaded.io.grpc.internal.DelayedStream.cancel(DelayedStream.java:302) ~[nacos-client-2.0.4.jar:na]
	at com.alibaba.nacos.shaded.io.grpc.internal.DelayedClientTransport$PendingStream.cancel(DelayedClientTransport.java:363) ~[nacos-client-2.0.4.jar:na]
	at com.alibaba.nacos.shaded.io.grpc.internal.DelayedClientTransport.shutdownNow(DelayedClientTransport.java:241) ~[nacos-client-2.0.4.jar:na]
	at com.alibaba.nacos.shaded.io.grpc.internal.ManagedChannelImpl$UncommittedRetriableStreamsRegistry.onShutdownNow(ManagedChannelImpl.java:1021) ~[nacos-client-2.0.4.jar:na]
	at com.alibaba.nacos.shaded.io.grpc.internal.ManagedChannelImpl.shutdownNow(ManagedChannelImpl.java:752) ~[nacos-client-2.0.4.jar:na]
	at com.alibaba.nacos.shaded.io.grpc.internal.ManagedChannelImpl.shutdownNow(ManagedChannelImpl.java:105) ~[nacos-client-2.0.4.jar:na]
	at com.alibaba.nacos.shaded.io.grpc.internal.ForwardingManagedChannel.shutdownNow(ForwardingManagedChannel.java:52) ~[nacos-client-2.0.4.jar:na]
	at com.alibaba.nacos.shaded.io.grpc.internal.ManagedChannelOrphanWrapper.shutdownNow(ManagedChannelOrphanWrapper.java:66) ~[nacos-client-2.0.4.jar:na]
	at com.alibaba.nacos.common.remote.client.grpc.GrpcClient.shuntDownChannel(GrpcClient.java:130) ~[nacos-client-2.0.4.jar:na]
	at com.alibaba.nacos.common.remote.client.grpc.GrpcClient.connectToServer(GrpcClient.java:266) ~[nacos-client-2.0.4.jar:na]
	at com.alibaba.nacos.common.remote.client.RpcClient.reconnect(RpcClient.java:522) ~[nacos-client-2.0.4.jar:na]
	at com.alibaba.nacos.common.remote.client.RpcClient.lambda$start$2(RpcClient.java:370) ~[nacos-client-2.0.4.jar:na]
	at java.base/java.util.concurrent.Executors$RunnableAdapter.call(Executors.java:515) ~[na:na]
	at java.base/java.util.concurrent.FutureTask.run(FutureTask.java:264) ~[na:na]
	at java.base/java.util.concurrent.ScheduledThreadPoolExecutor$ScheduledFutureTask.run(ScheduledThreadPoolExecutor.java:304) ~[na:na]
	at java.base/java.util.concurrent.ThreadPoolExecutor.runWorker(ThreadPoolExecutor.java:1128) ~[na:na]
	at java.base/java.util.concurrent.ThreadPoolExecutor$Worker.run(ThreadPoolExecutor.java:628) ~[na:na]
	at java.base/java.lang.Thread.run(Thread.java:829) ~[na:na]

12:43:47:892  INFO 20552 --- [main] com.alibaba.nacos.common.remote.client   : [RpcClientFactory] create a new rpc client of a213ecdf-98ff-470f-a9ca-1619eaf2df90
12:43:47:892  INFO 20552 --- [main] com.alibaba.nacos.common.remote.client   : [a213ecdf-98ff-470f-a9ca-1619eaf2df90] RpcClient init label, labels = {module=naming, source=sdk}
12:43:47:892  INFO 20552 --- [main] com.alibaba.nacos.common.remote.client   : [a213ecdf-98ff-470f-a9ca-1619eaf2df90] RpcClient init, ServerListFactory = com.alibaba.nacos.client.naming.core.ServerListManager
12:43:47:892  INFO 20552 --- [main] com.alibaba.nacos.common.remote.client   : [a213ecdf-98ff-470f-a9ca-1619eaf2df90] Registry connection listener to current client:com.alibaba.nacos.client.naming.remote.gprc.redo.NamingGrpcRedoService
12:43:47:892  INFO 20552 --- [main] com.alibaba.nacos.common.remote.client   : [a213ecdf-98ff-470f-a9ca-1619eaf2df90] Register server push request handler:com.alibaba.nacos.client.naming.remote.gprc.NamingPushRequestHandler
12:43:47:893  INFO 20552 --- [main] com.alibaba.nacos.common.remote.client   : [a213ecdf-98ff-470f-a9ca-1619eaf2df90] Try to connect to server on start up, server: {serverIp = '192.168.150.102', server main port = 8848}
12:43:47:997  INFO 20552 --- [com.alibaba.nacos.client.remote.worker] com.alibaba.nacos.common.remote.client   : [00e392ca-5385-4cc8-a6c5-046ceb10e408] Client is shutdown, stop reconnect to server
12:43:47:997 ERROR 20552 --- [com.alibaba.nacos.client.naming.updater.0] com.alibaba.nacos.common.remote.client   : Send request fail, request = ServiceQueryRequest{headers={app=unknown}, requestId='null'}, retryTimes = 1, errorMessage = Client not connected, current status:STARTING
12:43:48:105 ERROR 20552 --- [com.alibaba.nacos.client.naming.updater.0] com.alibaba.nacos.common.remote.client   : Send request fail, request = ServiceQueryRequest{headers={app=unknown}, requestId='null'}, retryTimes = 2, errorMessage = Client not connected, current status:SHUTDOWN
12:43:50:902 ERROR 20552 --- [main] c.a.n.c.remote.client.grpc.GrpcClient    : Server check fail, please check server 192.168.150.102 ,port 9848 is available , error ={}

java.util.concurrent.TimeoutException: Waited 3000 milliseconds (plus 8 milliseconds, 707300 nanoseconds delay) for com.alibaba.nacos.shaded.io.grpc.stub.ClientCalls$GrpcFuture@7c8689e[status=PENDING, info=[GrpcFuture{clientCall={delegate={delegate=ClientCallImpl{method=MethodDescriptor{fullMethodName=Request/request, type=UNARY, idempotent=false, safe=false, sampledToLocalTracing=true, requestMarshaller=com.alibaba.nacos.shaded.io.grpc.protobuf.lite.ProtoLiteUtils$MessageMarshaller@74d53d63, responseMarshaller=com.alibaba.nacos.shaded.io.grpc.protobuf.lite.ProtoLiteUtils$MessageMarshaller@18f27a81, schemaDescriptor=com.alibaba.nacos.api.grpc.auto.RequestGrpc$RequestMethodDescriptorSupplier@624494d4}}}}}]]
	at com.alibaba.nacos.shaded.com.google.common.util.concurrent.AbstractFuture.get(AbstractFuture.java:508) ~[nacos-client-2.0.4.jar:na]
	at com.alibaba.nacos.common.remote.client.grpc.GrpcClient.serverCheck(GrpcClient.java:148) ~[nacos-client-2.0.4.jar:na]
	at com.alibaba.nacos.common.remote.client.grpc.GrpcClient.connectToServer(GrpcClient.java:264) ~[nacos-client-2.0.4.jar:na]
	at com.alibaba.nacos.common.remote.client.RpcClient.start(RpcClient.java:390) ~[nacos-client-2.0.4.jar:na]
	at com.alibaba.nacos.client.naming.remote.gprc.NamingGrpcClientProxy.start(NamingGrpcClientProxy.java:96) ~[nacos-client-2.0.4.jar:na]
	at com.alibaba.nacos.client.naming.remote.gprc.NamingGrpcClientProxy.<init>(NamingGrpcClientProxy.java:89) ~[nacos-client-2.0.4.jar:na]
	at com.alibaba.nacos.client.naming.remote.NamingClientProxyDelegate.<init>(NamingClientProxyDelegate.java:76) ~[nacos-client-2.0.4.jar:na]
	at com.alibaba.nacos.client.naming.NacosNamingService.init(NacosNamingService.java:95) ~[nacos-client-2.0.4.jar:na]
	at com.alibaba.nacos.client.naming.NacosNamingService.<init>(NacosNamingService.java:81) ~[nacos-client-2.0.4.jar:na]
	at java.base/jdk.internal.reflect.NativeConstructorAccessorImpl.newInstance0(Native Method) ~[na:na]
	at java.base/jdk.internal.reflect.NativeConstructorAccessorImpl.newInstance(NativeConstructorAccessorImpl.java:62) ~[na:na]
	at java.base/jdk.internal.reflect.DelegatingConstructorAccessorImpl.newInstance(DelegatingConstructorAccessorImpl.java:45) ~[na:na]
	at java.base/java.lang.reflect.Constructor.newInstance(Constructor.java:490) ~[na:na]
	at com.alibaba.nacos.api.naming.NamingFactory.createNamingService(NamingFactory.java:59) ~[nacos-client-2.0.4.jar:na]
	at com.alibaba.nacos.api.NacosFactory.createNamingService(NacosFactory.java:77) ~[nacos-client-2.0.4.jar:na]
	at com.alibaba.cloud.nacos.NacosServiceManager.createNewNamingService(NacosServiceManager.java:99) ~[spring-cloud-starter-alibaba-nacos-discovery-2021.0.4.0.jar:2021.0.4.0]
	at com.alibaba.cloud.nacos.NacosServiceManager.buildNamingService(NacosServiceManager.java:90) ~[spring-cloud-starter-alibaba-nacos-discovery-2021.0.4.0.jar:2021.0.4.0]
	at com.alibaba.cloud.nacos.NacosServiceManager.getNamingService(NacosServiceManager.java:46) ~[spring-cloud-starter-alibaba-nacos-discovery-2021.0.4.0.jar:2021.0.4.0]
	at com.alibaba.cloud.nacos.discovery.NacosWatch.stop(NacosWatch.java:173) ~[spring-cloud-starter-alibaba-nacos-discovery-2021.0.4.0.jar:2021.0.4.0]
	at com.alibaba.cloud.nacos.discovery.NacosWatch.destroy(NacosWatch.java:204) ~[spring-cloud-starter-alibaba-nacos-discovery-2021.0.4.0.jar:2021.0.4.0]
	at org.springframework.beans.factory.support.DisposableBeanAdapter.destroy(DisposableBeanAdapter.java:213) ~[spring-beans-5.3.27.jar:5.3.27]
	at org.springframework.beans.factory.support.DefaultSingletonBeanRegistry.destroyBean(DefaultSingletonBeanRegistry.java:587) ~[spring-beans-5.3.27.jar:5.3.27]
	at org.springframework.beans.factory.support.DefaultSingletonBeanRegistry.destroySingleton(DefaultSingletonBeanRegistry.java:559) ~[spring-beans-5.3.27.jar:5.3.27]
	at org.springframework.beans.factory.support.DefaultListableBeanFactory.destroySingleton(DefaultListableBeanFactory.java:1163) ~[spring-beans-5.3.27.jar:5.3.27]
	at org.springframework.beans.factory.support.DefaultSingletonBeanRegistry.destroySingletons(DefaultSingletonBeanRegistry.java:520) ~[spring-beans-5.3.27.jar:5.3.27]
	at org.springframework.beans.factory.support.DefaultListableBeanFactory.destroySingletons(DefaultListableBeanFactory.java:1156) ~[spring-beans-5.3.27.jar:5.3.27]
	at org.springframework.context.support.AbstractApplicationContext.destroyBeans(AbstractApplicationContext.java:1108) ~[spring-context-5.3.27.jar:5.3.27]
	at org.springframework.context.support.AbstractApplicationContext.refresh(AbstractApplicationContext.java:596) ~[spring-context-5.3.27.jar:5.3.27]
	at org.springframework.boot.web.servlet.context.ServletWebServerApplicationContext.refresh(ServletWebServerApplicationContext.java:147) ~[spring-boot-2.7.12.jar:2.7.12]
	at org.springframework.boot.SpringApplication.refresh(SpringApplication.java:731) ~[spring-boot-2.7.12.jar:2.7.12]
	at org.springframework.boot.SpringApplication.refreshContext(SpringApplication.java:408) ~[spring-boot-2.7.12.jar:2.7.12]
	at org.springframework.boot.SpringApplication.run(SpringApplication.java:307) ~[spring-boot-2.7.12.jar:2.7.12]
	at org.springframework.boot.SpringApplication.run(SpringApplication.java:1303) ~[spring-boot-2.7.12.jar:2.7.12]
	at org.springframework.boot.SpringApplication.run(SpringApplication.java:1292) ~[spring-boot-2.7.12.jar:2.7.12]
	at com.hmall.pay.PayApplication.main(PayApplication.java:13) ~[classes/:na]

12:43:50:903  INFO 20552 --- [main] com.alibaba.nacos.common.remote.client   : [a213ecdf-98ff-470f-a9ca-1619eaf2df90] Try to connect to server on start up, server: {serverIp = '192.168.150.102', server main port = 8848}
14:31:24:731  INFO 25856 --- [main] com.hmall.pay.PayApplication             : Starting PayApplication using Java 11.0.31 on LAPTOP-16OT1L5F with PID 25856 (G:\hmall\backend\pay-service\target\classes started by 18071 in G:\hmall\backend)
14:31:24:739 DEBUG 25856 --- [main] com.hmall.pay.PayApplication             : Running with Spring Boot v2.7.12, Spring v5.3.27
14:31:24:739  INFO 25856 --- [main] com.hmall.pay.PayApplication             : The following 1 profile is active: "dev"
14:31:25:989  INFO 25856 --- [main] o.s.cloud.context.scope.GenericScope     : BeanFactory id=93635030-9e55-3283-b59b-31e35e320834
14:31:26:493  INFO 25856 --- [main] o.s.b.w.embedded.tomcat.TomcatWebServer  : Tomcat initialized with port(s): 8086 (http)
14:31:26:508  INFO 25856 --- [main] o.apache.catalina.core.StandardService   : Starting service [Tomcat]
14:31:26:508  INFO 25856 --- [main] org.apache.catalina.core.StandardEngine  : Starting Servlet engine: [Apache Tomcat/9.0.75]
14:31:26:723  INFO 25856 --- [main] o.a.c.c.C.[Tomcat].[localhost].[/]       : Initializing Spring embedded WebApplicationContext
14:31:26:724  INFO 25856 --- [main] w.s.c.ServletWebServerApplicationContext : Root WebApplicationContext: initialization completed in 1935 ms
14:31:26:955  INFO 25856 --- [main] o.s.c.openfeign.FeignClientFactoryBean   : For 'user-service' URL not provided. Will try picking an instance via load-balancing.
14:31:27:031  INFO 25856 --- [main] o.s.c.openfeign.FeignClientFactoryBean   : For 'trade-service' URL not provided. Will try picking an instance via load-balancing.
14:31:30:910  INFO 25856 --- [main] pertySourcedRequestMappingHandlerMapping : Mapped URL path [/v2/api-docs] onto method [springfox.documentation.swagger2.web.Swagger2ControllerWebMvc#getDocumentation(String, HttpServletRequest)]
14:31:31:742  INFO 25856 --- [main] com.alibaba.nacos.common.remote.client   : [RpcClientFactory] create a new rpc client of 834446e7-38ca-4404-beb9-bffdbb1c7af5
14:31:31:784  INFO 25856 --- [main] org.reflections.Reflections              : Reflections took 21 ms to scan 1 urls, producing 3 keys and 6 values 
14:31:31:807  INFO 25856 --- [main] org.reflections.Reflections              : Reflections took 9 ms to scan 1 urls, producing 4 keys and 9 values 
14:31:31:817  INFO 25856 --- [main] org.reflections.Reflections              : Reflections took 7 ms to scan 1 urls, producing 3 keys and 10 values 
14:31:31:820  WARN 25856 --- [main] org.reflections.Reflections              : given scan urls are empty. set urls in the configuration
14:31:31:826  INFO 25856 --- [main] org.reflections.Reflections              : Reflections took 6 ms to scan 1 urls, producing 1 keys and 5 values 
14:31:31:838  INFO 25856 --- [main] org.reflections.Reflections              : Reflections took 9 ms to scan 1 urls, producing 1 keys and 7 values 
14:31:31:858  INFO 25856 --- [main] org.reflections.Reflections              : Reflections took 17 ms to scan 1 urls, producing 2 keys and 8 values 
14:31:31:862  WARN 25856 --- [main] org.reflections.Reflections              : given scan urls are empty. set urls in the configuration
14:31:31:863  INFO 25856 --- [main] com.alibaba.nacos.common.remote.client   : [834446e7-38ca-4404-beb9-bffdbb1c7af5] RpcClient init label, labels = {module=naming, source=sdk}
14:31:31:865  INFO 25856 --- [main] com.alibaba.nacos.common.remote.client   : [834446e7-38ca-4404-beb9-bffdbb1c7af5] RpcClient init, ServerListFactory = com.alibaba.nacos.client.naming.core.ServerListManager
14:31:31:865  INFO 25856 --- [main] com.alibaba.nacos.common.remote.client   : [834446e7-38ca-4404-beb9-bffdbb1c7af5] Registry connection listener to current client:com.alibaba.nacos.client.naming.remote.gprc.redo.NamingGrpcRedoService
14:31:31:866  INFO 25856 --- [main] com.alibaba.nacos.common.remote.client   : [834446e7-38ca-4404-beb9-bffdbb1c7af5] Register server push request handler:com.alibaba.nacos.client.naming.remote.gprc.NamingPushRequestHandler
14:31:31:868  INFO 25856 --- [main] com.alibaba.nacos.common.remote.client   : [834446e7-38ca-4404-beb9-bffdbb1c7af5] Try to connect to server on start up, server: {serverIp = '192.168.150.102', server main port = 8848}
14:31:34:459  INFO 25856 --- [main] com.alibaba.nacos.common.remote.client   : [834446e7-38ca-4404-beb9-bffdbb1c7af5] Success to connect to server [192.168.150.102:8848] on start up, connectionId = 1777012293295_192.168.150.1_50706
14:31:34:460  INFO 25856 --- [com.alibaba.nacos.client.remote.worker] com.alibaba.nacos.common.remote.client   : [834446e7-38ca-4404-beb9-bffdbb1c7af5] Notify connected event to listeners.
14:31:34:461  INFO 25856 --- [main] com.alibaba.nacos.common.remote.client   : [834446e7-38ca-4404-beb9-bffdbb1c7af5] Register server push request handler:com.alibaba.nacos.common.remote.client.RpcClient$ConnectResetRequestHandler
14:31:34:462  INFO 25856 --- [main] com.alibaba.nacos.common.remote.client   : [834446e7-38ca-4404-beb9-bffdbb1c7af5] Register server push request handler:com.alibaba.nacos.common.remote.client.RpcClient$$Lambda$975/0x0000000800706040
14:31:34:520  INFO 25856 --- [main] o.s.b.w.embedded.tomcat.TomcatWebServer  : Tomcat started on port(s): 8086 (http) with context path ''
14:31:34:529  INFO 25856 --- [main] c.a.c.n.registry.NacosServiceRegistry    : nacos registry, DEFAULT_GROUP pay-service 192.168.220.1:8086 register finished
14:31:35:077  INFO 25856 --- [nacos-grpc-client-executor-11] com.alibaba.nacos.common.remote.client   : [834446e7-38ca-4404-beb9-bffdbb1c7af5] Receive server push request, request = NotifySubscriberRequest, requestId = 8
14:31:35:089  INFO 25856 --- [nacos-grpc-client-executor-11] com.alibaba.nacos.common.remote.client   : [834446e7-38ca-4404-beb9-bffdbb1c7af5] Ack server push request, request = NotifySubscriberRequest, requestId = 8
14:31:35:177  INFO 25856 --- [main] d.s.w.p.DocumentationPluginsBootstrapper : Documentation plugins bootstrapped
14:31:35:179  INFO 25856 --- [main] d.s.w.p.DocumentationPluginsBootstrapper : Found 1 custom documentation plugin(s)
14:31:35:198  INFO 25856 --- [main] s.d.s.w.s.ApiListingReferenceScanner     : Scanning for api listing references
14:31:35:270  INFO 25856 --- [main] com.hmall.pay.PayApplication             : Started PayApplication in 12.246 seconds (JVM running for 13.708)
14:32:52:827  WARN 25856 --- [Thread-7] c.a.n.common.http.HttpClientBeanHolder   : [HttpClientBeanHolder] Start destroying common HttpClient
14:32:52:827  WARN 25856 --- [Thread-4] c.a.nacos.common.notify.NotifyCenter     : [NotifyCenter] Start destroying Publisher
14:32:52:828  WARN 25856 --- [Thread-7] c.a.n.common.http.HttpClientBeanHolder   : [HttpClientBeanHolder] Destruction of the end
14:32:52:828  WARN 25856 --- [Thread-4] c.a.nacos.common.notify.NotifyCenter     : [NotifyCenter] Destruction of the end
14:32:53:803  INFO 25856 --- [SpringApplicationShutdownHook] c.a.c.n.registry.NacosServiceRegistry    : De-registering from Nacos Server now...
14:32:53:807  INFO 25856 --- [SpringApplicationShutdownHook] c.a.c.n.registry.NacosServiceRegistry    : De-registration finished.
14:32:54:138  INFO 25856 --- [SpringApplicationShutdownHook] com.alibaba.nacos.common.remote.client   : Shutdown rpc client, set status to shutdown
14:32:54:138  INFO 25856 --- [SpringApplicationShutdownHook] com.alibaba.nacos.common.remote.client   : Shutdown client event executor java.util.concurrent.ScheduledThreadPoolExecutor@41b5054[Running, pool size = 2, active threads = 2, queued tasks = 0, completed tasks = 0]
14:32:54:139  INFO 25856 --- [SpringApplicationShutdownHook] com.alibaba.nacos.common.remote.client   : Close current connection 1777012293295_192.168.150.1_50706
14:32:54:140  INFO 25856 --- [nacos-grpc-client-executor-41] c.a.n.c.remote.client.grpc.GrpcClient    : [1777012293295_192.168.150.1_50706]Ignore complete event,isRunning:false,isAbandon=false
14:32:54:143  INFO 25856 --- [SpringApplicationShutdownHook] c.a.n.c.remote.client.grpc.GrpcClient    : Shutdown grpc executor java.util.concurrent.ThreadPoolExecutor@54181943[Running, pool size = 9, active threads = 0, queued tasks = 0, completed tasks = 42]
15:21:04:637  INFO 22144 --- [main] com.hmall.pay.PayApplication             : Starting PayApplication using Java 11.0.31 on LAPTOP-16OT1L5F with PID 22144 (G:\hmall\backend\pay-service\target\classes started by 18071 in G:\hmall\backend)
15:21:04:639 DEBUG 22144 --- [main] com.hmall.pay.PayApplication             : Running with Spring Boot v2.7.12, Spring v5.3.27
15:21:04:640  INFO 22144 --- [main] com.hmall.pay.PayApplication             : The following 1 profile is active: "dev"
15:21:05:980  INFO 22144 --- [main] o.s.cloud.context.scope.GenericScope     : BeanFactory id=93635030-9e55-3283-b59b-31e35e320834
15:21:06:401  INFO 22144 --- [main] o.s.b.w.embedded.tomcat.TomcatWebServer  : Tomcat initialized with port(s): 8086 (http)
15:21:06:412  INFO 22144 --- [main] o.apache.catalina.core.StandardService   : Starting service [Tomcat]
15:21:06:412  INFO 22144 --- [main] org.apache.catalina.core.StandardEngine  : Starting Servlet engine: [Apache Tomcat/9.0.75]
15:21:06:607  INFO 22144 --- [main] o.a.c.c.C.[Tomcat].[localhost].[/]       : Initializing Spring embedded WebApplicationContext
15:21:06:607  INFO 22144 --- [main] w.s.c.ServletWebServerApplicationContext : Root WebApplicationContext: initialization completed in 1920 ms
15:21:06:840  INFO 22144 --- [main] o.s.c.openfeign.FeignClientFactoryBean   : For 'user-service' URL not provided. Will try picking an instance via load-balancing.
15:21:06:897  INFO 22144 --- [main] o.s.c.openfeign.FeignClientFactoryBean   : For 'trade-service' URL not provided. Will try picking an instance via load-balancing.
15:21:10:929  INFO 22144 --- [main] pertySourcedRequestMappingHandlerMapping : Mapped URL path [/v2/api-docs] onto method [springfox.documentation.swagger2.web.Swagger2ControllerWebMvc#getDocumentation(String, HttpServletRequest)]
15:21:11:967  INFO 22144 --- [main] com.alibaba.nacos.common.remote.client   : [RpcClientFactory] create a new rpc client of f2b3e80a-8a9d-4a61-9ee5-72618f60690c
15:21:12:005  INFO 22144 --- [main] org.reflections.Reflections              : Reflections took 20 ms to scan 1 urls, producing 3 keys and 6 values 
15:21:12:028  INFO 22144 --- [main] org.reflections.Reflections              : Reflections took 8 ms to scan 1 urls, producing 4 keys and 9 values 
15:21:12:038  INFO 22144 --- [main] org.reflections.Reflections              : Reflections took 7 ms to scan 1 urls, producing 3 keys and 10 values 
15:21:12:042  WARN 22144 --- [main] org.reflections.Reflections              : given scan urls are empty. set urls in the configuration
15:21:12:053  INFO 22144 --- [main] org.reflections.Reflections              : Reflections took 10 ms to scan 1 urls, producing 1 keys and 5 values 
15:21:12:064  INFO 22144 --- [main] org.reflections.Reflections              : Reflections took 8 ms to scan 1 urls, producing 1 keys and 7 values 
15:21:12:073  INFO 22144 --- [main] org.reflections.Reflections              : Reflections took 6 ms to scan 1 urls, producing 2 keys and 8 values 
15:21:12:076  WARN 22144 --- [main] org.reflections.Reflections              : given scan urls are empty. set urls in the configuration
15:21:12:077  INFO 22144 --- [main] com.alibaba.nacos.common.remote.client   : [f2b3e80a-8a9d-4a61-9ee5-72618f60690c] RpcClient init label, labels = {module=naming, source=sdk}
15:21:12:079  INFO 22144 --- [main] com.alibaba.nacos.common.remote.client   : [f2b3e80a-8a9d-4a61-9ee5-72618f60690c] RpcClient init, ServerListFactory = com.alibaba.nacos.client.naming.core.ServerListManager
15:21:12:079  INFO 22144 --- [main] com.alibaba.nacos.common.remote.client   : [f2b3e80a-8a9d-4a61-9ee5-72618f60690c] Registry connection listener to current client:com.alibaba.nacos.client.naming.remote.gprc.redo.NamingGrpcRedoService
15:21:12:080  INFO 22144 --- [main] com.alibaba.nacos.common.remote.client   : [f2b3e80a-8a9d-4a61-9ee5-72618f60690c] Register server push request handler:com.alibaba.nacos.client.naming.remote.gprc.NamingPushRequestHandler
15:21:12:090  INFO 22144 --- [main] com.alibaba.nacos.common.remote.client   : [f2b3e80a-8a9d-4a61-9ee5-72618f60690c] Try to connect to server on start up, server: {serverIp = '192.168.150.102', server main port = 8848}
15:21:14:609  INFO 22144 --- [main] com.alibaba.nacos.common.remote.client   : [f2b3e80a-8a9d-4a61-9ee5-72618f60690c] Success to connect to server [192.168.150.102:8848] on start up, connectionId = 1777015273502_192.168.150.1_64197
15:21:14:610  INFO 22144 --- [com.alibaba.nacos.client.remote.worker] com.alibaba.nacos.common.remote.client   : [f2b3e80a-8a9d-4a61-9ee5-72618f60690c] Notify connected event to listeners.
15:21:14:610  INFO 22144 --- [main] com.alibaba.nacos.common.remote.client   : [f2b3e80a-8a9d-4a61-9ee5-72618f60690c] Register server push request handler:com.alibaba.nacos.common.remote.client.RpcClient$ConnectResetRequestHandler
15:21:14:611  INFO 22144 --- [main] com.alibaba.nacos.common.remote.client   : [f2b3e80a-8a9d-4a61-9ee5-72618f60690c] Register server push request handler:com.alibaba.nacos.common.remote.client.RpcClient$$Lambda$975/0x00000008006fd840
15:21:14:675  INFO 22144 --- [main] o.s.b.w.embedded.tomcat.TomcatWebServer  : Tomcat started on port(s): 8086 (http) with context path ''
15:21:14:685  INFO 22144 --- [main] c.a.c.n.registry.NacosServiceRegistry    : nacos registry, DEFAULT_GROUP pay-service 192.168.220.1:8086 register finished
15:21:15:180  INFO 22144 --- [nacos-grpc-client-executor-11] com.alibaba.nacos.common.remote.client   : [f2b3e80a-8a9d-4a61-9ee5-72618f60690c] Receive server push request, request = NotifySubscriberRequest, requestId = 15
15:21:15:195  INFO 22144 --- [nacos-grpc-client-executor-11] com.alibaba.nacos.common.remote.client   : [f2b3e80a-8a9d-4a61-9ee5-72618f60690c] Ack server push request, request = NotifySubscriberRequest, requestId = 15
15:21:15:372  INFO 22144 --- [main] d.s.w.p.DocumentationPluginsBootstrapper : Documentation plugins bootstrapped
15:21:15:374  INFO 22144 --- [main] d.s.w.p.DocumentationPluginsBootstrapper : Found 1 custom documentation plugin(s)
15:21:15:393  INFO 22144 --- [main] s.d.s.w.s.ApiListingReferenceScanner     : Scanning for api listing references
15:21:15:465  INFO 22144 --- [main] com.hmall.pay.PayApplication             : Started PayApplication in 12.8 seconds (JVM running for 14.569)
15:23:37:734  INFO 22144 --- [http-nio-8086-exec-1] o.a.c.c.C.[Tomcat].[localhost].[/]       : Initializing Spring DispatcherServlet 'dispatcherServlet'
15:23:37:736  INFO 22144 --- [http-nio-8086-exec-1] o.s.web.servlet.DispatcherServlet        : Initializing Servlet 'dispatcherServlet'
15:23:37:753  INFO 22144 --- [http-nio-8086-exec-1] o.s.web.servlet.DispatcherServlet        : Completed initialization in 17 ms
15:23:37:935  INFO 22144 --- [http-nio-8086-exec-1] com.zaxxer.hikari.HikariDataSource       : HikariPool-1 - Starting...
15:23:38:195  INFO 22144 --- [http-nio-8086-exec-1] com.zaxxer.hikari.HikariDataSource       : HikariPool-1 - Start completed.
15:23:38:204 DEBUG 22144 --- [http-nio-8086-exec-1] c.h.pay.mapper.PayOrderMapper.selectOne  : ==>  Preparing: SELECT id,biz_order_no,pay_order_no,biz_user_id,pay_channel_code,amount,pay_type,status,expand_json,result_code,result_msg,pay_success_time,pay_over_time,qr_code_url,create_time,update_time,creater,updater,is_delete FROM pay_order WHERE (biz_order_no = ?)
15:23:38:229 DEBUG 22144 --- [http-nio-8086-exec-1] c.h.pay.mapper.PayOrderMapper.selectOne  : ==> Parameters: 2047577183329198082(Long)
15:23:38:261 DEBUG 22144 --- [http-nio-8086-exec-1] c.h.pay.mapper.PayOrderMapper.selectOne  : <==      Total: 0
15:23:38:317 DEBUG 22144 --- [http-nio-8086-exec-1] c.h.pay.mapper.PayOrderMapper.insert     : ==>  Preparing: INSERT INTO pay_order ( id, biz_order_no, pay_order_no, biz_user_id, pay_channel_code, amount, pay_type, status, pay_over_time ) VALUES ( ?, ?, ?, ?, ?, ?, ?, ?, ? )
15:23:38:321 DEBUG 22144 --- [http-nio-8086-exec-1] c.h.pay.mapper.PayOrderMapper.insert     : ==> Parameters: 2047577187540389890(Long), 2047577183329198082(Long), 2047577187540389889(Long), 1(Long), balance(String), 87900(Integer), 5(Integer), 1(Integer), 2026-04-24T17:23:38.310414200(LocalDateTime)
15:23:38:324 DEBUG 22144 --- [http-nio-8086-exec-1] c.h.pay.mapper.PayOrderMapper.insert     : <==    Updates: 1
15:23:40:339 DEBUG 22144 --- [http-nio-8086-exec-2] c.h.p.mapper.PayOrderMapper.selectById   : ==>  Preparing: SELECT id,biz_order_no,pay_order_no,biz_user_id,pay_channel_code,amount,pay_type,status,expand_json,result_code,result_msg,pay_success_time,pay_over_time,qr_code_url,create_time,update_time,creater,updater,is_delete FROM pay_order WHERE id=?
15:23:40:339 DEBUG 22144 --- [http-nio-8086-exec-2] c.h.p.mapper.PayOrderMapper.selectById   : ==> Parameters: 2047577187540389890(Long)
15:23:40:344 DEBUG 22144 --- [http-nio-8086-exec-2] c.h.p.mapper.PayOrderMapper.selectById   : <==      Total: 1
15:23:40:549 ERROR 22144 --- [http-nio-8086-exec-2] o.a.c.c.C.[.[.[/].[dispatcherServlet]    : Servlet.service() for servlet [dispatcherServlet] in context with path [] threw exception [Request processing failed; nested exception is feign.FeignException$InternalServerError: [500] during [PUT] to [http://user-service/users/money/deduct?pw&amount=87900] [UserClient#deductMoney(String,Integer)]: [{"timestamp":"2026-04-24T07:23:40.523+00:00","status":500,"error":"Internal Server Error","path":"/users/money/deduct"}]] with root cause

feign.FeignException$InternalServerError: [500] during [PUT] to [http://user-service/users/money/deduct?pw&amount=87900] [UserClient#deductMoney(String,Integer)]: [{"timestamp":"2026-04-24T07:23:40.523+00:00","status":500,"error":"Internal Server Error","path":"/users/money/deduct"}]
	at feign.FeignException.serverErrorStatus(FeignException.java:250) ~[feign-core-11.8.jar:na]
	at feign.FeignException.errorStatus(FeignException.java:197) ~[feign-core-11.8.jar:na]
	at feign.FeignException.errorStatus(FeignException.java:185) ~[feign-core-11.8.jar:na]
	at feign.codec.ErrorDecoder$Default.decode(ErrorDecoder.java:92) ~[feign-core-11.8.jar:na]
	at feign.AsyncResponseHandler.handleResponse(AsyncResponseHandler.java:96) ~[feign-core-11.8.jar:na]
	at feign.SynchronousMethodHandler.executeAndDecode(SynchronousMethodHandler.java:138) ~[feign-core-11.8.jar:na]
	at feign.SynchronousMethodHandler.invoke(SynchronousMethodHandler.java:89) ~[feign-core-11.8.jar:na]
	at feign.ReflectiveFeign$FeignInvocationHandler.invoke(ReflectiveFeign.java:100) ~[feign-core-11.8.jar:na]
	at com.sun.proxy.$Proxy100.deductMoney(Unknown Source) ~[na:na]
	at com.hmall.pay.service.impl.PayOrderServiceImpl.tryPayOrderByBalance(PayOrderServiceImpl.java:56) ~[classes/:na]
	at com.hmall.pay.service.impl.PayOrderServiceImpl$$FastClassBySpringCGLIB$$b2062e7f.invoke(<generated>) ~[classes/:na]
	at org.springframework.cglib.proxy.MethodProxy.invoke(MethodProxy.java:218) ~[spring-core-5.3.27.jar:5.3.27]
	at org.springframework.aop.framework.CglibAopProxy$CglibMethodInvocation.invokeJoinpoint(CglibAopProxy.java:793) ~[spring-aop-5.3.27.jar:5.3.27]
	at org.springframework.aop.framework.ReflectiveMethodInvocation.proceed(ReflectiveMethodInvocation.java:163) ~[spring-aop-5.3.27.jar:5.3.27]
	at org.springframework.aop.framework.CglibAopProxy$CglibMethodInvocation.proceed(CglibAopProxy.java:763) ~[spring-aop-5.3.27.jar:5.3.27]
	at org.springframework.transaction.interceptor.TransactionInterceptor$1.proceedWithInvocation(TransactionInterceptor.java:123) ~[spring-tx-5.3.27.jar:5.3.27]
	at org.springframework.transaction.interceptor.TransactionAspectSupport.invokeWithinTransaction(TransactionAspectSupport.java:388) ~[spring-tx-5.3.27.jar:5.3.27]
	at org.springframework.transaction.interceptor.TransactionInterceptor.invoke(TransactionInterceptor.java:119) ~[spring-tx-5.3.27.jar:5.3.27]
	at org.springframework.aop.framework.ReflectiveMethodInvocation.proceed(ReflectiveMethodInvocation.java:186) ~[spring-aop-5.3.27.jar:5.3.27]
	at org.springframework.aop.framework.CglibAopProxy$CglibMethodInvocation.proceed(CglibAopProxy.java:763) ~[spring-aop-5.3.27.jar:5.3.27]
	at org.springframework.aop.framework.CglibAopProxy$DynamicAdvisedInterceptor.intercept(CglibAopProxy.java:708) ~[spring-aop-5.3.27.jar:5.3.27]
	at com.hmall.pay.service.impl.PayOrderServiceImpl$$EnhancerBySpringCGLIB$$1a0731aa.tryPayOrderByBalance(<generated>) ~[classes/:na]
	at com.hmall.pay.controller.PayController.tryPayOrderByBalance(PayController.java:42) ~[classes/:na]
	at java.base/jdk.internal.reflect.NativeMethodAccessorImpl.invoke0(Native Method) ~[na:na]
	at java.base/jdk.internal.reflect.NativeMethodAccessorImpl.invoke(NativeMethodAccessorImpl.java:62) ~[na:na]
	at java.base/jdk.internal.reflect.DelegatingMethodAccessorImpl.invoke(DelegatingMethodAccessorImpl.java:43) ~[na:na]
	at java.base/java.lang.reflect.Method.invoke(Method.java:566) ~[na:na]
	at org.springframework.web.method.support.InvocableHandlerMethod.doInvoke(InvocableHandlerMethod.java:205) ~[spring-web-5.3.27.jar:5.3.27]
	at org.springframework.web.method.support.InvocableHandlerMethod.invokeForRequest(InvocableHandlerMethod.java:150) ~[spring-web-5.3.27.jar:5.3.27]
	at org.springframework.web.servlet.mvc.method.annotation.ServletInvocableHandlerMethod.invokeAndHandle(ServletInvocableHandlerMethod.java:117) ~[spring-webmvc-5.3.27.jar:5.3.27]
	at org.springframework.web.servlet.mvc.method.annotation.RequestMappingHandlerAdapter.invokeHandlerMethod(RequestMappingHandlerAdapter.java:895) ~[spring-webmvc-5.3.27.jar:5.3.27]
	at org.springframework.web.servlet.mvc.method.annotation.RequestMappingHandlerAdapter.handleInternal(RequestMappingHandlerAdapter.java:808) ~[spring-webmvc-5.3.27.jar:5.3.27]
	at org.springframework.web.servlet.mvc.method.AbstractHandlerMethodAdapter.handle(AbstractHandlerMethodAdapter.java:87) ~[spring-webmvc-5.3.27.jar:5.3.27]
	at org.springframework.web.servlet.DispatcherServlet.doDispatch(DispatcherServlet.java:1072) ~[spring-webmvc-5.3.27.jar:5.3.27]
	at org.springframework.web.servlet.DispatcherServlet.doService(DispatcherServlet.java:965) ~[spring-webmvc-5.3.27.jar:5.3.27]
	at org.springframework.web.servlet.FrameworkServlet.processRequest(FrameworkServlet.java:1006) ~[spring-webmvc-5.3.27.jar:5.3.27]
	at org.springframework.web.servlet.FrameworkServlet.doPost(FrameworkServlet.java:909) ~[spring-webmvc-5.3.27.jar:5.3.27]
	at javax.servlet.http.HttpServlet.service(HttpServlet.java:555) ~[tomcat-embed-core-9.0.75.jar:4.0.FR]
	at org.springframework.web.servlet.FrameworkServlet.service(FrameworkServlet.java:883) ~[spring-webmvc-5.3.27.jar:5.3.27]
	at javax.servlet.http.HttpServlet.service(HttpServlet.java:623) ~[tomcat-embed-core-9.0.75.jar:4.0.FR]
	at org.apache.catalina.core.ApplicationFilterChain.internalDoFilter(ApplicationFilterChain.java:209) ~[tomcat-embed-core-9.0.75.jar:9.0.75]
	at org.apache.catalina.core.ApplicationFilterChain.doFilter(ApplicationFilterChain.java:153) ~[tomcat-embed-core-9.0.75.jar:9.0.75]
	at org.apache.tomcat.websocket.server.WsFilter.doFilter(WsFilter.java:51) ~[tomcat-embed-websocket-9.0.75.jar:9.0.75]
	at org.apache.catalina.core.ApplicationFilterChain.internalDoFilter(ApplicationFilterChain.java:178) ~[tomcat-embed-core-9.0.75.jar:9.0.75]
	at org.apache.catalina.core.ApplicationFilterChain.doFilter(ApplicationFilterChain.java:153) ~[tomcat-embed-core-9.0.75.jar:9.0.75]
	at org.springframework.web.filter.RequestContextFilter.doFilterInternal(RequestContextFilter.java:100) ~[spring-web-5.3.27.jar:5.3.27]
	at org.springframework.web.filter.OncePerRequestFilter.doFilter(OncePerRequestFilter.java:117) ~[spring-web-5.3.27.jar:5.3.27]
	at org.apache.catalina.core.ApplicationFilterChain.internalDoFilter(ApplicationFilterChain.java:178) ~[tomcat-embed-core-9.0.75.jar:9.0.75]
	at org.apache.catalina.core.ApplicationFilterChain.doFilter(ApplicationFilterChain.java:153) ~[tomcat-embed-core-9.0.75.jar:9.0.75]
	at org.springframework.web.filter.FormContentFilter.doFilterInternal(FormContentFilter.java:93) ~[spring-web-5.3.27.jar:5.3.27]
	at org.springframework.web.filter.OncePerRequestFilter.doFilter(OncePerRequestFilter.java:117) ~[spring-web-5.3.27.jar:5.3.27]
	at org.apache.catalina.core.ApplicationFilterChain.internalDoFilter(ApplicationFilterChain.java:178) ~[tomcat-embed-core-9.0.75.jar:9.0.75]
	at org.apache.catalina.core.ApplicationFilterChain.doFilter(ApplicationFilterChain.java:153) ~[tomcat-embed-core-9.0.75.jar:9.0.75]
	at org.springframework.web.filter.CharacterEncodingFilter.doFilterInternal(CharacterEncodingFilter.java:201) ~[spring-web-5.3.27.jar:5.3.27]
	at org.springframework.web.filter.OncePerRequestFilter.doFilter(OncePerRequestFilter.java:117) ~[spring-web-5.3.27.jar:5.3.27]
	at org.apache.catalina.core.ApplicationFilterChain.internalDoFilter(ApplicationFilterChain.java:178) ~[tomcat-embed-core-9.0.75.jar:9.0.75]
	at org.apache.catalina.core.ApplicationFilterChain.doFilter(ApplicationFilterChain.java:153) ~[tomcat-embed-core-9.0.75.jar:9.0.75]
	at org.apache.catalina.core.StandardWrapperValve.invoke(StandardWrapperValve.java:167) ~[tomcat-embed-core-9.0.75.jar:9.0.75]
	at org.apache.catalina.core.StandardContextValve.invoke(StandardContextValve.java:90) ~[tomcat-embed-core-9.0.75.jar:9.0.75]
	at org.apache.catalina.authenticator.AuthenticatorBase.invoke(AuthenticatorBase.java:481) ~[tomcat-embed-core-9.0.75.jar:9.0.75]
	at org.apache.catalina.core.StandardHostValve.invoke(StandardHostValve.java:130) ~[tomcat-embed-core-9.0.75.jar:9.0.75]
	at org.apache.catalina.valves.ErrorReportValve.invoke(ErrorReportValve.java:93) ~[tomcat-embed-core-9.0.75.jar:9.0.75]
	at org.apache.catalina.core.StandardEngineValve.invoke(StandardEngineValve.java:74) ~[tomcat-embed-core-9.0.75.jar:9.0.75]
	at org.apache.catalina.connector.CoyoteAdapter.service(CoyoteAdapter.java:343) ~[tomcat-embed-core-9.0.75.jar:9.0.75]
	at org.apache.coyote.http11.Http11Processor.service(Http11Processor.java:390) ~[tomcat-embed-core-9.0.75.jar:9.0.75]
	at org.apache.coyote.AbstractProcessorLight.process(AbstractProcessorLight.java:63) ~[tomcat-embed-core-9.0.75.jar:9.0.75]
	at org.apache.coyote.AbstractProtocol$ConnectionHandler.process(AbstractProtocol.java:926) ~[tomcat-embed-core-9.0.75.jar:9.0.75]
	at org.apache.tomcat.util.net.NioEndpoint$SocketProcessor.doRun(NioEndpoint.java:1791) ~[tomcat-embed-core-9.0.75.jar:9.0.75]
	at org.apache.tomcat.util.net.SocketProcessorBase.run(SocketProcessorBase.java:52) ~[tomcat-embed-core-9.0.75.jar:9.0.75]
	at org.apache.tomcat.util.threads.ThreadPoolExecutor.runWorker(ThreadPoolExecutor.java:1191) ~[tomcat-embed-core-9.0.75.jar:9.0.75]
	at org.apache.tomcat.util.threads.ThreadPoolExecutor$Worker.run(ThreadPoolExecutor.java:659) ~[tomcat-embed-core-9.0.75.jar:9.0.75]
	at org.apache.tomcat.util.threads.TaskThread$WrappingRunnable.run(TaskThread.java:61) ~[tomcat-embed-core-9.0.75.jar:9.0.75]
	at java.base/java.lang.Thread.run(Thread.java:829) ~[na:na]

15:23:40:955  INFO 22144 --- [nacos-grpc-client-executor-47] com.alibaba.nacos.common.remote.client   : [f2b3e80a-8a9d-4a61-9ee5-72618f60690c] Receive server push request, request = NotifySubscriberRequest, requestId = 25
15:23:40:955  INFO 22144 --- [nacos-grpc-client-executor-47] com.alibaba.nacos.common.remote.client   : [f2b3e80a-8a9d-4a61-9ee5-72618f60690c] Ack server push request, request = NotifySubscriberRequest, requestId = 25
15:23:44:509 DEBUG 22144 --- [http-nio-8086-exec-3] c.h.p.mapper.PayOrderMapper.selectById   : ==>  Preparing: SELECT id,biz_order_no,pay_order_no,biz_user_id,pay_channel_code,amount,pay_type,status,expand_json,result_code,result_msg,pay_success_time,pay_over_time,qr_code_url,create_time,update_time,creater,updater,is_delete FROM pay_order WHERE id=?
15:23:44:509 DEBUG 22144 --- [http-nio-8086-exec-3] c.h.p.mapper.PayOrderMapper.selectById   : ==> Parameters: 2047577187540389890(Long)
15:23:44:511 DEBUG 22144 --- [http-nio-8086-exec-3] c.h.p.mapper.PayOrderMapper.selectById   : <==      Total: 1
15:23:44:524 ERROR 22144 --- [http-nio-8086-exec-3] o.a.c.c.C.[.[.[/].[dispatcherServlet]    : Servlet.service() for servlet [dispatcherServlet] in context with path [] threw exception [Request processing failed; nested exception is feign.FeignException$InternalServerError: [500] during [PUT] to [http://user-service/users/money/deduct?pw=123&amount=87900] [UserClient#deductMoney(String,Integer)]: [{"timestamp":"2026-04-24T07:23:44.522+00:00","status":500,"error":"Internal Server Error","path":"/users/money/deduct"}]] with root cause

feign.FeignException$InternalServerError: [500] during [PUT] to [http://user-service/users/money/deduct?pw=123&amount=87900] [UserClient#deductMoney(String,Integer)]: [{"timestamp":"2026-04-24T07:23:44.522+00:00","status":500,"error":"Internal Server Error","path":"/users/money/deduct"}]
	at feign.FeignException.serverErrorStatus(FeignException.java:250) ~[feign-core-11.8.jar:na]
	at feign.FeignException.errorStatus(FeignException.java:197) ~[feign-core-11.8.jar:na]
	at feign.FeignException.errorStatus(FeignException.java:185) ~[feign-core-11.8.jar:na]
	at feign.codec.ErrorDecoder$Default.decode(ErrorDecoder.java:92) ~[feign-core-11.8.jar:na]
	at feign.AsyncResponseHandler.handleResponse(AsyncResponseHandler.java:96) ~[feign-core-11.8.jar:na]
	at feign.SynchronousMethodHandler.executeAndDecode(SynchronousMethodHandler.java:138) ~[feign-core-11.8.jar:na]
	at feign.SynchronousMethodHandler.invoke(SynchronousMethodHandler.java:89) ~[feign-core-11.8.jar:na]
	at feign.ReflectiveFeign$FeignInvocationHandler.invoke(ReflectiveFeign.java:100) ~[feign-core-11.8.jar:na]
	at com.sun.proxy.$Proxy100.deductMoney(Unknown Source) ~[na:na]
	at com.hmall.pay.service.impl.PayOrderServiceImpl.tryPayOrderByBalance(PayOrderServiceImpl.java:56) ~[classes/:na]
	at com.hmall.pay.service.impl.PayOrderServiceImpl$$FastClassBySpringCGLIB$$b2062e7f.invoke(<generated>) ~[classes/:na]
	at org.springframework.cglib.proxy.MethodProxy.invoke(MethodProxy.java:218) ~[spring-core-5.3.27.jar:5.3.27]
	at org.springframework.aop.framework.CglibAopProxy$CglibMethodInvocation.invokeJoinpoint(CglibAopProxy.java:793) ~[spring-aop-5.3.27.jar:5.3.27]
	at org.springframework.aop.framework.ReflectiveMethodInvocation.proceed(ReflectiveMethodInvocation.java:163) ~[spring-aop-5.3.27.jar:5.3.27]
	at org.springframework.aop.framework.CglibAopProxy$CglibMethodInvocation.proceed(CglibAopProxy.java:763) ~[spring-aop-5.3.27.jar:5.3.27]
	at org.springframework.transaction.interceptor.TransactionInterceptor$1.proceedWithInvocation(TransactionInterceptor.java:123) ~[spring-tx-5.3.27.jar:5.3.27]
	at org.springframework.transaction.interceptor.TransactionAspectSupport.invokeWithinTransaction(TransactionAspectSupport.java:388) ~[spring-tx-5.3.27.jar:5.3.27]
	at org.springframework.transaction.interceptor.TransactionInterceptor.invoke(TransactionInterceptor.java:119) ~[spring-tx-5.3.27.jar:5.3.27]
	at org.springframework.aop.framework.ReflectiveMethodInvocation.proceed(ReflectiveMethodInvocation.java:186) ~[spring-aop-5.3.27.jar:5.3.27]
	at org.springframework.aop.framework.CglibAopProxy$CglibMethodInvocation.proceed(CglibAopProxy.java:763) ~[spring-aop-5.3.27.jar:5.3.27]
	at org.springframework.aop.framework.CglibAopProxy$DynamicAdvisedInterceptor.intercept(CglibAopProxy.java:708) ~[spring-aop-5.3.27.jar:5.3.27]
	at com.hmall.pay.service.impl.PayOrderServiceImpl$$EnhancerBySpringCGLIB$$1a0731aa.tryPayOrderByBalance(<generated>) ~[classes/:na]
	at com.hmall.pay.controller.PayController.tryPayOrderByBalance(PayController.java:42) ~[classes/:na]
	at java.base/jdk.internal.reflect.NativeMethodAccessorImpl.invoke0(Native Method) ~[na:na]
	at java.base/jdk.internal.reflect.NativeMethodAccessorImpl.invoke(NativeMethodAccessorImpl.java:62) ~[na:na]
	at java.base/jdk.internal.reflect.DelegatingMethodAccessorImpl.invoke(DelegatingMethodAccessorImpl.java:43) ~[na:na]
	at java.base/java.lang.reflect.Method.invoke(Method.java:566) ~[na:na]
	at org.springframework.web.method.support.InvocableHandlerMethod.doInvoke(InvocableHandlerMethod.java:205) ~[spring-web-5.3.27.jar:5.3.27]
	at org.springframework.web.method.support.InvocableHandlerMethod.invokeForRequest(InvocableHandlerMethod.java:150) ~[spring-web-5.3.27.jar:5.3.27]
	at org.springframework.web.servlet.mvc.method.annotation.ServletInvocableHandlerMethod.invokeAndHandle(ServletInvocableHandlerMethod.java:117) ~[spring-webmvc-5.3.27.jar:5.3.27]
	at org.springframework.web.servlet.mvc.method.annotation.RequestMappingHandlerAdapter.invokeHandlerMethod(RequestMappingHandlerAdapter.java:895) ~[spring-webmvc-5.3.27.jar:5.3.27]
	at org.springframework.web.servlet.mvc.method.annotation.RequestMappingHandlerAdapter.handleInternal(RequestMappingHandlerAdapter.java:808) ~[spring-webmvc-5.3.27.jar:5.3.27]
	at org.springframework.web.servlet.mvc.method.AbstractHandlerMethodAdapter.handle(AbstractHandlerMethodAdapter.java:87) ~[spring-webmvc-5.3.27.jar:5.3.27]
	at org.springframework.web.servlet.DispatcherServlet.doDispatch(DispatcherServlet.java:1072) ~[spring-webmvc-5.3.27.jar:5.3.27]
	at org.springframework.web.servlet.DispatcherServlet.doService(DispatcherServlet.java:965) ~[spring-webmvc-5.3.27.jar:5.3.27]
	at org.springframework.web.servlet.FrameworkServlet.processRequest(FrameworkServlet.java:1006) ~[spring-webmvc-5.3.27.jar:5.3.27]
	at org.springframework.web.servlet.FrameworkServlet.doPost(FrameworkServlet.java:909) ~[spring-webmvc-5.3.27.jar:5.3.27]
	at javax.servlet.http.HttpServlet.service(HttpServlet.java:555) ~[tomcat-embed-core-9.0.75.jar:4.0.FR]
	at org.springframework.web.servlet.FrameworkServlet.service(FrameworkServlet.java:883) ~[spring-webmvc-5.3.27.jar:5.3.27]
	at javax.servlet.http.HttpServlet.service(HttpServlet.java:623) ~[tomcat-embed-core-9.0.75.jar:4.0.FR]
	at org.apache.catalina.core.ApplicationFilterChain.internalDoFilter(ApplicationFilterChain.java:209) ~[tomcat-embed-core-9.0.75.jar:9.0.75]
	at org.apache.catalina.core.ApplicationFilterChain.doFilter(ApplicationFilterChain.java:153) ~[tomcat-embed-core-9.0.75.jar:9.0.75]
	at org.apache.tomcat.websocket.server.WsFilter.doFilter(WsFilter.java:51) ~[tomcat-embed-websocket-9.0.75.jar:9.0.75]
	at org.apache.catalina.core.ApplicationFilterChain.internalDoFilter(ApplicationFilterChain.java:178) ~[tomcat-embed-core-9.0.75.jar:9.0.75]
	at org.apache.catalina.core.ApplicationFilterChain.doFilter(ApplicationFilterChain.java:153) ~[tomcat-embed-core-9.0.75.jar:9.0.75]
	at org.springframework.web.filter.RequestContextFilter.doFilterInternal(RequestContextFilter.java:100) ~[spring-web-5.3.27.jar:5.3.27]
	at org.springframework.web.filter.OncePerRequestFilter.doFilter(OncePerRequestFilter.java:117) ~[spring-web-5.3.27.jar:5.3.27]
	at org.apache.catalina.core.ApplicationFilterChain.internalDoFilter(ApplicationFilterChain.java:178) ~[tomcat-embed-core-9.0.75.jar:9.0.75]
	at org.apache.catalina.core.ApplicationFilterChain.doFilter(ApplicationFilterChain.java:153) ~[tomcat-embed-core-9.0.75.jar:9.0.75]
	at org.springframework.web.filter.FormContentFilter.doFilterInternal(FormContentFilter.java:93) ~[spring-web-5.3.27.jar:5.3.27]
	at org.springframework.web.filter.OncePerRequestFilter.doFilter(OncePerRequestFilter.java:117) ~[spring-web-5.3.27.jar:5.3.27]
	at org.apache.catalina.core.ApplicationFilterChain.internalDoFilter(ApplicationFilterChain.java:178) ~[tomcat-embed-core-9.0.75.jar:9.0.75]
	at org.apache.catalina.core.ApplicationFilterChain.doFilter(ApplicationFilterChain.java:153) ~[tomcat-embed-core-9.0.75.jar:9.0.75]
	at org.springframework.web.filter.CharacterEncodingFilter.doFilterInternal(CharacterEncodingFilter.java:201) ~[spring-web-5.3.27.jar:5.3.27]
	at org.springframework.web.filter.OncePerRequestFilter.doFilter(OncePerRequestFilter.java:117) ~[spring-web-5.3.27.jar:5.3.27]
	at org.apache.catalina.core.ApplicationFilterChain.internalDoFilter(ApplicationFilterChain.java:178) ~[tomcat-embed-core-9.0.75.jar:9.0.75]
	at org.apache.catalina.core.ApplicationFilterChain.doFilter(ApplicationFilterChain.java:153) ~[tomcat-embed-core-9.0.75.jar:9.0.75]
	at org.apache.catalina.core.StandardWrapperValve.invoke(StandardWrapperValve.java:167) ~[tomcat-embed-core-9.0.75.jar:9.0.75]
	at org.apache.catalina.core.StandardContextValve.invoke(StandardContextValve.java:90) ~[tomcat-embed-core-9.0.75.jar:9.0.75]
	at org.apache.catalina.authenticator.AuthenticatorBase.invoke(AuthenticatorBase.java:481) ~[tomcat-embed-core-9.0.75.jar:9.0.75]
	at org.apache.catalina.core.StandardHostValve.invoke(StandardHostValve.java:130) ~[tomcat-embed-core-9.0.75.jar:9.0.75]
	at org.apache.catalina.valves.ErrorReportValve.invoke(ErrorReportValve.java:93) ~[tomcat-embed-core-9.0.75.jar:9.0.75]
	at org.apache.catalina.core.StandardEngineValve.invoke(StandardEngineValve.java:74) ~[tomcat-embed-core-9.0.75.jar:9.0.75]
	at org.apache.catalina.connector.CoyoteAdapter.service(CoyoteAdapter.java:343) ~[tomcat-embed-core-9.0.75.jar:9.0.75]
	at org.apache.coyote.http11.Http11Processor.service(Http11Processor.java:390) ~[tomcat-embed-core-9.0.75.jar:9.0.75]
	at org.apache.coyote.AbstractProcessorLight.process(AbstractProcessorLight.java:63) ~[tomcat-embed-core-9.0.75.jar:9.0.75]
	at org.apache.coyote.AbstractProtocol$ConnectionHandler.process(AbstractProtocol.java:926) ~[tomcat-embed-core-9.0.75.jar:9.0.75]
	at org.apache.tomcat.util.net.NioEndpoint$SocketProcessor.doRun(NioEndpoint.java:1791) ~[tomcat-embed-core-9.0.75.jar:9.0.75]
	at org.apache.tomcat.util.net.SocketProcessorBase.run(SocketProcessorBase.java:52) ~[tomcat-embed-core-9.0.75.jar:9.0.75]
	at org.apache.tomcat.util.threads.ThreadPoolExecutor.runWorker(ThreadPoolExecutor.java:1191) ~[tomcat-embed-core-9.0.75.jar:9.0.75]
	at org.apache.tomcat.util.threads.ThreadPoolExecutor$Worker.run(ThreadPoolExecutor.java:659) ~[tomcat-embed-core-9.0.75.jar:9.0.75]
	at org.apache.tomcat.util.threads.TaskThread$WrappingRunnable.run(TaskThread.java:61) ~[tomcat-embed-core-9.0.75.jar:9.0.75]
	at java.base/java.lang.Thread.run(Thread.java:829) ~[na:na]

15:25:19:222 DEBUG 22144 --- [http-nio-8086-exec-4] c.h.p.mapper.PayOrderMapper.selectById   : ==>  Preparing: SELECT id,biz_order_no,pay_order_no,biz_user_id,pay_channel_code,amount,pay_type,status,expand_json,result_code,result_msg,pay_success_time,pay_over_time,qr_code_url,create_time,update_time,creater,updater,is_delete FROM pay_order WHERE id=?
15:25:19:223 DEBUG 22144 --- [http-nio-8086-exec-4] c.h.p.mapper.PayOrderMapper.selectById   : ==> Parameters: 2047577187540389890(Long)
15:25:19:225 DEBUG 22144 --- [http-nio-8086-exec-4] c.h.p.mapper.PayOrderMapper.selectById   : <==      Total: 1
15:25:19:240 ERROR 22144 --- [http-nio-8086-exec-4] o.a.c.c.C.[.[.[/].[dispatcherServlet]    : Servlet.service() for servlet [dispatcherServlet] in context with path [] threw exception [Request processing failed; nested exception is feign.FeignException$InternalServerError: [500] during [PUT] to [http://user-service/users/money/deduct?pw=123456&amount=87900] [UserClient#deductMoney(String,Integer)]: [{"timestamp":"2026-04-24T07:25:19.237+00:00","status":500,"error":"Internal Server Error","path":"/users/money/deduct"}]] with root cause

feign.FeignException$InternalServerError: [500] during [PUT] to [http://user-service/users/money/deduct?pw=123456&amount=87900] [UserClient#deductMoney(String,Integer)]: [{"timestamp":"2026-04-24T07:25:19.237+00:00","status":500,"error":"Internal Server Error","path":"/users/money/deduct"}]
	at feign.FeignException.serverErrorStatus(FeignException.java:250) ~[feign-core-11.8.jar:na]
	at feign.FeignException.errorStatus(FeignException.java:197) ~[feign-core-11.8.jar:na]
	at feign.FeignException.errorStatus(FeignException.java:185) ~[feign-core-11.8.jar:na]
	at feign.codec.ErrorDecoder$Default.decode(ErrorDecoder.java:92) ~[feign-core-11.8.jar:na]
	at feign.AsyncResponseHandler.handleResponse(AsyncResponseHandler.java:96) ~[feign-core-11.8.jar:na]
	at feign.SynchronousMethodHandler.executeAndDecode(SynchronousMethodHandler.java:138) ~[feign-core-11.8.jar:na]
	at feign.SynchronousMethodHandler.invoke(SynchronousMethodHandler.java:89) ~[feign-core-11.8.jar:na]
	at feign.ReflectiveFeign$FeignInvocationHandler.invoke(ReflectiveFeign.java:100) ~[feign-core-11.8.jar:na]
	at com.sun.proxy.$Proxy100.deductMoney(Unknown Source) ~[na:na]
	at com.hmall.pay.service.impl.PayOrderServiceImpl.tryPayOrderByBalance(PayOrderServiceImpl.java:56) ~[classes/:na]
	at com.hmall.pay.service.impl.PayOrderServiceImpl$$FastClassBySpringCGLIB$$b2062e7f.invoke(<generated>) ~[classes/:na]
	at org.springframework.cglib.proxy.MethodProxy.invoke(MethodProxy.java:218) ~[spring-core-5.3.27.jar:5.3.27]
	at org.springframework.aop.framework.CglibAopProxy$CglibMethodInvocation.invokeJoinpoint(CglibAopProxy.java:793) ~[spring-aop-5.3.27.jar:5.3.27]
	at org.springframework.aop.framework.ReflectiveMethodInvocation.proceed(ReflectiveMethodInvocation.java:163) ~[spring-aop-5.3.27.jar:5.3.27]
	at org.springframework.aop.framework.CglibAopProxy$CglibMethodInvocation.proceed(CglibAopProxy.java:763) ~[spring-aop-5.3.27.jar:5.3.27]
	at org.springframework.transaction.interceptor.TransactionInterceptor$1.proceedWithInvocation(TransactionInterceptor.java:123) ~[spring-tx-5.3.27.jar:5.3.27]
	at org.springframework.transaction.interceptor.TransactionAspectSupport.invokeWithinTransaction(TransactionAspectSupport.java:388) ~[spring-tx-5.3.27.jar:5.3.27]
	at org.springframework.transaction.interceptor.TransactionInterceptor.invoke(TransactionInterceptor.java:119) ~[spring-tx-5.3.27.jar:5.3.27]
	at org.springframework.aop.framework.ReflectiveMethodInvocation.proceed(ReflectiveMethodInvocation.java:186) ~[spring-aop-5.3.27.jar:5.3.27]
	at org.springframework.aop.framework.CglibAopProxy$CglibMethodInvocation.proceed(CglibAopProxy.java:763) ~[spring-aop-5.3.27.jar:5.3.27]
	at org.springframework.aop.framework.CglibAopProxy$DynamicAdvisedInterceptor.intercept(CglibAopProxy.java:708) ~[spring-aop-5.3.27.jar:5.3.27]
	at com.hmall.pay.service.impl.PayOrderServiceImpl$$EnhancerBySpringCGLIB$$1a0731aa.tryPayOrderByBalance(<generated>) ~[classes/:na]
	at com.hmall.pay.controller.PayController.tryPayOrderByBalance(PayController.java:42) ~[classes/:na]
	at java.base/jdk.internal.reflect.NativeMethodAccessorImpl.invoke0(Native Method) ~[na:na]
	at java.base/jdk.internal.reflect.NativeMethodAccessorImpl.invoke(NativeMethodAccessorImpl.java:62) ~[na:na]
	at java.base/jdk.internal.reflect.DelegatingMethodAccessorImpl.invoke(DelegatingMethodAccessorImpl.java:43) ~[na:na]
	at java.base/java.lang.reflect.Method.invoke(Method.java:566) ~[na:na]
	at org.springframework.web.method.support.InvocableHandlerMethod.doInvoke(InvocableHandlerMethod.java:205) ~[spring-web-5.3.27.jar:5.3.27]
	at org.springframework.web.method.support.InvocableHandlerMethod.invokeForRequest(InvocableHandlerMethod.java:150) ~[spring-web-5.3.27.jar:5.3.27]
	at org.springframework.web.servlet.mvc.method.annotation.ServletInvocableHandlerMethod.invokeAndHandle(ServletInvocableHandlerMethod.java:117) ~[spring-webmvc-5.3.27.jar:5.3.27]
	at org.springframework.web.servlet.mvc.method.annotation.RequestMappingHandlerAdapter.invokeHandlerMethod(RequestMappingHandlerAdapter.java:895) ~[spring-webmvc-5.3.27.jar:5.3.27]
	at org.springframework.web.servlet.mvc.method.annotation.RequestMappingHandlerAdapter.handleInternal(RequestMappingHandlerAdapter.java:808) ~[spring-webmvc-5.3.27.jar:5.3.27]
	at org.springframework.web.servlet.mvc.method.AbstractHandlerMethodAdapter.handle(AbstractHandlerMethodAdapter.java:87) ~[spring-webmvc-5.3.27.jar:5.3.27]
	at org.springframework.web.servlet.DispatcherServlet.doDispatch(DispatcherServlet.java:1072) ~[spring-webmvc-5.3.27.jar:5.3.27]
	at org.springframework.web.servlet.DispatcherServlet.doService(DispatcherServlet.java:965) ~[spring-webmvc-5.3.27.jar:5.3.27]
	at org.springframework.web.servlet.FrameworkServlet.processRequest(FrameworkServlet.java:1006) ~[spring-webmvc-5.3.27.jar:5.3.27]
	at org.springframework.web.servlet.FrameworkServlet.doPost(FrameworkServlet.java:909) ~[spring-webmvc-5.3.27.jar:5.3.27]
	at javax.servlet.http.HttpServlet.service(HttpServlet.java:555) ~[tomcat-embed-core-9.0.75.jar:4.0.FR]
	at org.springframework.web.servlet.FrameworkServlet.service(FrameworkServlet.java:883) ~[spring-webmvc-5.3.27.jar:5.3.27]
	at javax.servlet.http.HttpServlet.service(HttpServlet.java:623) ~[tomcat-embed-core-9.0.75.jar:4.0.FR]
	at org.apache.catalina.core.ApplicationFilterChain.internalDoFilter(ApplicationFilterChain.java:209) ~[tomcat-embed-core-9.0.75.jar:9.0.75]
	at org.apache.catalina.core.ApplicationFilterChain.doFilter(ApplicationFilterChain.java:153) ~[tomcat-embed-core-9.0.75.jar:9.0.75]
	at org.apache.tomcat.websocket.server.WsFilter.doFilter(WsFilter.java:51) ~[tomcat-embed-websocket-9.0.75.jar:9.0.75]
	at org.apache.catalina.core.ApplicationFilterChain.internalDoFilter(ApplicationFilterChain.java:178) ~[tomcat-embed-core-9.0.75.jar:9.0.75]
	at org.apache.catalina.core.ApplicationFilterChain.doFilter(ApplicationFilterChain.java:153) ~[tomcat-embed-core-9.0.75.jar:9.0.75]
	at org.springframework.web.filter.RequestContextFilter.doFilterInternal(RequestContextFilter.java:100) ~[spring-web-5.3.27.jar:5.3.27]
	at org.springframework.web.filter.OncePerRequestFilter.doFilter(OncePerRequestFilter.java:117) ~[spring-web-5.3.27.jar:5.3.27]
	at org.apache.catalina.core.ApplicationFilterChain.internalDoFilter(ApplicationFilterChain.java:178) ~[tomcat-embed-core-9.0.75.jar:9.0.75]
	at org.apache.catalina.core.ApplicationFilterChain.doFilter(ApplicationFilterChain.java:153) ~[tomcat-embed-core-9.0.75.jar:9.0.75]
	at org.springframework.web.filter.FormContentFilter.doFilterInternal(FormContentFilter.java:93) ~[spring-web-5.3.27.jar:5.3.27]
	at org.springframework.web.filter.OncePerRequestFilter.doFilter(OncePerRequestFilter.java:117) ~[spring-web-5.3.27.jar:5.3.27]
	at org.apache.catalina.core.ApplicationFilterChain.internalDoFilter(ApplicationFilterChain.java:178) ~[tomcat-embed-core-9.0.75.jar:9.0.75]
	at org.apache.catalina.core.ApplicationFilterChain.doFilter(ApplicationFilterChain.java:153) ~[tomcat-embed-core-9.0.75.jar:9.0.75]
	at org.springframework.web.filter.CharacterEncodingFilter.doFilterInternal(CharacterEncodingFilter.java:201) ~[spring-web-5.3.27.jar:5.3.27]
	at org.springframework.web.filter.OncePerRequestFilter.doFilter(OncePerRequestFilter.java:117) ~[spring-web-5.3.27.jar:5.3.27]
	at org.apache.catalina.core.ApplicationFilterChain.internalDoFilter(ApplicationFilterChain.java:178) ~[tomcat-embed-core-9.0.75.jar:9.0.75]
	at org.apache.catalina.core.ApplicationFilterChain.doFilter(ApplicationFilterChain.java:153) ~[tomcat-embed-core-9.0.75.jar:9.0.75]
	at org.apache.catalina.core.StandardWrapperValve.invoke(StandardWrapperValve.java:167) ~[tomcat-embed-core-9.0.75.jar:9.0.75]
	at org.apache.catalina.core.StandardContextValve.invoke(StandardContextValve.java:90) ~[tomcat-embed-core-9.0.75.jar:9.0.75]
	at org.apache.catalina.authenticator.AuthenticatorBase.invoke(AuthenticatorBase.java:481) ~[tomcat-embed-core-9.0.75.jar:9.0.75]
	at org.apache.catalina.core.StandardHostValve.invoke(StandardHostValve.java:130) ~[tomcat-embed-core-9.0.75.jar:9.0.75]
	at org.apache.catalina.valves.ErrorReportValve.invoke(ErrorReportValve.java:93) ~[tomcat-embed-core-9.0.75.jar:9.0.75]
	at org.apache.catalina.core.StandardEngineValve.invoke(StandardEngineValve.java:74) ~[tomcat-embed-core-9.0.75.jar:9.0.75]
	at org.apache.catalina.connector.CoyoteAdapter.service(CoyoteAdapter.java:343) ~[tomcat-embed-core-9.0.75.jar:9.0.75]
	at org.apache.coyote.http11.Http11Processor.service(Http11Processor.java:390) ~[tomcat-embed-core-9.0.75.jar:9.0.75]
	at org.apache.coyote.AbstractProcessorLight.process(AbstractProcessorLight.java:63) ~[tomcat-embed-core-9.0.75.jar:9.0.75]
	at org.apache.coyote.AbstractProtocol$ConnectionHandler.process(AbstractProtocol.java:926) ~[tomcat-embed-core-9.0.75.jar:9.0.75]
	at org.apache.tomcat.util.net.NioEndpoint$SocketProcessor.doRun(NioEndpoint.java:1791) ~[tomcat-embed-core-9.0.75.jar:9.0.75]
	at org.apache.tomcat.util.net.SocketProcessorBase.run(SocketProcessorBase.java:52) ~[tomcat-embed-core-9.0.75.jar:9.0.75]
	at org.apache.tomcat.util.threads.ThreadPoolExecutor.runWorker(ThreadPoolExecutor.java:1191) ~[tomcat-embed-core-9.0.75.jar:9.0.75]
	at org.apache.tomcat.util.threads.ThreadPoolExecutor$Worker.run(ThreadPoolExecutor.java:659) ~[tomcat-embed-core-9.0.75.jar:9.0.75]
	at org.apache.tomcat.util.threads.TaskThread$WrappingRunnable.run(TaskThread.java:61) ~[tomcat-embed-core-9.0.75.jar:9.0.75]
	at java.base/java.lang.Thread.run(Thread.java:829) ~[na:na]

15:25:30:476 DEBUG 22144 --- [http-nio-8086-exec-5] c.h.p.mapper.PayOrderMapper.selectById   : ==>  Preparing: SELECT id,biz_order_no,pay_order_no,biz_user_id,pay_channel_code,amount,pay_type,status,expand_json,result_code,result_msg,pay_success_time,pay_over_time,qr_code_url,create_time,update_time,creater,updater,is_delete FROM pay_order WHERE id=?
15:25:30:477 DEBUG 22144 --- [http-nio-8086-exec-5] c.h.p.mapper.PayOrderMapper.selectById   : ==> Parameters: 2047577187540389890(Long)
15:25:30:479 DEBUG 22144 --- [http-nio-8086-exec-5] c.h.p.mapper.PayOrderMapper.selectById   : <==      Total: 1
15:25:30:490 ERROR 22144 --- [http-nio-8086-exec-5] o.a.c.c.C.[.[.[/].[dispatcherServlet]    : Servlet.service() for servlet [dispatcherServlet] in context with path [] threw exception [Request processing failed; nested exception is feign.FeignException$InternalServerError: [500] during [PUT] to [http://user-service/users/money/deduct?pw=jack&amount=87900] [UserClient#deductMoney(String,Integer)]: [{"timestamp":"2026-04-24T07:25:30.487+00:00","status":500,"error":"Internal Server Error","path":"/users/money/deduct"}]] with root cause

feign.FeignException$InternalServerError: [500] during [PUT] to [http://user-service/users/money/deduct?pw=jack&amount=87900] [UserClient#deductMoney(String,Integer)]: [{"timestamp":"2026-04-24T07:25:30.487+00:00","status":500,"error":"Internal Server Error","path":"/users/money/deduct"}]
	at feign.FeignException.serverErrorStatus(FeignException.java:250) ~[feign-core-11.8.jar:na]
	at feign.FeignException.errorStatus(FeignException.java:197) ~[feign-core-11.8.jar:na]
	at feign.FeignException.errorStatus(FeignException.java:185) ~[feign-core-11.8.jar:na]
	at feign.codec.ErrorDecoder$Default.decode(ErrorDecoder.java:92) ~[feign-core-11.8.jar:na]
	at feign.AsyncResponseHandler.handleResponse(AsyncResponseHandler.java:96) ~[feign-core-11.8.jar:na]
	at feign.SynchronousMethodHandler.executeAndDecode(SynchronousMethodHandler.java:138) ~[feign-core-11.8.jar:na]
	at feign.SynchronousMethodHandler.invoke(SynchronousMethodHandler.java:89) ~[feign-core-11.8.jar:na]
	at feign.ReflectiveFeign$FeignInvocationHandler.invoke(ReflectiveFeign.java:100) ~[feign-core-11.8.jar:na]
	at com.sun.proxy.$Proxy100.deductMoney(Unknown Source) ~[na:na]
	at com.hmall.pay.service.impl.PayOrderServiceImpl.tryPayOrderByBalance(PayOrderServiceImpl.java:56) ~[classes/:na]
	at com.hmall.pay.service.impl.PayOrderServiceImpl$$FastClassBySpringCGLIB$$b2062e7f.invoke(<generated>) ~[classes/:na]
	at org.springframework.cglib.proxy.MethodProxy.invoke(MethodProxy.java:218) ~[spring-core-5.3.27.jar:5.3.27]
	at org.springframework.aop.framework.CglibAopProxy$CglibMethodInvocation.invokeJoinpoint(CglibAopProxy.java:793) ~[spring-aop-5.3.27.jar:5.3.27]
	at org.springframework.aop.framework.ReflectiveMethodInvocation.proceed(ReflectiveMethodInvocation.java:163) ~[spring-aop-5.3.27.jar:5.3.27]
	at org.springframework.aop.framework.CglibAopProxy$CglibMethodInvocation.proceed(CglibAopProxy.java:763) ~[spring-aop-5.3.27.jar:5.3.27]
	at org.springframework.transaction.interceptor.TransactionInterceptor$1.proceedWithInvocation(TransactionInterceptor.java:123) ~[spring-tx-5.3.27.jar:5.3.27]
	at org.springframework.transaction.interceptor.TransactionAspectSupport.invokeWithinTransaction(TransactionAspectSupport.java:388) ~[spring-tx-5.3.27.jar:5.3.27]
	at org.springframework.transaction.interceptor.TransactionInterceptor.invoke(TransactionInterceptor.java:119) ~[spring-tx-5.3.27.jar:5.3.27]
	at org.springframework.aop.framework.ReflectiveMethodInvocation.proceed(ReflectiveMethodInvocation.java:186) ~[spring-aop-5.3.27.jar:5.3.27]
	at org.springframework.aop.framework.CglibAopProxy$CglibMethodInvocation.proceed(CglibAopProxy.java:763) ~[spring-aop-5.3.27.jar:5.3.27]
	at org.springframework.aop.framework.CglibAopProxy$DynamicAdvisedInterceptor.intercept(CglibAopProxy.java:708) ~[spring-aop-5.3.27.jar:5.3.27]
	at com.hmall.pay.service.impl.PayOrderServiceImpl$$EnhancerBySpringCGLIB$$1a0731aa.tryPayOrderByBalance(<generated>) ~[classes/:na]
	at com.hmall.pay.controller.PayController.tryPayOrderByBalance(PayController.java:42) ~[classes/:na]
	at java.base/jdk.internal.reflect.NativeMethodAccessorImpl.invoke0(Native Method) ~[na:na]
	at java.base/jdk.internal.reflect.NativeMethodAccessorImpl.invoke(NativeMethodAccessorImpl.java:62) ~[na:na]
	at java.base/jdk.internal.reflect.DelegatingMethodAccessorImpl.invoke(DelegatingMethodAccessorImpl.java:43) ~[na:na]
	at java.base/java.lang.reflect.Method.invoke(Method.java:566) ~[na:na]
	at org.springframework.web.method.support.InvocableHandlerMethod.doInvoke(InvocableHandlerMethod.java:205) ~[spring-web-5.3.27.jar:5.3.27]
	at org.springframework.web.method.support.InvocableHandlerMethod.invokeForRequest(InvocableHandlerMethod.java:150) ~[spring-web-5.3.27.jar:5.3.27]
	at org.springframework.web.servlet.mvc.method.annotation.ServletInvocableHandlerMethod.invokeAndHandle(ServletInvocableHandlerMethod.java:117) ~[spring-webmvc-5.3.27.jar:5.3.27]
	at org.springframework.web.servlet.mvc.method.annotation.RequestMappingHandlerAdapter.invokeHandlerMethod(RequestMappingHandlerAdapter.java:895) ~[spring-webmvc-5.3.27.jar:5.3.27]
	at org.springframework.web.servlet.mvc.method.annotation.RequestMappingHandlerAdapter.handleInternal(RequestMappingHandlerAdapter.java:808) ~[spring-webmvc-5.3.27.jar:5.3.27]
	at org.springframework.web.servlet.mvc.method.AbstractHandlerMethodAdapter.handle(AbstractHandlerMethodAdapter.java:87) ~[spring-webmvc-5.3.27.jar:5.3.27]
	at org.springframework.web.servlet.DispatcherServlet.doDispatch(DispatcherServlet.java:1072) ~[spring-webmvc-5.3.27.jar:5.3.27]
	at org.springframework.web.servlet.DispatcherServlet.doService(DispatcherServlet.java:965) ~[spring-webmvc-5.3.27.jar:5.3.27]
	at org.springframework.web.servlet.FrameworkServlet.processRequest(FrameworkServlet.java:1006) ~[spring-webmvc-5.3.27.jar:5.3.27]
	at org.springframework.web.servlet.FrameworkServlet.doPost(FrameworkServlet.java:909) ~[spring-webmvc-5.3.27.jar:5.3.27]
	at javax.servlet.http.HttpServlet.service(HttpServlet.java:555) ~[tomcat-embed-core-9.0.75.jar:4.0.FR]
	at org.springframework.web.servlet.FrameworkServlet.service(FrameworkServlet.java:883) ~[spring-webmvc-5.3.27.jar:5.3.27]
	at javax.servlet.http.HttpServlet.service(HttpServlet.java:623) ~[tomcat-embed-core-9.0.75.jar:4.0.FR]
	at org.apache.catalina.core.ApplicationFilterChain.internalDoFilter(ApplicationFilterChain.java:209) ~[tomcat-embed-core-9.0.75.jar:9.0.75]
	at org.apache.catalina.core.ApplicationFilterChain.doFilter(ApplicationFilterChain.java:153) ~[tomcat-embed-core-9.0.75.jar:9.0.75]
	at org.apache.tomcat.websocket.server.WsFilter.doFilter(WsFilter.java:51) ~[tomcat-embed-websocket-9.0.75.jar:9.0.75]
	at org.apache.catalina.core.ApplicationFilterChain.internalDoFilter(ApplicationFilterChain.java:178) ~[tomcat-embed-core-9.0.75.jar:9.0.75]
	at org.apache.catalina.core.ApplicationFilterChain.doFilter(ApplicationFilterChain.java:153) ~[tomcat-embed-core-9.0.75.jar:9.0.75]
	at org.springframework.web.filter.RequestContextFilter.doFilterInternal(RequestContextFilter.java:100) ~[spring-web-5.3.27.jar:5.3.27]
	at org.springframework.web.filter.OncePerRequestFilter.doFilter(OncePerRequestFilter.java:117) ~[spring-web-5.3.27.jar:5.3.27]
	at org.apache.catalina.core.ApplicationFilterChain.internalDoFilter(ApplicationFilterChain.java:178) ~[tomcat-embed-core-9.0.75.jar:9.0.75]
	at org.apache.catalina.core.ApplicationFilterChain.doFilter(ApplicationFilterChain.java:153) ~[tomcat-embed-core-9.0.75.jar:9.0.75]
	at org.springframework.web.filter.FormContentFilter.doFilterInternal(FormContentFilter.java:93) ~[spring-web-5.3.27.jar:5.3.27]
	at org.springframework.web.filter.OncePerRequestFilter.doFilter(OncePerRequestFilter.java:117) ~[spring-web-5.3.27.jar:5.3.27]
	at org.apache.catalina.core.ApplicationFilterChain.internalDoFilter(ApplicationFilterChain.java:178) ~[tomcat-embed-core-9.0.75.jar:9.0.75]
	at org.apache.catalina.core.ApplicationFilterChain.doFilter(ApplicationFilterChain.java:153) ~[tomcat-embed-core-9.0.75.jar:9.0.75]
	at org.springframework.web.filter.CharacterEncodingFilter.doFilterInternal(CharacterEncodingFilter.java:201) ~[spring-web-5.3.27.jar:5.3.27]
	at org.springframework.web.filter.OncePerRequestFilter.doFilter(OncePerRequestFilter.java:117) ~[spring-web-5.3.27.jar:5.3.27]
	at org.apache.catalina.core.ApplicationFilterChain.internalDoFilter(ApplicationFilterChain.java:178) ~[tomcat-embed-core-9.0.75.jar:9.0.75]
	at org.apache.catalina.core.ApplicationFilterChain.doFilter(ApplicationFilterChain.java:153) ~[tomcat-embed-core-9.0.75.jar:9.0.75]
	at org.apache.catalina.core.StandardWrapperValve.invoke(StandardWrapperValve.java:167) ~[tomcat-embed-core-9.0.75.jar:9.0.75]
	at org.apache.catalina.core.StandardContextValve.invoke(StandardContextValve.java:90) ~[tomcat-embed-core-9.0.75.jar:9.0.75]
	at org.apache.catalina.authenticator.AuthenticatorBase.invoke(AuthenticatorBase.java:481) ~[tomcat-embed-core-9.0.75.jar:9.0.75]
	at org.apache.catalina.core.StandardHostValve.invoke(StandardHostValve.java:130) ~[tomcat-embed-core-9.0.75.jar:9.0.75]
	at org.apache.catalina.valves.ErrorReportValve.invoke(ErrorReportValve.java:93) ~[tomcat-embed-core-9.0.75.jar:9.0.75]
	at org.apache.catalina.core.StandardEngineValve.invoke(StandardEngineValve.java:74) ~[tomcat-embed-core-9.0.75.jar:9.0.75]
	at org.apache.catalina.connector.CoyoteAdapter.service(CoyoteAdapter.java:343) ~[tomcat-embed-core-9.0.75.jar:9.0.75]
	at org.apache.coyote.http11.Http11Processor.service(Http11Processor.java:390) ~[tomcat-embed-core-9.0.75.jar:9.0.75]
	at org.apache.coyote.AbstractProcessorLight.process(AbstractProcessorLight.java:63) ~[tomcat-embed-core-9.0.75.jar:9.0.75]
	at org.apache.coyote.AbstractProtocol$ConnectionHandler.process(AbstractProtocol.java:926) ~[tomcat-embed-core-9.0.75.jar:9.0.75]
	at org.apache.tomcat.util.net.NioEndpoint$SocketProcessor.doRun(NioEndpoint.java:1791) ~[tomcat-embed-core-9.0.75.jar:9.0.75]
	at org.apache.tomcat.util.net.SocketProcessorBase.run(SocketProcessorBase.java:52) ~[tomcat-embed-core-9.0.75.jar:9.0.75]
	at org.apache.tomcat.util.threads.ThreadPoolExecutor.runWorker(ThreadPoolExecutor.java:1191) ~[tomcat-embed-core-9.0.75.jar:9.0.75]
	at org.apache.tomcat.util.threads.ThreadPoolExecutor$Worker.run(ThreadPoolExecutor.java:659) ~[tomcat-embed-core-9.0.75.jar:9.0.75]
	at org.apache.tomcat.util.threads.TaskThread$WrappingRunnable.run(TaskThread.java:61) ~[tomcat-embed-core-9.0.75.jar:9.0.75]
	at java.base/java.lang.Thread.run(Thread.java:829) ~[na:na]

15:25:34:796 DEBUG 22144 --- [http-nio-8086-exec-6] c.h.p.mapper.PayOrderMapper.selectById   : ==>  Preparing: SELECT id,biz_order_no,pay_order_no,biz_user_id,pay_channel_code,amount,pay_type,status,expand_json,result_code,result_msg,pay_success_time,pay_over_time,qr_code_url,create_time,update_time,creater,updater,is_delete FROM pay_order WHERE id=?
15:25:34:797 DEBUG 22144 --- [http-nio-8086-exec-6] c.h.p.mapper.PayOrderMapper.selectById   : ==> Parameters: 2047577187540389890(Long)
15:25:34:798 DEBUG 22144 --- [http-nio-8086-exec-6] c.h.p.mapper.PayOrderMapper.selectById   : <==      Total: 1
15:25:34:808 ERROR 22144 --- [http-nio-8086-exec-6] o.a.c.c.C.[.[.[/].[dispatcherServlet]    : Servlet.service() for servlet [dispatcherServlet] in context with path [] threw exception [Request processing failed; nested exception is feign.FeignException$InternalServerError: [500] during [PUT] to [http://user-service/users/money/deduct?pw=123&amount=87900] [UserClient#deductMoney(String,Integer)]: [{"timestamp":"2026-04-24T07:25:34.805+00:00","status":500,"error":"Internal Server Error","path":"/users/money/deduct"}]] with root cause

feign.FeignException$InternalServerError: [500] during [PUT] to [http://user-service/users/money/deduct?pw=123&amount=87900] [UserClient#deductMoney(String,Integer)]: [{"timestamp":"2026-04-24T07:25:34.805+00:00","status":500,"error":"Internal Server Error","path":"/users/money/deduct"}]
	at feign.FeignException.serverErrorStatus(FeignException.java:250) ~[feign-core-11.8.jar:na]
	at feign.FeignException.errorStatus(FeignException.java:197) ~[feign-core-11.8.jar:na]
	at feign.FeignException.errorStatus(FeignException.java:185) ~[feign-core-11.8.jar:na]
	at feign.codec.ErrorDecoder$Default.decode(ErrorDecoder.java:92) ~[feign-core-11.8.jar:na]
	at feign.AsyncResponseHandler.handleResponse(AsyncResponseHandler.java:96) ~[feign-core-11.8.jar:na]
	at feign.SynchronousMethodHandler.executeAndDecode(SynchronousMethodHandler.java:138) ~[feign-core-11.8.jar:na]
	at feign.SynchronousMethodHandler.invoke(SynchronousMethodHandler.java:89) ~[feign-core-11.8.jar:na]
	at feign.ReflectiveFeign$FeignInvocationHandler.invoke(ReflectiveFeign.java:100) ~[feign-core-11.8.jar:na]
	at com.sun.proxy.$Proxy100.deductMoney(Unknown Source) ~[na:na]
	at com.hmall.pay.service.impl.PayOrderServiceImpl.tryPayOrderByBalance(PayOrderServiceImpl.java:56) ~[classes/:na]
	at com.hmall.pay.service.impl.PayOrderServiceImpl$$FastClassBySpringCGLIB$$b2062e7f.invoke(<generated>) ~[classes/:na]
	at org.springframework.cglib.proxy.MethodProxy.invoke(MethodProxy.java:218) ~[spring-core-5.3.27.jar:5.3.27]
	at org.springframework.aop.framework.CglibAopProxy$CglibMethodInvocation.invokeJoinpoint(CglibAopProxy.java:793) ~[spring-aop-5.3.27.jar:5.3.27]
	at org.springframework.aop.framework.ReflectiveMethodInvocation.proceed(ReflectiveMethodInvocation.java:163) ~[spring-aop-5.3.27.jar:5.3.27]
	at org.springframework.aop.framework.CglibAopProxy$CglibMethodInvocation.proceed(CglibAopProxy.java:763) ~[spring-aop-5.3.27.jar:5.3.27]
	at org.springframework.transaction.interceptor.TransactionInterceptor$1.proceedWithInvocation(TransactionInterceptor.java:123) ~[spring-tx-5.3.27.jar:5.3.27]
	at org.springframework.transaction.interceptor.TransactionAspectSupport.invokeWithinTransaction(TransactionAspectSupport.java:388) ~[spring-tx-5.3.27.jar:5.3.27]
	at org.springframework.transaction.interceptor.TransactionInterceptor.invoke(TransactionInterceptor.java:119) ~[spring-tx-5.3.27.jar:5.3.27]
	at org.springframework.aop.framework.ReflectiveMethodInvocation.proceed(ReflectiveMethodInvocation.java:186) ~[spring-aop-5.3.27.jar:5.3.27]
	at org.springframework.aop.framework.CglibAopProxy$CglibMethodInvocation.proceed(CglibAopProxy.java:763) ~[spring-aop-5.3.27.jar:5.3.27]
	at org.springframework.aop.framework.CglibAopProxy$DynamicAdvisedInterceptor.intercept(CglibAopProxy.java:708) ~[spring-aop-5.3.27.jar:5.3.27]
	at com.hmall.pay.service.impl.PayOrderServiceImpl$$EnhancerBySpringCGLIB$$1a0731aa.tryPayOrderByBalance(<generated>) ~[classes/:na]
	at com.hmall.pay.controller.PayController.tryPayOrderByBalance(PayController.java:42) ~[classes/:na]
	at java.base/jdk.internal.reflect.NativeMethodAccessorImpl.invoke0(Native Method) ~[na:na]
	at java.base/jdk.internal.reflect.NativeMethodAccessorImpl.invoke(NativeMethodAccessorImpl.java:62) ~[na:na]
	at java.base/jdk.internal.reflect.DelegatingMethodAccessorImpl.invoke(DelegatingMethodAccessorImpl.java:43) ~[na:na]
	at java.base/java.lang.reflect.Method.invoke(Method.java:566) ~[na:na]
	at org.springframework.web.method.support.InvocableHandlerMethod.doInvoke(InvocableHandlerMethod.java:205) ~[spring-web-5.3.27.jar:5.3.27]
	at org.springframework.web.method.support.InvocableHandlerMethod.invokeForRequest(InvocableHandlerMethod.java:150) ~[spring-web-5.3.27.jar:5.3.27]
	at org.springframework.web.servlet.mvc.method.annotation.ServletInvocableHandlerMethod.invokeAndHandle(ServletInvocableHandlerMethod.java:117) ~[spring-webmvc-5.3.27.jar:5.3.27]
	at org.springframework.web.servlet.mvc.method.annotation.RequestMappingHandlerAdapter.invokeHandlerMethod(RequestMappingHandlerAdapter.java:895) ~[spring-webmvc-5.3.27.jar:5.3.27]
	at org.springframework.web.servlet.mvc.method.annotation.RequestMappingHandlerAdapter.handleInternal(RequestMappingHandlerAdapter.java:808) ~[spring-webmvc-5.3.27.jar:5.3.27]
	at org.springframework.web.servlet.mvc.method.AbstractHandlerMethodAdapter.handle(AbstractHandlerMethodAdapter.java:87) ~[spring-webmvc-5.3.27.jar:5.3.27]
	at org.springframework.web.servlet.DispatcherServlet.doDispatch(DispatcherServlet.java:1072) ~[spring-webmvc-5.3.27.jar:5.3.27]
	at org.springframework.web.servlet.DispatcherServlet.doService(DispatcherServlet.java:965) ~[spring-webmvc-5.3.27.jar:5.3.27]
	at org.springframework.web.servlet.FrameworkServlet.processRequest(FrameworkServlet.java:1006) ~[spring-webmvc-5.3.27.jar:5.3.27]
	at org.springframework.web.servlet.FrameworkServlet.doPost(FrameworkServlet.java:909) ~[spring-webmvc-5.3.27.jar:5.3.27]
	at javax.servlet.http.HttpServlet.service(HttpServlet.java:555) ~[tomcat-embed-core-9.0.75.jar:4.0.FR]
	at org.springframework.web.servlet.FrameworkServlet.service(FrameworkServlet.java:883) ~[spring-webmvc-5.3.27.jar:5.3.27]
	at javax.servlet.http.HttpServlet.service(HttpServlet.java:623) ~[tomcat-embed-core-9.0.75.jar:4.0.FR]
	at org.apache.catalina.core.ApplicationFilterChain.internalDoFilter(ApplicationFilterChain.java:209) ~[tomcat-embed-core-9.0.75.jar:9.0.75]
	at org.apache.catalina.core.ApplicationFilterChain.doFilter(ApplicationFilterChain.java:153) ~[tomcat-embed-core-9.0.75.jar:9.0.75]
	at org.apache.tomcat.websocket.server.WsFilter.doFilter(WsFilter.java:51) ~[tomcat-embed-websocket-9.0.75.jar:9.0.75]
	at org.apache.catalina.core.ApplicationFilterChain.internalDoFilter(ApplicationFilterChain.java:178) ~[tomcat-embed-core-9.0.75.jar:9.0.75]
	at org.apache.catalina.core.ApplicationFilterChain.doFilter(ApplicationFilterChain.java:153) ~[tomcat-embed-core-9.0.75.jar:9.0.75]
	at org.springframework.web.filter.RequestContextFilter.doFilterInternal(RequestContextFilter.java:100) ~[spring-web-5.3.27.jar:5.3.27]
	at org.springframework.web.filter.OncePerRequestFilter.doFilter(OncePerRequestFilter.java:117) ~[spring-web-5.3.27.jar:5.3.27]
	at org.apache.catalina.core.ApplicationFilterChain.internalDoFilter(ApplicationFilterChain.java:178) ~[tomcat-embed-core-9.0.75.jar:9.0.75]
	at org.apache.catalina.core.ApplicationFilterChain.doFilter(ApplicationFilterChain.java:153) ~[tomcat-embed-core-9.0.75.jar:9.0.75]
	at org.springframework.web.filter.FormContentFilter.doFilterInternal(FormContentFilter.java:93) ~[spring-web-5.3.27.jar:5.3.27]
	at org.springframework.web.filter.OncePerRequestFilter.doFilter(OncePerRequestFilter.java:117) ~[spring-web-5.3.27.jar:5.3.27]
	at org.apache.catalina.core.ApplicationFilterChain.internalDoFilter(ApplicationFilterChain.java:178) ~[tomcat-embed-core-9.0.75.jar:9.0.75]
	at org.apache.catalina.core.ApplicationFilterChain.doFilter(ApplicationFilterChain.java:153) ~[tomcat-embed-core-9.0.75.jar:9.0.75]
	at org.springframework.web.filter.CharacterEncodingFilter.doFilterInternal(CharacterEncodingFilter.java:201) ~[spring-web-5.3.27.jar:5.3.27]
	at org.springframework.web.filter.OncePerRequestFilter.doFilter(OncePerRequestFilter.java:117) ~[spring-web-5.3.27.jar:5.3.27]
	at org.apache.catalina.core.ApplicationFilterChain.internalDoFilter(ApplicationFilterChain.java:178) ~[tomcat-embed-core-9.0.75.jar:9.0.75]
	at org.apache.catalina.core.ApplicationFilterChain.doFilter(ApplicationFilterChain.java:153) ~[tomcat-embed-core-9.0.75.jar:9.0.75]
	at org.apache.catalina.core.StandardWrapperValve.invoke(StandardWrapperValve.java:167) ~[tomcat-embed-core-9.0.75.jar:9.0.75]
	at org.apache.catalina.core.StandardContextValve.invoke(StandardContextValve.java:90) ~[tomcat-embed-core-9.0.75.jar:9.0.75]
	at org.apache.catalina.authenticator.AuthenticatorBase.invoke(AuthenticatorBase.java:481) ~[tomcat-embed-core-9.0.75.jar:9.0.75]
	at org.apache.catalina.core.StandardHostValve.invoke(StandardHostValve.java:130) ~[tomcat-embed-core-9.0.75.jar:9.0.75]
	at org.apache.catalina.valves.ErrorReportValve.invoke(ErrorReportValve.java:93) ~[tomcat-embed-core-9.0.75.jar:9.0.75]
	at org.apache.catalina.core.StandardEngineValve.invoke(StandardEngineValve.java:74) ~[tomcat-embed-core-9.0.75.jar:9.0.75]
	at org.apache.catalina.connector.CoyoteAdapter.service(CoyoteAdapter.java:343) ~[tomcat-embed-core-9.0.75.jar:9.0.75]
	at org.apache.coyote.http11.Http11Processor.service(Http11Processor.java:390) ~[tomcat-embed-core-9.0.75.jar:9.0.75]
	at org.apache.coyote.AbstractProcessorLight.process(AbstractProcessorLight.java:63) ~[tomcat-embed-core-9.0.75.jar:9.0.75]
	at org.apache.coyote.AbstractProtocol$ConnectionHandler.process(AbstractProtocol.java:926) ~[tomcat-embed-core-9.0.75.jar:9.0.75]
	at org.apache.tomcat.util.net.NioEndpoint$SocketProcessor.doRun(NioEndpoint.java:1791) ~[tomcat-embed-core-9.0.75.jar:9.0.75]
	at org.apache.tomcat.util.net.SocketProcessorBase.run(SocketProcessorBase.java:52) ~[tomcat-embed-core-9.0.75.jar:9.0.75]
	at org.apache.tomcat.util.threads.ThreadPoolExecutor.runWorker(ThreadPoolExecutor.java:1191) ~[tomcat-embed-core-9.0.75.jar:9.0.75]
	at org.apache.tomcat.util.threads.ThreadPoolExecutor$Worker.run(ThreadPoolExecutor.java:659) ~[tomcat-embed-core-9.0.75.jar:9.0.75]
	at org.apache.tomcat.util.threads.TaskThread$WrappingRunnable.run(TaskThread.java:61) ~[tomcat-embed-core-9.0.75.jar:9.0.75]
	at java.base/java.lang.Thread.run(Thread.java:829) ~[na:na]

15:29:29:919  INFO 22144 --- [nacos-grpc-client-executor-120] com.alibaba.nacos.common.remote.client   : [f2b3e80a-8a9d-4a61-9ee5-72618f60690c] Receive server push request, request = NotifySubscriberRequest, requestId = 26
15:29:29:939  INFO 22144 --- [nacos-grpc-client-executor-120] com.alibaba.nacos.common.remote.client   : [f2b3e80a-8a9d-4a61-9ee5-72618f60690c] Ack server push request, request = NotifySubscriberRequest, requestId = 26
15:29:42:977  INFO 22144 --- [nacos-grpc-client-executor-123] com.alibaba.nacos.common.remote.client   : [f2b3e80a-8a9d-4a61-9ee5-72618f60690c] Receive server push request, request = NotifySubscriberRequest, requestId = 28
15:29:42:985  INFO 22144 --- [nacos-grpc-client-executor-123] com.alibaba.nacos.common.remote.client   : [f2b3e80a-8a9d-4a61-9ee5-72618f60690c] Ack server push request, request = NotifySubscriberRequest, requestId = 28
15:29:52:337 DEBUG 22144 --- [http-nio-8086-exec-7] c.h.p.mapper.PayOrderMapper.selectById   : ==>  Preparing: SELECT id,biz_order_no,pay_order_no,biz_user_id,pay_channel_code,amount,pay_type,status,expand_json,result_code,result_msg,pay_success_time,pay_over_time,qr_code_url,create_time,update_time,creater,updater,is_delete FROM pay_order WHERE id=?
15:29:52:340 DEBUG 22144 --- [http-nio-8086-exec-7] c.h.p.mapper.PayOrderMapper.selectById   : ==> Parameters: 2047577187540389890(Long)
15:29:52:350 DEBUG 22144 --- [http-nio-8086-exec-7] c.h.p.mapper.PayOrderMapper.selectById   : <==      Total: 1
15:29:52:797 ERROR 22144 --- [http-nio-8086-exec-7] o.a.c.c.C.[.[.[/].[dispatcherServlet]    : Servlet.service() for servlet [dispatcherServlet] in context with path [] threw exception [Request processing failed; nested exception is feign.FeignException$InternalServerError: [500] during [PUT] to [http://user-service/users/money/deduct?pw=123&amount=87900] [UserClient#deductMoney(String,Integer)]: [{"timestamp":"2026-04-24T07:29:52.765+00:00","status":500,"error":"Internal Server Error","path":"/users/money/deduct"}]] with root cause

feign.FeignException$InternalServerError: [500] during [PUT] to [http://user-service/users/money/deduct?pw=123&amount=87900] [UserClient#deductMoney(String,Integer)]: [{"timestamp":"2026-04-24T07:29:52.765+00:00","status":500,"error":"Internal Server Error","path":"/users/money/deduct"}]
	at feign.FeignException.serverErrorStatus(FeignException.java:250) ~[feign-core-11.8.jar:na]
	at feign.FeignException.errorStatus(FeignException.java:197) ~[feign-core-11.8.jar:na]
	at feign.FeignException.errorStatus(FeignException.java:185) ~[feign-core-11.8.jar:na]
	at feign.codec.ErrorDecoder$Default.decode(ErrorDecoder.java:92) ~[feign-core-11.8.jar:na]
	at feign.AsyncResponseHandler.handleResponse(AsyncResponseHandler.java:96) ~[feign-core-11.8.jar:na]
	at feign.SynchronousMethodHandler.executeAndDecode(SynchronousMethodHandler.java:138) ~[feign-core-11.8.jar:na]
	at feign.SynchronousMethodHandler.invoke(SynchronousMethodHandler.java:89) ~[feign-core-11.8.jar:na]
	at feign.ReflectiveFeign$FeignInvocationHandler.invoke(ReflectiveFeign.java:100) ~[feign-core-11.8.jar:na]
	at com.sun.proxy.$Proxy100.deductMoney(Unknown Source) ~[na:na]
	at com.hmall.pay.service.impl.PayOrderServiceImpl.tryPayOrderByBalance(PayOrderServiceImpl.java:56) ~[classes/:na]
	at com.hmall.pay.service.impl.PayOrderServiceImpl$$FastClassBySpringCGLIB$$b2062e7f.invoke(<generated>) ~[classes/:na]
	at org.springframework.cglib.proxy.MethodProxy.invoke(MethodProxy.java:218) ~[spring-core-5.3.27.jar:5.3.27]
	at org.springframework.aop.framework.CglibAopProxy$CglibMethodInvocation.invokeJoinpoint(CglibAopProxy.java:793) ~[spring-aop-5.3.27.jar:5.3.27]
	at org.springframework.aop.framework.ReflectiveMethodInvocation.proceed(ReflectiveMethodInvocation.java:163) ~[spring-aop-5.3.27.jar:5.3.27]
	at org.springframework.aop.framework.CglibAopProxy$CglibMethodInvocation.proceed(CglibAopProxy.java:763) ~[spring-aop-5.3.27.jar:5.3.27]
	at org.springframework.transaction.interceptor.TransactionInterceptor$1.proceedWithInvocation(TransactionInterceptor.java:123) ~[spring-tx-5.3.27.jar:5.3.27]
	at org.springframework.transaction.interceptor.TransactionAspectSupport.invokeWithinTransaction(TransactionAspectSupport.java:388) ~[spring-tx-5.3.27.jar:5.3.27]
	at org.springframework.transaction.interceptor.TransactionInterceptor.invoke(TransactionInterceptor.java:119) ~[spring-tx-5.3.27.jar:5.3.27]
	at org.springframework.aop.framework.ReflectiveMethodInvocation.proceed(ReflectiveMethodInvocation.java:186) ~[spring-aop-5.3.27.jar:5.3.27]
	at org.springframework.aop.framework.CglibAopProxy$CglibMethodInvocation.proceed(CglibAopProxy.java:763) ~[spring-aop-5.3.27.jar:5.3.27]
	at org.springframework.aop.framework.CglibAopProxy$DynamicAdvisedInterceptor.intercept(CglibAopProxy.java:708) ~[spring-aop-5.3.27.jar:5.3.27]
	at com.hmall.pay.service.impl.PayOrderServiceImpl$$EnhancerBySpringCGLIB$$1a0731aa.tryPayOrderByBalance(<generated>) ~[classes/:na]
	at com.hmall.pay.controller.PayController.tryPayOrderByBalance(PayController.java:42) ~[classes/:na]
	at java.base/jdk.internal.reflect.NativeMethodAccessorImpl.invoke0(Native Method) ~[na:na]
	at java.base/jdk.internal.reflect.NativeMethodAccessorImpl.invoke(NativeMethodAccessorImpl.java:62) ~[na:na]
	at java.base/jdk.internal.reflect.DelegatingMethodAccessorImpl.invoke(DelegatingMethodAccessorImpl.java:43) ~[na:na]
	at java.base/java.lang.reflect.Method.invoke(Method.java:566) ~[na:na]
	at org.springframework.web.method.support.InvocableHandlerMethod.doInvoke(InvocableHandlerMethod.java:205) ~[spring-web-5.3.27.jar:5.3.27]
	at org.springframework.web.method.support.InvocableHandlerMethod.invokeForRequest(InvocableHandlerMethod.java:150) ~[spring-web-5.3.27.jar:5.3.27]
	at org.springframework.web.servlet.mvc.method.annotation.ServletInvocableHandlerMethod.invokeAndHandle(ServletInvocableHandlerMethod.java:117) ~[spring-webmvc-5.3.27.jar:5.3.27]
	at org.springframework.web.servlet.mvc.method.annotation.RequestMappingHandlerAdapter.invokeHandlerMethod(RequestMappingHandlerAdapter.java:895) ~[spring-webmvc-5.3.27.jar:5.3.27]
	at org.springframework.web.servlet.mvc.method.annotation.RequestMappingHandlerAdapter.handleInternal(RequestMappingHandlerAdapter.java:808) ~[spring-webmvc-5.3.27.jar:5.3.27]
	at org.springframework.web.servlet.mvc.method.AbstractHandlerMethodAdapter.handle(AbstractHandlerMethodAdapter.java:87) ~[spring-webmvc-5.3.27.jar:5.3.27]
	at org.springframework.web.servlet.DispatcherServlet.doDispatch(DispatcherServlet.java:1072) ~[spring-webmvc-5.3.27.jar:5.3.27]
	at org.springframework.web.servlet.DispatcherServlet.doService(DispatcherServlet.java:965) ~[spring-webmvc-5.3.27.jar:5.3.27]
	at org.springframework.web.servlet.FrameworkServlet.processRequest(FrameworkServlet.java:1006) ~[spring-webmvc-5.3.27.jar:5.3.27]
	at org.springframework.web.servlet.FrameworkServlet.doPost(FrameworkServlet.java:909) ~[spring-webmvc-5.3.27.jar:5.3.27]
	at javax.servlet.http.HttpServlet.service(HttpServlet.java:555) ~[tomcat-embed-core-9.0.75.jar:4.0.FR]
	at org.springframework.web.servlet.FrameworkServlet.service(FrameworkServlet.java:883) ~[spring-webmvc-5.3.27.jar:5.3.27]
	at javax.servlet.http.HttpServlet.service(HttpServlet.java:623) ~[tomcat-embed-core-9.0.75.jar:4.0.FR]
	at org.apache.catalina.core.ApplicationFilterChain.internalDoFilter(ApplicationFilterChain.java:209) ~[tomcat-embed-core-9.0.75.jar:9.0.75]
	at org.apache.catalina.core.ApplicationFilterChain.doFilter(ApplicationFilterChain.java:153) ~[tomcat-embed-core-9.0.75.jar:9.0.75]
	at org.apache.tomcat.websocket.server.WsFilter.doFilter(WsFilter.java:51) ~[tomcat-embed-websocket-9.0.75.jar:9.0.75]
	at org.apache.catalina.core.ApplicationFilterChain.internalDoFilter(ApplicationFilterChain.java:178) ~[tomcat-embed-core-9.0.75.jar:9.0.75]
	at org.apache.catalina.core.ApplicationFilterChain.doFilter(ApplicationFilterChain.java:153) ~[tomcat-embed-core-9.0.75.jar:9.0.75]
	at org.springframework.web.filter.RequestContextFilter.doFilterInternal(RequestContextFilter.java:100) ~[spring-web-5.3.27.jar:5.3.27]
	at org.springframework.web.filter.OncePerRequestFilter.doFilter(OncePerRequestFilter.java:117) ~[spring-web-5.3.27.jar:5.3.27]
	at org.apache.catalina.core.ApplicationFilterChain.internalDoFilter(ApplicationFilterChain.java:178) ~[tomcat-embed-core-9.0.75.jar:9.0.75]
	at org.apache.catalina.core.ApplicationFilterChain.doFilter(ApplicationFilterChain.java:153) ~[tomcat-embed-core-9.0.75.jar:9.0.75]
	at org.springframework.web.filter.FormContentFilter.doFilterInternal(FormContentFilter.java:93) ~[spring-web-5.3.27.jar:5.3.27]
	at org.springframework.web.filter.OncePerRequestFilter.doFilter(OncePerRequestFilter.java:117) ~[spring-web-5.3.27.jar:5.3.27]
	at org.apache.catalina.core.ApplicationFilterChain.internalDoFilter(ApplicationFilterChain.java:178) ~[tomcat-embed-core-9.0.75.jar:9.0.75]
	at org.apache.catalina.core.ApplicationFilterChain.doFilter(ApplicationFilterChain.java:153) ~[tomcat-embed-core-9.0.75.jar:9.0.75]
	at org.springframework.web.filter.CharacterEncodingFilter.doFilterInternal(CharacterEncodingFilter.java:201) ~[spring-web-5.3.27.jar:5.3.27]
	at org.springframework.web.filter.OncePerRequestFilter.doFilter(OncePerRequestFilter.java:117) ~[spring-web-5.3.27.jar:5.3.27]
	at org.apache.catalina.core.ApplicationFilterChain.internalDoFilter(ApplicationFilterChain.java:178) ~[tomcat-embed-core-9.0.75.jar:9.0.75]
	at org.apache.catalina.core.ApplicationFilterChain.doFilter(ApplicationFilterChain.java:153) ~[tomcat-embed-core-9.0.75.jar:9.0.75]
	at org.apache.catalina.core.StandardWrapperValve.invoke(StandardWrapperValve.java:167) ~[tomcat-embed-core-9.0.75.jar:9.0.75]
	at org.apache.catalina.core.StandardContextValve.invoke(StandardContextValve.java:90) ~[tomcat-embed-core-9.0.75.jar:9.0.75]
	at org.apache.catalina.authenticator.AuthenticatorBase.invoke(AuthenticatorBase.java:481) ~[tomcat-embed-core-9.0.75.jar:9.0.75]
	at org.apache.catalina.core.StandardHostValve.invoke(StandardHostValve.java:130) ~[tomcat-embed-core-9.0.75.jar:9.0.75]
	at org.apache.catalina.valves.ErrorReportValve.invoke(ErrorReportValve.java:93) ~[tomcat-embed-core-9.0.75.jar:9.0.75]
	at org.apache.catalina.core.StandardEngineValve.invoke(StandardEngineValve.java:74) ~[tomcat-embed-core-9.0.75.jar:9.0.75]
	at org.apache.catalina.connector.CoyoteAdapter.service(CoyoteAdapter.java:343) ~[tomcat-embed-core-9.0.75.jar:9.0.75]
	at org.apache.coyote.http11.Http11Processor.service(Http11Processor.java:390) ~[tomcat-embed-core-9.0.75.jar:9.0.75]
	at org.apache.coyote.AbstractProcessorLight.process(AbstractProcessorLight.java:63) ~[tomcat-embed-core-9.0.75.jar:9.0.75]
	at org.apache.coyote.AbstractProtocol$ConnectionHandler.process(AbstractProtocol.java:926) ~[tomcat-embed-core-9.0.75.jar:9.0.75]
	at org.apache.tomcat.util.net.NioEndpoint$SocketProcessor.doRun(NioEndpoint.java:1791) ~[tomcat-embed-core-9.0.75.jar:9.0.75]
	at org.apache.tomcat.util.net.SocketProcessorBase.run(SocketProcessorBase.java:52) ~[tomcat-embed-core-9.0.75.jar:9.0.75]
	at org.apache.tomcat.util.threads.ThreadPoolExecutor.runWorker(ThreadPoolExecutor.java:1191) ~[tomcat-embed-core-9.0.75.jar:9.0.75]
	at org.apache.tomcat.util.threads.ThreadPoolExecutor$Worker.run(ThreadPoolExecutor.java:659) ~[tomcat-embed-core-9.0.75.jar:9.0.75]
	at org.apache.tomcat.util.threads.TaskThread$WrappingRunnable.run(TaskThread.java:61) ~[tomcat-embed-core-9.0.75.jar:9.0.75]
	at java.base/java.lang.Thread.run(Thread.java:829) ~[na:na]

15:34:13:601  WARN 22144 --- [Thread-4] c.a.nacos.common.notify.NotifyCenter     : [NotifyCenter] Start destroying Publisher
15:34:13:602  WARN 22144 --- [Thread-7] c.a.n.common.http.HttpClientBeanHolder   : [HttpClientBeanHolder] Start destroying common HttpClient
15:34:13:603  WARN 22144 --- [Thread-4] c.a.nacos.common.notify.NotifyCenter     : [NotifyCenter] Destruction of the end
15:34:13:612  WARN 22144 --- [Thread-7] c.a.n.common.http.HttpClientBeanHolder   : [HttpClientBeanHolder] Destruction of the end
15:34:14:047  INFO 22144 --- [SpringApplicationShutdownHook] c.a.c.n.registry.NacosServiceRegistry    : De-registering from Nacos Server now...
15:34:14:052  INFO 22144 --- [SpringApplicationShutdownHook] c.a.c.n.registry.NacosServiceRegistry    : De-registration finished.
15:34:14:382  INFO 22144 --- [SpringApplicationShutdownHook] com.alibaba.nacos.common.remote.client   : Shutdown rpc client, set status to shutdown
15:34:14:383  INFO 22144 --- [SpringApplicationShutdownHook] com.alibaba.nacos.common.remote.client   : Shutdown client event executor java.util.concurrent.ScheduledThreadPoolExecutor@533c3320[Running, pool size = 2, active threads = 2, queued tasks = 0, completed tasks = 0]
15:34:14:383  INFO 22144 --- [SpringApplicationShutdownHook] com.alibaba.nacos.common.remote.client   : Close current connection 1777015273502_192.168.150.1_64197
15:34:14:386  INFO 22144 --- [nacos-grpc-client-executor-182] c.a.n.c.remote.client.grpc.GrpcClient    : [1777015273502_192.168.150.1_64197]Ignore complete event,isRunning:false,isAbandon=false
15:34:14:401  INFO 22144 --- [SpringApplicationShutdownHook] c.a.n.c.remote.client.grpc.GrpcClient    : Shutdown grpc executor java.util.concurrent.ThreadPoolExecutor@58d12f73[Running, pool size = 5, active threads = 0, queued tasks = 0, completed tasks = 183]
15:34:14:412  INFO 22144 --- [SpringApplicationShutdownHook] com.zaxxer.hikari.HikariDataSource       : HikariPool-1 - Shutdown initiated...
15:34:14:437  INFO 22144 --- [SpringApplicationShutdownHook] com.zaxxer.hikari.HikariDataSource       : HikariPool-1 - Shutdown completed.
15:34:19:055  INFO 13468 --- [main] com.hmall.pay.PayApplication             : Starting PayApplication using Java 11.0.31 on LAPTOP-16OT1L5F with PID 13468 (G:\hmall\backend\pay-service\target\classes started by 18071 in G:\hmall\backend)
15:34:19:056 DEBUG 13468 --- [main] com.hmall.pay.PayApplication             : Running with Spring Boot v2.7.12, Spring v5.3.27
15:34:19:056  INFO 13468 --- [main] com.hmall.pay.PayApplication             : The following 1 profile is active: "dev"
15:34:20:035  INFO 13468 --- [main] o.s.cloud.context.scope.GenericScope     : BeanFactory id=93635030-9e55-3283-b59b-31e35e320834
15:34:20:373  INFO 13468 --- [main] o.s.b.w.embedded.tomcat.TomcatWebServer  : Tomcat initialized with port(s): 8086 (http)
15:34:20:383  INFO 13468 --- [main] o.apache.catalina.core.StandardService   : Starting service [Tomcat]
15:34:20:384  INFO 13468 --- [main] org.apache.catalina.core.StandardEngine  : Starting Servlet engine: [Apache Tomcat/9.0.75]
15:34:20:546  INFO 13468 --- [main] o.a.c.c.C.[Tomcat].[localhost].[/]       : Initializing Spring embedded WebApplicationContext
15:34:20:546  INFO 13468 --- [main] w.s.c.ServletWebServerApplicationContext : Root WebApplicationContext: initialization completed in 1441 ms
15:34:20:896  INFO 13468 --- [main] o.s.c.openfeign.FeignClientFactoryBean   : For 'user-service' URL not provided. Will try picking an instance via load-balancing.
15:34:20:948  INFO 13468 --- [main] o.s.c.openfeign.FeignClientFactoryBean   : For 'trade-service' URL not provided. Will try picking an instance via load-balancing.
15:34:24:204  INFO 13468 --- [main] pertySourcedRequestMappingHandlerMapping : Mapped URL path [/v2/api-docs] onto method [springfox.documentation.swagger2.web.Swagger2ControllerWebMvc#getDocumentation(String, HttpServletRequest)]
15:34:24:997  INFO 13468 --- [main] com.alibaba.nacos.common.remote.client   : [RpcClientFactory] create a new rpc client of 5443c5b7-7d60-49e4-86bf-ed28226b6490
15:34:25:039  INFO 13468 --- [main] org.reflections.Reflections              : Reflections took 22 ms to scan 1 urls, producing 3 keys and 6 values 
15:34:25:063  INFO 13468 --- [main] org.reflections.Reflections              : Reflections took 8 ms to scan 1 urls, producing 4 keys and 9 values 
15:34:25:082  INFO 13468 --- [main] org.reflections.Reflections              : Reflections took 16 ms to scan 1 urls, producing 3 keys and 10 values 
15:34:25:085  WARN 13468 --- [main] org.reflections.Reflections              : given scan urls are empty. set urls in the configuration
15:34:25:092  INFO 13468 --- [main] org.reflections.Reflections              : Reflections took 7 ms to scan 1 urls, producing 1 keys and 5 values 
15:34:25:102  INFO 13468 --- [main] org.reflections.Reflections              : Reflections took 7 ms to scan 1 urls, producing 1 keys and 7 values 
15:34:25:111  INFO 13468 --- [main] org.reflections.Reflections              : Reflections took 7 ms to scan 1 urls, producing 2 keys and 8 values 
15:34:25:114  WARN 13468 --- [main] org.reflections.Reflections              : given scan urls are empty. set urls in the configuration
15:34:25:115  INFO 13468 --- [main] com.alibaba.nacos.common.remote.client   : [5443c5b7-7d60-49e4-86bf-ed28226b6490] RpcClient init label, labels = {module=naming, source=sdk}
15:34:25:117  INFO 13468 --- [main] com.alibaba.nacos.common.remote.client   : [5443c5b7-7d60-49e4-86bf-ed28226b6490] RpcClient init, ServerListFactory = com.alibaba.nacos.client.naming.core.ServerListManager
15:34:25:117  INFO 13468 --- [main] com.alibaba.nacos.common.remote.client   : [5443c5b7-7d60-49e4-86bf-ed28226b6490] Registry connection listener to current client:com.alibaba.nacos.client.naming.remote.gprc.redo.NamingGrpcRedoService
15:34:25:117  INFO 13468 --- [main] com.alibaba.nacos.common.remote.client   : [5443c5b7-7d60-49e4-86bf-ed28226b6490] Register server push request handler:com.alibaba.nacos.client.naming.remote.gprc.NamingPushRequestHandler
15:34:25:119  INFO 13468 --- [main] com.alibaba.nacos.common.remote.client   : [5443c5b7-7d60-49e4-86bf-ed28226b6490] Try to connect to server on start up, server: {serverIp = '192.168.150.102', server main port = 8848}
15:34:27:386  INFO 13468 --- [main] com.alibaba.nacos.common.remote.client   : [5443c5b7-7d60-49e4-86bf-ed28226b6490] Success to connect to server [192.168.150.102:8848] on start up, connectionId = 1777016066270_192.168.150.1_65280
15:34:27:386  INFO 13468 --- [com.alibaba.nacos.client.remote.worker] com.alibaba.nacos.common.remote.client   : [5443c5b7-7d60-49e4-86bf-ed28226b6490] Notify connected event to listeners.
15:34:27:387  INFO 13468 --- [main] com.alibaba.nacos.common.remote.client   : [5443c5b7-7d60-49e4-86bf-ed28226b6490] Register server push request handler:com.alibaba.nacos.common.remote.client.RpcClient$ConnectResetRequestHandler
15:34:27:388  INFO 13468 --- [main] com.alibaba.nacos.common.remote.client   : [5443c5b7-7d60-49e4-86bf-ed28226b6490] Register server push request handler:com.alibaba.nacos.common.remote.client.RpcClient$$Lambda$975/0x000000080073d840
15:34:27:447  INFO 13468 --- [main] o.s.b.w.embedded.tomcat.TomcatWebServer  : Tomcat started on port(s): 8086 (http) with context path ''
15:34:27:456  INFO 13468 --- [main] c.a.c.n.registry.NacosServiceRegistry    : nacos registry, DEFAULT_GROUP pay-service 192.168.220.1:8086 register finished
15:34:27:914  INFO 13468 --- [nacos-grpc-client-executor-9] com.alibaba.nacos.common.remote.client   : [5443c5b7-7d60-49e4-86bf-ed28226b6490] Receive server push request, request = NotifySubscriberRequest, requestId = 33
15:34:27:923  INFO 13468 --- [nacos-grpc-client-executor-9] com.alibaba.nacos.common.remote.client   : [5443c5b7-7d60-49e4-86bf-ed28226b6490] Ack server push request, request = NotifySubscriberRequest, requestId = 33
15:34:27:993  INFO 13468 --- [main] d.s.w.p.DocumentationPluginsBootstrapper : Documentation plugins bootstrapped
15:34:27:996  INFO 13468 --- [main] d.s.w.p.DocumentationPluginsBootstrapper : Found 1 custom documentation plugin(s)
15:34:28:018  INFO 13468 --- [main] s.d.s.w.s.ApiListingReferenceScanner     : Scanning for api listing references
15:34:28:102  INFO 13468 --- [main] com.hmall.pay.PayApplication             : Started PayApplication in 10.175 seconds (JVM running for 11.692)
15:34:58:575  INFO 13468 --- [http-nio-8086-exec-1] o.a.c.c.C.[Tomcat].[localhost].[/]       : Initializing Spring DispatcherServlet 'dispatcherServlet'
15:34:58:575  INFO 13468 --- [http-nio-8086-exec-1] o.s.web.servlet.DispatcherServlet        : Initializing Servlet 'dispatcherServlet'
15:34:58:576  INFO 13468 --- [http-nio-8086-exec-1] o.s.web.servlet.DispatcherServlet        : Completed initialization in 1 ms
15:34:58:626  INFO 13468 --- [http-nio-8086-exec-1] com.zaxxer.hikari.HikariDataSource       : HikariPool-1 - Starting...
15:34:58:916  INFO 13468 --- [http-nio-8086-exec-1] com.zaxxer.hikari.HikariDataSource       : HikariPool-1 - Start completed.
15:34:58:946 DEBUG 13468 --- [http-nio-8086-exec-1] c.h.p.mapper.PayOrderMapper.selectById   : ==>  Preparing: SELECT id,biz_order_no,pay_order_no,biz_user_id,pay_channel_code,amount,pay_type,status,expand_json,result_code,result_msg,pay_success_time,pay_over_time,qr_code_url,create_time,update_time,creater,updater,is_delete FROM pay_order WHERE id=?
15:34:58:965 DEBUG 13468 --- [http-nio-8086-exec-1] c.h.p.mapper.PayOrderMapper.selectById   : ==> Parameters: 2047577187540389890(Long)
15:34:58:990 DEBUG 13468 --- [http-nio-8086-exec-1] c.h.p.mapper.PayOrderMapper.selectById   : <==      Total: 1
15:35:26:207  WARN 13468 --- [HikariPool-1 housekeeper] com.zaxxer.hikari.pool.HikariPool        : HikariPool-1 - Thread starvation or clock leap detected (housekeeper delta=57s291ms276µs700ns).
15:35:33:644  INFO 13468 --- [nacos-grpc-client-executor-16] com.alibaba.nacos.common.remote.client   : [5443c5b7-7d60-49e4-86bf-ed28226b6490] Receive server push request, request = ClientDetectionRequest, requestId = 37
15:35:33:644  INFO 13468 --- [nacos-grpc-client-executor-16] com.alibaba.nacos.common.remote.client   : [5443c5b7-7d60-49e4-86bf-ed28226b6490] Ack server push request, request = ClientDetectionRequest, requestId = 37
15:35:33:646  INFO 13468 --- [com.alibaba.nacos.client.remote.worker] com.alibaba.nacos.common.remote.client   : [5443c5b7-7d60-49e4-86bf-ed28226b6490] Server healthy check fail, currentConnection = 1777016066270_192.168.150.1_65280
15:35:33:647  INFO 13468 --- [com.alibaba.nacos.client.remote.worker] com.alibaba.nacos.common.remote.client   : [5443c5b7-7d60-49e4-86bf-ed28226b6490] Try to reconnect to a new server, server is  not appointed, will choose a random server.
15:35:33:649  INFO 13468 --- [nacos-grpc-client-executor-16] c.a.n.c.remote.client.grpc.GrpcClient    : [1777016066270_192.168.150.1_65280]Ignore complete event,isRunning:false,isAbandon=false
15:35:33:655 ERROR 13468 --- [com.alibaba.nacos.client.naming.updater.0] com.alibaba.nacos.common.remote.client   : Send request fail, request = ServiceQueryRequest{headers={}, requestId='null'}, retryTimes = 0, errorMessage = java.util.concurrent.ExecutionException: com.alibaba.nacos.shaded.io.grpc.StatusRuntimeException: UNAVAILABLE: HTTP/2 error code: NO_ERROR
Received Goaway
app_requested
15:35:33:758 ERROR 13468 --- [com.alibaba.nacos.client.naming.updater.0] com.alibaba.nacos.common.remote.client   : Send request fail, request = ServiceQueryRequest{headers={}, requestId='null'}, retryTimes = 1, errorMessage = Client not connected, current status:UNHEALTHY
15:35:33:773  INFO 13468 --- [com.alibaba.nacos.client.remote.worker] com.alibaba.nacos.common.remote.client   : [5443c5b7-7d60-49e4-86bf-ed28226b6490] Success to connect a server [192.168.150.102:8848], connectionId = 1777016132753_192.168.150.1_65414
15:35:33:773  INFO 13468 --- [com.alibaba.nacos.client.remote.worker] com.alibaba.nacos.common.remote.client   : [5443c5b7-7d60-49e4-86bf-ed28226b6490] Abandon prev connection, server is 192.168.150.102:8848, connectionId is 1777016066270_192.168.150.1_65280
15:35:33:773  INFO 13468 --- [com.alibaba.nacos.client.remote.worker] com.alibaba.nacos.common.remote.client   : Close current connection 1777016066270_192.168.150.1_65280
15:35:33:778  INFO 13468 --- [com.alibaba.nacos.client.remote.worker] com.alibaba.nacos.common.remote.client   : [5443c5b7-7d60-49e4-86bf-ed28226b6490] Notify disconnected event to listeners
15:35:33:779  INFO 13468 --- [com.alibaba.nacos.client.remote.worker] com.alibaba.nacos.common.remote.client   : [5443c5b7-7d60-49e4-86bf-ed28226b6490] Notify connected event to listeners.
15:35:33:866 ERROR 13468 --- [com.alibaba.nacos.client.naming.updater.0] com.alibaba.nacos.common.remote.client   : Send request fail, request = ServiceQueryRequest{headers={}, requestId='null'}, retryTimes = 2, errorMessage = Client not connected, current status:UNHEALTHY
15:35:33:869  INFO 13468 --- [com.alibaba.nacos.client.remote.worker] com.alibaba.nacos.common.remote.client   : [5443c5b7-7d60-49e4-86bf-ed28226b6490] Server check success, currentServer is 192.168.150.102:8848 
15:36:09:243 ERROR 13468 --- [com.alibaba.nacos.client.naming.updater.0] com.alibaba.nacos.common.remote.client   : Send request fail, request = ServiceQueryRequest{headers={}, requestId='null'}, retryTimes = 0, errorMessage = java.util.concurrent.TimeoutException: Waited 3000 milliseconds (plus 26859 milliseconds, 345200 nanoseconds delay) for com.alibaba.nacos.shaded.io.grpc.stub.ClientCalls$GrpcFuture@209df2b1[status=PENDING, info=[GrpcFuture{clientCall={delegate={delegate=ClientCallImpl{method=MethodDescriptor{fullMethodName=Request/request, type=UNARY, idempotent=false, safe=false, sampledToLocalTracing=true, requestMarshaller=com.alibaba.nacos.shaded.io.grpc.protobuf.lite.ProtoLiteUtils$MessageMarshaller@5533c894, responseMarshaller=com.alibaba.nacos.shaded.io.grpc.protobuf.lite.ProtoLiteUtils$MessageMarshaller@e35f940, schemaDescriptor=com.alibaba.nacos.api.grpc.auto.RequestGrpc$RequestMethodDescriptorSupplier@6c3286b1}}}}}]]
15:36:09:243  INFO 13468 --- [nacos-grpc-client-executor-26] com.alibaba.nacos.common.remote.client   : [5443c5b7-7d60-49e4-86bf-ed28226b6490] Receive server push request, request = NotifySubscriberRequest, requestId = 39
15:36:09:244  INFO 13468 --- [com.alibaba.nacos.client.remote.worker] com.alibaba.nacos.common.remote.client   : [5443c5b7-7d60-49e4-86bf-ed28226b6490] Server healthy check fail, currentConnection = 1777016132753_192.168.150.1_65414
15:36:09:244  INFO 13468 --- [nacos-grpc-client-executor-26] com.alibaba.nacos.common.remote.client   : [5443c5b7-7d60-49e4-86bf-ed28226b6490] Ack server push request, request = NotifySubscriberRequest, requestId = 39
15:36:09:244  INFO 13468 --- [com.alibaba.nacos.client.remote.worker] com.alibaba.nacos.common.remote.client   : [5443c5b7-7d60-49e4-86bf-ed28226b6490] Try to reconnect to a new server, server is  not appointed, will choose a random server.
15:36:09:259  INFO 13468 --- [nacos-grpc-client-executor-28] com.alibaba.nacos.common.remote.client   : [5443c5b7-7d60-49e4-86bf-ed28226b6490] Receive server push request, request = NotifySubscriberRequest, requestId = 40
15:36:09:262 ERROR 13468 --- [com.alibaba.nacos.client.naming.updater.1] com.alibaba.nacos.common.remote.client   : Send request fail, request = ServiceQueryRequest{headers={}, requestId='null'}, retryTimes = 0, errorMessage = java.util.concurrent.ExecutionException: com.alibaba.nacos.shaded.io.grpc.StatusRuntimeException: UNAVAILABLE: HTTP/2 error code: NO_ERROR
Received Goaway
app_requested
15:36:09:263  INFO 13468 --- [nacos-grpc-client-executor-28] com.alibaba.nacos.common.remote.client   : [5443c5b7-7d60-49e4-86bf-ed28226b6490] Ack server push request, request = NotifySubscriberRequest, requestId = 40
15:36:09:268 ERROR 13468 --- [com.alibaba.nacos.client.naming.grpc.redo.0] com.alibaba.nacos.common.remote.client   : Send request fail, request = InstanceRequest{headers={}, requestId='null'}, retryTimes = 0, errorMessage = java.util.concurrent.ExecutionException: com.alibaba.nacos.shaded.io.grpc.StatusRuntimeException: UNAVAILABLE: HTTP/2 error code: NO_ERROR
Received Goaway
app_requested
15:36:09:270  INFO 13468 --- [nacos-grpc-client-executor-34] com.alibaba.nacos.common.remote.client   : [5443c5b7-7d60-49e4-86bf-ed28226b6490] Receive server push request, request = NotifySubscriberRequest, requestId = 41
15:36:09:270  INFO 13468 --- [nacos-grpc-client-executor-34] com.alibaba.nacos.common.remote.client   : [5443c5b7-7d60-49e4-86bf-ed28226b6490] Ack server push request, request = NotifySubscriberRequest, requestId = 41
15:36:09:275  INFO 13468 --- [nacos-grpc-client-executor-36] com.alibaba.nacos.common.remote.client   : [5443c5b7-7d60-49e4-86bf-ed28226b6490] Receive server push request, request = NotifySubscriberRequest, requestId = 42
15:36:09:276  INFO 13468 --- [nacos-grpc-client-executor-36] com.alibaba.nacos.common.remote.client   : [5443c5b7-7d60-49e4-86bf-ed28226b6490] Ack server push request, request = NotifySubscriberRequest, requestId = 42
15:36:09:280  INFO 13468 --- [nacos-grpc-client-executor-37] com.alibaba.nacos.common.remote.client   : [5443c5b7-7d60-49e4-86bf-ed28226b6490] Receive server push request, request = ClientDetectionRequest, requestId = 43
15:36:09:280  INFO 13468 --- [nacos-grpc-client-executor-37] com.alibaba.nacos.common.remote.client   : [5443c5b7-7d60-49e4-86bf-ed28226b6490] Ack server push request, request = ClientDetectionRequest, requestId = 43
15:36:09:284  INFO 13468 --- [nacos-grpc-client-executor-37] c.a.n.c.remote.client.grpc.GrpcClient    : [1777016132753_192.168.150.1_65414]Ignore complete event,isRunning:false,isAbandon=false
15:36:09:289 ERROR 13468 --- [http-nio-8086-exec-1] o.a.c.c.C.[.[.[/].[dispatcherServlet]    : Servlet.service() for servlet [dispatcherServlet] in context with path [] threw exception [Request processing failed; nested exception is feign.FeignException$InternalServerError: [500] during [PUT] to [http://user-service/users/money/deduct?pw=123&amount=87900] [UserClient#deductMoney(String,Integer)]: [{"timestamp":"2026-04-24T07:35:34.806+00:00","status":500,"error":"Internal Server Error","path":"/users/money/deduct"}]] with root cause

feign.FeignException$InternalServerError: [500] during [PUT] to [http://user-service/users/money/deduct?pw=123&amount=87900] [UserClient#deductMoney(String,Integer)]: [{"timestamp":"2026-04-24T07:35:34.806+00:00","status":500,"error":"Internal Server Error","path":"/users/money/deduct"}]
	at feign.FeignException.serverErrorStatus(FeignException.java:250) ~[feign-core-11.8.jar:na]
	at feign.FeignException.errorStatus(FeignException.java:197) ~[feign-core-11.8.jar:na]
	at feign.FeignException.errorStatus(FeignException.java:185) ~[feign-core-11.8.jar:na]
	at feign.codec.ErrorDecoder$Default.decode(ErrorDecoder.java:92) ~[feign-core-11.8.jar:na]
	at feign.AsyncResponseHandler.handleResponse(AsyncResponseHandler.java:96) ~[feign-core-11.8.jar:na]
	at feign.SynchronousMethodHandler.executeAndDecode(SynchronousMethodHandler.java:138) ~[feign-core-11.8.jar:na]
	at feign.SynchronousMethodHandler.invoke(SynchronousMethodHandler.java:89) ~[feign-core-11.8.jar:na]
	at feign.ReflectiveFeign$FeignInvocationHandler.invoke(ReflectiveFeign.java:100) ~[feign-core-11.8.jar:na]
	at com.sun.proxy.$Proxy100.deductMoney(Unknown Source) ~[na:na]
	at com.hmall.pay.service.impl.PayOrderServiceImpl.tryPayOrderByBalance(PayOrderServiceImpl.java:56) ~[classes/:na]
	at com.hmall.pay.service.impl.PayOrderServiceImpl$$FastClassBySpringCGLIB$$b2062e7f.invoke(<generated>) ~[classes/:na]
	at org.springframework.cglib.proxy.MethodProxy.invoke(MethodProxy.java:218) ~[spring-core-5.3.27.jar:5.3.27]
	at org.springframework.aop.framework.CglibAopProxy$CglibMethodInvocation.invokeJoinpoint(CglibAopProxy.java:793) ~[spring-aop-5.3.27.jar:5.3.27]
	at org.springframework.aop.framework.ReflectiveMethodInvocation.proceed(ReflectiveMethodInvocation.java:163) ~[spring-aop-5.3.27.jar:5.3.27]
	at org.springframework.aop.framework.CglibAopProxy$CglibMethodInvocation.proceed(CglibAopProxy.java:763) ~[spring-aop-5.3.27.jar:5.3.27]
	at org.springframework.transaction.interceptor.TransactionInterceptor$1.proceedWithInvocation(TransactionInterceptor.java:123) ~[spring-tx-5.3.27.jar:5.3.27]
	at org.springframework.transaction.interceptor.TransactionAspectSupport.invokeWithinTransaction(TransactionAspectSupport.java:388) ~[spring-tx-5.3.27.jar:5.3.27]
	at org.springframework.transaction.interceptor.TransactionInterceptor.invoke(TransactionInterceptor.java:119) ~[spring-tx-5.3.27.jar:5.3.27]
	at org.springframework.aop.framework.ReflectiveMethodInvocation.proceed(ReflectiveMethodInvocation.java:186) ~[spring-aop-5.3.27.jar:5.3.27]
	at org.springframework.aop.framework.CglibAopProxy$CglibMethodInvocation.proceed(CglibAopProxy.java:763) ~[spring-aop-5.3.27.jar:5.3.27]
	at org.springframework.aop.framework.CglibAopProxy$DynamicAdvisedInterceptor.intercept(CglibAopProxy.java:708) ~[spring-aop-5.3.27.jar:5.3.27]
	at com.hmall.pay.service.impl.PayOrderServiceImpl$$EnhancerBySpringCGLIB$$84612027.tryPayOrderByBalance(<generated>) ~[classes/:na]
	at com.hmall.pay.controller.PayController.tryPayOrderByBalance(PayController.java:42) ~[classes/:na]
	at java.base/jdk.internal.reflect.NativeMethodAccessorImpl.invoke0(Native Method) ~[na:na]
	at java.base/jdk.internal.reflect.NativeMethodAccessorImpl.invoke(NativeMethodAccessorImpl.java:62) ~[na:na]
	at java.base/jdk.internal.reflect.DelegatingMethodAccessorImpl.invoke(DelegatingMethodAccessorImpl.java:43) ~[na:na]
	at java.base/java.lang.reflect.Method.invoke(Method.java:566) ~[na:na]
	at org.springframework.web.method.support.InvocableHandlerMethod.doInvoke(InvocableHandlerMethod.java:205) ~[spring-web-5.3.27.jar:5.3.27]
	at org.springframework.web.method.support.InvocableHandlerMethod.invokeForRequest(InvocableHandlerMethod.java:150) ~[spring-web-5.3.27.jar:5.3.27]
	at org.springframework.web.servlet.mvc.method.annotation.ServletInvocableHandlerMethod.invokeAndHandle(ServletInvocableHandlerMethod.java:117) ~[spring-webmvc-5.3.27.jar:5.3.27]
	at org.springframework.web.servlet.mvc.method.annotation.RequestMappingHandlerAdapter.invokeHandlerMethod(RequestMappingHandlerAdapter.java:895) ~[spring-webmvc-5.3.27.jar:5.3.27]
	at org.springframework.web.servlet.mvc.method.annotation.RequestMappingHandlerAdapter.handleInternal(RequestMappingHandlerAdapter.java:808) ~[spring-webmvc-5.3.27.jar:5.3.27]
	at org.springframework.web.servlet.mvc.method.AbstractHandlerMethodAdapter.handle(AbstractHandlerMethodAdapter.java:87) ~[spring-webmvc-5.3.27.jar:5.3.27]
	at org.springframework.web.servlet.DispatcherServlet.doDispatch(DispatcherServlet.java:1072) ~[spring-webmvc-5.3.27.jar:5.3.27]
	at org.springframework.web.servlet.DispatcherServlet.doService(DispatcherServlet.java:965) ~[spring-webmvc-5.3.27.jar:5.3.27]
	at org.springframework.web.servlet.FrameworkServlet.processRequest(FrameworkServlet.java:1006) ~[spring-webmvc-5.3.27.jar:5.3.27]
	at org.springframework.web.servlet.FrameworkServlet.doPost(FrameworkServlet.java:909) ~[spring-webmvc-5.3.27.jar:5.3.27]
	at javax.servlet.http.HttpServlet.service(HttpServlet.java:555) ~[tomcat-embed-core-9.0.75.jar:4.0.FR]
	at org.springframework.web.servlet.FrameworkServlet.service(FrameworkServlet.java:883) ~[spring-webmvc-5.3.27.jar:5.3.27]
	at javax.servlet.http.HttpServlet.service(HttpServlet.java:623) ~[tomcat-embed-core-9.0.75.jar:4.0.FR]
	at org.apache.catalina.core.ApplicationFilterChain.internalDoFilter(ApplicationFilterChain.java:209) ~[tomcat-embed-core-9.0.75.jar:9.0.75]
	at org.apache.catalina.core.ApplicationFilterChain.doFilter(ApplicationFilterChain.java:153) ~[tomcat-embed-core-9.0.75.jar:9.0.75]
	at org.apache.tomcat.websocket.server.WsFilter.doFilter(WsFilter.java:51) ~[tomcat-embed-websocket-9.0.75.jar:9.0.75]
	at org.apache.catalina.core.ApplicationFilterChain.internalDoFilter(ApplicationFilterChain.java:178) ~[tomcat-embed-core-9.0.75.jar:9.0.75]
	at org.apache.catalina.core.ApplicationFilterChain.doFilter(ApplicationFilterChain.java:153) ~[tomcat-embed-core-9.0.75.jar:9.0.75]
	at org.springframework.web.filter.RequestContextFilter.doFilterInternal(RequestContextFilter.java:100) ~[spring-web-5.3.27.jar:5.3.27]
	at org.springframework.web.filter.OncePerRequestFilter.doFilter(OncePerRequestFilter.java:117) ~[spring-web-5.3.27.jar:5.3.27]
	at org.apache.catalina.core.ApplicationFilterChain.internalDoFilter(ApplicationFilterChain.java:178) ~[tomcat-embed-core-9.0.75.jar:9.0.75]
	at org.apache.catalina.core.ApplicationFilterChain.doFilter(ApplicationFilterChain.java:153) ~[tomcat-embed-core-9.0.75.jar:9.0.75]
	at org.springframework.web.filter.FormContentFilter.doFilterInternal(FormContentFilter.java:93) ~[spring-web-5.3.27.jar:5.3.27]
	at org.springframework.web.filter.OncePerRequestFilter.doFilter(OncePerRequestFilter.java:117) ~[spring-web-5.3.27.jar:5.3.27]
	at org.apache.catalina.core.ApplicationFilterChain.internalDoFilter(ApplicationFilterChain.java:178) ~[tomcat-embed-core-9.0.75.jar:9.0.75]
	at org.apache.catalina.core.ApplicationFilterChain.doFilter(ApplicationFilterChain.java:153) ~[tomcat-embed-core-9.0.75.jar:9.0.75]
	at org.springframework.web.filter.CharacterEncodingFilter.doFilterInternal(CharacterEncodingFilter.java:201) ~[spring-web-5.3.27.jar:5.3.27]
	at org.springframework.web.filter.OncePerRequestFilter.doFilter(OncePerRequestFilter.java:117) ~[spring-web-5.3.27.jar:5.3.27]
	at org.apache.catalina.core.ApplicationFilterChain.internalDoFilter(ApplicationFilterChain.java:178) ~[tomcat-embed-core-9.0.75.jar:9.0.75]
	at org.apache.catalina.core.ApplicationFilterChain.doFilter(ApplicationFilterChain.java:153) ~[tomcat-embed-core-9.0.75.jar:9.0.75]
	at org.apache.catalina.core.StandardWrapperValve.invoke(StandardWrapperValve.java:167) ~[tomcat-embed-core-9.0.75.jar:9.0.75]
	at org.apache.catalina.core.StandardContextValve.invoke(StandardContextValve.java:90) ~[tomcat-embed-core-9.0.75.jar:9.0.75]
	at org.apache.catalina.authenticator.AuthenticatorBase.invoke(AuthenticatorBase.java:481) ~[tomcat-embed-core-9.0.75.jar:9.0.75]
	at org.apache.catalina.core.StandardHostValve.invoke(StandardHostValve.java:130) ~[tomcat-embed-core-9.0.75.jar:9.0.75]
	at org.apache.catalina.valves.ErrorReportValve.invoke(ErrorReportValve.java:93) ~[tomcat-embed-core-9.0.75.jar:9.0.75]
	at org.apache.catalina.core.StandardEngineValve.invoke(StandardEngineValve.java:74) ~[tomcat-embed-core-9.0.75.jar:9.0.75]
	at org.apache.catalina.connector.CoyoteAdapter.service(CoyoteAdapter.java:343) ~[tomcat-embed-core-9.0.75.jar:9.0.75]
	at org.apache.coyote.http11.Http11Processor.service(Http11Processor.java:390) ~[tomcat-embed-core-9.0.75.jar:9.0.75]
	at org.apache.coyote.AbstractProcessorLight.process(AbstractProcessorLight.java:63) ~[tomcat-embed-core-9.0.75.jar:9.0.75]
	at org.apache.coyote.AbstractProtocol$ConnectionHandler.process(AbstractProtocol.java:926) ~[tomcat-embed-core-9.0.75.jar:9.0.75]
	at org.apache.tomcat.util.net.NioEndpoint$SocketProcessor.doRun(NioEndpoint.java:1791) ~[tomcat-embed-core-9.0.75.jar:9.0.75]
	at org.apache.tomcat.util.net.SocketProcessorBase.run(SocketProcessorBase.java:52) ~[tomcat-embed-core-9.0.75.jar:9.0.75]
	at org.apache.tomcat.util.threads.ThreadPoolExecutor.runWorker(ThreadPoolExecutor.java:1191) ~[tomcat-embed-core-9.0.75.jar:9.0.75]
	at org.apache.tomcat.util.threads.ThreadPoolExecutor$Worker.run(ThreadPoolExecutor.java:659) ~[tomcat-embed-core-9.0.75.jar:9.0.75]
	at org.apache.tomcat.util.threads.TaskThread$WrappingRunnable.run(TaskThread.java:61) ~[tomcat-embed-core-9.0.75.jar:9.0.75]
	at java.base/java.lang.Thread.run(Thread.java:829) ~[na:na]

15:36:09:370  INFO 13468 --- [com.alibaba.nacos.client.remote.worker] com.alibaba.nacos.common.remote.client   : [5443c5b7-7d60-49e4-86bf-ed28226b6490] Success to connect a server [192.168.150.102:8848], connectionId = 1777016168346_192.168.150.1_65462
15:36:09:370  INFO 13468 --- [com.alibaba.nacos.client.remote.worker] com.alibaba.nacos.common.remote.client   : [5443c5b7-7d60-49e4-86bf-ed28226b6490] Abandon prev connection, server is 192.168.150.102:8848, connectionId is 1777016132753_192.168.150.1_65414
15:36:09:370  INFO 13468 --- [com.alibaba.nacos.client.remote.worker] com.alibaba.nacos.common.remote.client   : Close current connection 1777016132753_192.168.150.1_65414
15:36:09:370  INFO 13468 --- [com.alibaba.nacos.client.remote.worker] com.alibaba.nacos.common.remote.client   : [5443c5b7-7d60-49e4-86bf-ed28226b6490] Notify disconnected event to listeners
15:36:09:370  INFO 13468 --- [com.alibaba.nacos.client.remote.worker] com.alibaba.nacos.common.remote.client   : [5443c5b7-7d60-49e4-86bf-ed28226b6490] Notify connected event to listeners.
15:36:09:373  INFO 13468 --- [com.alibaba.nacos.client.remote.worker] com.alibaba.nacos.common.remote.client   : [5443c5b7-7d60-49e4-86bf-ed28226b6490] Server check success, currentServer is 192.168.150.102:8848 
15:36:12:824  INFO 13468 --- [nacos-grpc-client-executor-43] com.alibaba.nacos.common.remote.client   : [5443c5b7-7d60-49e4-86bf-ed28226b6490] Receive server push request, request = NotifySubscriberRequest, requestId = 45
15:36:12:824  INFO 13468 --- [nacos-grpc-client-executor-43] com.alibaba.nacos.common.remote.client   : [5443c5b7-7d60-49e4-86bf-ed28226b6490] Ack server push request, request = NotifySubscriberRequest, requestId = 45
15:36:12:828  INFO 13468 --- [nacos-grpc-client-executor-44] com.alibaba.nacos.common.remote.client   : [5443c5b7-7d60-49e4-86bf-ed28226b6490] Receive server push request, request = NotifySubscriberRequest, requestId = 44
15:36:12:829  INFO 13468 --- [nacos-grpc-client-executor-44] com.alibaba.nacos.common.remote.client   : [5443c5b7-7d60-49e4-86bf-ed28226b6490] Ack server push request, request = NotifySubscriberRequest, requestId = 44
15:36:14:819 DEBUG 13468 --- [http-nio-8086-exec-2] c.h.p.mapper.PayOrderMapper.selectById   : ==>  Preparing: SELECT id,biz_order_no,pay_order_no,biz_user_id,pay_channel_code,amount,pay_type,status,expand_json,result_code,result_msg,pay_success_time,pay_over_time,qr_code_url,create_time,update_time,creater,updater,is_delete FROM pay_order WHERE id=?
15:36:14:819 DEBUG 13468 --- [http-nio-8086-exec-2] c.h.p.mapper.PayOrderMapper.selectById   : ==> Parameters: 2047577187540389890(Long)
15:36:14:821 DEBUG 13468 --- [http-nio-8086-exec-2] c.h.p.mapper.PayOrderMapper.selectById   : <==      Total: 1
15:36:45:453  INFO 13468 --- [nacos-grpc-client-executor-52] com.alibaba.nacos.common.remote.client   : [5443c5b7-7d60-49e4-86bf-ed28226b6490] Receive server push request, request = NotifySubscriberRequest, requestId = 48
15:36:45:492  INFO 13468 --- [nacos-grpc-client-executor-52] com.alibaba.nacos.common.remote.client   : [5443c5b7-7d60-49e4-86bf-ed28226b6490] Ack server push request, request = NotifySubscriberRequest, requestId = 48
15:37:07:117 ERROR 13468 --- [http-nio-8086-exec-2] o.a.c.c.C.[.[.[/].[dispatcherServlet]    : Servlet.service() for servlet [dispatcherServlet] in context with path [] threw exception [Request processing failed; nested exception is feign.FeignException$InternalServerError: [500] during [PUT] to [http://user-service/users/money/deduct?pw=123&amount=87900] [UserClient#deductMoney(String,Integer)]: [{"timestamp":"2026-04-24T07:37:07.110+00:00","status":500,"error":"Internal Server Error","path":"/users/money/deduct"}]] with root cause

feign.FeignException$InternalServerError: [500] during [PUT] to [http://user-service/users/money/deduct?pw=123&amount=87900] [UserClient#deductMoney(String,Integer)]: [{"timestamp":"2026-04-24T07:37:07.110+00:00","status":500,"error":"Internal Server Error","path":"/users/money/deduct"}]
	at feign.FeignException.serverErrorStatus(FeignException.java:250) ~[feign-core-11.8.jar:na]
	at feign.FeignException.errorStatus(FeignException.java:197) ~[feign-core-11.8.jar:na]
	at feign.FeignException.errorStatus(FeignException.java:185) ~[feign-core-11.8.jar:na]
	at feign.codec.ErrorDecoder$Default.decode(ErrorDecoder.java:92) ~[feign-core-11.8.jar:na]
	at feign.AsyncResponseHandler.handleResponse(AsyncResponseHandler.java:96) ~[feign-core-11.8.jar:na]
	at feign.SynchronousMethodHandler.executeAndDecode(SynchronousMethodHandler.java:138) ~[feign-core-11.8.jar:na]
	at feign.SynchronousMethodHandler.invoke(SynchronousMethodHandler.java:89) ~[feign-core-11.8.jar:na]
	at feign.ReflectiveFeign$FeignInvocationHandler.invoke(ReflectiveFeign.java:100) ~[feign-core-11.8.jar:na]
	at com.sun.proxy.$Proxy100.deductMoney(Unknown Source) ~[na:na]
	at com.hmall.pay.service.impl.PayOrderServiceImpl.tryPayOrderByBalance(PayOrderServiceImpl.java:56) ~[classes/:na]
	at com.hmall.pay.service.impl.PayOrderServiceImpl$$FastClassBySpringCGLIB$$b2062e7f.invoke(<generated>) ~[classes/:na]
	at org.springframework.cglib.proxy.MethodProxy.invoke(MethodProxy.java:218) ~[spring-core-5.3.27.jar:5.3.27]
	at org.springframework.aop.framework.CglibAopProxy$CglibMethodInvocation.invokeJoinpoint(CglibAopProxy.java:793) ~[spring-aop-5.3.27.jar:5.3.27]
	at org.springframework.aop.framework.ReflectiveMethodInvocation.proceed(ReflectiveMethodInvocation.java:163) ~[spring-aop-5.3.27.jar:5.3.27]
	at org.springframework.aop.framework.CglibAopProxy$CglibMethodInvocation.proceed(CglibAopProxy.java:763) ~[spring-aop-5.3.27.jar:5.3.27]
	at org.springframework.transaction.interceptor.TransactionInterceptor$1.proceedWithInvocation(TransactionInterceptor.java:123) ~[spring-tx-5.3.27.jar:5.3.27]
	at org.springframework.transaction.interceptor.TransactionAspectSupport.invokeWithinTransaction(TransactionAspectSupport.java:388) ~[spring-tx-5.3.27.jar:5.3.27]
	at org.springframework.transaction.interceptor.TransactionInterceptor.invoke(TransactionInterceptor.java:119) ~[spring-tx-5.3.27.jar:5.3.27]
	at org.springframework.aop.framework.ReflectiveMethodInvocation.proceed(ReflectiveMethodInvocation.java:186) ~[spring-aop-5.3.27.jar:5.3.27]
	at org.springframework.aop.framework.CglibAopProxy$CglibMethodInvocation.proceed(CglibAopProxy.java:763) ~[spring-aop-5.3.27.jar:5.3.27]
	at org.springframework.aop.framework.CglibAopProxy$DynamicAdvisedInterceptor.intercept(CglibAopProxy.java:708) ~[spring-aop-5.3.27.jar:5.3.27]
	at com.hmall.pay.service.impl.PayOrderServiceImpl$$EnhancerBySpringCGLIB$$84612027.tryPayOrderByBalance(<generated>) ~[classes/:na]
	at com.hmall.pay.controller.PayController.tryPayOrderByBalance(PayController.java:42) ~[classes/:na]
	at java.base/jdk.internal.reflect.NativeMethodAccessorImpl.invoke0(Native Method) ~[na:na]
	at java.base/jdk.internal.reflect.NativeMethodAccessorImpl.invoke(NativeMethodAccessorImpl.java:62) ~[na:na]
	at java.base/jdk.internal.reflect.DelegatingMethodAccessorImpl.invoke(DelegatingMethodAccessorImpl.java:43) ~[na:na]
	at java.base/java.lang.reflect.Method.invoke(Method.java:566) ~[na:na]
	at org.springframework.web.method.support.InvocableHandlerMethod.doInvoke(InvocableHandlerMethod.java:205) ~[spring-web-5.3.27.jar:5.3.27]
	at org.springframework.web.method.support.InvocableHandlerMethod.invokeForRequest(InvocableHandlerMethod.java:150) ~[spring-web-5.3.27.jar:5.3.27]
	at org.springframework.web.servlet.mvc.method.annotation.ServletInvocableHandlerMethod.invokeAndHandle(ServletInvocableHandlerMethod.java:117) ~[spring-webmvc-5.3.27.jar:5.3.27]
	at org.springframework.web.servlet.mvc.method.annotation.RequestMappingHandlerAdapter.invokeHandlerMethod(RequestMappingHandlerAdapter.java:895) ~[spring-webmvc-5.3.27.jar:5.3.27]
	at org.springframework.web.servlet.mvc.method.annotation.RequestMappingHandlerAdapter.handleInternal(RequestMappingHandlerAdapter.java:808) ~[spring-webmvc-5.3.27.jar:5.3.27]
	at org.springframework.web.servlet.mvc.method.AbstractHandlerMethodAdapter.handle(AbstractHandlerMethodAdapter.java:87) ~[spring-webmvc-5.3.27.jar:5.3.27]
	at org.springframework.web.servlet.DispatcherServlet.doDispatch(DispatcherServlet.java:1072) ~[spring-webmvc-5.3.27.jar:5.3.27]
	at org.springframework.web.servlet.DispatcherServlet.doService(DispatcherServlet.java:965) ~[spring-webmvc-5.3.27.jar:5.3.27]
	at org.springframework.web.servlet.FrameworkServlet.processRequest(FrameworkServlet.java:1006) ~[spring-webmvc-5.3.27.jar:5.3.27]
	at org.springframework.web.servlet.FrameworkServlet.doPost(FrameworkServlet.java:909) ~[spring-webmvc-5.3.27.jar:5.3.27]
	at javax.servlet.http.HttpServlet.service(HttpServlet.java:555) ~[tomcat-embed-core-9.0.75.jar:4.0.FR]
	at org.springframework.web.servlet.FrameworkServlet.service(FrameworkServlet.java:883) ~[spring-webmvc-5.3.27.jar:5.3.27]
	at javax.servlet.http.HttpServlet.service(HttpServlet.java:623) ~[tomcat-embed-core-9.0.75.jar:4.0.FR]
	at org.apache.catalina.core.ApplicationFilterChain.internalDoFilter(ApplicationFilterChain.java:209) ~[tomcat-embed-core-9.0.75.jar:9.0.75]
	at org.apache.catalina.core.ApplicationFilterChain.doFilter(ApplicationFilterChain.java:153) ~[tomcat-embed-core-9.0.75.jar:9.0.75]
	at org.apache.tomcat.websocket.server.WsFilter.doFilter(WsFilter.java:51) ~[tomcat-embed-websocket-9.0.75.jar:9.0.75]
	at org.apache.catalina.core.ApplicationFilterChain.internalDoFilter(ApplicationFilterChain.java:178) ~[tomcat-embed-core-9.0.75.jar:9.0.75]
	at org.apache.catalina.core.ApplicationFilterChain.doFilter(ApplicationFilterChain.java:153) ~[tomcat-embed-core-9.0.75.jar:9.0.75]
	at org.springframework.web.filter.RequestContextFilter.doFilterInternal(RequestContextFilter.java:100) ~[spring-web-5.3.27.jar:5.3.27]
	at org.springframework.web.filter.OncePerRequestFilter.doFilter(OncePerRequestFilter.java:117) ~[spring-web-5.3.27.jar:5.3.27]
	at org.apache.catalina.core.ApplicationFilterChain.internalDoFilter(ApplicationFilterChain.java:178) ~[tomcat-embed-core-9.0.75.jar:9.0.75]
	at org.apache.catalina.core.ApplicationFilterChain.doFilter(ApplicationFilterChain.java:153) ~[tomcat-embed-core-9.0.75.jar:9.0.75]
	at org.springframework.web.filter.FormContentFilter.doFilterInternal(FormContentFilter.java:93) ~[spring-web-5.3.27.jar:5.3.27]
	at org.springframework.web.filter.OncePerRequestFilter.doFilter(OncePerRequestFilter.java:117) ~[spring-web-5.3.27.jar:5.3.27]
	at org.apache.catalina.core.ApplicationFilterChain.internalDoFilter(ApplicationFilterChain.java:178) ~[tomcat-embed-core-9.0.75.jar:9.0.75]
	at org.apache.catalina.core.ApplicationFilterChain.doFilter(ApplicationFilterChain.java:153) ~[tomcat-embed-core-9.0.75.jar:9.0.75]
	at org.springframework.web.filter.CharacterEncodingFilter.doFilterInternal(CharacterEncodingFilter.java:201) ~[spring-web-5.3.27.jar:5.3.27]
	at org.springframework.web.filter.OncePerRequestFilter.doFilter(OncePerRequestFilter.java:117) ~[spring-web-5.3.27.jar:5.3.27]
	at org.apache.catalina.core.ApplicationFilterChain.internalDoFilter(ApplicationFilterChain.java:178) ~[tomcat-embed-core-9.0.75.jar:9.0.75]
	at org.apache.catalina.core.ApplicationFilterChain.doFilter(ApplicationFilterChain.java:153) ~[tomcat-embed-core-9.0.75.jar:9.0.75]
	at org.apache.catalina.core.StandardWrapperValve.invoke(StandardWrapperValve.java:167) ~[tomcat-embed-core-9.0.75.jar:9.0.75]
	at org.apache.catalina.core.StandardContextValve.invoke(StandardContextValve.java:90) ~[tomcat-embed-core-9.0.75.jar:9.0.75]
	at org.apache.catalina.authenticator.AuthenticatorBase.invoke(AuthenticatorBase.java:481) ~[tomcat-embed-core-9.0.75.jar:9.0.75]
	at org.apache.catalina.core.StandardHostValve.invoke(StandardHostValve.java:130) ~[tomcat-embed-core-9.0.75.jar:9.0.75]
	at org.apache.catalina.valves.ErrorReportValve.invoke(ErrorReportValve.java:93) ~[tomcat-embed-core-9.0.75.jar:9.0.75]
	at org.apache.catalina.core.StandardEngineValve.invoke(StandardEngineValve.java:74) ~[tomcat-embed-core-9.0.75.jar:9.0.75]
	at org.apache.catalina.connector.CoyoteAdapter.service(CoyoteAdapter.java:343) ~[tomcat-embed-core-9.0.75.jar:9.0.75]
	at org.apache.coyote.http11.Http11Processor.service(Http11Processor.java:390) ~[tomcat-embed-core-9.0.75.jar:9.0.75]
	at org.apache.coyote.AbstractProcessorLight.process(AbstractProcessorLight.java:63) ~[tomcat-embed-core-9.0.75.jar:9.0.75]
	at org.apache.coyote.AbstractProtocol$ConnectionHandler.process(AbstractProtocol.java:926) ~[tomcat-embed-core-9.0.75.jar:9.0.75]
	at org.apache.tomcat.util.net.NioEndpoint$SocketProcessor.doRun(NioEndpoint.java:1791) ~[tomcat-embed-core-9.0.75.jar:9.0.75]
	at org.apache.tomcat.util.net.SocketProcessorBase.run(SocketProcessorBase.java:52) ~[tomcat-embed-core-9.0.75.jar:9.0.75]
	at org.apache.tomcat.util.threads.ThreadPoolExecutor.runWorker(ThreadPoolExecutor.java:1191) ~[tomcat-embed-core-9.0.75.jar:9.0.75]
	at org.apache.tomcat.util.threads.ThreadPoolExecutor$Worker.run(ThreadPoolExecutor.java:659) ~[tomcat-embed-core-9.0.75.jar:9.0.75]
	at org.apache.tomcat.util.threads.TaskThread$WrappingRunnable.run(TaskThread.java:61) ~[tomcat-embed-core-9.0.75.jar:9.0.75]
	at java.base/java.lang.Thread.run(Thread.java:829) ~[na:na]

15:37:10:664  INFO 13468 --- [nacos-grpc-client-executor-58] com.alibaba.nacos.common.remote.client   : [5443c5b7-7d60-49e4-86bf-ed28226b6490] Receive server push request, request = NotifySubscriberRequest, requestId = 51
15:37:10:674  INFO 13468 --- [nacos-grpc-client-executor-58] com.alibaba.nacos.common.remote.client   : [5443c5b7-7d60-49e4-86bf-ed28226b6490] Ack server push request, request = NotifySubscriberRequest, requestId = 51
15:41:57:874  WARN 13468 --- [HikariPool-1 housekeeper] com.zaxxer.hikari.pool.HikariPool        : HikariPool-1 - Thread starvation or clock leap detected (housekeeper delta=48s538ms891µs700ns).
15:41:57:875  INFO 13468 --- [nacos-grpc-client-executor-119] com.alibaba.nacos.common.remote.client   : [5443c5b7-7d60-49e4-86bf-ed28226b6490] Receive server push request, request = ClientDetectionRequest, requestId = 53
15:41:57:875  INFO 13468 --- [nacos-grpc-client-executor-119] com.alibaba.nacos.common.remote.client   : [5443c5b7-7d60-49e4-86bf-ed28226b6490] Ack server push request, request = ClientDetectionRequest, requestId = 53
15:41:57:893 DEBUG 13468 --- [http-nio-8086-exec-3] c.h.p.mapper.PayOrderMapper.selectById   : ==>  Preparing: SELECT id,biz_order_no,pay_order_no,biz_user_id,pay_channel_code,amount,pay_type,status,expand_json,result_code,result_msg,pay_success_time,pay_over_time,qr_code_url,create_time,update_time,creater,updater,is_delete FROM pay_order WHERE id=?
15:41:57:895 DEBUG 13468 --- [http-nio-8086-exec-3] c.h.p.mapper.PayOrderMapper.selectById   : ==> Parameters: 2047577187540389890(Long)
15:41:57:902 DEBUG 13468 --- [http-nio-8086-exec-3] c.h.p.mapper.PayOrderMapper.selectById   : <==      Total: 1
15:42:38:394  INFO 13468 --- [nacos-grpc-client-executor-128] com.alibaba.nacos.common.remote.client   : [5443c5b7-7d60-49e4-86bf-ed28226b6490] Receive server push request, request = NotifySubscriberRequest, requestId = 55
15:42:38:407  INFO 13468 --- [nacos-grpc-client-executor-128] com.alibaba.nacos.common.remote.client   : [5443c5b7-7d60-49e4-86bf-ed28226b6490] Ack server push request, request = NotifySubscriberRequest, requestId = 55
15:43:08:595 ERROR 13468 --- [http-nio-8086-exec-3] o.a.c.c.C.[.[.[/].[dispatcherServlet]    : Servlet.service() for servlet [dispatcherServlet] in context with path [] threw exception [Request processing failed; nested exception is feign.RetryableException: Read timed out executing PUT http://user-service/users/money/deduct?pw=123&amount=87900] with root cause

java.net.SocketTimeoutException: Read timed out
	at java.base/java.net.SocketInputStream.socketRead0(Native Method) ~[na:na]
	at java.base/java.net.SocketInputStream.socketRead(SocketInputStream.java:115) ~[na:na]
	at java.base/java.net.SocketInputStream.read(SocketInputStream.java:168) ~[na:na]
	at java.base/java.net.SocketInputStream.read(SocketInputStream.java:140) ~[na:na]
	at java.base/java.io.BufferedInputStream.fill(BufferedInputStream.java:252) ~[na:na]
	at java.base/java.io.BufferedInputStream.read1(BufferedInputStream.java:292) ~[na:na]
	at java.base/java.io.BufferedInputStream.read(BufferedInputStream.java:351) ~[na:na]
	at java.base/sun.net.www.http.HttpClient.parseHTTPHeader(HttpClient.java:789) ~[na:na]
	at java.base/sun.net.www.http.HttpClient.parseHTTP(HttpClient.java:724) ~[na:na]
	at java.base/sun.net.www.protocol.http.HttpURLConnection.getInputStream0(HttpURLConnection.java:1654) ~[na:na]
	at java.base/sun.net.www.protocol.http.HttpURLConnection.getInputStream(HttpURLConnection.java:1559) ~[na:na]
	at java.base/java.net.HttpURLConnection.getResponseCode(HttpURLConnection.java:527) ~[na:na]
	at feign.Client$Default.convertResponse(Client.java:109) ~[feign-core-11.8.jar:na]
	at feign.Client$Default.execute(Client.java:105) ~[feign-core-11.8.jar:na]
	at org.springframework.cloud.openfeign.loadbalancer.LoadBalancerUtils.executeWithLoadBalancerLifecycleProcessing(LoadBalancerUtils.java:57) ~[spring-cloud-openfeign-core-3.1.3.jar:3.1.3]
	at org.springframework.cloud.openfeign.loadbalancer.LoadBalancerUtils.executeWithLoadBalancerLifecycleProcessing(LoadBalancerUtils.java:95) ~[spring-cloud-openfeign-core-3.1.3.jar:3.1.3]
	at org.springframework.cloud.openfeign.loadbalancer.FeignBlockingLoadBalancerClient.execute(FeignBlockingLoadBalancerClient.java:114) ~[spring-cloud-openfeign-core-3.1.3.jar:3.1.3]
	at feign.SynchronousMethodHandler.executeAndDecode(SynchronousMethodHandler.java:119) ~[feign-core-11.8.jar:na]
	at feign.SynchronousMethodHandler.invoke(SynchronousMethodHandler.java:89) ~[feign-core-11.8.jar:na]
	at feign.ReflectiveFeign$FeignInvocationHandler.invoke(ReflectiveFeign.java:100) ~[feign-core-11.8.jar:na]
	at com.sun.proxy.$Proxy100.deductMoney(Unknown Source) ~[na:na]
	at com.hmall.pay.service.impl.PayOrderServiceImpl.tryPayOrderByBalance(PayOrderServiceImpl.java:56) ~[classes/:na]
	at com.hmall.pay.service.impl.PayOrderServiceImpl$$FastClassBySpringCGLIB$$b2062e7f.invoke(<generated>) ~[classes/:na]
	at org.springframework.cglib.proxy.MethodProxy.invoke(MethodProxy.java:218) ~[spring-core-5.3.27.jar:5.3.27]
	at org.springframework.aop.framework.CglibAopProxy$CglibMethodInvocation.invokeJoinpoint(CglibAopProxy.java:793) ~[spring-aop-5.3.27.jar:5.3.27]
	at org.springframework.aop.framework.ReflectiveMethodInvocation.proceed(ReflectiveMethodInvocation.java:163) ~[spring-aop-5.3.27.jar:5.3.27]
	at org.springframework.aop.framework.CglibAopProxy$CglibMethodInvocation.proceed(CglibAopProxy.java:763) ~[spring-aop-5.3.27.jar:5.3.27]
	at org.springframework.transaction.interceptor.TransactionInterceptor$1.proceedWithInvocation(TransactionInterceptor.java:123) ~[spring-tx-5.3.27.jar:5.3.27]
	at org.springframework.transaction.interceptor.TransactionAspectSupport.invokeWithinTransaction(TransactionAspectSupport.java:388) ~[spring-tx-5.3.27.jar:5.3.27]
	at org.springframework.transaction.interceptor.TransactionInterceptor.invoke(TransactionInterceptor.java:119) ~[spring-tx-5.3.27.jar:5.3.27]
	at org.springframework.aop.framework.ReflectiveMethodInvocation.proceed(ReflectiveMethodInvocation.java:186) ~[spring-aop-5.3.27.jar:5.3.27]
	at org.springframework.aop.framework.CglibAopProxy$CglibMethodInvocation.proceed(CglibAopProxy.java:763) ~[spring-aop-5.3.27.jar:5.3.27]
	at org.springframework.aop.framework.CglibAopProxy$DynamicAdvisedInterceptor.intercept(CglibAopProxy.java:708) ~[spring-aop-5.3.27.jar:5.3.27]
	at com.hmall.pay.service.impl.PayOrderServiceImpl$$EnhancerBySpringCGLIB$$84612027.tryPayOrderByBalance(<generated>) ~[classes/:na]
	at com.hmall.pay.controller.PayController.tryPayOrderByBalance(PayController.java:42) ~[classes/:na]
	at java.base/jdk.internal.reflect.NativeMethodAccessorImpl.invoke0(Native Method) ~[na:na]
	at java.base/jdk.internal.reflect.NativeMethodAccessorImpl.invoke(NativeMethodAccessorImpl.java:62) ~[na:na]
	at java.base/jdk.internal.reflect.DelegatingMethodAccessorImpl.invoke(DelegatingMethodAccessorImpl.java:43) ~[na:na]
	at java.base/java.lang.reflect.Method.invoke(Method.java:566) ~[na:na]
	at org.springframework.web.method.support.InvocableHandlerMethod.doInvoke(InvocableHandlerMethod.java:205) ~[spring-web-5.3.27.jar:5.3.27]
	at org.springframework.web.method.support.InvocableHandlerMethod.invokeForRequest(InvocableHandlerMethod.java:150) ~[spring-web-5.3.27.jar:5.3.27]
	at org.springframework.web.servlet.mvc.method.annotation.ServletInvocableHandlerMethod.invokeAndHandle(ServletInvocableHandlerMethod.java:117) ~[spring-webmvc-5.3.27.jar:5.3.27]
	at org.springframework.web.servlet.mvc.method.annotation.RequestMappingHandlerAdapter.invokeHandlerMethod(RequestMappingHandlerAdapter.java:895) ~[spring-webmvc-5.3.27.jar:5.3.27]
	at org.springframework.web.servlet.mvc.method.annotation.RequestMappingHandlerAdapter.handleInternal(RequestMappingHandlerAdapter.java:808) ~[spring-webmvc-5.3.27.jar:5.3.27]
	at org.springframework.web.servlet.mvc.method.AbstractHandlerMethodAdapter.handle(AbstractHandlerMethodAdapter.java:87) ~[spring-webmvc-5.3.27.jar:5.3.27]
	at org.springframework.web.servlet.DispatcherServlet.doDispatch(DispatcherServlet.java:1072) ~[spring-webmvc-5.3.27.jar:5.3.27]
	at org.springframework.web.servlet.DispatcherServlet.doService(DispatcherServlet.java:965) ~[spring-webmvc-5.3.27.jar:5.3.27]
	at org.springframework.web.servlet.FrameworkServlet.processRequest(FrameworkServlet.java:1006) ~[spring-webmvc-5.3.27.jar:5.3.27]
	at org.springframework.web.servlet.FrameworkServlet.doPost(FrameworkServlet.java:909) ~[spring-webmvc-5.3.27.jar:5.3.27]
	at javax.servlet.http.HttpServlet.service(HttpServlet.java:555) ~[tomcat-embed-core-9.0.75.jar:4.0.FR]
	at org.springframework.web.servlet.FrameworkServlet.service(FrameworkServlet.java:883) ~[spring-webmvc-5.3.27.jar:5.3.27]
	at javax.servlet.http.HttpServlet.service(HttpServlet.java:623) ~[tomcat-embed-core-9.0.75.jar:4.0.FR]
	at org.apache.catalina.core.ApplicationFilterChain.internalDoFilter(ApplicationFilterChain.java:209) ~[tomcat-embed-core-9.0.75.jar:9.0.75]
	at org.apache.catalina.core.ApplicationFilterChain.doFilter(ApplicationFilterChain.java:153) ~[tomcat-embed-core-9.0.75.jar:9.0.75]
	at org.apache.tomcat.websocket.server.WsFilter.doFilter(WsFilter.java:51) ~[tomcat-embed-websocket-9.0.75.jar:9.0.75]
	at org.apache.catalina.core.ApplicationFilterChain.internalDoFilter(ApplicationFilterChain.java:178) ~[tomcat-embed-core-9.0.75.jar:9.0.75]
	at org.apache.catalina.core.ApplicationFilterChain.doFilter(ApplicationFilterChain.java:153) ~[tomcat-embed-core-9.0.75.jar:9.0.75]
	at org.springframework.web.filter.RequestContextFilter.doFilterInternal(RequestContextFilter.java:100) ~[spring-web-5.3.27.jar:5.3.27]
	at org.springframework.web.filter.OncePerRequestFilter.doFilter(OncePerRequestFilter.java:117) ~[spring-web-5.3.27.jar:5.3.27]
	at org.apache.catalina.core.ApplicationFilterChain.internalDoFilter(ApplicationFilterChain.java:178) ~[tomcat-embed-core-9.0.75.jar:9.0.75]
	at org.apache.catalina.core.ApplicationFilterChain.doFilter(ApplicationFilterChain.java:153) ~[tomcat-embed-core-9.0.75.jar:9.0.75]
	at org.springframework.web.filter.FormContentFilter.doFilterInternal(FormContentFilter.java:93) ~[spring-web-5.3.27.jar:5.3.27]
	at org.springframework.web.filter.OncePerRequestFilter.doFilter(OncePerRequestFilter.java:117) ~[spring-web-5.3.27.jar:5.3.27]
	at org.apache.catalina.core.ApplicationFilterChain.internalDoFilter(ApplicationFilterChain.java:178) ~[tomcat-embed-core-9.0.75.jar:9.0.75]
	at org.apache.catalina.core.ApplicationFilterChain.doFilter(ApplicationFilterChain.java:153) ~[tomcat-embed-core-9.0.75.jar:9.0.75]
	at org.springframework.web.filter.CharacterEncodingFilter.doFilterInternal(CharacterEncodingFilter.java:201) ~[spring-web-5.3.27.jar:5.3.27]
	at org.springframework.web.filter.OncePerRequestFilter.doFilter(OncePerRequestFilter.java:117) ~[spring-web-5.3.27.jar:5.3.27]
	at org.apache.catalina.core.ApplicationFilterChain.internalDoFilter(ApplicationFilterChain.java:178) ~[tomcat-embed-core-9.0.75.jar:9.0.75]
	at org.apache.catalina.core.ApplicationFilterChain.doFilter(ApplicationFilterChain.java:153) ~[tomcat-embed-core-9.0.75.jar:9.0.75]
	at org.apache.catalina.core.StandardWrapperValve.invoke(StandardWrapperValve.java:167) ~[tomcat-embed-core-9.0.75.jar:9.0.75]
	at org.apache.catalina.core.StandardContextValve.invoke(StandardContextValve.java:90) ~[tomcat-embed-core-9.0.75.jar:9.0.75]
	at org.apache.catalina.authenticator.AuthenticatorBase.invoke(AuthenticatorBase.java:481) ~[tomcat-embed-core-9.0.75.jar:9.0.75]
	at org.apache.catalina.core.StandardHostValve.invoke(StandardHostValve.java:130) ~[tomcat-embed-core-9.0.75.jar:9.0.75]
	at org.apache.catalina.valves.ErrorReportValve.invoke(ErrorReportValve.java:93) ~[tomcat-embed-core-9.0.75.jar:9.0.75]
	at org.apache.catalina.core.StandardEngineValve.invoke(StandardEngineValve.java:74) ~[tomcat-embed-core-9.0.75.jar:9.0.75]
	at org.apache.catalina.connector.CoyoteAdapter.service(CoyoteAdapter.java:343) ~[tomcat-embed-core-9.0.75.jar:9.0.75]
	at org.apache.coyote.http11.Http11Processor.service(Http11Processor.java:390) ~[tomcat-embed-core-9.0.75.jar:9.0.75]
	at org.apache.coyote.AbstractProcessorLight.process(AbstractProcessorLight.java:63) ~[tomcat-embed-core-9.0.75.jar:9.0.75]
	at org.apache.coyote.AbstractProtocol$ConnectionHandler.process(AbstractProtocol.java:926) ~[tomcat-embed-core-9.0.75.jar:9.0.75]
	at org.apache.tomcat.util.net.NioEndpoint$SocketProcessor.doRun(NioEndpoint.java:1791) ~[tomcat-embed-core-9.0.75.jar:9.0.75]
	at org.apache.tomcat.util.net.SocketProcessorBase.run(SocketProcessorBase.java:52) ~[tomcat-embed-core-9.0.75.jar:9.0.75]
	at org.apache.tomcat.util.threads.ThreadPoolExecutor.runWorker(ThreadPoolExecutor.java:1191) ~[tomcat-embed-core-9.0.75.jar:9.0.75]
	at org.apache.tomcat.util.threads.ThreadPoolExecutor$Worker.run(ThreadPoolExecutor.java:659) ~[tomcat-embed-core-9.0.75.jar:9.0.75]
	at org.apache.tomcat.util.threads.TaskThread$WrappingRunnable.run(TaskThread.java:61) ~[tomcat-embed-core-9.0.75.jar:9.0.75]
	at java.base/java.lang.Thread.run(Thread.java:829) ~[na:na]

15:54:12:141  WARN 13468 --- [Thread-7] c.a.n.common.http.HttpClientBeanHolder   : [HttpClientBeanHolder] Start destroying common HttpClient
15:54:12:138  WARN 13468 --- [Thread-4] c.a.nacos.common.notify.NotifyCenter     : [NotifyCenter] Start destroying Publisher
15:54:12:180  WARN 13468 --- [Thread-4] c.a.nacos.common.notify.NotifyCenter     : [NotifyCenter] Destruction of the end
15:54:12:218  WARN 13468 --- [Thread-7] c.a.n.common.http.HttpClientBeanHolder   : [HttpClientBeanHolder] Destruction of the end
15:54:13:507  INFO 13468 --- [SpringApplicationShutdownHook] c.a.c.n.registry.NacosServiceRegistry    : De-registering from Nacos Server now...
15:54:13:514  INFO 13468 --- [SpringApplicationShutdownHook] c.a.c.n.registry.NacosServiceRegistry    : De-registration finished.
15:54:13:859  INFO 13468 --- [SpringApplicationShutdownHook] com.alibaba.nacos.common.remote.client   : Shutdown rpc client, set status to shutdown
15:54:13:862  INFO 13468 --- [SpringApplicationShutdownHook] com.alibaba.nacos.common.remote.client   : Shutdown client event executor java.util.concurrent.ScheduledThreadPoolExecutor@763799d7[Running, pool size = 2, active threads = 2, queued tasks = 0, completed tasks = 0]
15:54:13:865  INFO 13468 --- [SpringApplicationShutdownHook] com.alibaba.nacos.common.remote.client   : Close current connection 1777016168346_192.168.150.1_65462
15:54:13:870  INFO 13468 --- [nacos-grpc-client-executor-283] c.a.n.c.remote.client.grpc.GrpcClient    : [1777016168346_192.168.150.1_65462]Ignore complete event,isRunning:false,isAbandon=false
15:54:13:887  INFO 13468 --- [SpringApplicationShutdownHook] c.a.n.c.remote.client.grpc.GrpcClient    : Shutdown grpc executor java.util.concurrent.ThreadPoolExecutor@4b058c93[Running, pool size = 4, active threads = 0, queued tasks = 0, completed tasks = 284]
15:54:13:913  INFO 13468 --- [SpringApplicationShutdownHook] com.zaxxer.hikari.HikariDataSource       : HikariPool-1 - Shutdown initiated...
15:54:14:013  INFO 13468 --- [SpringApplicationShutdownHook] com.zaxxer.hikari.HikariDataSource       : HikariPool-1 - Shutdown completed.
15:54:44:623  INFO 16292 --- [main] com.hmall.pay.PayApplication             : Starting PayApplication using Java 11.0.31 on LAPTOP-16OT1L5F with PID 16292 (G:\hmall\backend\pay-service\target\classes started by 18071 in G:\hmall\backend)
15:54:44:625 DEBUG 16292 --- [main] com.hmall.pay.PayApplication             : Running with Spring Boot v2.7.12, Spring v5.3.27
15:54:44:626  INFO 16292 --- [main] com.hmall.pay.PayApplication             : The following 1 profile is active: "dev"
15:54:46:056  INFO 16292 --- [main] o.s.cloud.context.scope.GenericScope     : BeanFactory id=93635030-9e55-3283-b59b-31e35e320834
15:54:46:483  INFO 16292 --- [main] o.s.b.w.embedded.tomcat.TomcatWebServer  : Tomcat initialized with port(s): 8086 (http)
15:54:46:494  INFO 16292 --- [main] o.apache.catalina.core.StandardService   : Starting service [Tomcat]
15:54:46:495  INFO 16292 --- [main] org.apache.catalina.core.StandardEngine  : Starting Servlet engine: [Apache Tomcat/9.0.75]
15:54:46:662  INFO 16292 --- [main] o.a.c.c.C.[Tomcat].[localhost].[/]       : Initializing Spring embedded WebApplicationContext
15:54:46:663  INFO 16292 --- [main] w.s.c.ServletWebServerApplicationContext : Root WebApplicationContext: initialization completed in 1976 ms
15:54:46:986  INFO 16292 --- [main] o.s.c.openfeign.FeignClientFactoryBean   : For 'user-service' URL not provided. Will try picking an instance via load-balancing.
15:54:47:096  INFO 16292 --- [main] o.s.c.openfeign.FeignClientFactoryBean   : For 'trade-service' URL not provided. Will try picking an instance via load-balancing.
15:54:50:930  INFO 16292 --- [main] pertySourcedRequestMappingHandlerMapping : Mapped URL path [/v2/api-docs] onto method [springfox.documentation.swagger2.web.Swagger2ControllerWebMvc#getDocumentation(String, HttpServletRequest)]
15:54:51:868  INFO 16292 --- [main] com.alibaba.nacos.common.remote.client   : [RpcClientFactory] create a new rpc client of 8c777b2a-1255-445d-92e0-6269e3592ead
15:54:51:909  INFO 16292 --- [main] org.reflections.Reflections              : Reflections took 22 ms to scan 1 urls, producing 3 keys and 6 values 
15:54:51:933  INFO 16292 --- [main] org.reflections.Reflections              : Reflections took 8 ms to scan 1 urls, producing 4 keys and 9 values 
15:54:51:952  INFO 16292 --- [main] org.reflections.Reflections              : Reflections took 16 ms to scan 1 urls, producing 3 keys and 10 values 
15:54:51:955  WARN 16292 --- [main] org.reflections.Reflections              : given scan urls are empty. set urls in the configuration
15:54:51:962  INFO 16292 --- [main] org.reflections.Reflections              : Reflections took 6 ms to scan 1 urls, producing 1 keys and 5 values 
15:54:51:970  INFO 16292 --- [main] org.reflections.Reflections              : Reflections took 6 ms to scan 1 urls, producing 1 keys and 7 values 
15:54:51:979  INFO 16292 --- [main] org.reflections.Reflections              : Reflections took 6 ms to scan 1 urls, producing 2 keys and 8 values 
15:54:51:981  WARN 16292 --- [main] org.reflections.Reflections              : given scan urls are empty. set urls in the configuration
15:54:51:982  INFO 16292 --- [main] com.alibaba.nacos.common.remote.client   : [8c777b2a-1255-445d-92e0-6269e3592ead] RpcClient init label, labels = {module=naming, source=sdk}
15:54:51:984  INFO 16292 --- [main] com.alibaba.nacos.common.remote.client   : [8c777b2a-1255-445d-92e0-6269e3592ead] RpcClient init, ServerListFactory = com.alibaba.nacos.client.naming.core.ServerListManager
15:54:51:984  INFO 16292 --- [main] com.alibaba.nacos.common.remote.client   : [8c777b2a-1255-445d-92e0-6269e3592ead] Registry connection listener to current client:com.alibaba.nacos.client.naming.remote.gprc.redo.NamingGrpcRedoService
15:54:51:984  INFO 16292 --- [main] com.alibaba.nacos.common.remote.client   : [8c777b2a-1255-445d-92e0-6269e3592ead] Register server push request handler:com.alibaba.nacos.client.naming.remote.gprc.NamingPushRequestHandler
15:54:51:986  INFO 16292 --- [main] com.alibaba.nacos.common.remote.client   : [8c777b2a-1255-445d-92e0-6269e3592ead] Try to connect to server on start up, server: {serverIp = '192.168.150.102', server main port = 8848}
15:54:54:122  INFO 16292 --- [main] com.alibaba.nacos.common.remote.client   : [8c777b2a-1255-445d-92e0-6269e3592ead] Success to connect to server [192.168.150.102:8848] on start up, connectionId = 1777017293039_192.168.150.1_50619
15:54:54:123  INFO 16292 --- [com.alibaba.nacos.client.remote.worker] com.alibaba.nacos.common.remote.client   : [8c777b2a-1255-445d-92e0-6269e3592ead] Notify connected event to listeners.
15:54:54:124  INFO 16292 --- [main] com.alibaba.nacos.common.remote.client   : [8c777b2a-1255-445d-92e0-6269e3592ead] Register server push request handler:com.alibaba.nacos.common.remote.client.RpcClient$ConnectResetRequestHandler
15:54:54:124  INFO 16292 --- [main] com.alibaba.nacos.common.remote.client   : [8c777b2a-1255-445d-92e0-6269e3592ead] Register server push request handler:com.alibaba.nacos.common.remote.client.RpcClient$$Lambda$975/0x000000080073d840
15:54:54:181  INFO 16292 --- [main] o.s.b.w.embedded.tomcat.TomcatWebServer  : Tomcat started on port(s): 8086 (http) with context path ''
15:54:54:190  INFO 16292 --- [main] c.a.c.n.registry.NacosServiceRegistry    : nacos registry, DEFAULT_GROUP pay-service 192.168.220.1:8086 register finished
15:54:54:654  INFO 16292 --- [nacos-grpc-client-executor-9] com.alibaba.nacos.common.remote.client   : [8c777b2a-1255-445d-92e0-6269e3592ead] Receive server push request, request = NotifySubscriberRequest, requestId = 62
15:54:54:668  INFO 16292 --- [nacos-grpc-client-executor-9] com.alibaba.nacos.common.remote.client   : [8c777b2a-1255-445d-92e0-6269e3592ead] Ack server push request, request = NotifySubscriberRequest, requestId = 62
15:54:54:788  INFO 16292 --- [main] d.s.w.p.DocumentationPluginsBootstrapper : Documentation plugins bootstrapped
15:54:54:791  INFO 16292 --- [main] d.s.w.p.DocumentationPluginsBootstrapper : Found 1 custom documentation plugin(s)
15:54:54:812  INFO 16292 --- [main] s.d.s.w.s.ApiListingReferenceScanner     : Scanning for api listing references
15:54:54:891  INFO 16292 --- [main] com.hmall.pay.PayApplication             : Started PayApplication in 11.987 seconds (JVM running for 13.777)
15:56:10:241  WARN 16292 --- [Thread-4] c.a.nacos.common.notify.NotifyCenter     : [NotifyCenter] Start destroying Publisher
15:56:10:244  WARN 16292 --- [Thread-7] c.a.n.common.http.HttpClientBeanHolder   : [HttpClientBeanHolder] Start destroying common HttpClient
15:56:10:245  WARN 16292 --- [Thread-4] c.a.nacos.common.notify.NotifyCenter     : [NotifyCenter] Destruction of the end
15:56:10:247  WARN 16292 --- [Thread-7] c.a.n.common.http.HttpClientBeanHolder   : [HttpClientBeanHolder] Destruction of the end
15:56:11:242  INFO 16292 --- [SpringApplicationShutdownHook] c.a.c.n.registry.NacosServiceRegistry    : De-registering from Nacos Server now...
15:56:11:246  INFO 16292 --- [SpringApplicationShutdownHook] c.a.c.n.registry.NacosServiceRegistry    : De-registration finished.
15:56:11:572  INFO 16292 --- [SpringApplicationShutdownHook] com.alibaba.nacos.common.remote.client   : Shutdown rpc client, set status to shutdown
15:56:11:572  INFO 16292 --- [SpringApplicationShutdownHook] com.alibaba.nacos.common.remote.client   : Shutdown client event executor java.util.concurrent.ScheduledThreadPoolExecutor@11bb699b[Running, pool size = 2, active threads = 2, queued tasks = 0, completed tasks = 0]
15:56:11:573  INFO 16292 --- [SpringApplicationShutdownHook] com.alibaba.nacos.common.remote.client   : Close current connection 1777017293039_192.168.150.1_50619
15:56:11:574  INFO 16292 --- [nacos-grpc-client-executor-28] c.a.n.c.remote.client.grpc.GrpcClient    : [1777017293039_192.168.150.1_50619]Ignore complete event,isRunning:false,isAbandon=false
15:56:11:581  INFO 16292 --- [SpringApplicationShutdownHook] c.a.n.c.remote.client.grpc.GrpcClient    : Shutdown grpc executor java.util.concurrent.ThreadPoolExecutor@6757ab3c[Running, pool size = 5, active threads = 0, queued tasks = 0, completed tasks = 29]
15:57:21:659  INFO 12720 --- [main] com.hmall.pay.PayApplication             : Starting PayApplication using Java 11.0.31 on LAPTOP-16OT1L5F with PID 12720 (G:\hmall\backend\pay-service\target\classes started by 18071 in G:\hmall\backend)
15:57:21:663 DEBUG 12720 --- [main] com.hmall.pay.PayApplication             : Running with Spring Boot v2.7.12, Spring v5.3.27
15:57:21:664  INFO 12720 --- [main] com.hmall.pay.PayApplication             : The following 1 profile is active: "dev"
15:57:23:302  INFO 12720 --- [main] o.s.cloud.context.scope.GenericScope     : BeanFactory id=93635030-9e55-3283-b59b-31e35e320834
15:57:24:044  INFO 12720 --- [main] o.s.b.w.embedded.tomcat.TomcatWebServer  : Tomcat initialized with port(s): 8086 (http)
15:57:24:069  INFO 12720 --- [main] o.apache.catalina.core.StandardService   : Starting service [Tomcat]
15:57:24:069  INFO 12720 --- [main] org.apache.catalina.core.StandardEngine  : Starting Servlet engine: [Apache Tomcat/9.0.75]
15:57:24:401  INFO 12720 --- [main] o.a.c.c.C.[Tomcat].[localhost].[/]       : Initializing Spring embedded WebApplicationContext
15:57:24:401  INFO 12720 --- [main] w.s.c.ServletWebServerApplicationContext : Root WebApplicationContext: initialization completed in 2688 ms
15:57:24:880  INFO 12720 --- [main] o.s.c.openfeign.FeignClientFactoryBean   : For 'user-service' URL not provided. Will try picking an instance via load-balancing.
15:57:24:976  INFO 12720 --- [main] o.s.c.openfeign.FeignClientFactoryBean   : For 'trade-service' URL not provided. Will try picking an instance via load-balancing.
15:57:30:439  INFO 12720 --- [main] pertySourcedRequestMappingHandlerMapping : Mapped URL path [/v2/api-docs] onto method [springfox.documentation.swagger2.web.Swagger2ControllerWebMvc#getDocumentation(String, HttpServletRequest)]
15:57:31:514  INFO 12720 --- [main] com.alibaba.nacos.common.remote.client   : [RpcClientFactory] create a new rpc client of 05c47c77-d657-4aba-a872-cb61ca820eec
15:57:31:557  INFO 12720 --- [main] org.reflections.Reflections              : Reflections took 23 ms to scan 1 urls, producing 3 keys and 6 values 
15:57:31:584  INFO 12720 --- [main] org.reflections.Reflections              : Reflections took 9 ms to scan 1 urls, producing 4 keys and 9 values 
15:57:31:595  INFO 12720 --- [main] org.reflections.Reflections              : Reflections took 7 ms to scan 1 urls, producing 3 keys and 10 values 
15:57:31:599  WARN 12720 --- [main] org.reflections.Reflections              : given scan urls are empty. set urls in the configuration
15:57:31:607  INFO 12720 --- [main] org.reflections.Reflections              : Reflections took 7 ms to scan 1 urls, producing 1 keys and 5 values 
15:57:31:617  INFO 12720 --- [main] org.reflections.Reflections              : Reflections took 8 ms to scan 1 urls, producing 1 keys and 7 values 
15:57:31:626  INFO 12720 --- [main] org.reflections.Reflections              : Reflections took 7 ms to scan 1 urls, producing 2 keys and 8 values 
15:57:31:628  WARN 12720 --- [main] org.reflections.Reflections              : given scan urls are empty. set urls in the configuration
15:57:31:629  INFO 12720 --- [main] com.alibaba.nacos.common.remote.client   : [05c47c77-d657-4aba-a872-cb61ca820eec] RpcClient init label, labels = {module=naming, source=sdk}
15:57:31:641  INFO 12720 --- [main] com.alibaba.nacos.common.remote.client   : [05c47c77-d657-4aba-a872-cb61ca820eec] RpcClient init, ServerListFactory = com.alibaba.nacos.client.naming.core.ServerListManager
15:57:31:641  INFO 12720 --- [main] com.alibaba.nacos.common.remote.client   : [05c47c77-d657-4aba-a872-cb61ca820eec] Registry connection listener to current client:com.alibaba.nacos.client.naming.remote.gprc.redo.NamingGrpcRedoService
15:57:31:642  INFO 12720 --- [main] com.alibaba.nacos.common.remote.client   : [05c47c77-d657-4aba-a872-cb61ca820eec] Register server push request handler:com.alibaba.nacos.client.naming.remote.gprc.NamingPushRequestHandler
15:57:31:644  INFO 12720 --- [main] com.alibaba.nacos.common.remote.client   : [05c47c77-d657-4aba-a872-cb61ca820eec] Try to connect to server on start up, server: {serverIp = '192.168.150.102', server main port = 8848}
15:57:34:405  INFO 12720 --- [main] com.alibaba.nacos.common.remote.client   : [05c47c77-d657-4aba-a872-cb61ca820eec] Success to connect to server [192.168.150.102:8848] on start up, connectionId = 1777017453323_192.168.150.1_51158
15:57:34:406  INFO 12720 --- [com.alibaba.nacos.client.remote.worker] com.alibaba.nacos.common.remote.client   : [05c47c77-d657-4aba-a872-cb61ca820eec] Notify connected event to listeners.
15:57:34:407  INFO 12720 --- [main] com.alibaba.nacos.common.remote.client   : [05c47c77-d657-4aba-a872-cb61ca820eec] Register server push request handler:com.alibaba.nacos.common.remote.client.RpcClient$ConnectResetRequestHandler
15:57:34:408  INFO 12720 --- [main] com.alibaba.nacos.common.remote.client   : [05c47c77-d657-4aba-a872-cb61ca820eec] Register server push request handler:com.alibaba.nacos.common.remote.client.RpcClient$$Lambda$975/0x00000008006fd840
15:57:34:467  INFO 12720 --- [main] o.s.b.w.embedded.tomcat.TomcatWebServer  : Tomcat started on port(s): 8086 (http) with context path ''
15:57:34:475  INFO 12720 --- [main] c.a.c.n.registry.NacosServiceRegistry    : nacos registry, DEFAULT_GROUP pay-service 192.168.220.1:8086 register finished
15:57:34:988  INFO 12720 --- [nacos-grpc-client-executor-9] com.alibaba.nacos.common.remote.client   : [05c47c77-d657-4aba-a872-cb61ca820eec] Receive server push request, request = NotifySubscriberRequest, requestId = 69
15:57:35:005  INFO 12720 --- [nacos-grpc-client-executor-9] com.alibaba.nacos.common.remote.client   : [05c47c77-d657-4aba-a872-cb61ca820eec] Ack server push request, request = NotifySubscriberRequest, requestId = 69
15:57:35:069  INFO 12720 --- [main] d.s.w.p.DocumentationPluginsBootstrapper : Documentation plugins bootstrapped
15:57:35:071  INFO 12720 --- [main] d.s.w.p.DocumentationPluginsBootstrapper : Found 1 custom documentation plugin(s)
15:57:35:089  INFO 12720 --- [main] s.d.s.w.s.ApiListingReferenceScanner     : Scanning for api listing references
15:57:35:165  INFO 12720 --- [main] com.hmall.pay.PayApplication             : Started PayApplication in 15.495 seconds (JVM running for 17.498)
15:57:54:422  INFO 12720 --- [http-nio-8086-exec-1] o.a.c.c.C.[Tomcat].[localhost].[/]       : Initializing Spring DispatcherServlet 'dispatcherServlet'
15:57:54:422  INFO 12720 --- [http-nio-8086-exec-1] o.s.web.servlet.DispatcherServlet        : Initializing Servlet 'dispatcherServlet'
15:57:54:423  INFO 12720 --- [http-nio-8086-exec-1] o.s.web.servlet.DispatcherServlet        : Completed initialization in 1 ms
15:57:54:521  INFO 12720 --- [http-nio-8086-exec-1] com.zaxxer.hikari.HikariDataSource       : HikariPool-1 - Starting...
15:57:54:735  INFO 12720 --- [http-nio-8086-exec-1] com.zaxxer.hikari.HikariDataSource       : HikariPool-1 - Start completed.
15:57:54:742 DEBUG 12720 --- [http-nio-8086-exec-1] c.h.pay.mapper.PayOrderMapper.selectOne  : ==>  Preparing: SELECT id,biz_order_no,pay_order_no,biz_user_id,pay_channel_code,amount,pay_type,status,expand_json,result_code,result_msg,pay_success_time,pay_over_time,qr_code_url,create_time,update_time,creater,updater,is_delete FROM pay_order WHERE (biz_order_no = ?)
15:57:54:759 DEBUG 12720 --- [http-nio-8086-exec-1] c.h.pay.mapper.PayOrderMapper.selectOne  : ==> Parameters: 2047585807766233089(Long)
15:57:54:777 DEBUG 12720 --- [http-nio-8086-exec-1] c.h.pay.mapper.PayOrderMapper.selectOne  : <==      Total: 0
15:57:54:814 DEBUG 12720 --- [http-nio-8086-exec-1] c.h.pay.mapper.PayOrderMapper.insert     : ==>  Preparing: INSERT INTO pay_order ( id, biz_order_no, pay_order_no, biz_user_id, pay_channel_code, amount, pay_type, status, pay_over_time ) VALUES ( ?, ?, ?, ?, ?, ?, ?, ?, ? )
15:57:54:817 DEBUG 12720 --- [http-nio-8086-exec-1] c.h.pay.mapper.PayOrderMapper.insert     : ==> Parameters: 2047585813122252802(Long), 2047585807766233089(Long), 2047585813122252801(Long), 1(Long), balance(String), 87900(Integer), 5(Integer), 1(Integer), 2026-04-24T17:57:54.809763600(LocalDateTime)
15:57:54:819 DEBUG 12720 --- [http-nio-8086-exec-1] c.h.pay.mapper.PayOrderMapper.insert     : <==    Updates: 1
15:57:57:645 DEBUG 12720 --- [http-nio-8086-exec-2] c.h.p.mapper.PayOrderMapper.selectById   : ==>  Preparing: SELECT id,biz_order_no,pay_order_no,biz_user_id,pay_channel_code,amount,pay_type,status,expand_json,result_code,result_msg,pay_success_time,pay_over_time,qr_code_url,create_time,update_time,creater,updater,is_delete FROM pay_order WHERE id=?
15:57:57:645 DEBUG 12720 --- [http-nio-8086-exec-2] c.h.p.mapper.PayOrderMapper.selectById   : ==> Parameters: 2047585813122252802(Long)
15:57:57:650 DEBUG 12720 --- [http-nio-8086-exec-2] c.h.p.mapper.PayOrderMapper.selectById   : <==      Total: 1
15:57:57:833 DEBUG 12720 --- [http-nio-8086-exec-2] c.h.pay.mapper.PayOrderMapper.update     : ==>  Preparing: UPDATE pay_order SET status=?,pay_success_time=? WHERE (id = ? AND status IN (?,?))
15:57:57:834 DEBUG 12720 --- [http-nio-8086-exec-2] c.h.pay.mapper.PayOrderMapper.update     : ==> Parameters: 3(Integer), 2026-04-24T15:57:57.829450400(LocalDateTime), 2047585813122252802(Long), 0(Integer), 1(Integer)
15:57:57:836 DEBUG 12720 --- [http-nio-8086-exec-2] c.h.pay.mapper.PayOrderMapper.update     : <==    Updates: 1
15:57:57:889 ERROR 12720 --- [http-nio-8086-exec-2] o.a.c.c.C.[.[.[/].[dispatcherServlet]    : Servlet.service() for servlet [dispatcherServlet] in context with path [] threw exception [Request processing failed; nested exception is feign.FeignException$MethodNotAllowed: [405] during [PUT] to [http://trade-service/orders/2047585807766233089] [TradeClient#markOrderPaySuccess(Long)]: [{"timestamp":"2026-04-24T07:57:57.870+00:00","status":405,"error":"Method Not Allowed","path":"/orders/2047585807766233089"}]] with root cause

feign.FeignException$MethodNotAllowed: [405] during [PUT] to [http://trade-service/orders/2047585807766233089] [TradeClient#markOrderPaySuccess(Long)]: [{"timestamp":"2026-04-24T07:57:57.870+00:00","status":405,"error":"Method Not Allowed","path":"/orders/2047585807766233089"}]
	at feign.FeignException.clientErrorStatus(FeignException.java:221) ~[feign-core-11.8.jar:na]
	at feign.FeignException.errorStatus(FeignException.java:194) ~[feign-core-11.8.jar:na]
	at feign.FeignException.errorStatus(FeignException.java:185) ~[feign-core-11.8.jar:na]
	at feign.codec.ErrorDecoder$Default.decode(ErrorDecoder.java:92) ~[feign-core-11.8.jar:na]
	at feign.AsyncResponseHandler.handleResponse(AsyncResponseHandler.java:96) ~[feign-core-11.8.jar:na]
	at feign.SynchronousMethodHandler.executeAndDecode(SynchronousMethodHandler.java:138) ~[feign-core-11.8.jar:na]
	at feign.SynchronousMethodHandler.invoke(SynchronousMethodHandler.java:89) ~[feign-core-11.8.jar:na]
	at feign.ReflectiveFeign$FeignInvocationHandler.invoke(ReflectiveFeign.java:100) ~[feign-core-11.8.jar:na]
	at com.sun.proxy.$Proxy104.markOrderPaySuccess(Unknown Source) ~[na:na]
	at com.hmall.pay.service.impl.PayOrderServiceImpl.tryPayOrderByBalance(PayOrderServiceImpl.java:63) ~[classes/:na]
	at com.hmall.pay.service.impl.PayOrderServiceImpl$$FastClassBySpringCGLIB$$b2062e7f.invoke(<generated>) ~[classes/:na]
	at org.springframework.cglib.proxy.MethodProxy.invoke(MethodProxy.java:218) ~[spring-core-5.3.27.jar:5.3.27]
	at org.springframework.aop.framework.CglibAopProxy$CglibMethodInvocation.invokeJoinpoint(CglibAopProxy.java:793) ~[spring-aop-5.3.27.jar:5.3.27]
	at org.springframework.aop.framework.ReflectiveMethodInvocation.proceed(ReflectiveMethodInvocation.java:163) ~[spring-aop-5.3.27.jar:5.3.27]
	at org.springframework.aop.framework.CglibAopProxy$CglibMethodInvocation.proceed(CglibAopProxy.java:763) ~[spring-aop-5.3.27.jar:5.3.27]
	at org.springframework.transaction.interceptor.TransactionInterceptor$1.proceedWithInvocation(TransactionInterceptor.java:123) ~[spring-tx-5.3.27.jar:5.3.27]
	at org.springframework.transaction.interceptor.TransactionAspectSupport.invokeWithinTransaction(TransactionAspectSupport.java:388) ~[spring-tx-5.3.27.jar:5.3.27]
	at org.springframework.transaction.interceptor.TransactionInterceptor.invoke(TransactionInterceptor.java:119) ~[spring-tx-5.3.27.jar:5.3.27]
	at org.springframework.aop.framework.ReflectiveMethodInvocation.proceed(ReflectiveMethodInvocation.java:186) ~[spring-aop-5.3.27.jar:5.3.27]
	at org.springframework.aop.framework.CglibAopProxy$CglibMethodInvocation.proceed(CglibAopProxy.java:763) ~[spring-aop-5.3.27.jar:5.3.27]
	at org.springframework.aop.framework.CglibAopProxy$DynamicAdvisedInterceptor.intercept(CglibAopProxy.java:708) ~[spring-aop-5.3.27.jar:5.3.27]
	at com.hmall.pay.service.impl.PayOrderServiceImpl$$EnhancerBySpringCGLIB$$c9de8078.tryPayOrderByBalance(<generated>) ~[classes/:na]
	at com.hmall.pay.controller.PayController.tryPayOrderByBalance(PayController.java:42) ~[classes/:na]
	at java.base/jdk.internal.reflect.NativeMethodAccessorImpl.invoke0(Native Method) ~[na:na]
	at java.base/jdk.internal.reflect.NativeMethodAccessorImpl.invoke(NativeMethodAccessorImpl.java:62) ~[na:na]
	at java.base/jdk.internal.reflect.DelegatingMethodAccessorImpl.invoke(DelegatingMethodAccessorImpl.java:43) ~[na:na]
	at java.base/java.lang.reflect.Method.invoke(Method.java:566) ~[na:na]
	at org.springframework.web.method.support.InvocableHandlerMethod.doInvoke(InvocableHandlerMethod.java:205) ~[spring-web-5.3.27.jar:5.3.27]
	at org.springframework.web.method.support.InvocableHandlerMethod.invokeForRequest(InvocableHandlerMethod.java:150) ~[spring-web-5.3.27.jar:5.3.27]
	at org.springframework.web.servlet.mvc.method.annotation.ServletInvocableHandlerMethod.invokeAndHandle(ServletInvocableHandlerMethod.java:117) ~[spring-webmvc-5.3.27.jar:5.3.27]
	at org.springframework.web.servlet.mvc.method.annotation.RequestMappingHandlerAdapter.invokeHandlerMethod(RequestMappingHandlerAdapter.java:895) ~[spring-webmvc-5.3.27.jar:5.3.27]
	at org.springframework.web.servlet.mvc.method.annotation.RequestMappingHandlerAdapter.handleInternal(RequestMappingHandlerAdapter.java:808) ~[spring-webmvc-5.3.27.jar:5.3.27]
	at org.springframework.web.servlet.mvc.method.AbstractHandlerMethodAdapter.handle(AbstractHandlerMethodAdapter.java:87) ~[spring-webmvc-5.3.27.jar:5.3.27]
	at org.springframework.web.servlet.DispatcherServlet.doDispatch(DispatcherServlet.java:1072) ~[spring-webmvc-5.3.27.jar:5.3.27]
	at org.springframework.web.servlet.DispatcherServlet.doService(DispatcherServlet.java:965) ~[spring-webmvc-5.3.27.jar:5.3.27]
	at org.springframework.web.servlet.FrameworkServlet.processRequest(FrameworkServlet.java:1006) ~[spring-webmvc-5.3.27.jar:5.3.27]
	at org.springframework.web.servlet.FrameworkServlet.doPost(FrameworkServlet.java:909) ~[spring-webmvc-5.3.27.jar:5.3.27]
	at javax.servlet.http.HttpServlet.service(HttpServlet.java:555) ~[tomcat-embed-core-9.0.75.jar:4.0.FR]
	at org.springframework.web.servlet.FrameworkServlet.service(FrameworkServlet.java:883) ~[spring-webmvc-5.3.27.jar:5.3.27]
	at javax.servlet.http.HttpServlet.service(HttpServlet.java:623) ~[tomcat-embed-core-9.0.75.jar:4.0.FR]
	at org.apache.catalina.core.ApplicationFilterChain.internalDoFilter(ApplicationFilterChain.java:209) ~[tomcat-embed-core-9.0.75.jar:9.0.75]
	at org.apache.catalina.core.ApplicationFilterChain.doFilter(ApplicationFilterChain.java:153) ~[tomcat-embed-core-9.0.75.jar:9.0.75]
	at org.apache.tomcat.websocket.server.WsFilter.doFilter(WsFilter.java:51) ~[tomcat-embed-websocket-9.0.75.jar:9.0.75]
	at org.apache.catalina.core.ApplicationFilterChain.internalDoFilter(ApplicationFilterChain.java:178) ~[tomcat-embed-core-9.0.75.jar:9.0.75]
	at org.apache.catalina.core.ApplicationFilterChain.doFilter(ApplicationFilterChain.java:153) ~[tomcat-embed-core-9.0.75.jar:9.0.75]
	at org.springframework.web.filter.RequestContextFilter.doFilterInternal(RequestContextFilter.java:100) ~[spring-web-5.3.27.jar:5.3.27]
	at org.springframework.web.filter.OncePerRequestFilter.doFilter(OncePerRequestFilter.java:117) ~[spring-web-5.3.27.jar:5.3.27]
	at org.apache.catalina.core.ApplicationFilterChain.internalDoFilter(ApplicationFilterChain.java:178) ~[tomcat-embed-core-9.0.75.jar:9.0.75]
	at org.apache.catalina.core.ApplicationFilterChain.doFilter(ApplicationFilterChain.java:153) ~[tomcat-embed-core-9.0.75.jar:9.0.75]
	at org.springframework.web.filter.FormContentFilter.doFilterInternal(FormContentFilter.java:93) ~[spring-web-5.3.27.jar:5.3.27]
	at org.springframework.web.filter.OncePerRequestFilter.doFilter(OncePerRequestFilter.java:117) ~[spring-web-5.3.27.jar:5.3.27]
	at org.apache.catalina.core.ApplicationFilterChain.internalDoFilter(ApplicationFilterChain.java:178) ~[tomcat-embed-core-9.0.75.jar:9.0.75]
	at org.apache.catalina.core.ApplicationFilterChain.doFilter(ApplicationFilterChain.java:153) ~[tomcat-embed-core-9.0.75.jar:9.0.75]
	at org.springframework.web.filter.CharacterEncodingFilter.doFilterInternal(CharacterEncodingFilter.java:201) ~[spring-web-5.3.27.jar:5.3.27]
	at org.springframework.web.filter.OncePerRequestFilter.doFilter(OncePerRequestFilter.java:117) ~[spring-web-5.3.27.jar:5.3.27]
	at org.apache.catalina.core.ApplicationFilterChain.internalDoFilter(ApplicationFilterChain.java:178) ~[tomcat-embed-core-9.0.75.jar:9.0.75]
	at org.apache.catalina.core.ApplicationFilterChain.doFilter(ApplicationFilterChain.java:153) ~[tomcat-embed-core-9.0.75.jar:9.0.75]
	at org.apache.catalina.core.StandardWrapperValve.invoke(StandardWrapperValve.java:167) ~[tomcat-embed-core-9.0.75.jar:9.0.75]
	at org.apache.catalina.core.StandardContextValve.invoke(StandardContextValve.java:90) ~[tomcat-embed-core-9.0.75.jar:9.0.75]
	at org.apache.catalina.authenticator.AuthenticatorBase.invoke(AuthenticatorBase.java:481) ~[tomcat-embed-core-9.0.75.jar:9.0.75]
	at org.apache.catalina.core.StandardHostValve.invoke(StandardHostValve.java:130) ~[tomcat-embed-core-9.0.75.jar:9.0.75]
	at org.apache.catalina.valves.ErrorReportValve.invoke(ErrorReportValve.java:93) ~[tomcat-embed-core-9.0.75.jar:9.0.75]
	at org.apache.catalina.core.StandardEngineValve.invoke(StandardEngineValve.java:74) ~[tomcat-embed-core-9.0.75.jar:9.0.75]
	at org.apache.catalina.connector.CoyoteAdapter.service(CoyoteAdapter.java:343) ~[tomcat-embed-core-9.0.75.jar:9.0.75]
	at org.apache.coyote.http11.Http11Processor.service(Http11Processor.java:390) ~[tomcat-embed-core-9.0.75.jar:9.0.75]
	at org.apache.coyote.AbstractProcessorLight.process(AbstractProcessorLight.java:63) ~[tomcat-embed-core-9.0.75.jar:9.0.75]
	at org.apache.coyote.AbstractProtocol$ConnectionHandler.process(AbstractProtocol.java:926) ~[tomcat-embed-core-9.0.75.jar:9.0.75]
	at org.apache.tomcat.util.net.NioEndpoint$SocketProcessor.doRun(NioEndpoint.java:1791) ~[tomcat-embed-core-9.0.75.jar:9.0.75]
	at org.apache.tomcat.util.net.SocketProcessorBase.run(SocketProcessorBase.java:52) ~[tomcat-embed-core-9.0.75.jar:9.0.75]
	at org.apache.tomcat.util.threads.ThreadPoolExecutor.runWorker(ThreadPoolExecutor.java:1191) ~[tomcat-embed-core-9.0.75.jar:9.0.75]
	at org.apache.tomcat.util.threads.ThreadPoolExecutor$Worker.run(ThreadPoolExecutor.java:659) ~[tomcat-embed-core-9.0.75.jar:9.0.75]
	at org.apache.tomcat.util.threads.TaskThread$WrappingRunnable.run(TaskThread.java:61) ~[tomcat-embed-core-9.0.75.jar:9.0.75]
	at java.base/java.lang.Thread.run(Thread.java:829) ~[na:na]

15:57:58:273  INFO 12720 --- [nacos-grpc-client-executor-18] com.alibaba.nacos.common.remote.client   : [05c47c77-d657-4aba-a872-cb61ca820eec] Receive server push request, request = NotifySubscriberRequest, requestId = 76
15:57:58:273  INFO 12720 --- [nacos-grpc-client-executor-18] com.alibaba.nacos.common.remote.client   : [05c47c77-d657-4aba-a872-cb61ca820eec] Ack server push request, request = NotifySubscriberRequest, requestId = 76
15:57:58:373  INFO 12720 --- [nacos-grpc-client-executor-19] com.alibaba.nacos.common.remote.client   : [05c47c77-d657-4aba-a872-cb61ca820eec] Receive server push request, request = NotifySubscriberRequest, requestId = 77
15:57:58:374  INFO 12720 --- [nacos-grpc-client-executor-19] com.alibaba.nacos.common.remote.client   : [05c47c77-d657-4aba-a872-cb61ca820eec] Ack server push request, request = NotifySubscriberRequest, requestId = 77
15:58:33:962 DEBUG 12720 --- [http-nio-8086-exec-3] c.h.p.mapper.PayOrderMapper.selectById   : ==>  Preparing: SELECT id,biz_order_no,pay_order_no,biz_user_id,pay_channel_code,amount,pay_type,status,expand_json,result_code,result_msg,pay_success_time,pay_over_time,qr_code_url,create_time,update_time,creater,updater,is_delete FROM pay_order WHERE id=?
15:58:33:963 DEBUG 12720 --- [http-nio-8086-exec-3] c.h.p.mapper.PayOrderMapper.selectById   : ==> Parameters: 2047585813122252802(Long)
15:58:33:964 DEBUG 12720 --- [http-nio-8086-exec-3] c.h.p.mapper.PayOrderMapper.selectById   : <==      Total: 1
15:58:34:053 DEBUG 12720 --- [http-nio-8086-exec-3] c.h.pay.mapper.PayOrderMapper.update     : ==>  Preparing: UPDATE pay_order SET status=?,pay_success_time=? WHERE (id = ? AND status IN (?,?))
15:58:34:054 DEBUG 12720 --- [http-nio-8086-exec-3] c.h.pay.mapper.PayOrderMapper.update     : ==> Parameters: 3(Integer), 2026-04-24T15:58:34.052040(LocalDateTime), 2047585813122252802(Long), 0(Integer), 1(Integer)
15:58:34:055 DEBUG 12720 --- [http-nio-8086-exec-3] c.h.pay.mapper.PayOrderMapper.update     : <==    Updates: 1
15:58:34:063 ERROR 12720 --- [http-nio-8086-exec-3] o.a.c.c.C.[.[.[/].[dispatcherServlet]    : Servlet.service() for servlet [dispatcherServlet] in context with path [] threw exception [Request processing failed; nested exception is feign.FeignException$MethodNotAllowed: [405] during [PUT] to [http://trade-service/orders/2047585807766233089] [TradeClient#markOrderPaySuccess(Long)]: [{"timestamp":"2026-04-24T07:58:34.058+00:00","status":405,"error":"Method Not Allowed","path":"/orders/2047585807766233089"}]] with root cause

feign.FeignException$MethodNotAllowed: [405] during [PUT] to [http://trade-service/orders/2047585807766233089] [TradeClient#markOrderPaySuccess(Long)]: [{"timestamp":"2026-04-24T07:58:34.058+00:00","status":405,"error":"Method Not Allowed","path":"/orders/2047585807766233089"}]
	at feign.FeignException.clientErrorStatus(FeignException.java:221) ~[feign-core-11.8.jar:na]
	at feign.FeignException.errorStatus(FeignException.java:194) ~[feign-core-11.8.jar:na]
	at feign.FeignException.errorStatus(FeignException.java:185) ~[feign-core-11.8.jar:na]
	at feign.codec.ErrorDecoder$Default.decode(ErrorDecoder.java:92) ~[feign-core-11.8.jar:na]
	at feign.AsyncResponseHandler.handleResponse(AsyncResponseHandler.java:96) ~[feign-core-11.8.jar:na]
	at feign.SynchronousMethodHandler.executeAndDecode(SynchronousMethodHandler.java:138) ~[feign-core-11.8.jar:na]
	at feign.SynchronousMethodHandler.invoke(SynchronousMethodHandler.java:89) ~[feign-core-11.8.jar:na]
	at feign.ReflectiveFeign$FeignInvocationHandler.invoke(ReflectiveFeign.java:100) ~[feign-core-11.8.jar:na]
	at com.sun.proxy.$Proxy104.markOrderPaySuccess(Unknown Source) ~[na:na]
	at com.hmall.pay.service.impl.PayOrderServiceImpl.tryPayOrderByBalance(PayOrderServiceImpl.java:63) ~[classes/:na]
	at com.hmall.pay.service.impl.PayOrderServiceImpl$$FastClassBySpringCGLIB$$b2062e7f.invoke(<generated>) ~[classes/:na]
	at org.springframework.cglib.proxy.MethodProxy.invoke(MethodProxy.java:218) ~[spring-core-5.3.27.jar:5.3.27]
	at org.springframework.aop.framework.CglibAopProxy$CglibMethodInvocation.invokeJoinpoint(CglibAopProxy.java:793) ~[spring-aop-5.3.27.jar:5.3.27]
	at org.springframework.aop.framework.ReflectiveMethodInvocation.proceed(ReflectiveMethodInvocation.java:163) ~[spring-aop-5.3.27.jar:5.3.27]
	at org.springframework.aop.framework.CglibAopProxy$CglibMethodInvocation.proceed(CglibAopProxy.java:763) ~[spring-aop-5.3.27.jar:5.3.27]
	at org.springframework.transaction.interceptor.TransactionInterceptor$1.proceedWithInvocation(TransactionInterceptor.java:123) ~[spring-tx-5.3.27.jar:5.3.27]
	at org.springframework.transaction.interceptor.TransactionAspectSupport.invokeWithinTransaction(TransactionAspectSupport.java:388) ~[spring-tx-5.3.27.jar:5.3.27]
	at org.springframework.transaction.interceptor.TransactionInterceptor.invoke(TransactionInterceptor.java:119) ~[spring-tx-5.3.27.jar:5.3.27]
	at org.springframework.aop.framework.ReflectiveMethodInvocation.proceed(ReflectiveMethodInvocation.java:186) ~[spring-aop-5.3.27.jar:5.3.27]
	at org.springframework.aop.framework.CglibAopProxy$CglibMethodInvocation.proceed(CglibAopProxy.java:763) ~[spring-aop-5.3.27.jar:5.3.27]
	at org.springframework.aop.framework.CglibAopProxy$DynamicAdvisedInterceptor.intercept(CglibAopProxy.java:708) ~[spring-aop-5.3.27.jar:5.3.27]
	at com.hmall.pay.service.impl.PayOrderServiceImpl$$EnhancerBySpringCGLIB$$c9de8078.tryPayOrderByBalance(<generated>) ~[classes/:na]
	at com.hmall.pay.controller.PayController.tryPayOrderByBalance(PayController.java:42) ~[classes/:na]
	at java.base/jdk.internal.reflect.NativeMethodAccessorImpl.invoke0(Native Method) ~[na:na]
	at java.base/jdk.internal.reflect.NativeMethodAccessorImpl.invoke(NativeMethodAccessorImpl.java:62) ~[na:na]
	at java.base/jdk.internal.reflect.DelegatingMethodAccessorImpl.invoke(DelegatingMethodAccessorImpl.java:43) ~[na:na]
	at java.base/java.lang.reflect.Method.invoke(Method.java:566) ~[na:na]
	at org.springframework.web.method.support.InvocableHandlerMethod.doInvoke(InvocableHandlerMethod.java:205) ~[spring-web-5.3.27.jar:5.3.27]
	at org.springframework.web.method.support.InvocableHandlerMethod.invokeForRequest(InvocableHandlerMethod.java:150) ~[spring-web-5.3.27.jar:5.3.27]
	at org.springframework.web.servlet.mvc.method.annotation.ServletInvocableHandlerMethod.invokeAndHandle(ServletInvocableHandlerMethod.java:117) ~[spring-webmvc-5.3.27.jar:5.3.27]
	at org.springframework.web.servlet.mvc.method.annotation.RequestMappingHandlerAdapter.invokeHandlerMethod(RequestMappingHandlerAdapter.java:895) ~[spring-webmvc-5.3.27.jar:5.3.27]
	at org.springframework.web.servlet.mvc.method.annotation.RequestMappingHandlerAdapter.handleInternal(RequestMappingHandlerAdapter.java:808) ~[spring-webmvc-5.3.27.jar:5.3.27]
	at org.springframework.web.servlet.mvc.method.AbstractHandlerMethodAdapter.handle(AbstractHandlerMethodAdapter.java:87) ~[spring-webmvc-5.3.27.jar:5.3.27]
	at org.springframework.web.servlet.DispatcherServlet.doDispatch(DispatcherServlet.java:1072) ~[spring-webmvc-5.3.27.jar:5.3.27]
	at org.springframework.web.servlet.DispatcherServlet.doService(DispatcherServlet.java:965) ~[spring-webmvc-5.3.27.jar:5.3.27]
	at org.springframework.web.servlet.FrameworkServlet.processRequest(FrameworkServlet.java:1006) ~[spring-webmvc-5.3.27.jar:5.3.27]
	at org.springframework.web.servlet.FrameworkServlet.doPost(FrameworkServlet.java:909) ~[spring-webmvc-5.3.27.jar:5.3.27]
	at javax.servlet.http.HttpServlet.service(HttpServlet.java:555) ~[tomcat-embed-core-9.0.75.jar:4.0.FR]
	at org.springframework.web.servlet.FrameworkServlet.service(FrameworkServlet.java:883) ~[spring-webmvc-5.3.27.jar:5.3.27]
	at javax.servlet.http.HttpServlet.service(HttpServlet.java:623) ~[tomcat-embed-core-9.0.75.jar:4.0.FR]
	at org.apache.catalina.core.ApplicationFilterChain.internalDoFilter(ApplicationFilterChain.java:209) ~[tomcat-embed-core-9.0.75.jar:9.0.75]
	at org.apache.catalina.core.ApplicationFilterChain.doFilter(ApplicationFilterChain.java:153) ~[tomcat-embed-core-9.0.75.jar:9.0.75]
	at org.apache.tomcat.websocket.server.WsFilter.doFilter(WsFilter.java:51) ~[tomcat-embed-websocket-9.0.75.jar:9.0.75]
	at org.apache.catalina.core.ApplicationFilterChain.internalDoFilter(ApplicationFilterChain.java:178) ~[tomcat-embed-core-9.0.75.jar:9.0.75]
	at org.apache.catalina.core.ApplicationFilterChain.doFilter(ApplicationFilterChain.java:153) ~[tomcat-embed-core-9.0.75.jar:9.0.75]
	at org.springframework.web.filter.RequestContextFilter.doFilterInternal(RequestContextFilter.java:100) ~[spring-web-5.3.27.jar:5.3.27]
	at org.springframework.web.filter.OncePerRequestFilter.doFilter(OncePerRequestFilter.java:117) ~[spring-web-5.3.27.jar:5.3.27]
	at org.apache.catalina.core.ApplicationFilterChain.internalDoFilter(ApplicationFilterChain.java:178) ~[tomcat-embed-core-9.0.75.jar:9.0.75]
	at org.apache.catalina.core.ApplicationFilterChain.doFilter(ApplicationFilterChain.java:153) ~[tomcat-embed-core-9.0.75.jar:9.0.75]
	at org.springframework.web.filter.FormContentFilter.doFilterInternal(FormContentFilter.java:93) ~[spring-web-5.3.27.jar:5.3.27]
	at org.springframework.web.filter.OncePerRequestFilter.doFilter(OncePerRequestFilter.java:117) ~[spring-web-5.3.27.jar:5.3.27]
	at org.apache.catalina.core.ApplicationFilterChain.internalDoFilter(ApplicationFilterChain.java:178) ~[tomcat-embed-core-9.0.75.jar:9.0.75]
	at org.apache.catalina.core.ApplicationFilterChain.doFilter(ApplicationFilterChain.java:153) ~[tomcat-embed-core-9.0.75.jar:9.0.75]
	at org.springframework.web.filter.CharacterEncodingFilter.doFilterInternal(CharacterEncodingFilter.java:201) ~[spring-web-5.3.27.jar:5.3.27]
	at org.springframework.web.filter.OncePerRequestFilter.doFilter(OncePerRequestFilter.java:117) ~[spring-web-5.3.27.jar:5.3.27]
	at org.apache.catalina.core.ApplicationFilterChain.internalDoFilter(ApplicationFilterChain.java:178) ~[tomcat-embed-core-9.0.75.jar:9.0.75]
	at org.apache.catalina.core.ApplicationFilterChain.doFilter(ApplicationFilterChain.java:153) ~[tomcat-embed-core-9.0.75.jar:9.0.75]
	at org.apache.catalina.core.StandardWrapperValve.invoke(StandardWrapperValve.java:167) ~[tomcat-embed-core-9.0.75.jar:9.0.75]
	at org.apache.catalina.core.StandardContextValve.invoke(StandardContextValve.java:90) ~[tomcat-embed-core-9.0.75.jar:9.0.75]
	at org.apache.catalina.authenticator.AuthenticatorBase.invoke(AuthenticatorBase.java:481) ~[tomcat-embed-core-9.0.75.jar:9.0.75]
	at org.apache.catalina.core.StandardHostValve.invoke(StandardHostValve.java:130) ~[tomcat-embed-core-9.0.75.jar:9.0.75]
	at org.apache.catalina.valves.ErrorReportValve.invoke(ErrorReportValve.java:93) ~[tomcat-embed-core-9.0.75.jar:9.0.75]
	at org.apache.catalina.core.StandardEngineValve.invoke(StandardEngineValve.java:74) ~[tomcat-embed-core-9.0.75.jar:9.0.75]
	at org.apache.catalina.connector.CoyoteAdapter.service(CoyoteAdapter.java:343) ~[tomcat-embed-core-9.0.75.jar:9.0.75]
	at org.apache.coyote.http11.Http11Processor.service(Http11Processor.java:390) ~[tomcat-embed-core-9.0.75.jar:9.0.75]
	at org.apache.coyote.AbstractProcessorLight.process(AbstractProcessorLight.java:63) ~[tomcat-embed-core-9.0.75.jar:9.0.75]
	at org.apache.coyote.AbstractProtocol$ConnectionHandler.process(AbstractProtocol.java:926) ~[tomcat-embed-core-9.0.75.jar:9.0.75]
	at org.apache.tomcat.util.net.NioEndpoint$SocketProcessor.doRun(NioEndpoint.java:1791) ~[tomcat-embed-core-9.0.75.jar:9.0.75]
	at org.apache.tomcat.util.net.SocketProcessorBase.run(SocketProcessorBase.java:52) ~[tomcat-embed-core-9.0.75.jar:9.0.75]
	at org.apache.tomcat.util.threads.ThreadPoolExecutor.runWorker(ThreadPoolExecutor.java:1191) ~[tomcat-embed-core-9.0.75.jar:9.0.75]
	at org.apache.tomcat.util.threads.ThreadPoolExecutor$Worker.run(ThreadPoolExecutor.java:659) ~[tomcat-embed-core-9.0.75.jar:9.0.75]
	at org.apache.tomcat.util.threads.TaskThread$WrappingRunnable.run(TaskThread.java:61) ~[tomcat-embed-core-9.0.75.jar:9.0.75]
	at java.base/java.lang.Thread.run(Thread.java:829) ~[na:na]

15:58:37:533  WARN 12720 --- [Thread-4] c.a.nacos.common.notify.NotifyCenter     : [NotifyCenter] Start destroying Publisher
15:58:37:533  WARN 12720 --- [Thread-4] c.a.nacos.common.notify.NotifyCenter     : [NotifyCenter] Destruction of the end
15:58:37:535  WARN 12720 --- [Thread-7] c.a.n.common.http.HttpClientBeanHolder   : [HttpClientBeanHolder] Start destroying common HttpClient
15:58:37:536  WARN 12720 --- [Thread-7] c.a.n.common.http.HttpClientBeanHolder   : [HttpClientBeanHolder] Destruction of the end
15:58:38:489  INFO 12720 --- [SpringApplicationShutdownHook] c.a.c.n.registry.NacosServiceRegistry    : De-registering from Nacos Server now...
15:58:38:495  INFO 12720 --- [SpringApplicationShutdownHook] c.a.c.n.registry.NacosServiceRegistry    : De-registration finished.
15:58:38:823  INFO 12720 --- [SpringApplicationShutdownHook] com.alibaba.nacos.common.remote.client   : Shutdown rpc client, set status to shutdown
15:58:38:823  INFO 12720 --- [SpringApplicationShutdownHook] com.alibaba.nacos.common.remote.client   : Shutdown client event executor java.util.concurrent.ScheduledThreadPoolExecutor@12fda9b6[Running, pool size = 2, active threads = 2, queued tasks = 0, completed tasks = 0]
15:58:38:823  INFO 12720 --- [SpringApplicationShutdownHook] com.alibaba.nacos.common.remote.client   : Close current connection 1777017453323_192.168.150.1_51158
15:58:38:825  INFO 12720 --- [nacos-grpc-client-executor-31] c.a.n.c.remote.client.grpc.GrpcClient    : [1777017453323_192.168.150.1_51158]Ignore complete event,isRunning:false,isAbandon=false
15:58:38:837  INFO 12720 --- [SpringApplicationShutdownHook] c.a.n.c.remote.client.grpc.GrpcClient    : Shutdown grpc executor java.util.concurrent.ThreadPoolExecutor@41559cb4[Running, pool size = 5, active threads = 0, queued tasks = 0, completed tasks = 32]
15:58:38:841  INFO 12720 --- [SpringApplicationShutdownHook] com.zaxxer.hikari.HikariDataSource       : HikariPool-1 - Shutdown initiated...
15:58:38:851  INFO 12720 --- [SpringApplicationShutdownHook] com.zaxxer.hikari.HikariDataSource       : HikariPool-1 - Shutdown completed.
15:58:58:333  INFO 24388 --- [main] com.hmall.pay.PayApplication             : Starting PayApplication using Java 11.0.31 on LAPTOP-16OT1L5F with PID 24388 (G:\hmall\backend\pay-service\target\classes started by 18071 in G:\hmall\backend)
15:58:58:334 DEBUG 24388 --- [main] com.hmall.pay.PayApplication             : Running with Spring Boot v2.7.12, Spring v5.3.27
15:58:58:335  INFO 24388 --- [main] com.hmall.pay.PayApplication             : The following 1 profile is active: "dev"
15:58:59:651  INFO 24388 --- [main] o.s.cloud.context.scope.GenericScope     : BeanFactory id=93635030-9e55-3283-b59b-31e35e320834
15:59:00:127  INFO 24388 --- [main] o.s.b.w.embedded.tomcat.TomcatWebServer  : Tomcat initialized with port(s): 8086 (http)
15:59:00:143  INFO 24388 --- [main] o.apache.catalina.core.StandardService   : Starting service [Tomcat]
15:59:00:144  INFO 24388 --- [main] org.apache.catalina.core.StandardEngine  : Starting Servlet engine: [Apache Tomcat/9.0.75]
15:59:00:375  INFO 24388 --- [main] o.a.c.c.C.[Tomcat].[localhost].[/]       : Initializing Spring embedded WebApplicationContext
15:59:00:375  INFO 24388 --- [main] w.s.c.ServletWebServerApplicationContext : Root WebApplicationContext: initialization completed in 1967 ms
15:59:00:701  INFO 24388 --- [main] o.s.c.openfeign.FeignClientFactoryBean   : For 'user-service' URL not provided. Will try picking an instance via load-balancing.
15:59:00:785  INFO 24388 --- [main] o.s.c.openfeign.FeignClientFactoryBean   : For 'trade-service' URL not provided. Will try picking an instance via load-balancing.
15:59:08:062  INFO 24388 --- [main] pertySourcedRequestMappingHandlerMapping : Mapped URL path [/v2/api-docs] onto method [springfox.documentation.swagger2.web.Swagger2ControllerWebMvc#getDocumentation(String, HttpServletRequest)]
15:59:09:303  INFO 24388 --- [main] com.alibaba.nacos.common.remote.client   : [RpcClientFactory] create a new rpc client of 2814c667-59e2-40eb-b911-a37b289ba8ea
15:59:09:363  INFO 24388 --- [main] org.reflections.Reflections              : Reflections took 31 ms to scan 1 urls, producing 3 keys and 6 values 
15:59:09:403  INFO 24388 --- [main] org.reflections.Reflections              : Reflections took 14 ms to scan 1 urls, producing 4 keys and 9 values 
15:59:09:435  INFO 24388 --- [main] org.reflections.Reflections              : Reflections took 27 ms to scan 1 urls, producing 3 keys and 10 values 
15:59:09:440  WARN 24388 --- [main] org.reflections.Reflections              : given scan urls are empty. set urls in the configuration
15:59:09:452  INFO 24388 --- [main] org.reflections.Reflections              : Reflections took 11 ms to scan 1 urls, producing 1 keys and 5 values 
15:59:09:471  INFO 24388 --- [main] org.reflections.Reflections              : Reflections took 14 ms to scan 1 urls, producing 1 keys and 7 values 
15:59:09:485  INFO 24388 --- [main] org.reflections.Reflections              : Reflections took 11 ms to scan 1 urls, producing 2 keys and 8 values 
15:59:09:488  WARN 24388 --- [main] org.reflections.Reflections              : given scan urls are empty. set urls in the configuration
15:59:09:490  INFO 24388 --- [main] com.alibaba.nacos.common.remote.client   : [2814c667-59e2-40eb-b911-a37b289ba8ea] RpcClient init label, labels = {module=naming, source=sdk}
15:59:09:492  INFO 24388 --- [main] com.alibaba.nacos.common.remote.client   : [2814c667-59e2-40eb-b911-a37b289ba8ea] RpcClient init, ServerListFactory = com.alibaba.nacos.client.naming.core.ServerListManager
15:59:09:493  INFO 24388 --- [main] com.alibaba.nacos.common.remote.client   : [2814c667-59e2-40eb-b911-a37b289ba8ea] Registry connection listener to current client:com.alibaba.nacos.client.naming.remote.gprc.redo.NamingGrpcRedoService
15:59:09:493  INFO 24388 --- [main] com.alibaba.nacos.common.remote.client   : [2814c667-59e2-40eb-b911-a37b289ba8ea] Register server push request handler:com.alibaba.nacos.client.naming.remote.gprc.NamingPushRequestHandler
15:59:09:496  INFO 24388 --- [main] com.alibaba.nacos.common.remote.client   : [2814c667-59e2-40eb-b911-a37b289ba8ea] Try to connect to server on start up, server: {serverIp = '192.168.150.102', server main port = 8848}
15:59:12:056  INFO 24388 --- [main] com.alibaba.nacos.common.remote.client   : [2814c667-59e2-40eb-b911-a37b289ba8ea] Success to connect to server [192.168.150.102:8848] on start up, connectionId = 1777017550967_192.168.150.1_51775
15:59:12:057  INFO 24388 --- [com.alibaba.nacos.client.remote.worker] com.alibaba.nacos.common.remote.client   : [2814c667-59e2-40eb-b911-a37b289ba8ea] Notify connected event to listeners.
15:59:12:058  INFO 24388 --- [main] com.alibaba.nacos.common.remote.client   : [2814c667-59e2-40eb-b911-a37b289ba8ea] Register server push request handler:com.alibaba.nacos.common.remote.client.RpcClient$ConnectResetRequestHandler
15:59:12:058  INFO 24388 --- [main] com.alibaba.nacos.common.remote.client   : [2814c667-59e2-40eb-b911-a37b289ba8ea] Register server push request handler:com.alibaba.nacos.common.remote.client.RpcClient$$Lambda$976/0x0000000800706440
15:59:12:129  INFO 24388 --- [main] o.s.b.w.embedded.tomcat.TomcatWebServer  : Tomcat started on port(s): 8086 (http) with context path ''
15:59:12:138  INFO 24388 --- [main] c.a.c.n.registry.NacosServiceRegistry    : nacos registry, DEFAULT_GROUP pay-service 192.168.220.1:8086 register finished
15:59:12:628  INFO 24388 --- [nacos-grpc-client-executor-9] com.alibaba.nacos.common.remote.client   : [2814c667-59e2-40eb-b911-a37b289ba8ea] Receive server push request, request = NotifySubscriberRequest, requestId = 83
15:59:12:637  INFO 24388 --- [nacos-grpc-client-executor-9] com.alibaba.nacos.common.remote.client   : [2814c667-59e2-40eb-b911-a37b289ba8ea] Ack server push request, request = NotifySubscriberRequest, requestId = 83
15:59:12:824  INFO 24388 --- [main] d.s.w.p.DocumentationPluginsBootstrapper : Documentation plugins bootstrapped
15:59:12:827  INFO 24388 --- [main] d.s.w.p.DocumentationPluginsBootstrapper : Found 1 custom documentation plugin(s)
15:59:12:848  INFO 24388 --- [main] s.d.s.w.s.ApiListingReferenceScanner     : Scanning for api listing references
15:59:12:931  INFO 24388 --- [main] com.hmall.pay.PayApplication             : Started PayApplication in 16.667 seconds (JVM running for 18.603)
15:59:22:967  INFO 24388 --- [http-nio-8086-exec-1] o.a.c.c.C.[Tomcat].[localhost].[/]       : Initializing Spring DispatcherServlet 'dispatcherServlet'
15:59:22:967  INFO 24388 --- [http-nio-8086-exec-1] o.s.web.servlet.DispatcherServlet        : Initializing Servlet 'dispatcherServlet'
15:59:22:969  INFO 24388 --- [http-nio-8086-exec-1] o.s.web.servlet.DispatcherServlet        : Completed initialization in 1 ms
15:59:43:111  INFO 24388 --- [http-nio-8086-exec-1] com.zaxxer.hikari.HikariDataSource       : HikariPool-1 - Starting...
15:59:44:604  INFO 24388 --- [http-nio-8086-exec-1] com.zaxxer.hikari.HikariDataSource       : HikariPool-1 - Start completed.
15:59:45:012 DEBUG 24388 --- [http-nio-8086-exec-1] c.h.p.mapper.PayOrderMapper.selectById   : ==>  Preparing: SELECT id,biz_order_no,pay_order_no,biz_user_id,pay_channel_code,amount,pay_type,status,expand_json,result_code,result_msg,pay_success_time,pay_over_time,qr_code_url,create_time,update_time,creater,updater,is_delete FROM pay_order WHERE id=?
15:59:45:214 DEBUG 24388 --- [http-nio-8086-exec-1] c.h.p.mapper.PayOrderMapper.selectById   : ==> Parameters: 2047585813122252802(Long)
15:59:45:476 DEBUG 24388 --- [http-nio-8086-exec-1] c.h.p.mapper.PayOrderMapper.selectById   : <==      Total: 1
15:59:52:585  INFO 24388 --- [nacos-grpc-client-executor-17] com.alibaba.nacos.common.remote.client   : [2814c667-59e2-40eb-b911-a37b289ba8ea] Receive server push request, request = NotifySubscriberRequest, requestId = 86
15:59:52:586  INFO 24388 --- [nacos-grpc-client-executor-17] com.alibaba.nacos.common.remote.client   : [2814c667-59e2-40eb-b911-a37b289ba8ea] Ack server push request, request = NotifySubscriberRequest, requestId = 86
16:00:27:622  INFO 24388 --- [nacos-grpc-client-executor-26] com.alibaba.nacos.common.remote.client   : [2814c667-59e2-40eb-b911-a37b289ba8ea] Receive server push request, request = NotifySubscriberRequest, requestId = 88
16:00:27:633  INFO 24388 --- [nacos-grpc-client-executor-26] com.alibaba.nacos.common.remote.client   : [2814c667-59e2-40eb-b911-a37b289ba8ea] Ack server push request, request = NotifySubscriberRequest, requestId = 88
16:00:52:162 ERROR 24388 --- [http-nio-8086-exec-1] o.a.c.c.C.[.[.[/].[dispatcherServlet]    : Servlet.service() for servlet [dispatcherServlet] in context with path [] threw exception [Request processing failed; nested exception is feign.RetryableException: Read timed out executing PUT http://user-service/users/money/deduct?pw=123&amount=87900] with root cause

java.net.SocketTimeoutException: Read timed out
	at java.base/java.net.SocketInputStream.socketRead0(Native Method) ~[na:na]
	at java.base/java.net.SocketInputStream.socketRead(SocketInputStream.java:115) ~[na:na]
	at java.base/java.net.SocketInputStream.read(SocketInputStream.java:168) ~[na:na]
	at java.base/java.net.SocketInputStream.read(SocketInputStream.java:140) ~[na:na]
	at java.base/java.io.BufferedInputStream.fill(BufferedInputStream.java:252) ~[na:na]
	at java.base/java.io.BufferedInputStream.read1(BufferedInputStream.java:292) ~[na:na]
	at java.base/java.io.BufferedInputStream.read(BufferedInputStream.java:351) ~[na:na]
	at java.base/sun.net.www.http.HttpClient.parseHTTPHeader(HttpClient.java:789) ~[na:na]
	at java.base/sun.net.www.http.HttpClient.parseHTTP(HttpClient.java:724) ~[na:na]
	at java.base/sun.net.www.protocol.http.HttpURLConnection.getInputStream0(HttpURLConnection.java:1654) ~[na:na]
	at java.base/sun.net.www.protocol.http.HttpURLConnection.getInputStream(HttpURLConnection.java:1559) ~[na:na]
	at java.base/java.net.HttpURLConnection.getResponseCode(HttpURLConnection.java:527) ~[na:na]
	at feign.Client$Default.convertResponse(Client.java:109) ~[feign-core-11.8.jar:na]
	at feign.Client$Default.execute(Client.java:105) ~[feign-core-11.8.jar:na]
	at org.springframework.cloud.openfeign.loadbalancer.LoadBalancerUtils.executeWithLoadBalancerLifecycleProcessing(LoadBalancerUtils.java:57) ~[spring-cloud-openfeign-core-3.1.3.jar:3.1.3]
	at org.springframework.cloud.openfeign.loadbalancer.LoadBalancerUtils.executeWithLoadBalancerLifecycleProcessing(LoadBalancerUtils.java:95) ~[spring-cloud-openfeign-core-3.1.3.jar:3.1.3]
	at org.springframework.cloud.openfeign.loadbalancer.FeignBlockingLoadBalancerClient.execute(FeignBlockingLoadBalancerClient.java:114) ~[spring-cloud-openfeign-core-3.1.3.jar:3.1.3]
	at feign.SynchronousMethodHandler.executeAndDecode(SynchronousMethodHandler.java:119) ~[feign-core-11.8.jar:na]
	at feign.SynchronousMethodHandler.invoke(SynchronousMethodHandler.java:89) ~[feign-core-11.8.jar:na]
	at feign.ReflectiveFeign$FeignInvocationHandler.invoke(ReflectiveFeign.java:100) ~[feign-core-11.8.jar:na]
	at com.sun.proxy.$Proxy100.deductMoney(Unknown Source) ~[na:na]
	at com.hmall.pay.service.impl.PayOrderServiceImpl.tryPayOrderByBalance(PayOrderServiceImpl.java:56) ~[classes/:na]
	at com.hmall.pay.service.impl.PayOrderServiceImpl$$FastClassBySpringCGLIB$$b2062e7f.invoke(<generated>) ~[classes/:na]
	at org.springframework.cglib.proxy.MethodProxy.invoke(MethodProxy.java:218) ~[spring-core-5.3.27.jar:5.3.27]
	at org.springframework.aop.framework.CglibAopProxy$CglibMethodInvocation.invokeJoinpoint(CglibAopProxy.java:793) ~[spring-aop-5.3.27.jar:5.3.27]
	at org.springframework.aop.framework.ReflectiveMethodInvocation.proceed(ReflectiveMethodInvocation.java:163) ~[spring-aop-5.3.27.jar:5.3.27]
	at org.springframework.aop.framework.CglibAopProxy$CglibMethodInvocation.proceed(CglibAopProxy.java:763) ~[spring-aop-5.3.27.jar:5.3.27]
	at org.springframework.transaction.interceptor.TransactionInterceptor$1.proceedWithInvocation(TransactionInterceptor.java:123) ~[spring-tx-5.3.27.jar:5.3.27]
	at org.springframework.transaction.interceptor.TransactionAspectSupport.invokeWithinTransaction(TransactionAspectSupport.java:388) ~[spring-tx-5.3.27.jar:5.3.27]
	at org.springframework.transaction.interceptor.TransactionInterceptor.invoke(TransactionInterceptor.java:119) ~[spring-tx-5.3.27.jar:5.3.27]
	at org.springframework.aop.framework.ReflectiveMethodInvocation.proceed(ReflectiveMethodInvocation.java:186) ~[spring-aop-5.3.27.jar:5.3.27]
	at org.springframework.aop.framework.CglibAopProxy$CglibMethodInvocation.proceed(CglibAopProxy.java:763) ~[spring-aop-5.3.27.jar:5.3.27]
	at org.springframework.aop.framework.CglibAopProxy$DynamicAdvisedInterceptor.intercept(CglibAopProxy.java:708) ~[spring-aop-5.3.27.jar:5.3.27]
	at com.hmall.pay.service.impl.PayOrderServiceImpl$$EnhancerBySpringCGLIB$$7fdeea8f.tryPayOrderByBalance(<generated>) ~[classes/:na]
	at com.hmall.pay.controller.PayController.tryPayOrderByBalance(PayController.java:42) ~[classes/:na]
	at java.base/jdk.internal.reflect.NativeMethodAccessorImpl.invoke0(Native Method) ~[na:na]
	at java.base/jdk.internal.reflect.NativeMethodAccessorImpl.invoke(NativeMethodAccessorImpl.java:62) ~[na:na]
	at java.base/jdk.internal.reflect.DelegatingMethodAccessorImpl.invoke(DelegatingMethodAccessorImpl.java:43) ~[na:na]
	at java.base/java.lang.reflect.Method.invoke(Method.java:566) ~[na:na]
	at org.springframework.web.method.support.InvocableHandlerMethod.doInvoke(InvocableHandlerMethod.java:205) ~[spring-web-5.3.27.jar:5.3.27]
	at org.springframework.web.method.support.InvocableHandlerMethod.invokeForRequest(InvocableHandlerMethod.java:150) ~[spring-web-5.3.27.jar:5.3.27]
	at org.springframework.web.servlet.mvc.method.annotation.ServletInvocableHandlerMethod.invokeAndHandle(ServletInvocableHandlerMethod.java:117) ~[spring-webmvc-5.3.27.jar:5.3.27]
	at org.springframework.web.servlet.mvc.method.annotation.RequestMappingHandlerAdapter.invokeHandlerMethod(RequestMappingHandlerAdapter.java:895) ~[spring-webmvc-5.3.27.jar:5.3.27]
	at org.springframework.web.servlet.mvc.method.annotation.RequestMappingHandlerAdapter.handleInternal(RequestMappingHandlerAdapter.java:808) ~[spring-webmvc-5.3.27.jar:5.3.27]
	at org.springframework.web.servlet.mvc.method.AbstractHandlerMethodAdapter.handle(AbstractHandlerMethodAdapter.java:87) ~[spring-webmvc-5.3.27.jar:5.3.27]
	at org.springframework.web.servlet.DispatcherServlet.doDispatch(DispatcherServlet.java:1072) ~[spring-webmvc-5.3.27.jar:5.3.27]
	at org.springframework.web.servlet.DispatcherServlet.doService(DispatcherServlet.java:965) ~[spring-webmvc-5.3.27.jar:5.3.27]
	at org.springframework.web.servlet.FrameworkServlet.processRequest(FrameworkServlet.java:1006) ~[spring-webmvc-5.3.27.jar:5.3.27]
	at org.springframework.web.servlet.FrameworkServlet.doPost(FrameworkServlet.java:909) ~[spring-webmvc-5.3.27.jar:5.3.27]
	at javax.servlet.http.HttpServlet.service(HttpServlet.java:555) ~[tomcat-embed-core-9.0.75.jar:4.0.FR]
	at org.springframework.web.servlet.FrameworkServlet.service(FrameworkServlet.java:883) ~[spring-webmvc-5.3.27.jar:5.3.27]
	at javax.servlet.http.HttpServlet.service(HttpServlet.java:623) ~[tomcat-embed-core-9.0.75.jar:4.0.FR]
	at org.apache.catalina.core.ApplicationFilterChain.internalDoFilter(ApplicationFilterChain.java:209) ~[tomcat-embed-core-9.0.75.jar:9.0.75]
	at org.apache.catalina.core.ApplicationFilterChain.doFilter(ApplicationFilterChain.java:153) ~[tomcat-embed-core-9.0.75.jar:9.0.75]
	at org.apache.tomcat.websocket.server.WsFilter.doFilter(WsFilter.java:51) ~[tomcat-embed-websocket-9.0.75.jar:9.0.75]
	at org.apache.catalina.core.ApplicationFilterChain.internalDoFilter(ApplicationFilterChain.java:178) ~[tomcat-embed-core-9.0.75.jar:9.0.75]
	at org.apache.catalina.core.ApplicationFilterChain.doFilter(ApplicationFilterChain.java:153) ~[tomcat-embed-core-9.0.75.jar:9.0.75]
	at org.springframework.web.filter.RequestContextFilter.doFilterInternal(RequestContextFilter.java:100) ~[spring-web-5.3.27.jar:5.3.27]
	at org.springframework.web.filter.OncePerRequestFilter.doFilter(OncePerRequestFilter.java:117) ~[spring-web-5.3.27.jar:5.3.27]
	at org.apache.catalina.core.ApplicationFilterChain.internalDoFilter(ApplicationFilterChain.java:178) ~[tomcat-embed-core-9.0.75.jar:9.0.75]
	at org.apache.catalina.core.ApplicationFilterChain.doFilter(ApplicationFilterChain.java:153) ~[tomcat-embed-core-9.0.75.jar:9.0.75]
	at org.springframework.web.filter.FormContentFilter.doFilterInternal(FormContentFilter.java:93) ~[spring-web-5.3.27.jar:5.3.27]
	at org.springframework.web.filter.OncePerRequestFilter.doFilter(OncePerRequestFilter.java:117) ~[spring-web-5.3.27.jar:5.3.27]
	at org.apache.catalina.core.ApplicationFilterChain.internalDoFilter(ApplicationFilterChain.java:178) ~[tomcat-embed-core-9.0.75.jar:9.0.75]
	at org.apache.catalina.core.ApplicationFilterChain.doFilter(ApplicationFilterChain.java:153) ~[tomcat-embed-core-9.0.75.jar:9.0.75]
	at org.springframework.web.filter.CharacterEncodingFilter.doFilterInternal(CharacterEncodingFilter.java:201) ~[spring-web-5.3.27.jar:5.3.27]
	at org.springframework.web.filter.OncePerRequestFilter.doFilter(OncePerRequestFilter.java:117) ~[spring-web-5.3.27.jar:5.3.27]
	at org.apache.catalina.core.ApplicationFilterChain.internalDoFilter(ApplicationFilterChain.java:178) ~[tomcat-embed-core-9.0.75.jar:9.0.75]
	at org.apache.catalina.core.ApplicationFilterChain.doFilter(ApplicationFilterChain.java:153) ~[tomcat-embed-core-9.0.75.jar:9.0.75]
	at org.apache.catalina.core.StandardWrapperValve.invoke(StandardWrapperValve.java:167) ~[tomcat-embed-core-9.0.75.jar:9.0.75]
	at org.apache.catalina.core.StandardContextValve.invoke(StandardContextValve.java:90) ~[tomcat-embed-core-9.0.75.jar:9.0.75]
	at org.apache.catalina.authenticator.AuthenticatorBase.invoke(AuthenticatorBase.java:481) ~[tomcat-embed-core-9.0.75.jar:9.0.75]
	at org.apache.catalina.core.StandardHostValve.invoke(StandardHostValve.java:130) ~[tomcat-embed-core-9.0.75.jar:9.0.75]
	at org.apache.catalina.valves.ErrorReportValve.invoke(ErrorReportValve.java:93) ~[tomcat-embed-core-9.0.75.jar:9.0.75]
	at org.apache.catalina.core.StandardEngineValve.invoke(StandardEngineValve.java:74) ~[tomcat-embed-core-9.0.75.jar:9.0.75]
	at org.apache.catalina.connector.CoyoteAdapter.service(CoyoteAdapter.java:343) ~[tomcat-embed-core-9.0.75.jar:9.0.75]
	at org.apache.coyote.http11.Http11Processor.service(Http11Processor.java:390) ~[tomcat-embed-core-9.0.75.jar:9.0.75]
	at org.apache.coyote.AbstractProcessorLight.process(AbstractProcessorLight.java:63) ~[tomcat-embed-core-9.0.75.jar:9.0.75]
	at org.apache.coyote.AbstractProtocol$ConnectionHandler.process(AbstractProtocol.java:926) ~[tomcat-embed-core-9.0.75.jar:9.0.75]
	at org.apache.tomcat.util.net.NioEndpoint$SocketProcessor.doRun(NioEndpoint.java:1791) ~[tomcat-embed-core-9.0.75.jar:9.0.75]
	at org.apache.tomcat.util.net.SocketProcessorBase.run(SocketProcessorBase.java:52) ~[tomcat-embed-core-9.0.75.jar:9.0.75]
	at org.apache.tomcat.util.threads.ThreadPoolExecutor.runWorker(ThreadPoolExecutor.java:1191) ~[tomcat-embed-core-9.0.75.jar:9.0.75]
	at org.apache.tomcat.util.threads.ThreadPoolExecutor$Worker.run(ThreadPoolExecutor.java:659) ~[tomcat-embed-core-9.0.75.jar:9.0.75]
	at org.apache.tomcat.util.threads.TaskThread$WrappingRunnable.run(TaskThread.java:61) ~[tomcat-embed-core-9.0.75.jar:9.0.75]
	at java.base/java.lang.Thread.run(Thread.java:829) ~[na:na]

16:01:36:564 DEBUG 24388 --- [http-nio-8086-exec-2] c.h.p.mapper.PayOrderMapper.selectById   : ==>  Preparing: SELECT id,biz_order_no,pay_order_no,biz_user_id,pay_channel_code,amount,pay_type,status,expand_json,result_code,result_msg,pay_success_time,pay_over_time,qr_code_url,create_time,update_time,creater,updater,is_delete FROM pay_order WHERE id=?
16:01:36:564 DEBUG 24388 --- [http-nio-8086-exec-2] c.h.p.mapper.PayOrderMapper.selectById   : ==> Parameters: 2047585813122252802(Long)
16:01:36:566 DEBUG 24388 --- [http-nio-8086-exec-2] c.h.p.mapper.PayOrderMapper.selectById   : <==      Total: 1
16:01:36:570  WARN 24388 --- [http-nio-8086-exec-2] o.s.c.l.core.RoundRobinLoadBalancer      : No servers available for service: user-service
16:01:36:570  WARN 24388 --- [http-nio-8086-exec-2] .s.c.o.l.FeignBlockingLoadBalancerClient : Load balancer does not contain an instance for the service user-service
16:01:36:576 ERROR 24388 --- [http-nio-8086-exec-2] o.a.c.c.C.[.[.[/].[dispatcherServlet]    : Servlet.service() for servlet [dispatcherServlet] in context with path [] threw exception [Request processing failed; nested exception is feign.FeignException$ServiceUnavailable: [503] during [PUT] to [http://user-service/users/money/deduct?pw=123&amount=87900] [UserClient#deductMoney(String,Integer)]: [Load balancer does not contain an instance for the service user-service]] with root cause

feign.FeignException$ServiceUnavailable: [503] during [PUT] to [http://user-service/users/money/deduct?pw=123&amount=87900] [UserClient#deductMoney(String,Integer)]: [Load balancer does not contain an instance for the service user-service]
	at feign.FeignException.serverErrorStatus(FeignException.java:256) ~[feign-core-11.8.jar:na]
	at feign.FeignException.errorStatus(FeignException.java:197) ~[feign-core-11.8.jar:na]
	at feign.FeignException.errorStatus(FeignException.java:185) ~[feign-core-11.8.jar:na]
	at feign.codec.ErrorDecoder$Default.decode(ErrorDecoder.java:92) ~[feign-core-11.8.jar:na]
	at feign.AsyncResponseHandler.handleResponse(AsyncResponseHandler.java:96) ~[feign-core-11.8.jar:na]
	at feign.SynchronousMethodHandler.executeAndDecode(SynchronousMethodHandler.java:138) ~[feign-core-11.8.jar:na]
	at feign.SynchronousMethodHandler.invoke(SynchronousMethodHandler.java:89) ~[feign-core-11.8.jar:na]
	at feign.ReflectiveFeign$FeignInvocationHandler.invoke(ReflectiveFeign.java:100) ~[feign-core-11.8.jar:na]
	at com.sun.proxy.$Proxy100.deductMoney(Unknown Source) ~[na:na]
	at com.hmall.pay.service.impl.PayOrderServiceImpl.tryPayOrderByBalance(PayOrderServiceImpl.java:56) ~[classes/:na]
	at com.hmall.pay.service.impl.PayOrderServiceImpl$$FastClassBySpringCGLIB$$b2062e7f.invoke(<generated>) ~[classes/:na]
	at org.springframework.cglib.proxy.MethodProxy.invoke(MethodProxy.java:218) ~[spring-core-5.3.27.jar:5.3.27]
	at org.springframework.aop.framework.CglibAopProxy$CglibMethodInvocation.invokeJoinpoint(CglibAopProxy.java:793) ~[spring-aop-5.3.27.jar:5.3.27]
	at org.springframework.aop.framework.ReflectiveMethodInvocation.proceed(ReflectiveMethodInvocation.java:163) ~[spring-aop-5.3.27.jar:5.3.27]
	at org.springframework.aop.framework.CglibAopProxy$CglibMethodInvocation.proceed(CglibAopProxy.java:763) ~[spring-aop-5.3.27.jar:5.3.27]
	at org.springframework.transaction.interceptor.TransactionInterceptor$1.proceedWithInvocation(TransactionInterceptor.java:123) ~[spring-tx-5.3.27.jar:5.3.27]
	at org.springframework.transaction.interceptor.TransactionAspectSupport.invokeWithinTransaction(TransactionAspectSupport.java:388) ~[spring-tx-5.3.27.jar:5.3.27]
	at org.springframework.transaction.interceptor.TransactionInterceptor.invoke(TransactionInterceptor.java:119) ~[spring-tx-5.3.27.jar:5.3.27]
	at org.springframework.aop.framework.ReflectiveMethodInvocation.proceed(ReflectiveMethodInvocation.java:186) ~[spring-aop-5.3.27.jar:5.3.27]
	at org.springframework.aop.framework.CglibAopProxy$CglibMethodInvocation.proceed(CglibAopProxy.java:763) ~[spring-aop-5.3.27.jar:5.3.27]
	at org.springframework.aop.framework.CglibAopProxy$DynamicAdvisedInterceptor.intercept(CglibAopProxy.java:708) ~[spring-aop-5.3.27.jar:5.3.27]
	at com.hmall.pay.service.impl.PayOrderServiceImpl$$EnhancerBySpringCGLIB$$7fdeea8f.tryPayOrderByBalance(<generated>) ~[classes/:na]
	at com.hmall.pay.controller.PayController.tryPayOrderByBalance(PayController.java:42) ~[classes/:na]
	at java.base/jdk.internal.reflect.NativeMethodAccessorImpl.invoke0(Native Method) ~[na:na]
	at java.base/jdk.internal.reflect.NativeMethodAccessorImpl.invoke(NativeMethodAccessorImpl.java:62) ~[na:na]
	at java.base/jdk.internal.reflect.DelegatingMethodAccessorImpl.invoke(DelegatingMethodAccessorImpl.java:43) ~[na:na]
	at java.base/java.lang.reflect.Method.invoke(Method.java:566) ~[na:na]
	at org.springframework.web.method.support.InvocableHandlerMethod.doInvoke(InvocableHandlerMethod.java:205) ~[spring-web-5.3.27.jar:5.3.27]
	at org.springframework.web.method.support.InvocableHandlerMethod.invokeForRequest(InvocableHandlerMethod.java:150) ~[spring-web-5.3.27.jar:5.3.27]
	at org.springframework.web.servlet.mvc.method.annotation.ServletInvocableHandlerMethod.invokeAndHandle(ServletInvocableHandlerMethod.java:117) ~[spring-webmvc-5.3.27.jar:5.3.27]
	at org.springframework.web.servlet.mvc.method.annotation.RequestMappingHandlerAdapter.invokeHandlerMethod(RequestMappingHandlerAdapter.java:895) ~[spring-webmvc-5.3.27.jar:5.3.27]
	at org.springframework.web.servlet.mvc.method.annotation.RequestMappingHandlerAdapter.handleInternal(RequestMappingHandlerAdapter.java:808) ~[spring-webmvc-5.3.27.jar:5.3.27]
	at org.springframework.web.servlet.mvc.method.AbstractHandlerMethodAdapter.handle(AbstractHandlerMethodAdapter.java:87) ~[spring-webmvc-5.3.27.jar:5.3.27]
	at org.springframework.web.servlet.DispatcherServlet.doDispatch(DispatcherServlet.java:1072) ~[spring-webmvc-5.3.27.jar:5.3.27]
	at org.springframework.web.servlet.DispatcherServlet.doService(DispatcherServlet.java:965) ~[spring-webmvc-5.3.27.jar:5.3.27]
	at org.springframework.web.servlet.FrameworkServlet.processRequest(FrameworkServlet.java:1006) ~[spring-webmvc-5.3.27.jar:5.3.27]
	at org.springframework.web.servlet.FrameworkServlet.doPost(FrameworkServlet.java:909) ~[spring-webmvc-5.3.27.jar:5.3.27]
	at javax.servlet.http.HttpServlet.service(HttpServlet.java:555) ~[tomcat-embed-core-9.0.75.jar:4.0.FR]
	at org.springframework.web.servlet.FrameworkServlet.service(FrameworkServlet.java:883) ~[spring-webmvc-5.3.27.jar:5.3.27]
	at javax.servlet.http.HttpServlet.service(HttpServlet.java:623) ~[tomcat-embed-core-9.0.75.jar:4.0.FR]
	at org.apache.catalina.core.ApplicationFilterChain.internalDoFilter(ApplicationFilterChain.java:209) ~[tomcat-embed-core-9.0.75.jar:9.0.75]
	at org.apache.catalina.core.ApplicationFilterChain.doFilter(ApplicationFilterChain.java:153) ~[tomcat-embed-core-9.0.75.jar:9.0.75]
	at org.apache.tomcat.websocket.server.WsFilter.doFilter(WsFilter.java:51) ~[tomcat-embed-websocket-9.0.75.jar:9.0.75]
	at org.apache.catalina.core.ApplicationFilterChain.internalDoFilter(ApplicationFilterChain.java:178) ~[tomcat-embed-core-9.0.75.jar:9.0.75]
	at org.apache.catalina.core.ApplicationFilterChain.doFilter(ApplicationFilterChain.java:153) ~[tomcat-embed-core-9.0.75.jar:9.0.75]
	at org.springframework.web.filter.RequestContextFilter.doFilterInternal(RequestContextFilter.java:100) ~[spring-web-5.3.27.jar:5.3.27]
	at org.springframework.web.filter.OncePerRequestFilter.doFilter(OncePerRequestFilter.java:117) ~[spring-web-5.3.27.jar:5.3.27]
	at org.apache.catalina.core.ApplicationFilterChain.internalDoFilter(ApplicationFilterChain.java:178) ~[tomcat-embed-core-9.0.75.jar:9.0.75]
	at org.apache.catalina.core.ApplicationFilterChain.doFilter(ApplicationFilterChain.java:153) ~[tomcat-embed-core-9.0.75.jar:9.0.75]
	at org.springframework.web.filter.FormContentFilter.doFilterInternal(FormContentFilter.java:93) ~[spring-web-5.3.27.jar:5.3.27]
	at org.springframework.web.filter.OncePerRequestFilter.doFilter(OncePerRequestFilter.java:117) ~[spring-web-5.3.27.jar:5.3.27]
	at org.apache.catalina.core.ApplicationFilterChain.internalDoFilter(ApplicationFilterChain.java:178) ~[tomcat-embed-core-9.0.75.jar:9.0.75]
	at org.apache.catalina.core.ApplicationFilterChain.doFilter(ApplicationFilterChain.java:153) ~[tomcat-embed-core-9.0.75.jar:9.0.75]
	at org.springframework.web.filter.CharacterEncodingFilter.doFilterInternal(CharacterEncodingFilter.java:201) ~[spring-web-5.3.27.jar:5.3.27]
	at org.springframework.web.filter.OncePerRequestFilter.doFilter(OncePerRequestFilter.java:117) ~[spring-web-5.3.27.jar:5.3.27]
	at org.apache.catalina.core.ApplicationFilterChain.internalDoFilter(ApplicationFilterChain.java:178) ~[tomcat-embed-core-9.0.75.jar:9.0.75]
	at org.apache.catalina.core.ApplicationFilterChain.doFilter(ApplicationFilterChain.java:153) ~[tomcat-embed-core-9.0.75.jar:9.0.75]
	at org.apache.catalina.core.StandardWrapperValve.invoke(StandardWrapperValve.java:167) ~[tomcat-embed-core-9.0.75.jar:9.0.75]
	at org.apache.catalina.core.StandardContextValve.invoke(StandardContextValve.java:90) ~[tomcat-embed-core-9.0.75.jar:9.0.75]
	at org.apache.catalina.authenticator.AuthenticatorBase.invoke(AuthenticatorBase.java:481) ~[tomcat-embed-core-9.0.75.jar:9.0.75]
	at org.apache.catalina.core.StandardHostValve.invoke(StandardHostValve.java:130) ~[tomcat-embed-core-9.0.75.jar:9.0.75]
	at org.apache.catalina.valves.ErrorReportValve.invoke(ErrorReportValve.java:93) ~[tomcat-embed-core-9.0.75.jar:9.0.75]
	at org.apache.catalina.core.StandardEngineValve.invoke(StandardEngineValve.java:74) ~[tomcat-embed-core-9.0.75.jar:9.0.75]
	at org.apache.catalina.connector.CoyoteAdapter.service(CoyoteAdapter.java:343) ~[tomcat-embed-core-9.0.75.jar:9.0.75]
	at org.apache.coyote.http11.Http11Processor.service(Http11Processor.java:390) ~[tomcat-embed-core-9.0.75.jar:9.0.75]
	at org.apache.coyote.AbstractProcessorLight.process(AbstractProcessorLight.java:63) ~[tomcat-embed-core-9.0.75.jar:9.0.75]
	at org.apache.coyote.AbstractProtocol$ConnectionHandler.process(AbstractProtocol.java:926) ~[tomcat-embed-core-9.0.75.jar:9.0.75]
	at org.apache.tomcat.util.net.NioEndpoint$SocketProcessor.doRun(NioEndpoint.java:1791) ~[tomcat-embed-core-9.0.75.jar:9.0.75]
	at org.apache.tomcat.util.net.SocketProcessorBase.run(SocketProcessorBase.java:52) ~[tomcat-embed-core-9.0.75.jar:9.0.75]
	at org.apache.tomcat.util.threads.ThreadPoolExecutor.runWorker(ThreadPoolExecutor.java:1191) ~[tomcat-embed-core-9.0.75.jar:9.0.75]
	at org.apache.tomcat.util.threads.ThreadPoolExecutor$Worker.run(ThreadPoolExecutor.java:659) ~[tomcat-embed-core-9.0.75.jar:9.0.75]
	at org.apache.tomcat.util.threads.TaskThread$WrappingRunnable.run(TaskThread.java:61) ~[tomcat-embed-core-9.0.75.jar:9.0.75]
	at java.base/java.lang.Thread.run(Thread.java:829) ~[na:na]

16:01:51:619 DEBUG 24388 --- [http-nio-8086-exec-3] c.h.p.mapper.PayOrderMapper.selectById   : ==>  Preparing: SELECT id,biz_order_no,pay_order_no,biz_user_id,pay_channel_code,amount,pay_type,status,expand_json,result_code,result_msg,pay_success_time,pay_over_time,qr_code_url,create_time,update_time,creater,updater,is_delete FROM pay_order WHERE id=?
16:01:51:619 DEBUG 24388 --- [http-nio-8086-exec-3] c.h.p.mapper.PayOrderMapper.selectById   : ==> Parameters: 2047585813122252802(Long)
16:01:51:621 DEBUG 24388 --- [http-nio-8086-exec-3] c.h.p.mapper.PayOrderMapper.selectById   : <==      Total: 1
16:01:51:624  WARN 24388 --- [http-nio-8086-exec-3] o.s.c.l.core.RoundRobinLoadBalancer      : No servers available for service: user-service
16:01:51:624  WARN 24388 --- [http-nio-8086-exec-3] .s.c.o.l.FeignBlockingLoadBalancerClient : Load balancer does not contain an instance for the service user-service
16:01:51:626 ERROR 24388 --- [http-nio-8086-exec-3] o.a.c.c.C.[.[.[/].[dispatcherServlet]    : Servlet.service() for servlet [dispatcherServlet] in context with path [] threw exception [Request processing failed; nested exception is feign.FeignException$ServiceUnavailable: [503] during [PUT] to [http://user-service/users/money/deduct?pw=123&amount=87900] [UserClient#deductMoney(String,Integer)]: [Load balancer does not contain an instance for the service user-service]] with root cause

feign.FeignException$ServiceUnavailable: [503] during [PUT] to [http://user-service/users/money/deduct?pw=123&amount=87900] [UserClient#deductMoney(String,Integer)]: [Load balancer does not contain an instance for the service user-service]
	at feign.FeignException.serverErrorStatus(FeignException.java:256) ~[feign-core-11.8.jar:na]
	at feign.FeignException.errorStatus(FeignException.java:197) ~[feign-core-11.8.jar:na]
	at feign.FeignException.errorStatus(FeignException.java:185) ~[feign-core-11.8.jar:na]
	at feign.codec.ErrorDecoder$Default.decode(ErrorDecoder.java:92) ~[feign-core-11.8.jar:na]
	at feign.AsyncResponseHandler.handleResponse(AsyncResponseHandler.java:96) ~[feign-core-11.8.jar:na]
	at feign.SynchronousMethodHandler.executeAndDecode(SynchronousMethodHandler.java:138) ~[feign-core-11.8.jar:na]
	at feign.SynchronousMethodHandler.invoke(SynchronousMethodHandler.java:89) ~[feign-core-11.8.jar:na]
	at feign.ReflectiveFeign$FeignInvocationHandler.invoke(ReflectiveFeign.java:100) ~[feign-core-11.8.jar:na]
	at com.sun.proxy.$Proxy100.deductMoney(Unknown Source) ~[na:na]
	at com.hmall.pay.service.impl.PayOrderServiceImpl.tryPayOrderByBalance(PayOrderServiceImpl.java:56) ~[classes/:na]
	at com.hmall.pay.service.impl.PayOrderServiceImpl$$FastClassBySpringCGLIB$$b2062e7f.invoke(<generated>) ~[classes/:na]
	at org.springframework.cglib.proxy.MethodProxy.invoke(MethodProxy.java:218) ~[spring-core-5.3.27.jar:5.3.27]
	at org.springframework.aop.framework.CglibAopProxy$CglibMethodInvocation.invokeJoinpoint(CglibAopProxy.java:793) ~[spring-aop-5.3.27.jar:5.3.27]
	at org.springframework.aop.framework.ReflectiveMethodInvocation.proceed(ReflectiveMethodInvocation.java:163) ~[spring-aop-5.3.27.jar:5.3.27]
	at org.springframework.aop.framework.CglibAopProxy$CglibMethodInvocation.proceed(CglibAopProxy.java:763) ~[spring-aop-5.3.27.jar:5.3.27]
	at org.springframework.transaction.interceptor.TransactionInterceptor$1.proceedWithInvocation(TransactionInterceptor.java:123) ~[spring-tx-5.3.27.jar:5.3.27]
	at org.springframework.transaction.interceptor.TransactionAspectSupport.invokeWithinTransaction(TransactionAspectSupport.java:388) ~[spring-tx-5.3.27.jar:5.3.27]
	at org.springframework.transaction.interceptor.TransactionInterceptor.invoke(TransactionInterceptor.java:119) ~[spring-tx-5.3.27.jar:5.3.27]
	at org.springframework.aop.framework.ReflectiveMethodInvocation.proceed(ReflectiveMethodInvocation.java:186) ~[spring-aop-5.3.27.jar:5.3.27]
	at org.springframework.aop.framework.CglibAopProxy$CglibMethodInvocation.proceed(CglibAopProxy.java:763) ~[spring-aop-5.3.27.jar:5.3.27]
	at org.springframework.aop.framework.CglibAopProxy$DynamicAdvisedInterceptor.intercept(CglibAopProxy.java:708) ~[spring-aop-5.3.27.jar:5.3.27]
	at com.hmall.pay.service.impl.PayOrderServiceImpl$$EnhancerBySpringCGLIB$$7fdeea8f.tryPayOrderByBalance(<generated>) ~[classes/:na]
	at com.hmall.pay.controller.PayController.tryPayOrderByBalance(PayController.java:42) ~[classes/:na]
	at java.base/jdk.internal.reflect.NativeMethodAccessorImpl.invoke0(Native Method) ~[na:na]
	at java.base/jdk.internal.reflect.NativeMethodAccessorImpl.invoke(NativeMethodAccessorImpl.java:62) ~[na:na]
	at java.base/jdk.internal.reflect.DelegatingMethodAccessorImpl.invoke(DelegatingMethodAccessorImpl.java:43) ~[na:na]
	at java.base/java.lang.reflect.Method.invoke(Method.java:566) ~[na:na]
	at org.springframework.web.method.support.InvocableHandlerMethod.doInvoke(InvocableHandlerMethod.java:205) ~[spring-web-5.3.27.jar:5.3.27]
	at org.springframework.web.method.support.InvocableHandlerMethod.invokeForRequest(InvocableHandlerMethod.java:150) ~[spring-web-5.3.27.jar:5.3.27]
	at org.springframework.web.servlet.mvc.method.annotation.ServletInvocableHandlerMethod.invokeAndHandle(ServletInvocableHandlerMethod.java:117) ~[spring-webmvc-5.3.27.jar:5.3.27]
	at org.springframework.web.servlet.mvc.method.annotation.RequestMappingHandlerAdapter.invokeHandlerMethod(RequestMappingHandlerAdapter.java:895) ~[spring-webmvc-5.3.27.jar:5.3.27]
	at org.springframework.web.servlet.mvc.method.annotation.RequestMappingHandlerAdapter.handleInternal(RequestMappingHandlerAdapter.java:808) ~[spring-webmvc-5.3.27.jar:5.3.27]
	at org.springframework.web.servlet.mvc.method.AbstractHandlerMethodAdapter.handle(AbstractHandlerMethodAdapter.java:87) ~[spring-webmvc-5.3.27.jar:5.3.27]
	at org.springframework.web.servlet.DispatcherServlet.doDispatch(DispatcherServlet.java:1072) ~[spring-webmvc-5.3.27.jar:5.3.27]
	at org.springframework.web.servlet.DispatcherServlet.doService(DispatcherServlet.java:965) ~[spring-webmvc-5.3.27.jar:5.3.27]
	at org.springframework.web.servlet.FrameworkServlet.processRequest(FrameworkServlet.java:1006) ~[spring-webmvc-5.3.27.jar:5.3.27]
	at org.springframework.web.servlet.FrameworkServlet.doPost(FrameworkServlet.java:909) ~[spring-webmvc-5.3.27.jar:5.3.27]
	at javax.servlet.http.HttpServlet.service(HttpServlet.java:555) ~[tomcat-embed-core-9.0.75.jar:4.0.FR]
	at org.springframework.web.servlet.FrameworkServlet.service(FrameworkServlet.java:883) ~[spring-webmvc-5.3.27.jar:5.3.27]
	at javax.servlet.http.HttpServlet.service(HttpServlet.java:623) ~[tomcat-embed-core-9.0.75.jar:4.0.FR]
	at org.apache.catalina.core.ApplicationFilterChain.internalDoFilter(ApplicationFilterChain.java:209) ~[tomcat-embed-core-9.0.75.jar:9.0.75]
	at org.apache.catalina.core.ApplicationFilterChain.doFilter(ApplicationFilterChain.java:153) ~[tomcat-embed-core-9.0.75.jar:9.0.75]
	at org.apache.tomcat.websocket.server.WsFilter.doFilter(WsFilter.java:51) ~[tomcat-embed-websocket-9.0.75.jar:9.0.75]
	at org.apache.catalina.core.ApplicationFilterChain.internalDoFilter(ApplicationFilterChain.java:178) ~[tomcat-embed-core-9.0.75.jar:9.0.75]
	at org.apache.catalina.core.ApplicationFilterChain.doFilter(ApplicationFilterChain.java:153) ~[tomcat-embed-core-9.0.75.jar:9.0.75]
	at org.springframework.web.filter.RequestContextFilter.doFilterInternal(RequestContextFilter.java:100) ~[spring-web-5.3.27.jar:5.3.27]
	at org.springframework.web.filter.OncePerRequestFilter.doFilter(OncePerRequestFilter.java:117) ~[spring-web-5.3.27.jar:5.3.27]
	at org.apache.catalina.core.ApplicationFilterChain.internalDoFilter(ApplicationFilterChain.java:178) ~[tomcat-embed-core-9.0.75.jar:9.0.75]
	at org.apache.catalina.core.ApplicationFilterChain.doFilter(ApplicationFilterChain.java:153) ~[tomcat-embed-core-9.0.75.jar:9.0.75]
	at org.springframework.web.filter.FormContentFilter.doFilterInternal(FormContentFilter.java:93) ~[spring-web-5.3.27.jar:5.3.27]
	at org.springframework.web.filter.OncePerRequestFilter.doFilter(OncePerRequestFilter.java:117) ~[spring-web-5.3.27.jar:5.3.27]
	at org.apache.catalina.core.ApplicationFilterChain.internalDoFilter(ApplicationFilterChain.java:178) ~[tomcat-embed-core-9.0.75.jar:9.0.75]
	at org.apache.catalina.core.ApplicationFilterChain.doFilter(ApplicationFilterChain.java:153) ~[tomcat-embed-core-9.0.75.jar:9.0.75]
	at org.springframework.web.filter.CharacterEncodingFilter.doFilterInternal(CharacterEncodingFilter.java:201) ~[spring-web-5.3.27.jar:5.3.27]
	at org.springframework.web.filter.OncePerRequestFilter.doFilter(OncePerRequestFilter.java:117) ~[spring-web-5.3.27.jar:5.3.27]
	at org.apache.catalina.core.ApplicationFilterChain.internalDoFilter(ApplicationFilterChain.java:178) ~[tomcat-embed-core-9.0.75.jar:9.0.75]
	at org.apache.catalina.core.ApplicationFilterChain.doFilter(ApplicationFilterChain.java:153) ~[tomcat-embed-core-9.0.75.jar:9.0.75]
	at org.apache.catalina.core.StandardWrapperValve.invoke(StandardWrapperValve.java:167) ~[tomcat-embed-core-9.0.75.jar:9.0.75]
	at org.apache.catalina.core.StandardContextValve.invoke(StandardContextValve.java:90) ~[tomcat-embed-core-9.0.75.jar:9.0.75]
	at org.apache.catalina.authenticator.AuthenticatorBase.invoke(AuthenticatorBase.java:481) ~[tomcat-embed-core-9.0.75.jar:9.0.75]
	at org.apache.catalina.core.StandardHostValve.invoke(StandardHostValve.java:130) ~[tomcat-embed-core-9.0.75.jar:9.0.75]
	at org.apache.catalina.valves.ErrorReportValve.invoke(ErrorReportValve.java:93) ~[tomcat-embed-core-9.0.75.jar:9.0.75]
	at org.apache.catalina.core.StandardEngineValve.invoke(StandardEngineValve.java:74) ~[tomcat-embed-core-9.0.75.jar:9.0.75]
	at org.apache.catalina.connector.CoyoteAdapter.service(CoyoteAdapter.java:343) ~[tomcat-embed-core-9.0.75.jar:9.0.75]
	at org.apache.coyote.http11.Http11Processor.service(Http11Processor.java:390) ~[tomcat-embed-core-9.0.75.jar:9.0.75]
	at org.apache.coyote.AbstractProcessorLight.process(AbstractProcessorLight.java:63) ~[tomcat-embed-core-9.0.75.jar:9.0.75]
	at org.apache.coyote.AbstractProtocol$ConnectionHandler.process(AbstractProtocol.java:926) ~[tomcat-embed-core-9.0.75.jar:9.0.75]
	at org.apache.tomcat.util.net.NioEndpoint$SocketProcessor.doRun(NioEndpoint.java:1791) ~[tomcat-embed-core-9.0.75.jar:9.0.75]
	at org.apache.tomcat.util.net.SocketProcessorBase.run(SocketProcessorBase.java:52) ~[tomcat-embed-core-9.0.75.jar:9.0.75]
	at org.apache.tomcat.util.threads.ThreadPoolExecutor.runWorker(ThreadPoolExecutor.java:1191) ~[tomcat-embed-core-9.0.75.jar:9.0.75]
	at org.apache.tomcat.util.threads.ThreadPoolExecutor$Worker.run(ThreadPoolExecutor.java:659) ~[tomcat-embed-core-9.0.75.jar:9.0.75]
	at org.apache.tomcat.util.threads.TaskThread$WrappingRunnable.run(TaskThread.java:61) ~[tomcat-embed-core-9.0.75.jar:9.0.75]
	at java.base/java.lang.Thread.run(Thread.java:829) ~[na:na]

16:01:55:304 DEBUG 24388 --- [http-nio-8086-exec-4] c.h.pay.mapper.PayOrderMapper.selectOne  : ==>  Preparing: SELECT id,biz_order_no,pay_order_no,biz_user_id,pay_channel_code,amount,pay_type,status,expand_json,result_code,result_msg,pay_success_time,pay_over_time,qr_code_url,create_time,update_time,creater,updater,is_delete FROM pay_order WHERE (biz_order_no = ?)
16:01:55:304 DEBUG 24388 --- [http-nio-8086-exec-4] c.h.pay.mapper.PayOrderMapper.selectOne  : ==> Parameters: 2047585807766233089(Long)
16:01:55:307 DEBUG 24388 --- [http-nio-8086-exec-4] c.h.pay.mapper.PayOrderMapper.selectOne  : <==      Total: 1
16:01:58:065 DEBUG 24388 --- [http-nio-8086-exec-5] c.h.p.mapper.PayOrderMapper.selectById   : ==>  Preparing: SELECT id,biz_order_no,pay_order_no,biz_user_id,pay_channel_code,amount,pay_type,status,expand_json,result_code,result_msg,pay_success_time,pay_over_time,qr_code_url,create_time,update_time,creater,updater,is_delete FROM pay_order WHERE id=?
16:01:58:065 DEBUG 24388 --- [http-nio-8086-exec-5] c.h.p.mapper.PayOrderMapper.selectById   : ==> Parameters: 2047585813122252802(Long)
16:01:58:067 DEBUG 24388 --- [http-nio-8086-exec-5] c.h.p.mapper.PayOrderMapper.selectById   : <==      Total: 1
16:01:58:068  WARN 24388 --- [http-nio-8086-exec-5] o.s.c.l.core.RoundRobinLoadBalancer      : No servers available for service: user-service
16:01:58:068  WARN 24388 --- [http-nio-8086-exec-5] .s.c.o.l.FeignBlockingLoadBalancerClient : Load balancer does not contain an instance for the service user-service
16:01:58:070 ERROR 24388 --- [http-nio-8086-exec-5] o.a.c.c.C.[.[.[/].[dispatcherServlet]    : Servlet.service() for servlet [dispatcherServlet] in context with path [] threw exception [Request processing failed; nested exception is feign.FeignException$ServiceUnavailable: [503] during [PUT] to [http://user-service/users/money/deduct?pw=123&amount=87900] [UserClient#deductMoney(String,Integer)]: [Load balancer does not contain an instance for the service user-service]] with root cause

feign.FeignException$ServiceUnavailable: [503] during [PUT] to [http://user-service/users/money/deduct?pw=123&amount=87900] [UserClient#deductMoney(String,Integer)]: [Load balancer does not contain an instance for the service user-service]
	at feign.FeignException.serverErrorStatus(FeignException.java:256) ~[feign-core-11.8.jar:na]
	at feign.FeignException.errorStatus(FeignException.java:197) ~[feign-core-11.8.jar:na]
	at feign.FeignException.errorStatus(FeignException.java:185) ~[feign-core-11.8.jar:na]
	at feign.codec.ErrorDecoder$Default.decode(ErrorDecoder.java:92) ~[feign-core-11.8.jar:na]
	at feign.AsyncResponseHandler.handleResponse(AsyncResponseHandler.java:96) ~[feign-core-11.8.jar:na]
	at feign.SynchronousMethodHandler.executeAndDecode(SynchronousMethodHandler.java:138) ~[feign-core-11.8.jar:na]
	at feign.SynchronousMethodHandler.invoke(SynchronousMethodHandler.java:89) ~[feign-core-11.8.jar:na]
	at feign.ReflectiveFeign$FeignInvocationHandler.invoke(ReflectiveFeign.java:100) ~[feign-core-11.8.jar:na]
	at com.sun.proxy.$Proxy100.deductMoney(Unknown Source) ~[na:na]
	at com.hmall.pay.service.impl.PayOrderServiceImpl.tryPayOrderByBalance(PayOrderServiceImpl.java:56) ~[classes/:na]
	at com.hmall.pay.service.impl.PayOrderServiceImpl$$FastClassBySpringCGLIB$$b2062e7f.invoke(<generated>) ~[classes/:na]
	at org.springframework.cglib.proxy.MethodProxy.invoke(MethodProxy.java:218) ~[spring-core-5.3.27.jar:5.3.27]
	at org.springframework.aop.framework.CglibAopProxy$CglibMethodInvocation.invokeJoinpoint(CglibAopProxy.java:793) ~[spring-aop-5.3.27.jar:5.3.27]
	at org.springframework.aop.framework.ReflectiveMethodInvocation.proceed(ReflectiveMethodInvocation.java:163) ~[spring-aop-5.3.27.jar:5.3.27]
	at org.springframework.aop.framework.CglibAopProxy$CglibMethodInvocation.proceed(CglibAopProxy.java:763) ~[spring-aop-5.3.27.jar:5.3.27]
	at org.springframework.transaction.interceptor.TransactionInterceptor$1.proceedWithInvocation(TransactionInterceptor.java:123) ~[spring-tx-5.3.27.jar:5.3.27]
	at org.springframework.transaction.interceptor.TransactionAspectSupport.invokeWithinTransaction(TransactionAspectSupport.java:388) ~[spring-tx-5.3.27.jar:5.3.27]
	at org.springframework.transaction.interceptor.TransactionInterceptor.invoke(TransactionInterceptor.java:119) ~[spring-tx-5.3.27.jar:5.3.27]
	at org.springframework.aop.framework.ReflectiveMethodInvocation.proceed(ReflectiveMethodInvocation.java:186) ~[spring-aop-5.3.27.jar:5.3.27]
	at org.springframework.aop.framework.CglibAopProxy$CglibMethodInvocation.proceed(CglibAopProxy.java:763) ~[spring-aop-5.3.27.jar:5.3.27]
	at org.springframework.aop.framework.CglibAopProxy$DynamicAdvisedInterceptor.intercept(CglibAopProxy.java:708) ~[spring-aop-5.3.27.jar:5.3.27]
	at com.hmall.pay.service.impl.PayOrderServiceImpl$$EnhancerBySpringCGLIB$$7fdeea8f.tryPayOrderByBalance(<generated>) ~[classes/:na]
	at com.hmall.pay.controller.PayController.tryPayOrderByBalance(PayController.java:42) ~[classes/:na]
	at java.base/jdk.internal.reflect.NativeMethodAccessorImpl.invoke0(Native Method) ~[na:na]
	at java.base/jdk.internal.reflect.NativeMethodAccessorImpl.invoke(NativeMethodAccessorImpl.java:62) ~[na:na]
	at java.base/jdk.internal.reflect.DelegatingMethodAccessorImpl.invoke(DelegatingMethodAccessorImpl.java:43) ~[na:na]
	at java.base/java.lang.reflect.Method.invoke(Method.java:566) ~[na:na]
	at org.springframework.web.method.support.InvocableHandlerMethod.doInvoke(InvocableHandlerMethod.java:205) ~[spring-web-5.3.27.jar:5.3.27]
	at org.springframework.web.method.support.InvocableHandlerMethod.invokeForRequest(InvocableHandlerMethod.java:150) ~[spring-web-5.3.27.jar:5.3.27]
	at org.springframework.web.servlet.mvc.method.annotation.ServletInvocableHandlerMethod.invokeAndHandle(ServletInvocableHandlerMethod.java:117) ~[spring-webmvc-5.3.27.jar:5.3.27]
	at org.springframework.web.servlet.mvc.method.annotation.RequestMappingHandlerAdapter.invokeHandlerMethod(RequestMappingHandlerAdapter.java:895) ~[spring-webmvc-5.3.27.jar:5.3.27]
	at org.springframework.web.servlet.mvc.method.annotation.RequestMappingHandlerAdapter.handleInternal(RequestMappingHandlerAdapter.java:808) ~[spring-webmvc-5.3.27.jar:5.3.27]
	at org.springframework.web.servlet.mvc.method.AbstractHandlerMethodAdapter.handle(AbstractHandlerMethodAdapter.java:87) ~[spring-webmvc-5.3.27.jar:5.3.27]
	at org.springframework.web.servlet.DispatcherServlet.doDispatch(DispatcherServlet.java:1072) ~[spring-webmvc-5.3.27.jar:5.3.27]
	at org.springframework.web.servlet.DispatcherServlet.doService(DispatcherServlet.java:965) ~[spring-webmvc-5.3.27.jar:5.3.27]
	at org.springframework.web.servlet.FrameworkServlet.processRequest(FrameworkServlet.java:1006) ~[spring-webmvc-5.3.27.jar:5.3.27]
	at org.springframework.web.servlet.FrameworkServlet.doPost(FrameworkServlet.java:909) ~[spring-webmvc-5.3.27.jar:5.3.27]
	at javax.servlet.http.HttpServlet.service(HttpServlet.java:555) ~[tomcat-embed-core-9.0.75.jar:4.0.FR]
	at org.springframework.web.servlet.FrameworkServlet.service(FrameworkServlet.java:883) ~[spring-webmvc-5.3.27.jar:5.3.27]
	at javax.servlet.http.HttpServlet.service(HttpServlet.java:623) ~[tomcat-embed-core-9.0.75.jar:4.0.FR]
	at org.apache.catalina.core.ApplicationFilterChain.internalDoFilter(ApplicationFilterChain.java:209) ~[tomcat-embed-core-9.0.75.jar:9.0.75]
	at org.apache.catalina.core.ApplicationFilterChain.doFilter(ApplicationFilterChain.java:153) ~[tomcat-embed-core-9.0.75.jar:9.0.75]
	at org.apache.tomcat.websocket.server.WsFilter.doFilter(WsFilter.java:51) ~[tomcat-embed-websocket-9.0.75.jar:9.0.75]
	at org.apache.catalina.core.ApplicationFilterChain.internalDoFilter(ApplicationFilterChain.java:178) ~[tomcat-embed-core-9.0.75.jar:9.0.75]
	at org.apache.catalina.core.ApplicationFilterChain.doFilter(ApplicationFilterChain.java:153) ~[tomcat-embed-core-9.0.75.jar:9.0.75]
	at org.springframework.web.filter.RequestContextFilter.doFilterInternal(RequestContextFilter.java:100) ~[spring-web-5.3.27.jar:5.3.27]
	at org.springframework.web.filter.OncePerRequestFilter.doFilter(OncePerRequestFilter.java:117) ~[spring-web-5.3.27.jar:5.3.27]
	at org.apache.catalina.core.ApplicationFilterChain.internalDoFilter(ApplicationFilterChain.java:178) ~[tomcat-embed-core-9.0.75.jar:9.0.75]
	at org.apache.catalina.core.ApplicationFilterChain.doFilter(ApplicationFilterChain.java:153) ~[tomcat-embed-core-9.0.75.jar:9.0.75]
	at org.springframework.web.filter.FormContentFilter.doFilterInternal(FormContentFilter.java:93) ~[spring-web-5.3.27.jar:5.3.27]
	at org.springframework.web.filter.OncePerRequestFilter.doFilter(OncePerRequestFilter.java:117) ~[spring-web-5.3.27.jar:5.3.27]
	at org.apache.catalina.core.ApplicationFilterChain.internalDoFilter(ApplicationFilterChain.java:178) ~[tomcat-embed-core-9.0.75.jar:9.0.75]
	at org.apache.catalina.core.ApplicationFilterChain.doFilter(ApplicationFilterChain.java:153) ~[tomcat-embed-core-9.0.75.jar:9.0.75]
	at org.springframework.web.filter.CharacterEncodingFilter.doFilterInternal(CharacterEncodingFilter.java:201) ~[spring-web-5.3.27.jar:5.3.27]
	at org.springframework.web.filter.OncePerRequestFilter.doFilter(OncePerRequestFilter.java:117) ~[spring-web-5.3.27.jar:5.3.27]
	at org.apache.catalina.core.ApplicationFilterChain.internalDoFilter(ApplicationFilterChain.java:178) ~[tomcat-embed-core-9.0.75.jar:9.0.75]
	at org.apache.catalina.core.ApplicationFilterChain.doFilter(ApplicationFilterChain.java:153) ~[tomcat-embed-core-9.0.75.jar:9.0.75]
	at org.apache.catalina.core.StandardWrapperValve.invoke(StandardWrapperValve.java:167) ~[tomcat-embed-core-9.0.75.jar:9.0.75]
	at org.apache.catalina.core.StandardContextValve.invoke(StandardContextValve.java:90) ~[tomcat-embed-core-9.0.75.jar:9.0.75]
	at org.apache.catalina.authenticator.AuthenticatorBase.invoke(AuthenticatorBase.java:481) ~[tomcat-embed-core-9.0.75.jar:9.0.75]
	at org.apache.catalina.core.StandardHostValve.invoke(StandardHostValve.java:130) ~[tomcat-embed-core-9.0.75.jar:9.0.75]
	at org.apache.catalina.valves.ErrorReportValve.invoke(ErrorReportValve.java:93) ~[tomcat-embed-core-9.0.75.jar:9.0.75]
	at org.apache.catalina.core.StandardEngineValve.invoke(StandardEngineValve.java:74) ~[tomcat-embed-core-9.0.75.jar:9.0.75]
	at org.apache.catalina.connector.CoyoteAdapter.service(CoyoteAdapter.java:343) ~[tomcat-embed-core-9.0.75.jar:9.0.75]
	at org.apache.coyote.http11.Http11Processor.service(Http11Processor.java:390) ~[tomcat-embed-core-9.0.75.jar:9.0.75]
	at org.apache.coyote.AbstractProcessorLight.process(AbstractProcessorLight.java:63) ~[tomcat-embed-core-9.0.75.jar:9.0.75]
	at org.apache.coyote.AbstractProtocol$ConnectionHandler.process(AbstractProtocol.java:926) ~[tomcat-embed-core-9.0.75.jar:9.0.75]
	at org.apache.tomcat.util.net.NioEndpoint$SocketProcessor.doRun(NioEndpoint.java:1791) ~[tomcat-embed-core-9.0.75.jar:9.0.75]
	at org.apache.tomcat.util.net.SocketProcessorBase.run(SocketProcessorBase.java:52) ~[tomcat-embed-core-9.0.75.jar:9.0.75]
	at org.apache.tomcat.util.threads.ThreadPoolExecutor.runWorker(ThreadPoolExecutor.java:1191) ~[tomcat-embed-core-9.0.75.jar:9.0.75]
	at org.apache.tomcat.util.threads.ThreadPoolExecutor$Worker.run(ThreadPoolExecutor.java:659) ~[tomcat-embed-core-9.0.75.jar:9.0.75]
	at org.apache.tomcat.util.threads.TaskThread$WrappingRunnable.run(TaskThread.java:61) ~[tomcat-embed-core-9.0.75.jar:9.0.75]
	at java.base/java.lang.Thread.run(Thread.java:829) ~[na:na]

16:02:42:020 DEBUG 24388 --- [http-nio-8086-exec-6] c.h.p.mapper.PayOrderMapper.selectById   : ==>  Preparing: SELECT id,biz_order_no,pay_order_no,biz_user_id,pay_channel_code,amount,pay_type,status,expand_json,result_code,result_msg,pay_success_time,pay_over_time,qr_code_url,create_time,update_time,creater,updater,is_delete FROM pay_order WHERE id=?
16:02:42:020 DEBUG 24388 --- [http-nio-8086-exec-6] c.h.p.mapper.PayOrderMapper.selectById   : ==> Parameters: 2047585813122252802(Long)
16:02:42:022 DEBUG 24388 --- [http-nio-8086-exec-6] c.h.p.mapper.PayOrderMapper.selectById   : <==      Total: 1
16:02:42:024  WARN 24388 --- [http-nio-8086-exec-6] o.s.c.l.core.RoundRobinLoadBalancer      : No servers available for service: user-service
16:02:42:024  WARN 24388 --- [http-nio-8086-exec-6] .s.c.o.l.FeignBlockingLoadBalancerClient : Load balancer does not contain an instance for the service user-service
16:02:42:025 ERROR 24388 --- [http-nio-8086-exec-6] o.a.c.c.C.[.[.[/].[dispatcherServlet]    : Servlet.service() for servlet [dispatcherServlet] in context with path [] threw exception [Request processing failed; nested exception is feign.FeignException$ServiceUnavailable: [503] during [PUT] to [http://user-service/users/money/deduct?pw=123&amount=87900] [UserClient#deductMoney(String,Integer)]: [Load balancer does not contain an instance for the service user-service]] with root cause

feign.FeignException$ServiceUnavailable: [503] during [PUT] to [http://user-service/users/money/deduct?pw=123&amount=87900] [UserClient#deductMoney(String,Integer)]: [Load balancer does not contain an instance for the service user-service]
	at feign.FeignException.serverErrorStatus(FeignException.java:256) ~[feign-core-11.8.jar:na]
	at feign.FeignException.errorStatus(FeignException.java:197) ~[feign-core-11.8.jar:na]
	at feign.FeignException.errorStatus(FeignException.java:185) ~[feign-core-11.8.jar:na]
	at feign.codec.ErrorDecoder$Default.decode(ErrorDecoder.java:92) ~[feign-core-11.8.jar:na]
	at feign.AsyncResponseHandler.handleResponse(AsyncResponseHandler.java:96) ~[feign-core-11.8.jar:na]
	at feign.SynchronousMethodHandler.executeAndDecode(SynchronousMethodHandler.java:138) ~[feign-core-11.8.jar:na]
	at feign.SynchronousMethodHandler.invoke(SynchronousMethodHandler.java:89) ~[feign-core-11.8.jar:na]
	at feign.ReflectiveFeign$FeignInvocationHandler.invoke(ReflectiveFeign.java:100) ~[feign-core-11.8.jar:na]
	at com.sun.proxy.$Proxy100.deductMoney(Unknown Source) ~[na:na]
	at com.hmall.pay.service.impl.PayOrderServiceImpl.tryPayOrderByBalance(PayOrderServiceImpl.java:56) ~[classes/:na]
	at com.hmall.pay.service.impl.PayOrderServiceImpl$$FastClassBySpringCGLIB$$b2062e7f.invoke(<generated>) ~[classes/:na]
	at org.springframework.cglib.proxy.MethodProxy.invoke(MethodProxy.java:218) ~[spring-core-5.3.27.jar:5.3.27]
	at org.springframework.aop.framework.CglibAopProxy$CglibMethodInvocation.invokeJoinpoint(CglibAopProxy.java:793) ~[spring-aop-5.3.27.jar:5.3.27]
	at org.springframework.aop.framework.ReflectiveMethodInvocation.proceed(ReflectiveMethodInvocation.java:163) ~[spring-aop-5.3.27.jar:5.3.27]
	at org.springframework.aop.framework.CglibAopProxy$CglibMethodInvocation.proceed(CglibAopProxy.java:763) ~[spring-aop-5.3.27.jar:5.3.27]
	at org.springframework.transaction.interceptor.TransactionInterceptor$1.proceedWithInvocation(TransactionInterceptor.java:123) ~[spring-tx-5.3.27.jar:5.3.27]
	at org.springframework.transaction.interceptor.TransactionAspectSupport.invokeWithinTransaction(TransactionAspectSupport.java:388) ~[spring-tx-5.3.27.jar:5.3.27]
	at org.springframework.transaction.interceptor.TransactionInterceptor.invoke(TransactionInterceptor.java:119) ~[spring-tx-5.3.27.jar:5.3.27]
	at org.springframework.aop.framework.ReflectiveMethodInvocation.proceed(ReflectiveMethodInvocation.java:186) ~[spring-aop-5.3.27.jar:5.3.27]
	at org.springframework.aop.framework.CglibAopProxy$CglibMethodInvocation.proceed(CglibAopProxy.java:763) ~[spring-aop-5.3.27.jar:5.3.27]
	at org.springframework.aop.framework.CglibAopProxy$DynamicAdvisedInterceptor.intercept(CglibAopProxy.java:708) ~[spring-aop-5.3.27.jar:5.3.27]
	at com.hmall.pay.service.impl.PayOrderServiceImpl$$EnhancerBySpringCGLIB$$7fdeea8f.tryPayOrderByBalance(<generated>) ~[classes/:na]
	at com.hmall.pay.controller.PayController.tryPayOrderByBalance(PayController.java:42) ~[classes/:na]
	at java.base/jdk.internal.reflect.NativeMethodAccessorImpl.invoke0(Native Method) ~[na:na]
	at java.base/jdk.internal.reflect.NativeMethodAccessorImpl.invoke(NativeMethodAccessorImpl.java:62) ~[na:na]
	at java.base/jdk.internal.reflect.DelegatingMethodAccessorImpl.invoke(DelegatingMethodAccessorImpl.java:43) ~[na:na]
	at java.base/java.lang.reflect.Method.invoke(Method.java:566) ~[na:na]
	at org.springframework.web.method.support.InvocableHandlerMethod.doInvoke(InvocableHandlerMethod.java:205) ~[spring-web-5.3.27.jar:5.3.27]
	at org.springframework.web.method.support.InvocableHandlerMethod.invokeForRequest(InvocableHandlerMethod.java:150) ~[spring-web-5.3.27.jar:5.3.27]
	at org.springframework.web.servlet.mvc.method.annotation.ServletInvocableHandlerMethod.invokeAndHandle(ServletInvocableHandlerMethod.java:117) ~[spring-webmvc-5.3.27.jar:5.3.27]
	at org.springframework.web.servlet.mvc.method.annotation.RequestMappingHandlerAdapter.invokeHandlerMethod(RequestMappingHandlerAdapter.java:895) ~[spring-webmvc-5.3.27.jar:5.3.27]
	at org.springframework.web.servlet.mvc.method.annotation.RequestMappingHandlerAdapter.handleInternal(RequestMappingHandlerAdapter.java:808) ~[spring-webmvc-5.3.27.jar:5.3.27]
	at org.springframework.web.servlet.mvc.method.AbstractHandlerMethodAdapter.handle(AbstractHandlerMethodAdapter.java:87) ~[spring-webmvc-5.3.27.jar:5.3.27]
	at org.springframework.web.servlet.DispatcherServlet.doDispatch(DispatcherServlet.java:1072) ~[spring-webmvc-5.3.27.jar:5.3.27]
	at org.springframework.web.servlet.DispatcherServlet.doService(DispatcherServlet.java:965) ~[spring-webmvc-5.3.27.jar:5.3.27]
	at org.springframework.web.servlet.FrameworkServlet.processRequest(FrameworkServlet.java:1006) ~[spring-webmvc-5.3.27.jar:5.3.27]
	at org.springframework.web.servlet.FrameworkServlet.doPost(FrameworkServlet.java:909) ~[spring-webmvc-5.3.27.jar:5.3.27]
	at javax.servlet.http.HttpServlet.service(HttpServlet.java:555) ~[tomcat-embed-core-9.0.75.jar:4.0.FR]
	at org.springframework.web.servlet.FrameworkServlet.service(FrameworkServlet.java:883) ~[spring-webmvc-5.3.27.jar:5.3.27]
	at javax.servlet.http.HttpServlet.service(HttpServlet.java:623) ~[tomcat-embed-core-9.0.75.jar:4.0.FR]
	at org.apache.catalina.core.ApplicationFilterChain.internalDoFilter(ApplicationFilterChain.java:209) ~[tomcat-embed-core-9.0.75.jar:9.0.75]
	at org.apache.catalina.core.ApplicationFilterChain.doFilter(ApplicationFilterChain.java:153) ~[tomcat-embed-core-9.0.75.jar:9.0.75]
	at org.apache.tomcat.websocket.server.WsFilter.doFilter(WsFilter.java:51) ~[tomcat-embed-websocket-9.0.75.jar:9.0.75]
	at org.apache.catalina.core.ApplicationFilterChain.internalDoFilter(ApplicationFilterChain.java:178) ~[tomcat-embed-core-9.0.75.jar:9.0.75]
	at org.apache.catalina.core.ApplicationFilterChain.doFilter(ApplicationFilterChain.java:153) ~[tomcat-embed-core-9.0.75.jar:9.0.75]
	at org.springframework.web.filter.RequestContextFilter.doFilterInternal(RequestContextFilter.java:100) ~[spring-web-5.3.27.jar:5.3.27]
	at org.springframework.web.filter.OncePerRequestFilter.doFilter(OncePerRequestFilter.java:117) ~[spring-web-5.3.27.jar:5.3.27]
	at org.apache.catalina.core.ApplicationFilterChain.internalDoFilter(ApplicationFilterChain.java:178) ~[tomcat-embed-core-9.0.75.jar:9.0.75]
	at org.apache.catalina.core.ApplicationFilterChain.doFilter(ApplicationFilterChain.java:153) ~[tomcat-embed-core-9.0.75.jar:9.0.75]
	at org.springframework.web.filter.FormContentFilter.doFilterInternal(FormContentFilter.java:93) ~[spring-web-5.3.27.jar:5.3.27]
	at org.springframework.web.filter.OncePerRequestFilter.doFilter(OncePerRequestFilter.java:117) ~[spring-web-5.3.27.jar:5.3.27]
	at org.apache.catalina.core.ApplicationFilterChain.internalDoFilter(ApplicationFilterChain.java:178) ~[tomcat-embed-core-9.0.75.jar:9.0.75]
	at org.apache.catalina.core.ApplicationFilterChain.doFilter(ApplicationFilterChain.java:153) ~[tomcat-embed-core-9.0.75.jar:9.0.75]
	at org.springframework.web.filter.CharacterEncodingFilter.doFilterInternal(CharacterEncodingFilter.java:201) ~[spring-web-5.3.27.jar:5.3.27]
	at org.springframework.web.filter.OncePerRequestFilter.doFilter(OncePerRequestFilter.java:117) ~[spring-web-5.3.27.jar:5.3.27]
	at org.apache.catalina.core.ApplicationFilterChain.internalDoFilter(ApplicationFilterChain.java:178) ~[tomcat-embed-core-9.0.75.jar:9.0.75]
	at org.apache.catalina.core.ApplicationFilterChain.doFilter(ApplicationFilterChain.java:153) ~[tomcat-embed-core-9.0.75.jar:9.0.75]
	at org.apache.catalina.core.StandardWrapperValve.invoke(StandardWrapperValve.java:167) ~[tomcat-embed-core-9.0.75.jar:9.0.75]
	at org.apache.catalina.core.StandardContextValve.invoke(StandardContextValve.java:90) ~[tomcat-embed-core-9.0.75.jar:9.0.75]
	at org.apache.catalina.authenticator.AuthenticatorBase.invoke(AuthenticatorBase.java:481) ~[tomcat-embed-core-9.0.75.jar:9.0.75]
	at org.apache.catalina.core.StandardHostValve.invoke(StandardHostValve.java:130) ~[tomcat-embed-core-9.0.75.jar:9.0.75]
	at org.apache.catalina.valves.ErrorReportValve.invoke(ErrorReportValve.java:93) ~[tomcat-embed-core-9.0.75.jar:9.0.75]
	at org.apache.catalina.core.StandardEngineValve.invoke(StandardEngineValve.java:74) ~[tomcat-embed-core-9.0.75.jar:9.0.75]
	at org.apache.catalina.connector.CoyoteAdapter.service(CoyoteAdapter.java:343) ~[tomcat-embed-core-9.0.75.jar:9.0.75]
	at org.apache.coyote.http11.Http11Processor.service(Http11Processor.java:390) ~[tomcat-embed-core-9.0.75.jar:9.0.75]
	at org.apache.coyote.AbstractProcessorLight.process(AbstractProcessorLight.java:63) ~[tomcat-embed-core-9.0.75.jar:9.0.75]
	at org.apache.coyote.AbstractProtocol$ConnectionHandler.process(AbstractProtocol.java:926) ~[tomcat-embed-core-9.0.75.jar:9.0.75]
	at org.apache.tomcat.util.net.NioEndpoint$SocketProcessor.doRun(NioEndpoint.java:1791) ~[tomcat-embed-core-9.0.75.jar:9.0.75]
	at org.apache.tomcat.util.net.SocketProcessorBase.run(SocketProcessorBase.java:52) ~[tomcat-embed-core-9.0.75.jar:9.0.75]
	at org.apache.tomcat.util.threads.ThreadPoolExecutor.runWorker(ThreadPoolExecutor.java:1191) ~[tomcat-embed-core-9.0.75.jar:9.0.75]
	at org.apache.tomcat.util.threads.ThreadPoolExecutor$Worker.run(ThreadPoolExecutor.java:659) ~[tomcat-embed-core-9.0.75.jar:9.0.75]
	at org.apache.tomcat.util.threads.TaskThread$WrappingRunnable.run(TaskThread.java:61) ~[tomcat-embed-core-9.0.75.jar:9.0.75]
	at java.base/java.lang.Thread.run(Thread.java:829) ~[na:na]

16:16:00:461  WARN 24388 --- [Thread-4] c.a.nacos.common.notify.NotifyCenter     : [NotifyCenter] Start destroying Publisher
16:16:00:462  WARN 24388 --- [Thread-7] c.a.n.common.http.HttpClientBeanHolder   : [HttpClientBeanHolder] Start destroying common HttpClient
16:16:00:503  WARN 24388 --- [Thread-4] c.a.nacos.common.notify.NotifyCenter     : [NotifyCenter] Destruction of the end
16:16:00:526  WARN 24388 --- [Thread-7] c.a.n.common.http.HttpClientBeanHolder   : [HttpClientBeanHolder] Destruction of the end
16:16:01:345  INFO 24388 --- [nacos-grpc-client-executor-219] com.alibaba.nacos.common.remote.client   : [2814c667-59e2-40eb-b911-a37b289ba8ea] Receive server push request, request = NotifySubscriberRequest, requestId = 95
16:16:01:394  INFO 24388 --- [nacos-grpc-client-executor-219] com.alibaba.nacos.common.remote.client   : [2814c667-59e2-40eb-b911-a37b289ba8ea] Ack server push request, request = NotifySubscriberRequest, requestId = 95
16:16:01:620  INFO 24388 --- [SpringApplicationShutdownHook] c.a.c.n.registry.NacosServiceRegistry    : De-registering from Nacos Server now...
16:16:01:625  INFO 24388 --- [SpringApplicationShutdownHook] c.a.c.n.registry.NacosServiceRegistry    : De-registration finished.
16:16:01:964  INFO 24388 --- [SpringApplicationShutdownHook] com.alibaba.nacos.common.remote.client   : Shutdown rpc client, set status to shutdown
16:16:01:965  INFO 24388 --- [SpringApplicationShutdownHook] com.alibaba.nacos.common.remote.client   : Shutdown client event executor java.util.concurrent.ScheduledThreadPoolExecutor@a892410[Running, pool size = 2, active threads = 2, queued tasks = 0, completed tasks = 0]
16:16:01:965  INFO 24388 --- [SpringApplicationShutdownHook] com.alibaba.nacos.common.remote.client   : Close current connection 1777017550967_192.168.150.1_51775
16:16:01:969  INFO 24388 --- [nacos-grpc-client-executor-222] c.a.n.c.remote.client.grpc.GrpcClient    : [1777017550967_192.168.150.1_51775]Ignore complete event,isRunning:false,isAbandon=false
16:16:02:014  INFO 24388 --- [SpringApplicationShutdownHook] c.a.n.c.remote.client.grpc.GrpcClient    : Shutdown grpc executor java.util.concurrent.ThreadPoolExecutor@1d09bde3[Running, pool size = 6, active threads = 0, queued tasks = 0, completed tasks = 223]
16:16:02:034  INFO 24388 --- [SpringApplicationShutdownHook] com.zaxxer.hikari.HikariDataSource       : HikariPool-1 - Shutdown initiated...
16:16:02:119  INFO 24388 --- [SpringApplicationShutdownHook] com.zaxxer.hikari.HikariDataSource       : HikariPool-1 - Shutdown completed.
16:16:28:102  INFO 25632 --- [main] com.hmall.pay.PayApplication             : Starting PayApplication using Java 11.0.31 on LAPTOP-16OT1L5F with PID 25632 (G:\hmall\backend\pay-service\target\classes started by 18071 in G:\hmall\backend)
16:16:28:104 DEBUG 25632 --- [main] com.hmall.pay.PayApplication             : Running with Spring Boot v2.7.12, Spring v5.3.27
16:16:28:104  INFO 25632 --- [main] com.hmall.pay.PayApplication             : The following 1 profile is active: "dev"
16:16:29:294  INFO 25632 --- [main] o.s.cloud.context.scope.GenericScope     : BeanFactory id=93635030-9e55-3283-b59b-31e35e320834
16:16:29:728  INFO 25632 --- [main] o.s.b.w.embedded.tomcat.TomcatWebServer  : Tomcat initialized with port(s): 8086 (http)
16:16:29:739  INFO 25632 --- [main] o.apache.catalina.core.StandardService   : Starting service [Tomcat]
16:16:29:739  INFO 25632 --- [main] org.apache.catalina.core.StandardEngine  : Starting Servlet engine: [Apache Tomcat/9.0.75]
16:16:29:897  INFO 25632 --- [main] o.a.c.c.C.[Tomcat].[localhost].[/]       : Initializing Spring embedded WebApplicationContext
16:16:29:897  INFO 25632 --- [main] w.s.c.ServletWebServerApplicationContext : Root WebApplicationContext: initialization completed in 1740 ms
16:16:30:125  INFO 25632 --- [main] o.s.c.openfeign.FeignClientFactoryBean   : For 'user-service' URL not provided. Will try picking an instance via load-balancing.
16:16:30:196  INFO 25632 --- [main] o.s.c.openfeign.FeignClientFactoryBean   : For 'trade-service' URL not provided. Will try picking an instance via load-balancing.
16:16:33:444  INFO 25632 --- [main] pertySourcedRequestMappingHandlerMapping : Mapped URL path [/v2/api-docs] onto method [springfox.documentation.swagger2.web.Swagger2ControllerWebMvc#getDocumentation(String, HttpServletRequest)]
16:16:34:416  INFO 25632 --- [main] com.alibaba.nacos.common.remote.client   : [RpcClientFactory] create a new rpc client of b406dc86-a31e-42cd-bc17-00d4870fc2d2
16:16:34:459  INFO 25632 --- [main] org.reflections.Reflections              : Reflections took 22 ms to scan 1 urls, producing 3 keys and 6 values 
16:16:34:485  INFO 25632 --- [main] org.reflections.Reflections              : Reflections took 9 ms to scan 1 urls, producing 4 keys and 9 values 
16:16:34:506  INFO 25632 --- [main] org.reflections.Reflections              : Reflections took 17 ms to scan 1 urls, producing 3 keys and 10 values 
16:16:34:510  WARN 25632 --- [main] org.reflections.Reflections              : given scan urls are empty. set urls in the configuration
16:16:34:519  INFO 25632 --- [main] org.reflections.Reflections              : Reflections took 9 ms to scan 1 urls, producing 1 keys and 5 values 
16:16:34:532  INFO 25632 --- [main] org.reflections.Reflections              : Reflections took 9 ms to scan 1 urls, producing 1 keys and 7 values 
16:16:34:542  INFO 25632 --- [main] org.reflections.Reflections              : Reflections took 7 ms to scan 1 urls, producing 2 keys and 8 values 
16:16:34:544  WARN 25632 --- [main] org.reflections.Reflections              : given scan urls are empty. set urls in the configuration
16:16:34:545  INFO 25632 --- [main] com.alibaba.nacos.common.remote.client   : [b406dc86-a31e-42cd-bc17-00d4870fc2d2] RpcClient init label, labels = {module=naming, source=sdk}
16:16:34:547  INFO 25632 --- [main] com.alibaba.nacos.common.remote.client   : [b406dc86-a31e-42cd-bc17-00d4870fc2d2] RpcClient init, ServerListFactory = com.alibaba.nacos.client.naming.core.ServerListManager
16:16:34:547  INFO 25632 --- [main] com.alibaba.nacos.common.remote.client   : [b406dc86-a31e-42cd-bc17-00d4870fc2d2] Registry connection listener to current client:com.alibaba.nacos.client.naming.remote.gprc.redo.NamingGrpcRedoService
16:16:34:548  INFO 25632 --- [main] com.alibaba.nacos.common.remote.client   : [b406dc86-a31e-42cd-bc17-00d4870fc2d2] Register server push request handler:com.alibaba.nacos.client.naming.remote.gprc.NamingPushRequestHandler
16:16:34:549  INFO 25632 --- [main] com.alibaba.nacos.common.remote.client   : [b406dc86-a31e-42cd-bc17-00d4870fc2d2] Try to connect to server on start up, server: {serverIp = '192.168.150.102', server main port = 8848}
16:16:36:726  INFO 25632 --- [main] com.alibaba.nacos.common.remote.client   : [b406dc86-a31e-42cd-bc17-00d4870fc2d2] Success to connect to server [192.168.150.102:8848] on start up, connectionId = 1777018595612_192.168.150.1_53605
16:16:36:727  INFO 25632 --- [com.alibaba.nacos.client.remote.worker] com.alibaba.nacos.common.remote.client   : [b406dc86-a31e-42cd-bc17-00d4870fc2d2] Notify connected event to listeners.
16:16:36:727  INFO 25632 --- [main] com.alibaba.nacos.common.remote.client   : [b406dc86-a31e-42cd-bc17-00d4870fc2d2] Register server push request handler:com.alibaba.nacos.common.remote.client.RpcClient$ConnectResetRequestHandler
16:16:36:728  INFO 25632 --- [main] com.alibaba.nacos.common.remote.client   : [b406dc86-a31e-42cd-bc17-00d4870fc2d2] Register server push request handler:com.alibaba.nacos.common.remote.client.RpcClient$$Lambda$975/0x000000080073d840
16:16:36:785  INFO 25632 --- [main] o.s.b.w.embedded.tomcat.TomcatWebServer  : Tomcat started on port(s): 8086 (http) with context path ''
16:16:36:794  INFO 25632 --- [main] c.a.c.n.registry.NacosServiceRegistry    : nacos registry, DEFAULT_GROUP pay-service 192.168.220.1:8086 register finished
16:16:37:275  INFO 25632 --- [main] d.s.w.p.DocumentationPluginsBootstrapper : Documentation plugins bootstrapped
16:16:37:278  INFO 25632 --- [main] d.s.w.p.DocumentationPluginsBootstrapper : Found 1 custom documentation plugin(s)
16:16:37:300  INFO 25632 --- [main] s.d.s.w.s.ApiListingReferenceScanner     : Scanning for api listing references
16:16:37:332  INFO 25632 --- [nacos-grpc-client-executor-9] com.alibaba.nacos.common.remote.client   : [b406dc86-a31e-42cd-bc17-00d4870fc2d2] Receive server push request, request = NotifySubscriberRequest, requestId = 103
16:16:37:349  INFO 25632 --- [nacos-grpc-client-executor-9] com.alibaba.nacos.common.remote.client   : [b406dc86-a31e-42cd-bc17-00d4870fc2d2] Ack server push request, request = NotifySubscriberRequest, requestId = 103
16:16:37:397  INFO 25632 --- [main] com.hmall.pay.PayApplication             : Started PayApplication in 11.178 seconds (JVM running for 13.527)
16:19:01:480  WARN 25632 --- [Thread-7] c.a.n.common.http.HttpClientBeanHolder   : [HttpClientBeanHolder] Start destroying common HttpClient
16:19:01:480  WARN 25632 --- [Thread-4] c.a.nacos.common.notify.NotifyCenter     : [NotifyCenter] Start destroying Publisher
16:19:01:488  WARN 25632 --- [Thread-4] c.a.nacos.common.notify.NotifyCenter     : [NotifyCenter] Destruction of the end
16:19:01:490  WARN 25632 --- [Thread-7] c.a.n.common.http.HttpClientBeanHolder   : [HttpClientBeanHolder] Destruction of the end
16:19:02:249  INFO 25632 --- [SpringApplicationShutdownHook] c.a.c.n.registry.NacosServiceRegistry    : De-registering from Nacos Server now...
16:19:02:254  INFO 25632 --- [SpringApplicationShutdownHook] c.a.c.n.registry.NacosServiceRegistry    : De-registration finished.
16:19:02:575  INFO 25632 --- [SpringApplicationShutdownHook] com.alibaba.nacos.common.remote.client   : Shutdown rpc client, set status to shutdown
16:19:02:576  INFO 25632 --- [SpringApplicationShutdownHook] com.alibaba.nacos.common.remote.client   : Shutdown client event executor java.util.concurrent.ScheduledThreadPoolExecutor@1b2bc7b0[Running, pool size = 2, active threads = 2, queued tasks = 0, completed tasks = 0]
16:19:02:576  INFO 25632 --- [SpringApplicationShutdownHook] com.alibaba.nacos.common.remote.client   : Close current connection 1777018595612_192.168.150.1_53605
16:19:02:578  INFO 25632 --- [nacos-grpc-client-executor-41] c.a.n.c.remote.client.grpc.GrpcClient    : [1777018595612_192.168.150.1_53605]Ignore complete event,isRunning:false,isAbandon=false
16:19:02:585  INFO 25632 --- [SpringApplicationShutdownHook] c.a.n.c.remote.client.grpc.GrpcClient    : Shutdown grpc executor java.util.concurrent.ThreadPoolExecutor@de335da[Running, pool size = 5, active threads = 0, queued tasks = 0, completed tasks = 42]
19:22:25:293  INFO 17336 --- [main] com.hmall.pay.PayApplication             : Starting PayApplication using Java 11.0.31 on LAPTOP-16OT1L5F with PID 17336 (G:\hmall\backend\pay-service\target\classes started by 18071 in G:\hmall\backend)
19:22:25:296 DEBUG 17336 --- [main] com.hmall.pay.PayApplication             : Running with Spring Boot v2.7.12, Spring v5.3.27
19:22:25:296  INFO 17336 --- [main] com.hmall.pay.PayApplication             : The following 1 profile is active: "dev"
19:22:26:438  INFO 17336 --- [main] o.s.cloud.context.scope.GenericScope     : BeanFactory id=93635030-9e55-3283-b59b-31e35e320834
19:22:26:783  INFO 17336 --- [main] o.s.b.w.embedded.tomcat.TomcatWebServer  : Tomcat initialized with port(s): 8086 (http)
19:22:26:793  INFO 17336 --- [main] o.apache.catalina.core.StandardService   : Starting service [Tomcat]
19:22:26:793  INFO 17336 --- [main] org.apache.catalina.core.StandardEngine  : Starting Servlet engine: [Apache Tomcat/9.0.75]
19:22:26:957  INFO 17336 --- [main] o.a.c.c.C.[Tomcat].[localhost].[/]       : Initializing Spring embedded WebApplicationContext
19:22:26:958  INFO 17336 --- [main] w.s.c.ServletWebServerApplicationContext : Root WebApplicationContext: initialization completed in 1615 ms
19:22:27:189  INFO 17336 --- [main] o.s.c.openfeign.FeignClientFactoryBean   : For 'user-service' URL not provided. Will try picking an instance via load-balancing.
19:22:27:249  INFO 17336 --- [main] o.s.c.openfeign.FeignClientFactoryBean   : For 'trade-service' URL not provided. Will try picking an instance via load-balancing.
19:22:30:272  INFO 17336 --- [main] pertySourcedRequestMappingHandlerMapping : Mapped URL path [/v2/api-docs] onto method [springfox.documentation.swagger2.web.Swagger2ControllerWebMvc#getDocumentation(String, HttpServletRequest)]
19:22:31:170  INFO 17336 --- [main] com.alibaba.nacos.common.remote.client   : [RpcClientFactory] create a new rpc client of ebae2d18-b102-49a9-b09c-ca1dc3d91e1f
19:22:31:205  INFO 17336 --- [main] org.reflections.Reflections              : Reflections took 19 ms to scan 1 urls, producing 3 keys and 6 values 
19:22:31:226  INFO 17336 --- [main] org.reflections.Reflections              : Reflections took 8 ms to scan 1 urls, producing 4 keys and 9 values 
19:22:31:235  INFO 17336 --- [main] org.reflections.Reflections              : Reflections took 5 ms to scan 1 urls, producing 3 keys and 10 values 
19:22:31:237  WARN 17336 --- [main] org.reflections.Reflections              : given scan urls are empty. set urls in the configuration
19:22:31:243  INFO 17336 --- [main] org.reflections.Reflections              : Reflections took 6 ms to scan 1 urls, producing 1 keys and 5 values 
19:22:31:252  INFO 17336 --- [main] org.reflections.Reflections              : Reflections took 7 ms to scan 1 urls, producing 1 keys and 7 values 
19:22:31:261  INFO 17336 --- [main] org.reflections.Reflections              : Reflections took 7 ms to scan 1 urls, producing 2 keys and 8 values 
19:22:31:263  WARN 17336 --- [main] org.reflections.Reflections              : given scan urls are empty. set urls in the configuration
19:22:31:263  INFO 17336 --- [main] com.alibaba.nacos.common.remote.client   : [ebae2d18-b102-49a9-b09c-ca1dc3d91e1f] RpcClient init label, labels = {module=naming, source=sdk}
19:22:31:273  INFO 17336 --- [main] com.alibaba.nacos.common.remote.client   : [ebae2d18-b102-49a9-b09c-ca1dc3d91e1f] RpcClient init, ServerListFactory = com.alibaba.nacos.client.naming.core.ServerListManager
19:22:31:273  INFO 17336 --- [main] com.alibaba.nacos.common.remote.client   : [ebae2d18-b102-49a9-b09c-ca1dc3d91e1f] Registry connection listener to current client:com.alibaba.nacos.client.naming.remote.gprc.redo.NamingGrpcRedoService
19:22:31:274  INFO 17336 --- [main] com.alibaba.nacos.common.remote.client   : [ebae2d18-b102-49a9-b09c-ca1dc3d91e1f] Register server push request handler:com.alibaba.nacos.client.naming.remote.gprc.NamingPushRequestHandler
19:22:31:275  INFO 17336 --- [main] com.alibaba.nacos.common.remote.client   : [ebae2d18-b102-49a9-b09c-ca1dc3d91e1f] Try to connect to server on start up, server: {serverIp = '192.168.150.102', server main port = 8848}
19:22:35:075 ERROR 17336 --- [main] c.a.n.c.remote.client.grpc.GrpcClient    : Server check fail, please check server 192.168.150.102 ,port 9848 is available , error ={}

java.util.concurrent.TimeoutException: Waited 3000 milliseconds (plus 11 milliseconds, 26400 nanoseconds delay) for com.alibaba.nacos.shaded.io.grpc.stub.ClientCalls$GrpcFuture@2b06681c[status=PENDING, info=[GrpcFuture{clientCall={delegate={delegate=ClientCallImpl{method=MethodDescriptor{fullMethodName=Request/request, type=UNARY, idempotent=false, safe=false, sampledToLocalTracing=true, requestMarshaller=com.alibaba.nacos.shaded.io.grpc.protobuf.lite.ProtoLiteUtils$MessageMarshaller@54530644, responseMarshaller=com.alibaba.nacos.shaded.io.grpc.protobuf.lite.ProtoLiteUtils$MessageMarshaller@42734b71, schemaDescriptor=com.alibaba.nacos.api.grpc.auto.RequestGrpc$RequestMethodDescriptorSupplier@3a45308f}}}}}]]
	at com.alibaba.nacos.shaded.com.google.common.util.concurrent.AbstractFuture.get(AbstractFuture.java:508) ~[nacos-client-2.0.4.jar:na]
	at com.alibaba.nacos.common.remote.client.grpc.GrpcClient.serverCheck(GrpcClient.java:148) ~[nacos-client-2.0.4.jar:na]
	at com.alibaba.nacos.common.remote.client.grpc.GrpcClient.connectToServer(GrpcClient.java:264) ~[nacos-client-2.0.4.jar:na]
	at com.alibaba.nacos.common.remote.client.RpcClient.start(RpcClient.java:390) ~[nacos-client-2.0.4.jar:na]
	at com.alibaba.nacos.client.naming.remote.gprc.NamingGrpcClientProxy.start(NamingGrpcClientProxy.java:96) ~[nacos-client-2.0.4.jar:na]
	at com.alibaba.nacos.client.naming.remote.gprc.NamingGrpcClientProxy.<init>(NamingGrpcClientProxy.java:89) ~[nacos-client-2.0.4.jar:na]
	at com.alibaba.nacos.client.naming.remote.NamingClientProxyDelegate.<init>(NamingClientProxyDelegate.java:76) ~[nacos-client-2.0.4.jar:na]
	at com.alibaba.nacos.client.naming.NacosNamingService.init(NacosNamingService.java:95) ~[nacos-client-2.0.4.jar:na]
	at com.alibaba.nacos.client.naming.NacosNamingService.<init>(NacosNamingService.java:81) ~[nacos-client-2.0.4.jar:na]
	at java.base/jdk.internal.reflect.NativeConstructorAccessorImpl.newInstance0(Native Method) ~[na:na]
	at java.base/jdk.internal.reflect.NativeConstructorAccessorImpl.newInstance(NativeConstructorAccessorImpl.java:62) ~[na:na]
	at java.base/jdk.internal.reflect.DelegatingConstructorAccessorImpl.newInstance(DelegatingConstructorAccessorImpl.java:45) ~[na:na]
	at java.base/java.lang.reflect.Constructor.newInstance(Constructor.java:490) ~[na:na]
	at com.alibaba.nacos.api.naming.NamingFactory.createNamingService(NamingFactory.java:59) ~[nacos-client-2.0.4.jar:na]
	at com.alibaba.nacos.api.NacosFactory.createNamingService(NacosFactory.java:77) ~[nacos-client-2.0.4.jar:na]
	at com.alibaba.cloud.nacos.NacosServiceManager.createNewNamingService(NacosServiceManager.java:99) ~[spring-cloud-starter-alibaba-nacos-discovery-2021.0.4.0.jar:2021.0.4.0]
	at com.alibaba.cloud.nacos.NacosServiceManager.buildNamingService(NacosServiceManager.java:90) ~[spring-cloud-starter-alibaba-nacos-discovery-2021.0.4.0.jar:2021.0.4.0]
	at com.alibaba.cloud.nacos.NacosServiceManager.getNamingService(NacosServiceManager.java:46) ~[spring-cloud-starter-alibaba-nacos-discovery-2021.0.4.0.jar:2021.0.4.0]
	at com.alibaba.cloud.nacos.discovery.NacosWatch.start(NacosWatch.java:130) ~[spring-cloud-starter-alibaba-nacos-discovery-2021.0.4.0.jar:2021.0.4.0]
	at org.springframework.context.support.DefaultLifecycleProcessor.doStart(DefaultLifecycleProcessor.java:178) ~[spring-context-5.3.27.jar:5.3.27]
	at org.springframework.context.support.DefaultLifecycleProcessor.access$200(DefaultLifecycleProcessor.java:54) ~[spring-context-5.3.27.jar:5.3.27]
	at org.springframework.context.support.DefaultLifecycleProcessor$LifecycleGroup.start(DefaultLifecycleProcessor.java:356) ~[spring-context-5.3.27.jar:5.3.27]
	at java.base/java.lang.Iterable.forEach(Iterable.java:75) ~[na:na]
	at org.springframework.context.support.DefaultLifecycleProcessor.startBeans(DefaultLifecycleProcessor.java:155) ~[spring-context-5.3.27.jar:5.3.27]
	at org.springframework.context.support.DefaultLifecycleProcessor.onRefresh(DefaultLifecycleProcessor.java:123) ~[spring-context-5.3.27.jar:5.3.27]
	at org.springframework.context.support.AbstractApplicationContext.finishRefresh(AbstractApplicationContext.java:937) ~[spring-context-5.3.27.jar:5.3.27]
	at org.springframework.context.support.AbstractApplicationContext.refresh(AbstractApplicationContext.java:586) ~[spring-context-5.3.27.jar:5.3.27]
	at org.springframework.boot.web.servlet.context.ServletWebServerApplicationContext.refresh(ServletWebServerApplicationContext.java:147) ~[spring-boot-2.7.12.jar:2.7.12]
	at org.springframework.boot.SpringApplication.refresh(SpringApplication.java:731) ~[spring-boot-2.7.12.jar:2.7.12]
	at org.springframework.boot.SpringApplication.refreshContext(SpringApplication.java:408) ~[spring-boot-2.7.12.jar:2.7.12]
	at org.springframework.boot.SpringApplication.run(SpringApplication.java:307) ~[spring-boot-2.7.12.jar:2.7.12]
	at org.springframework.boot.SpringApplication.run(SpringApplication.java:1303) ~[spring-boot-2.7.12.jar:2.7.12]
	at org.springframework.boot.SpringApplication.run(SpringApplication.java:1292) ~[spring-boot-2.7.12.jar:2.7.12]
	at com.hmall.pay.PayApplication.main(PayApplication.java:14) ~[classes/:na]

19:22:35:081  INFO 17336 --- [main] com.alibaba.nacos.common.remote.client   : [ebae2d18-b102-49a9-b09c-ca1dc3d91e1f] Try to connect to server on start up, server: {serverIp = '192.168.150.102', server main port = 8848}
19:22:38:095 ERROR 17336 --- [main] c.a.n.c.remote.client.grpc.GrpcClient    : Server check fail, please check server 192.168.150.102 ,port 9848 is available , error ={}

java.util.concurrent.TimeoutException: Waited 3000 milliseconds (plus 12 milliseconds, 16600 nanoseconds delay) for com.alibaba.nacos.shaded.io.grpc.stub.ClientCalls$GrpcFuture@4e1b5532[status=PENDING, info=[GrpcFuture{clientCall={delegate={delegate=ClientCallImpl{method=MethodDescriptor{fullMethodName=Request/request, type=UNARY, idempotent=false, safe=false, sampledToLocalTracing=true, requestMarshaller=com.alibaba.nacos.shaded.io.grpc.protobuf.lite.ProtoLiteUtils$MessageMarshaller@54530644, responseMarshaller=com.alibaba.nacos.shaded.io.grpc.protobuf.lite.ProtoLiteUtils$MessageMarshaller@42734b71, schemaDescriptor=com.alibaba.nacos.api.grpc.auto.RequestGrpc$RequestMethodDescriptorSupplier@3a45308f}}}}}]]
	at com.alibaba.nacos.shaded.com.google.common.util.concurrent.AbstractFuture.get(AbstractFuture.java:508) ~[nacos-client-2.0.4.jar:na]
	at com.alibaba.nacos.common.remote.client.grpc.GrpcClient.serverCheck(GrpcClient.java:148) ~[nacos-client-2.0.4.jar:na]
	at com.alibaba.nacos.common.remote.client.grpc.GrpcClient.connectToServer(GrpcClient.java:264) ~[nacos-client-2.0.4.jar:na]
	at com.alibaba.nacos.common.remote.client.RpcClient.start(RpcClient.java:390) ~[nacos-client-2.0.4.jar:na]
	at com.alibaba.nacos.client.naming.remote.gprc.NamingGrpcClientProxy.start(NamingGrpcClientProxy.java:96) ~[nacos-client-2.0.4.jar:na]
	at com.alibaba.nacos.client.naming.remote.gprc.NamingGrpcClientProxy.<init>(NamingGrpcClientProxy.java:89) ~[nacos-client-2.0.4.jar:na]
	at com.alibaba.nacos.client.naming.remote.NamingClientProxyDelegate.<init>(NamingClientProxyDelegate.java:76) ~[nacos-client-2.0.4.jar:na]
	at com.alibaba.nacos.client.naming.NacosNamingService.init(NacosNamingService.java:95) ~[nacos-client-2.0.4.jar:na]
	at com.alibaba.nacos.client.naming.NacosNamingService.<init>(NacosNamingService.java:81) ~[nacos-client-2.0.4.jar:na]
	at java.base/jdk.internal.reflect.NativeConstructorAccessorImpl.newInstance0(Native Method) ~[na:na]
	at java.base/jdk.internal.reflect.NativeConstructorAccessorImpl.newInstance(NativeConstructorAccessorImpl.java:62) ~[na:na]
	at java.base/jdk.internal.reflect.DelegatingConstructorAccessorImpl.newInstance(DelegatingConstructorAccessorImpl.java:45) ~[na:na]
	at java.base/java.lang.reflect.Constructor.newInstance(Constructor.java:490) ~[na:na]
	at com.alibaba.nacos.api.naming.NamingFactory.createNamingService(NamingFactory.java:59) ~[nacos-client-2.0.4.jar:na]
	at com.alibaba.nacos.api.NacosFactory.createNamingService(NacosFactory.java:77) ~[nacos-client-2.0.4.jar:na]
	at com.alibaba.cloud.nacos.NacosServiceManager.createNewNamingService(NacosServiceManager.java:99) ~[spring-cloud-starter-alibaba-nacos-discovery-2021.0.4.0.jar:2021.0.4.0]
	at com.alibaba.cloud.nacos.NacosServiceManager.buildNamingService(NacosServiceManager.java:90) ~[spring-cloud-starter-alibaba-nacos-discovery-2021.0.4.0.jar:2021.0.4.0]
	at com.alibaba.cloud.nacos.NacosServiceManager.getNamingService(NacosServiceManager.java:46) ~[spring-cloud-starter-alibaba-nacos-discovery-2021.0.4.0.jar:2021.0.4.0]
	at com.alibaba.cloud.nacos.discovery.NacosWatch.start(NacosWatch.java:130) ~[spring-cloud-starter-alibaba-nacos-discovery-2021.0.4.0.jar:2021.0.4.0]
	at org.springframework.context.support.DefaultLifecycleProcessor.doStart(DefaultLifecycleProcessor.java:178) ~[spring-context-5.3.27.jar:5.3.27]
	at org.springframework.context.support.DefaultLifecycleProcessor.access$200(DefaultLifecycleProcessor.java:54) ~[spring-context-5.3.27.jar:5.3.27]
	at org.springframework.context.support.DefaultLifecycleProcessor$LifecycleGroup.start(DefaultLifecycleProcessor.java:356) ~[spring-context-5.3.27.jar:5.3.27]
	at java.base/java.lang.Iterable.forEach(Iterable.java:75) ~[na:na]
	at org.springframework.context.support.DefaultLifecycleProcessor.startBeans(DefaultLifecycleProcessor.java:155) ~[spring-context-5.3.27.jar:5.3.27]
	at org.springframework.context.support.DefaultLifecycleProcessor.onRefresh(DefaultLifecycleProcessor.java:123) ~[spring-context-5.3.27.jar:5.3.27]
	at org.springframework.context.support.AbstractApplicationContext.finishRefresh(AbstractApplicationContext.java:937) ~[spring-context-5.3.27.jar:5.3.27]
	at org.springframework.context.support.AbstractApplicationContext.refresh(AbstractApplicationContext.java:586) ~[spring-context-5.3.27.jar:5.3.27]
	at org.springframework.boot.web.servlet.context.ServletWebServerApplicationContext.refresh(ServletWebServerApplicationContext.java:147) ~[spring-boot-2.7.12.jar:2.7.12]
	at org.springframework.boot.SpringApplication.refresh(SpringApplication.java:731) ~[spring-boot-2.7.12.jar:2.7.12]
	at org.springframework.boot.SpringApplication.refreshContext(SpringApplication.java:408) ~[spring-boot-2.7.12.jar:2.7.12]
	at org.springframework.boot.SpringApplication.run(SpringApplication.java:307) ~[spring-boot-2.7.12.jar:2.7.12]
	at org.springframework.boot.SpringApplication.run(SpringApplication.java:1303) ~[spring-boot-2.7.12.jar:2.7.12]
	at org.springframework.boot.SpringApplication.run(SpringApplication.java:1292) ~[spring-boot-2.7.12.jar:2.7.12]
	at com.hmall.pay.PayApplication.main(PayApplication.java:14) ~[classes/:na]

19:22:38:096  INFO 17336 --- [main] com.alibaba.nacos.common.remote.client   : [ebae2d18-b102-49a9-b09c-ca1dc3d91e1f] Try to connect to server on start up, server: {serverIp = '192.168.150.102', server main port = 8848}
19:22:41:102 ERROR 17336 --- [main] c.a.n.c.remote.client.grpc.GrpcClient    : Server check fail, please check server 192.168.150.102 ,port 9848 is available , error ={}

java.util.concurrent.TimeoutException: Waited 3000 milliseconds (plus 4 milliseconds, 376200 nanoseconds delay) for com.alibaba.nacos.shaded.io.grpc.stub.ClientCalls$GrpcFuture@62581ef6[status=PENDING, info=[GrpcFuture{clientCall={delegate={delegate=ClientCallImpl{method=MethodDescriptor{fullMethodName=Request/request, type=UNARY, idempotent=false, safe=false, sampledToLocalTracing=true, requestMarshaller=com.alibaba.nacos.shaded.io.grpc.protobuf.lite.ProtoLiteUtils$MessageMarshaller@54530644, responseMarshaller=com.alibaba.nacos.shaded.io.grpc.protobuf.lite.ProtoLiteUtils$MessageMarshaller@42734b71, schemaDescriptor=com.alibaba.nacos.api.grpc.auto.RequestGrpc$RequestMethodDescriptorSupplier@3a45308f}}}}}]]
	at com.alibaba.nacos.shaded.com.google.common.util.concurrent.AbstractFuture.get(AbstractFuture.java:508) ~[nacos-client-2.0.4.jar:na]
	at com.alibaba.nacos.common.remote.client.grpc.GrpcClient.serverCheck(GrpcClient.java:148) ~[nacos-client-2.0.4.jar:na]
	at com.alibaba.nacos.common.remote.client.grpc.GrpcClient.connectToServer(GrpcClient.java:264) ~[nacos-client-2.0.4.jar:na]
	at com.alibaba.nacos.common.remote.client.RpcClient.start(RpcClient.java:390) ~[nacos-client-2.0.4.jar:na]
	at com.alibaba.nacos.client.naming.remote.gprc.NamingGrpcClientProxy.start(NamingGrpcClientProxy.java:96) ~[nacos-client-2.0.4.jar:na]
	at com.alibaba.nacos.client.naming.remote.gprc.NamingGrpcClientProxy.<init>(NamingGrpcClientProxy.java:89) ~[nacos-client-2.0.4.jar:na]
	at com.alibaba.nacos.client.naming.remote.NamingClientProxyDelegate.<init>(NamingClientProxyDelegate.java:76) ~[nacos-client-2.0.4.jar:na]
	at com.alibaba.nacos.client.naming.NacosNamingService.init(NacosNamingService.java:95) ~[nacos-client-2.0.4.jar:na]
	at com.alibaba.nacos.client.naming.NacosNamingService.<init>(NacosNamingService.java:81) ~[nacos-client-2.0.4.jar:na]
	at java.base/jdk.internal.reflect.NativeConstructorAccessorImpl.newInstance0(Native Method) ~[na:na]
	at java.base/jdk.internal.reflect.NativeConstructorAccessorImpl.newInstance(NativeConstructorAccessorImpl.java:62) ~[na:na]
	at java.base/jdk.internal.reflect.DelegatingConstructorAccessorImpl.newInstance(DelegatingConstructorAccessorImpl.java:45) ~[na:na]
	at java.base/java.lang.reflect.Constructor.newInstance(Constructor.java:490) ~[na:na]
	at com.alibaba.nacos.api.naming.NamingFactory.createNamingService(NamingFactory.java:59) ~[nacos-client-2.0.4.jar:na]
	at com.alibaba.nacos.api.NacosFactory.createNamingService(NacosFactory.java:77) ~[nacos-client-2.0.4.jar:na]
	at com.alibaba.cloud.nacos.NacosServiceManager.createNewNamingService(NacosServiceManager.java:99) ~[spring-cloud-starter-alibaba-nacos-discovery-2021.0.4.0.jar:2021.0.4.0]
	at com.alibaba.cloud.nacos.NacosServiceManager.buildNamingService(NacosServiceManager.java:90) ~[spring-cloud-starter-alibaba-nacos-discovery-2021.0.4.0.jar:2021.0.4.0]
	at com.alibaba.cloud.nacos.NacosServiceManager.getNamingService(NacosServiceManager.java:46) ~[spring-cloud-starter-alibaba-nacos-discovery-2021.0.4.0.jar:2021.0.4.0]
	at com.alibaba.cloud.nacos.discovery.NacosWatch.start(NacosWatch.java:130) ~[spring-cloud-starter-alibaba-nacos-discovery-2021.0.4.0.jar:2021.0.4.0]
	at org.springframework.context.support.DefaultLifecycleProcessor.doStart(DefaultLifecycleProcessor.java:178) ~[spring-context-5.3.27.jar:5.3.27]
	at org.springframework.context.support.DefaultLifecycleProcessor.access$200(DefaultLifecycleProcessor.java:54) ~[spring-context-5.3.27.jar:5.3.27]
	at org.springframework.context.support.DefaultLifecycleProcessor$LifecycleGroup.start(DefaultLifecycleProcessor.java:356) ~[spring-context-5.3.27.jar:5.3.27]
	at java.base/java.lang.Iterable.forEach(Iterable.java:75) ~[na:na]
	at org.springframework.context.support.DefaultLifecycleProcessor.startBeans(DefaultLifecycleProcessor.java:155) ~[spring-context-5.3.27.jar:5.3.27]
	at org.springframework.context.support.DefaultLifecycleProcessor.onRefresh(DefaultLifecycleProcessor.java:123) ~[spring-context-5.3.27.jar:5.3.27]
	at org.springframework.context.support.AbstractApplicationContext.finishRefresh(AbstractApplicationContext.java:937) ~[spring-context-5.3.27.jar:5.3.27]
	at org.springframework.context.support.AbstractApplicationContext.refresh(AbstractApplicationContext.java:586) ~[spring-context-5.3.27.jar:5.3.27]
	at org.springframework.boot.web.servlet.context.ServletWebServerApplicationContext.refresh(ServletWebServerApplicationContext.java:147) ~[spring-boot-2.7.12.jar:2.7.12]
	at org.springframework.boot.SpringApplication.refresh(SpringApplication.java:731) ~[spring-boot-2.7.12.jar:2.7.12]
	at org.springframework.boot.SpringApplication.refreshContext(SpringApplication.java:408) ~[spring-boot-2.7.12.jar:2.7.12]
	at org.springframework.boot.SpringApplication.run(SpringApplication.java:307) ~[spring-boot-2.7.12.jar:2.7.12]
	at org.springframework.boot.SpringApplication.run(SpringApplication.java:1303) ~[spring-boot-2.7.12.jar:2.7.12]
	at org.springframework.boot.SpringApplication.run(SpringApplication.java:1292) ~[spring-boot-2.7.12.jar:2.7.12]
	at com.hmall.pay.PayApplication.main(PayApplication.java:14) ~[classes/:na]

19:22:41:104  INFO 17336 --- [com.alibaba.nacos.client.remote.worker] com.alibaba.nacos.common.remote.client   : [ebae2d18-b102-49a9-b09c-ca1dc3d91e1f] Try to reconnect to a new server, server is  not appointed, will choose a random server.
19:22:41:105  INFO 17336 --- [main] com.alibaba.nacos.common.remote.client   : [ebae2d18-b102-49a9-b09c-ca1dc3d91e1f] Register server push request handler:com.alibaba.nacos.common.remote.client.RpcClient$ConnectResetRequestHandler
19:22:41:105  INFO 17336 --- [main] com.alibaba.nacos.common.remote.client   : [ebae2d18-b102-49a9-b09c-ca1dc3d91e1f] Register server push request handler:com.alibaba.nacos.common.remote.client.RpcClient$$Lambda$976/0x0000000800734840
19:22:41:212 ERROR 17336 --- [main] com.alibaba.nacos.common.remote.client   : Send request fail, request = SubscribeServiceRequest{headers={app=unknown}, requestId='null'}, retryTimes = 0, errorMessage = Client not connected, current status:STARTING
19:22:41:320 ERROR 17336 --- [main] com.alibaba.nacos.common.remote.client   : Send request fail, request = SubscribeServiceRequest{headers={app=unknown}, requestId='null'}, retryTimes = 1, errorMessage = Client not connected, current status:STARTING
19:22:41:430 ERROR 17336 --- [main] com.alibaba.nacos.common.remote.client   : Send request fail, request = SubscribeServiceRequest{headers={app=unknown}, requestId='null'}, retryTimes = 2, errorMessage = Client not connected, current status:STARTING
19:22:41:430 ERROR 17336 --- [main] c.a.cloud.nacos.discovery.NacosWatch     : namingService subscribe failed, properties:NacosDiscoveryProperties{serverAddr='192.168.150.102', username='', password='', endpoint='', namespace='', watchDelay=30000, logName='', service='pay-service', weight=1.0, clusterName='DEFAULT', group='DEFAULT_GROUP', namingLoadCacheAtStart='false', metadata={preserved.register.source=SPRING_CLOUD}, registerEnabled=true, ip='192.168.220.1', networkInterface='', port=-1, secure=false, accessKey='', secretKey='', heartBeatInterval=null, heartBeatTimeout=null, ipDeleteTimeout=null, instanceEnabled=true, ephemeral=true, failureToleranceEnabled=false}, ipDeleteTimeout=null, failFast=true}

com.alibaba.nacos.api.exception.NacosException: Request nacos server failed: 
	at com.alibaba.nacos.client.naming.remote.gprc.NamingGrpcClientProxy.requestToServer(NamingGrpcClientProxy.java:290) ~[nacos-client-2.0.4.jar:na]
	at com.alibaba.nacos.client.naming.remote.gprc.NamingGrpcClientProxy.doSubscribe(NamingGrpcClientProxy.java:230) ~[nacos-client-2.0.4.jar:na]
	at com.alibaba.nacos.client.naming.remote.gprc.NamingGrpcClientProxy.subscribe(NamingGrpcClientProxy.java:215) ~[nacos-client-2.0.4.jar:na]
	at com.alibaba.nacos.client.naming.remote.NamingClientProxyDelegate.subscribe(NamingClientProxyDelegate.java:147) ~[nacos-client-2.0.4.jar:na]
	at com.alibaba.nacos.client.naming.NacosNamingService.subscribe(NacosNamingService.java:393) ~[nacos-client-2.0.4.jar:na]
	at com.alibaba.cloud.nacos.discovery.NacosWatch.start(NacosWatch.java:132) ~[spring-cloud-starter-alibaba-nacos-discovery-2021.0.4.0.jar:2021.0.4.0]
	at org.springframework.context.support.DefaultLifecycleProcessor.doStart(DefaultLifecycleProcessor.java:178) ~[spring-context-5.3.27.jar:5.3.27]
	at org.springframework.context.support.DefaultLifecycleProcessor.access$200(DefaultLifecycleProcessor.java:54) ~[spring-context-5.3.27.jar:5.3.27]
	at org.springframework.context.support.DefaultLifecycleProcessor$LifecycleGroup.start(DefaultLifecycleProcessor.java:356) ~[spring-context-5.3.27.jar:5.3.27]
	at java.base/java.lang.Iterable.forEach(Iterable.java:75) ~[na:na]
	at org.springframework.context.support.DefaultLifecycleProcessor.startBeans(DefaultLifecycleProcessor.java:155) ~[spring-context-5.3.27.jar:5.3.27]
	at org.springframework.context.support.DefaultLifecycleProcessor.onRefresh(DefaultLifecycleProcessor.java:123) ~[spring-context-5.3.27.jar:5.3.27]
	at org.springframework.context.support.AbstractApplicationContext.finishRefresh(AbstractApplicationContext.java:937) ~[spring-context-5.3.27.jar:5.3.27]
	at org.springframework.context.support.AbstractApplicationContext.refresh(AbstractApplicationContext.java:586) ~[spring-context-5.3.27.jar:5.3.27]
	at org.springframework.boot.web.servlet.context.ServletWebServerApplicationContext.refresh(ServletWebServerApplicationContext.java:147) ~[spring-boot-2.7.12.jar:2.7.12]
	at org.springframework.boot.SpringApplication.refresh(SpringApplication.java:731) ~[spring-boot-2.7.12.jar:2.7.12]
	at org.springframework.boot.SpringApplication.refreshContext(SpringApplication.java:408) ~[spring-boot-2.7.12.jar:2.7.12]
	at org.springframework.boot.SpringApplication.run(SpringApplication.java:307) ~[spring-boot-2.7.12.jar:2.7.12]
	at org.springframework.boot.SpringApplication.run(SpringApplication.java:1303) ~[spring-boot-2.7.12.jar:2.7.12]
	at org.springframework.boot.SpringApplication.run(SpringApplication.java:1292) ~[spring-boot-2.7.12.jar:2.7.12]
	at com.hmall.pay.PayApplication.main(PayApplication.java:14) ~[classes/:na]
Caused by: com.alibaba.nacos.api.exception.NacosException: Client not connected, current status:STARTING
	at com.alibaba.nacos.common.remote.client.RpcClient.request(RpcClient.java:650) ~[nacos-client-2.0.4.jar:na]
	at com.alibaba.nacos.common.remote.client.RpcClient.request(RpcClient.java:630) ~[nacos-client-2.0.4.jar:na]
	at com.alibaba.nacos.client.naming.remote.gprc.NamingGrpcClientProxy.requestToServer(NamingGrpcClientProxy.java:280) ~[nacos-client-2.0.4.jar:na]
	... 20 common frames omitted

19:22:41:441  INFO 17336 --- [main] o.s.b.w.embedded.tomcat.TomcatWebServer  : Tomcat started on port(s): 8086 (http) with context path ''
19:22:41:556 ERROR 17336 --- [main] com.alibaba.nacos.common.remote.client   : Send request fail, request = InstanceRequest{headers={app=unknown}, requestId='null'}, retryTimes = 0, errorMessage = Client not connected, current status:STARTING
19:22:41:668 ERROR 17336 --- [main] com.alibaba.nacos.common.remote.client   : Send request fail, request = InstanceRequest{headers={app=unknown}, requestId='null'}, retryTimes = 1, errorMessage = Client not connected, current status:STARTING
19:22:41:779 ERROR 17336 --- [main] com.alibaba.nacos.common.remote.client   : Send request fail, request = InstanceRequest{headers={app=unknown}, requestId='null'}, retryTimes = 2, errorMessage = Client not connected, current status:STARTING
19:22:41:779 ERROR 17336 --- [main] c.a.c.n.registry.NacosServiceRegistry    : nacos registry, pay-service register failed...NacosRegistration{nacosDiscoveryProperties=NacosDiscoveryProperties{serverAddr='192.168.150.102', username='', password='', endpoint='', namespace='', watchDelay=30000, logName='', service='pay-service', weight=1.0, clusterName='DEFAULT', group='DEFAULT_GROUP', namingLoadCacheAtStart='false', metadata={preserved.register.source=SPRING_CLOUD}, registerEnabled=true, ip='192.168.220.1', networkInterface='', port=8086, secure=false, accessKey='', secretKey='', heartBeatInterval=null, heartBeatTimeout=null, ipDeleteTimeout=null, instanceEnabled=true, ephemeral=true, failureToleranceEnabled=false}, ipDeleteTimeout=null, failFast=true}},

com.alibaba.nacos.api.exception.NacosException: Request nacos server failed: 
	at com.alibaba.nacos.client.naming.remote.gprc.NamingGrpcClientProxy.requestToServer(NamingGrpcClientProxy.java:290) ~[nacos-client-2.0.4.jar:na]
	at com.alibaba.nacos.client.naming.remote.gprc.NamingGrpcClientProxy.doRegisterService(NamingGrpcClientProxy.java:129) ~[nacos-client-2.0.4.jar:na]
	at com.alibaba.nacos.client.naming.remote.gprc.NamingGrpcClientProxy.registerService(NamingGrpcClientProxy.java:115) ~[nacos-client-2.0.4.jar:na]
	at com.alibaba.nacos.client.naming.remote.NamingClientProxyDelegate.registerService(NamingClientProxyDelegate.java:94) ~[nacos-client-2.0.4.jar:na]
	at com.alibaba.nacos.client.naming.NacosNamingService.registerInstance(NacosNamingService.java:145) ~[nacos-client-2.0.4.jar:na]
	at com.alibaba.cloud.nacos.registry.NacosServiceRegistry.register(NacosServiceRegistry.java:74) ~[spring-cloud-starter-alibaba-nacos-discovery-2021.0.4.0.jar:2021.0.4.0]
	at org.springframework.cloud.client.serviceregistry.AbstractAutoServiceRegistration.register(AbstractAutoServiceRegistration.java:232) ~[spring-cloud-commons-3.1.3.jar:3.1.3]
	at com.alibaba.cloud.nacos.registry.NacosAutoServiceRegistration.register(NacosAutoServiceRegistration.java:78) ~[spring-cloud-starter-alibaba-nacos-discovery-2021.0.4.0.jar:2021.0.4.0]
	at org.springframework.cloud.client.serviceregistry.AbstractAutoServiceRegistration.start(AbstractAutoServiceRegistration.java:133) ~[spring-cloud-commons-3.1.3.jar:3.1.3]
	at org.springframework.cloud.client.serviceregistry.AbstractAutoServiceRegistration.bind(AbstractAutoServiceRegistration.java:98) ~[spring-cloud-commons-3.1.3.jar:3.1.3]
	at org.springframework.cloud.client.serviceregistry.AbstractAutoServiceRegistration.onApplicationEvent(AbstractAutoServiceRegistration.java:86) ~[spring-cloud-commons-3.1.3.jar:3.1.3]
	at org.springframework.cloud.client.serviceregistry.AbstractAutoServiceRegistration.onApplicationEvent(AbstractAutoServiceRegistration.java:47) ~[spring-cloud-commons-3.1.3.jar:3.1.3]
	at org.springframework.context.event.SimpleApplicationEventMulticaster.doInvokeListener(SimpleApplicationEventMulticaster.java:176) ~[spring-context-5.3.27.jar:5.3.27]
	at org.springframework.context.event.SimpleApplicationEventMulticaster.invokeListener(SimpleApplicationEventMulticaster.java:169) ~[spring-context-5.3.27.jar:5.3.27]
	at org.springframework.context.event.SimpleApplicationEventMulticaster.multicastEvent(SimpleApplicationEventMulticaster.java:143) ~[spring-context-5.3.27.jar:5.3.27]
	at org.springframework.context.support.AbstractApplicationContext.publishEvent(AbstractApplicationContext.java:421) ~[spring-context-5.3.27.jar:5.3.27]
	at org.springframework.context.support.AbstractApplicationContext.publishEvent(AbstractApplicationContext.java:378) ~[spring-context-5.3.27.jar:5.3.27]
	at org.springframework.boot.web.servlet.context.WebServerStartStopLifecycle.start(WebServerStartStopLifecycle.java:46) ~[spring-boot-2.7.12.jar:2.7.12]
	at org.springframework.context.support.DefaultLifecycleProcessor.doStart(DefaultLifecycleProcessor.java:178) ~[spring-context-5.3.27.jar:5.3.27]
	at org.springframework.context.support.DefaultLifecycleProcessor.access$200(DefaultLifecycleProcessor.java:54) ~[spring-context-5.3.27.jar:5.3.27]
	at org.springframework.context.support.DefaultLifecycleProcessor$LifecycleGroup.start(DefaultLifecycleProcessor.java:356) ~[spring-context-5.3.27.jar:5.3.27]
	at java.base/java.lang.Iterable.forEach(Iterable.java:75) ~[na:na]
	at org.springframework.context.support.DefaultLifecycleProcessor.startBeans(DefaultLifecycleProcessor.java:155) ~[spring-context-5.3.27.jar:5.3.27]
	at org.springframework.context.support.DefaultLifecycleProcessor.onRefresh(DefaultLifecycleProcessor.java:123) ~[spring-context-5.3.27.jar:5.3.27]
	at org.springframework.context.support.AbstractApplicationContext.finishRefresh(AbstractApplicationContext.java:937) ~[spring-context-5.3.27.jar:5.3.27]
	at org.springframework.context.support.AbstractApplicationContext.refresh(AbstractApplicationContext.java:586) ~[spring-context-5.3.27.jar:5.3.27]
	at org.springframework.boot.web.servlet.context.ServletWebServerApplicationContext.refresh(ServletWebServerApplicationContext.java:147) ~[spring-boot-2.7.12.jar:2.7.12]
	at org.springframework.boot.SpringApplication.refresh(SpringApplication.java:731) ~[spring-boot-2.7.12.jar:2.7.12]
	at org.springframework.boot.SpringApplication.refreshContext(SpringApplication.java:408) ~[spring-boot-2.7.12.jar:2.7.12]
	at org.springframework.boot.SpringApplication.run(SpringApplication.java:307) ~[spring-boot-2.7.12.jar:2.7.12]
	at org.springframework.boot.SpringApplication.run(SpringApplication.java:1303) ~[spring-boot-2.7.12.jar:2.7.12]
	at org.springframework.boot.SpringApplication.run(SpringApplication.java:1292) ~[spring-boot-2.7.12.jar:2.7.12]
	at com.hmall.pay.PayApplication.main(PayApplication.java:14) ~[classes/:na]
Caused by: com.alibaba.nacos.api.exception.NacosException: Client not connected, current status:STARTING
	at com.alibaba.nacos.common.remote.client.RpcClient.request(RpcClient.java:650) ~[nacos-client-2.0.4.jar:na]
	at com.alibaba.nacos.common.remote.client.RpcClient.request(RpcClient.java:630) ~[nacos-client-2.0.4.jar:na]
	at com.alibaba.nacos.client.naming.remote.gprc.NamingGrpcClientProxy.requestToServer(NamingGrpcClientProxy.java:280) ~[nacos-client-2.0.4.jar:na]
	... 32 common frames omitted

19:22:41:780  WARN 17336 --- [main] ConfigServletWebServerApplicationContext : Exception encountered during context initialization - cancelling refresh attempt: org.springframework.context.ApplicationContextException: Failed to start bean 'webServerStartStop'; nested exception is java.lang.reflect.UndeclaredThrowableException
19:22:42:115  INFO 17336 --- [main] com.alibaba.nacos.common.remote.client   : Shutdown rpc client, set status to shutdown
19:22:42:115  INFO 17336 --- [main] com.alibaba.nacos.common.remote.client   : Shutdown client event executor java.util.concurrent.ScheduledThreadPoolExecutor@4a49919c[Running, pool size = 2, active threads = 2, queued tasks = 0, completed tasks = 0]
19:22:42:116  INFO 17336 --- [main] c.a.n.c.remote.client.grpc.GrpcClient    : Shutdown grpc executor java.util.concurrent.ThreadPoolExecutor@3e5b2630[Running, pool size = 3, active threads = 0, queued tasks = 0, completed tasks = 3]
19:22:42:116 ERROR 17336 --- [com.alibaba.nacos.client.remote.worker] c.a.n.c.remote.client.grpc.GrpcClient    : Server check fail, please check server 192.168.150.102 ,port 9848 is available , error ={}

java.lang.InterruptedException: null
	at com.alibaba.nacos.shaded.com.google.common.util.concurrent.AbstractFuture.get(AbstractFuture.java:438) ~[nacos-client-2.0.4.jar:na]
	at com.alibaba.nacos.common.remote.client.grpc.GrpcClient.serverCheck(GrpcClient.java:148) ~[nacos-client-2.0.4.jar:na]
	at com.alibaba.nacos.common.remote.client.grpc.GrpcClient.connectToServer(GrpcClient.java:264) ~[nacos-client-2.0.4.jar:na]
	at com.alibaba.nacos.common.remote.client.RpcClient.reconnect(RpcClient.java:522) ~[nacos-client-2.0.4.jar:na]
	at com.alibaba.nacos.common.remote.client.RpcClient.lambda$start$2(RpcClient.java:370) ~[nacos-client-2.0.4.jar:na]
	at java.base/java.util.concurrent.Executors$RunnableAdapter.call(Executors.java:515) ~[na:na]
	at java.base/java.util.concurrent.FutureTask.run(FutureTask.java:264) ~[na:na]
	at java.base/java.util.concurrent.ScheduledThreadPoolExecutor$ScheduledFutureTask.run(ScheduledThreadPoolExecutor.java:304) ~[na:na]
	at java.base/java.util.concurrent.ThreadPoolExecutor.runWorker(ThreadPoolExecutor.java:1128) ~[na:na]
	at java.base/java.util.concurrent.ThreadPoolExecutor$Worker.run(ThreadPoolExecutor.java:628) ~[na:na]
	at java.base/java.lang.Thread.run(Thread.java:829) ~[na:na]

19:22:42:116 ERROR 17336 --- [com.alibaba.nacos.client.remote.worker] c.a.n.c.remote.client.grpc.GrpcClient    : [ebae2d18-b102-49a9-b09c-ca1dc3d91e1f]Fail to connect to server!,error={}

java.util.concurrent.RejectedExecutionException: Task com.alibaba.nacos.shaded.io.grpc.internal.SerializingExecutor@34a4d53 rejected from java.util.concurrent.ThreadPoolExecutor@3e5b2630[Terminated, pool size = 0, active threads = 0, queued tasks = 0, completed tasks = 3]
	at java.base/java.util.concurrent.ThreadPoolExecutor$AbortPolicy.rejectedExecution(ThreadPoolExecutor.java:2055) ~[na:na]
	at java.base/java.util.concurrent.ThreadPoolExecutor.reject(ThreadPoolExecutor.java:825) ~[na:na]
	at java.base/java.util.concurrent.ThreadPoolExecutor.execute(ThreadPoolExecutor.java:1355) ~[na:na]
	at com.alibaba.nacos.shaded.io.grpc.internal.SerializingExecutor.schedule(SerializingExecutor.java:93) ~[nacos-client-2.0.4.jar:na]
	at com.alibaba.nacos.shaded.io.grpc.internal.SerializingExecutor.execute(SerializingExecutor.java:86) ~[nacos-client-2.0.4.jar:na]
	at com.alibaba.nacos.shaded.io.grpc.internal.ClientCallImpl$ClientStreamListenerImpl.closedInternal(ClientCallImpl.java:696) ~[nacos-client-2.0.4.jar:na]
	at com.alibaba.nacos.shaded.io.grpc.internal.ClientCallImpl$ClientStreamListenerImpl.closed(ClientCallImpl.java:646) ~[nacos-client-2.0.4.jar:na]
	at com.alibaba.nacos.shaded.io.grpc.internal.ClientCallImpl$ClientStreamListenerImpl.closed(ClientCallImpl.java:639) ~[nacos-client-2.0.4.jar:na]
	at com.alibaba.nacos.shaded.io.grpc.internal.DelayedStream.cancel(DelayedStream.java:302) ~[nacos-client-2.0.4.jar:na]
	at com.alibaba.nacos.shaded.io.grpc.internal.DelayedClientTransport$PendingStream.cancel(DelayedClientTransport.java:363) ~[nacos-client-2.0.4.jar:na]
	at com.alibaba.nacos.shaded.io.grpc.internal.DelayedClientTransport.shutdownNow(DelayedClientTransport.java:241) ~[nacos-client-2.0.4.jar:na]
	at com.alibaba.nacos.shaded.io.grpc.internal.ManagedChannelImpl$UncommittedRetriableStreamsRegistry.onShutdownNow(ManagedChannelImpl.java:1021) ~[nacos-client-2.0.4.jar:na]
	at com.alibaba.nacos.shaded.io.grpc.internal.ManagedChannelImpl.shutdownNow(ManagedChannelImpl.java:752) ~[nacos-client-2.0.4.jar:na]
	at com.alibaba.nacos.shaded.io.grpc.internal.ManagedChannelImpl.shutdownNow(ManagedChannelImpl.java:105) ~[nacos-client-2.0.4.jar:na]
	at com.alibaba.nacos.shaded.io.grpc.internal.ForwardingManagedChannel.shutdownNow(ForwardingManagedChannel.java:52) ~[nacos-client-2.0.4.jar:na]
	at com.alibaba.nacos.shaded.io.grpc.internal.ManagedChannelOrphanWrapper.shutdownNow(ManagedChannelOrphanWrapper.java:66) ~[nacos-client-2.0.4.jar:na]
	at com.alibaba.nacos.common.remote.client.grpc.GrpcClient.shuntDownChannel(GrpcClient.java:130) ~[nacos-client-2.0.4.jar:na]
	at com.alibaba.nacos.common.remote.client.grpc.GrpcClient.connectToServer(GrpcClient.java:266) ~[nacos-client-2.0.4.jar:na]
	at com.alibaba.nacos.common.remote.client.RpcClient.reconnect(RpcClient.java:522) ~[nacos-client-2.0.4.jar:na]
	at com.alibaba.nacos.common.remote.client.RpcClient.lambda$start$2(RpcClient.java:370) ~[nacos-client-2.0.4.jar:na]
	at java.base/java.util.concurrent.Executors$RunnableAdapter.call(Executors.java:515) ~[na:na]
	at java.base/java.util.concurrent.FutureTask.run(FutureTask.java:264) ~[na:na]
	at java.base/java.util.concurrent.ScheduledThreadPoolExecutor$ScheduledFutureTask.run(ScheduledThreadPoolExecutor.java:304) ~[na:na]
	at java.base/java.util.concurrent.ThreadPoolExecutor.runWorker(ThreadPoolExecutor.java:1128) ~[na:na]
	at java.base/java.util.concurrent.ThreadPoolExecutor$Worker.run(ThreadPoolExecutor.java:628) ~[na:na]
	at java.base/java.lang.Thread.run(Thread.java:829) ~[na:na]

19:22:42:117  INFO 17336 --- [main] com.alibaba.nacos.common.remote.client   : [RpcClientFactory] create a new rpc client of cae64a69-f492-424a-867b-2e6e5402e2d8
19:22:42:117  INFO 17336 --- [main] com.alibaba.nacos.common.remote.client   : [cae64a69-f492-424a-867b-2e6e5402e2d8] RpcClient init label, labels = {module=naming, source=sdk}
19:22:42:117  INFO 17336 --- [main] com.alibaba.nacos.common.remote.client   : [cae64a69-f492-424a-867b-2e6e5402e2d8] RpcClient init, ServerListFactory = com.alibaba.nacos.client.naming.core.ServerListManager
19:22:42:117  INFO 17336 --- [main] com.alibaba.nacos.common.remote.client   : [cae64a69-f492-424a-867b-2e6e5402e2d8] Registry connection listener to current client:com.alibaba.nacos.client.naming.remote.gprc.redo.NamingGrpcRedoService
19:22:42:117  INFO 17336 --- [main] com.alibaba.nacos.common.remote.client   : [cae64a69-f492-424a-867b-2e6e5402e2d8] Register server push request handler:com.alibaba.nacos.client.naming.remote.gprc.NamingPushRequestHandler
19:22:42:118  INFO 17336 --- [main] com.alibaba.nacos.common.remote.client   : [cae64a69-f492-424a-867b-2e6e5402e2d8] Try to connect to server on start up, server: {serverIp = '192.168.150.102', server main port = 8848}
19:22:42:226  INFO 17336 --- [com.alibaba.nacos.client.remote.worker] com.alibaba.nacos.common.remote.client   : [ebae2d18-b102-49a9-b09c-ca1dc3d91e1f] Client is shutdown, stop reconnect to server
19:22:43:752  WARN 17336 --- [Thread-4] c.a.nacos.common.notify.NotifyCenter     : [NotifyCenter] Start destroying Publisher
19:22:43:752  WARN 17336 --- [Thread-7] c.a.n.common.http.HttpClientBeanHolder   : [HttpClientBeanHolder] Start destroying common HttpClient
19:22:43:752  WARN 17336 --- [Thread-4] c.a.nacos.common.notify.NotifyCenter     : [NotifyCenter] Destruction of the end
19:22:43:753  WARN 17336 --- [Thread-7] c.a.n.common.http.HttpClientBeanHolder   : [HttpClientBeanHolder] Destruction of the end
19:22:45:130 ERROR 17336 --- [main] c.a.n.c.remote.client.grpc.GrpcClient    : Server check fail, please check server 192.168.150.102 ,port 9848 is available , error ={}

java.util.concurrent.TimeoutException: Waited 3000 milliseconds (plus 10 milliseconds, 367800 nanoseconds delay) for com.alibaba.nacos.shaded.io.grpc.stub.ClientCalls$GrpcFuture@2c8f65da[status=PENDING, info=[GrpcFuture{clientCall={delegate={delegate=ClientCallImpl{method=MethodDescriptor{fullMethodName=Request/request, type=UNARY, idempotent=false, safe=false, sampledToLocalTracing=true, requestMarshaller=com.alibaba.nacos.shaded.io.grpc.protobuf.lite.ProtoLiteUtils$MessageMarshaller@54530644, responseMarshaller=com.alibaba.nacos.shaded.io.grpc.protobuf.lite.ProtoLiteUtils$MessageMarshaller@42734b71, schemaDescriptor=com.alibaba.nacos.api.grpc.auto.RequestGrpc$RequestMethodDescriptorSupplier@3a45308f}}}}}]]
	at com.alibaba.nacos.shaded.com.google.common.util.concurrent.AbstractFuture.get(AbstractFuture.java:508) ~[nacos-client-2.0.4.jar:na]
	at com.alibaba.nacos.common.remote.client.grpc.GrpcClient.serverCheck(GrpcClient.java:148) ~[nacos-client-2.0.4.jar:na]
	at com.alibaba.nacos.common.remote.client.grpc.GrpcClient.connectToServer(GrpcClient.java:264) ~[nacos-client-2.0.4.jar:na]
	at com.alibaba.nacos.common.remote.client.RpcClient.start(RpcClient.java:390) ~[nacos-client-2.0.4.jar:na]
	at com.alibaba.nacos.client.naming.remote.gprc.NamingGrpcClientProxy.start(NamingGrpcClientProxy.java:96) ~[nacos-client-2.0.4.jar:na]
	at com.alibaba.nacos.client.naming.remote.gprc.NamingGrpcClientProxy.<init>(NamingGrpcClientProxy.java:89) ~[nacos-client-2.0.4.jar:na]
	at com.alibaba.nacos.client.naming.remote.NamingClientProxyDelegate.<init>(NamingClientProxyDelegate.java:76) ~[nacos-client-2.0.4.jar:na]
	at com.alibaba.nacos.client.naming.NacosNamingService.init(NacosNamingService.java:95) ~[nacos-client-2.0.4.jar:na]
	at com.alibaba.nacos.client.naming.NacosNamingService.<init>(NacosNamingService.java:81) ~[nacos-client-2.0.4.jar:na]
	at java.base/jdk.internal.reflect.NativeConstructorAccessorImpl.newInstance0(Native Method) ~[na:na]
	at java.base/jdk.internal.reflect.NativeConstructorAccessorImpl.newInstance(NativeConstructorAccessorImpl.java:62) ~[na:na]
	at java.base/jdk.internal.reflect.DelegatingConstructorAccessorImpl.newInstance(DelegatingConstructorAccessorImpl.java:45) ~[na:na]
	at java.base/java.lang.reflect.Constructor.newInstance(Constructor.java:490) ~[na:na]
	at com.alibaba.nacos.api.naming.NamingFactory.createNamingService(NamingFactory.java:59) ~[nacos-client-2.0.4.jar:na]
	at com.alibaba.nacos.api.NacosFactory.createNamingService(NacosFactory.java:77) ~[nacos-client-2.0.4.jar:na]
	at com.alibaba.cloud.nacos.NacosServiceManager.createNewNamingService(NacosServiceManager.java:99) ~[spring-cloud-starter-alibaba-nacos-discovery-2021.0.4.0.jar:2021.0.4.0]
	at com.alibaba.cloud.nacos.NacosServiceManager.buildNamingService(NacosServiceManager.java:90) ~[spring-cloud-starter-alibaba-nacos-discovery-2021.0.4.0.jar:2021.0.4.0]
	at com.alibaba.cloud.nacos.NacosServiceManager.getNamingService(NacosServiceManager.java:46) ~[spring-cloud-starter-alibaba-nacos-discovery-2021.0.4.0.jar:2021.0.4.0]
	at com.alibaba.cloud.nacos.discovery.NacosWatch.stop(NacosWatch.java:173) ~[spring-cloud-starter-alibaba-nacos-discovery-2021.0.4.0.jar:2021.0.4.0]
	at com.alibaba.cloud.nacos.discovery.NacosWatch.destroy(NacosWatch.java:204) ~[spring-cloud-starter-alibaba-nacos-discovery-2021.0.4.0.jar:2021.0.4.0]
	at org.springframework.beans.factory.support.DisposableBeanAdapter.destroy(DisposableBeanAdapter.java:213) ~[spring-beans-5.3.27.jar:5.3.27]
	at org.springframework.beans.factory.support.DefaultSingletonBeanRegistry.destroyBean(DefaultSingletonBeanRegistry.java:587) ~[spring-beans-5.3.27.jar:5.3.27]
	at org.springframework.beans.factory.support.DefaultSingletonBeanRegistry.destroySingleton(DefaultSingletonBeanRegistry.java:559) ~[spring-beans-5.3.27.jar:5.3.27]
	at org.springframework.beans.factory.support.DefaultListableBeanFactory.destroySingleton(DefaultListableBeanFactory.java:1163) ~[spring-beans-5.3.27.jar:5.3.27]
	at org.springframework.beans.factory.support.DefaultSingletonBeanRegistry.destroySingletons(DefaultSingletonBeanRegistry.java:520) ~[spring-beans-5.3.27.jar:5.3.27]
	at org.springframework.beans.factory.support.DefaultListableBeanFactory.destroySingletons(DefaultListableBeanFactory.java:1156) ~[spring-beans-5.3.27.jar:5.3.27]
	at org.springframework.context.support.AbstractApplicationContext.destroyBeans(AbstractApplicationContext.java:1108) ~[spring-context-5.3.27.jar:5.3.27]
	at org.springframework.context.support.AbstractApplicationContext.refresh(AbstractApplicationContext.java:596) ~[spring-context-5.3.27.jar:5.3.27]
	at org.springframework.boot.web.servlet.context.ServletWebServerApplicationContext.refresh(ServletWebServerApplicationContext.java:147) ~[spring-boot-2.7.12.jar:2.7.12]
	at org.springframework.boot.SpringApplication.refresh(SpringApplication.java:731) ~[spring-boot-2.7.12.jar:2.7.12]
	at org.springframework.boot.SpringApplication.refreshContext(SpringApplication.java:408) ~[spring-boot-2.7.12.jar:2.7.12]
	at org.springframework.boot.SpringApplication.run(SpringApplication.java:307) ~[spring-boot-2.7.12.jar:2.7.12]
	at org.springframework.boot.SpringApplication.run(SpringApplication.java:1303) ~[spring-boot-2.7.12.jar:2.7.12]
	at org.springframework.boot.SpringApplication.run(SpringApplication.java:1292) ~[spring-boot-2.7.12.jar:2.7.12]
	at com.hmall.pay.PayApplication.main(PayApplication.java:14) ~[classes/:na]

19:22:45:131  INFO 17336 --- [main] com.alibaba.nacos.common.remote.client   : [cae64a69-f492-424a-867b-2e6e5402e2d8] Try to connect to server on start up, server: {serverIp = '192.168.150.102', server main port = 8848}
19:22:48:140 ERROR 17336 --- [main] c.a.n.c.remote.client.grpc.GrpcClient    : Server check fail, please check server 192.168.150.102 ,port 9848 is available , error ={}

java.util.concurrent.TimeoutException: Waited 3000 milliseconds (plus 7 milliseconds, 727200 nanoseconds delay) for com.alibaba.nacos.shaded.io.grpc.stub.ClientCalls$GrpcFuture@4b9b5da5[status=PENDING, info=[GrpcFuture{clientCall={delegate={delegate=ClientCallImpl{method=MethodDescriptor{fullMethodName=Request/request, type=UNARY, idempotent=false, safe=false, sampledToLocalTracing=true, requestMarshaller=com.alibaba.nacos.shaded.io.grpc.protobuf.lite.ProtoLiteUtils$MessageMarshaller@54530644, responseMarshaller=com.alibaba.nacos.shaded.io.grpc.protobuf.lite.ProtoLiteUtils$MessageMarshaller@42734b71, schemaDescriptor=com.alibaba.nacos.api.grpc.auto.RequestGrpc$RequestMethodDescriptorSupplier@3a45308f}}}}}]]
	at com.alibaba.nacos.shaded.com.google.common.util.concurrent.AbstractFuture.get(AbstractFuture.java:508) ~[nacos-client-2.0.4.jar:na]
	at com.alibaba.nacos.common.remote.client.grpc.GrpcClient.serverCheck(GrpcClient.java:148) ~[nacos-client-2.0.4.jar:na]
	at com.alibaba.nacos.common.remote.client.grpc.GrpcClient.connectToServer(GrpcClient.java:264) ~[nacos-client-2.0.4.jar:na]
	at com.alibaba.nacos.common.remote.client.RpcClient.start(RpcClient.java:390) ~[nacos-client-2.0.4.jar:na]
	at com.alibaba.nacos.client.naming.remote.gprc.NamingGrpcClientProxy.start(NamingGrpcClientProxy.java:96) ~[nacos-client-2.0.4.jar:na]
	at com.alibaba.nacos.client.naming.remote.gprc.NamingGrpcClientProxy.<init>(NamingGrpcClientProxy.java:89) ~[nacos-client-2.0.4.jar:na]
	at com.alibaba.nacos.client.naming.remote.NamingClientProxyDelegate.<init>(NamingClientProxyDelegate.java:76) ~[nacos-client-2.0.4.jar:na]
	at com.alibaba.nacos.client.naming.NacosNamingService.init(NacosNamingService.java:95) ~[nacos-client-2.0.4.jar:na]
	at com.alibaba.nacos.client.naming.NacosNamingService.<init>(NacosNamingService.java:81) ~[nacos-client-2.0.4.jar:na]
	at java.base/jdk.internal.reflect.NativeConstructorAccessorImpl.newInstance0(Native Method) ~[na:na]
	at java.base/jdk.internal.reflect.NativeConstructorAccessorImpl.newInstance(NativeConstructorAccessorImpl.java:62) ~[na:na]
	at java.base/jdk.internal.reflect.DelegatingConstructorAccessorImpl.newInstance(DelegatingConstructorAccessorImpl.java:45) ~[na:na]
	at java.base/java.lang.reflect.Constructor.newInstance(Constructor.java:490) ~[na:na]
	at com.alibaba.nacos.api.naming.NamingFactory.createNamingService(NamingFactory.java:59) ~[nacos-client-2.0.4.jar:na]
	at com.alibaba.nacos.api.NacosFactory.createNamingService(NacosFactory.java:77) ~[nacos-client-2.0.4.jar:na]
	at com.alibaba.cloud.nacos.NacosServiceManager.createNewNamingService(NacosServiceManager.java:99) ~[spring-cloud-starter-alibaba-nacos-discovery-2021.0.4.0.jar:2021.0.4.0]
	at com.alibaba.cloud.nacos.NacosServiceManager.buildNamingService(NacosServiceManager.java:90) ~[spring-cloud-starter-alibaba-nacos-discovery-2021.0.4.0.jar:2021.0.4.0]
	at com.alibaba.cloud.nacos.NacosServiceManager.getNamingService(NacosServiceManager.java:46) ~[spring-cloud-starter-alibaba-nacos-discovery-2021.0.4.0.jar:2021.0.4.0]
	at com.alibaba.cloud.nacos.discovery.NacosWatch.stop(NacosWatch.java:173) ~[spring-cloud-starter-alibaba-nacos-discovery-2021.0.4.0.jar:2021.0.4.0]
	at com.alibaba.cloud.nacos.discovery.NacosWatch.destroy(NacosWatch.java:204) ~[spring-cloud-starter-alibaba-nacos-discovery-2021.0.4.0.jar:2021.0.4.0]
	at org.springframework.beans.factory.support.DisposableBeanAdapter.destroy(DisposableBeanAdapter.java:213) ~[spring-beans-5.3.27.jar:5.3.27]
	at org.springframework.beans.factory.support.DefaultSingletonBeanRegistry.destroyBean(DefaultSingletonBeanRegistry.java:587) ~[spring-beans-5.3.27.jar:5.3.27]
	at org.springframework.beans.factory.support.DefaultSingletonBeanRegistry.destroySingleton(DefaultSingletonBeanRegistry.java:559) ~[spring-beans-5.3.27.jar:5.3.27]
	at org.springframework.beans.factory.support.DefaultListableBeanFactory.destroySingleton(DefaultListableBeanFactory.java:1163) ~[spring-beans-5.3.27.jar:5.3.27]
	at org.springframework.beans.factory.support.DefaultSingletonBeanRegistry.destroySingletons(DefaultSingletonBeanRegistry.java:520) ~[spring-beans-5.3.27.jar:5.3.27]
	at org.springframework.beans.factory.support.DefaultListableBeanFactory.destroySingletons(DefaultListableBeanFactory.java:1156) ~[spring-beans-5.3.27.jar:5.3.27]
	at org.springframework.context.support.AbstractApplicationContext.destroyBeans(AbstractApplicationContext.java:1108) ~[spring-context-5.3.27.jar:5.3.27]
	at org.springframework.context.support.AbstractApplicationContext.refresh(AbstractApplicationContext.java:596) ~[spring-context-5.3.27.jar:5.3.27]
	at org.springframework.boot.web.servlet.context.ServletWebServerApplicationContext.refresh(ServletWebServerApplicationContext.java:147) ~[spring-boot-2.7.12.jar:2.7.12]
	at org.springframework.boot.SpringApplication.refresh(SpringApplication.java:731) ~[spring-boot-2.7.12.jar:2.7.12]
	at org.springframework.boot.SpringApplication.refreshContext(SpringApplication.java:408) ~[spring-boot-2.7.12.jar:2.7.12]
	at org.springframework.boot.SpringApplication.run(SpringApplication.java:307) ~[spring-boot-2.7.12.jar:2.7.12]
	at org.springframework.boot.SpringApplication.run(SpringApplication.java:1303) ~[spring-boot-2.7.12.jar:2.7.12]
	at org.springframework.boot.SpringApplication.run(SpringApplication.java:1292) ~[spring-boot-2.7.12.jar:2.7.12]
	at com.hmall.pay.PayApplication.main(PayApplication.java:14) ~[classes/:na]

19:22:48:141  INFO 17336 --- [main] com.alibaba.nacos.common.remote.client   : [cae64a69-f492-424a-867b-2e6e5402e2d8] Try to connect to server on start up, server: {serverIp = '192.168.150.102', server main port = 8848}
19:22:51:150 ERROR 17336 --- [main] c.a.n.c.remote.client.grpc.GrpcClient    : Server check fail, please check server 192.168.150.102 ,port 9848 is available , error ={}

java.util.concurrent.TimeoutException: Waited 3000 milliseconds (plus 8 milliseconds, 123600 nanoseconds delay) for com.alibaba.nacos.shaded.io.grpc.stub.ClientCalls$GrpcFuture@f83d121[status=PENDING, info=[GrpcFuture{clientCall={delegate={delegate=ClientCallImpl{method=MethodDescriptor{fullMethodName=Request/request, type=UNARY, idempotent=false, safe=false, sampledToLocalTracing=true, requestMarshaller=com.alibaba.nacos.shaded.io.grpc.protobuf.lite.ProtoLiteUtils$MessageMarshaller@54530644, responseMarshaller=com.alibaba.nacos.shaded.io.grpc.protobuf.lite.ProtoLiteUtils$MessageMarshaller@42734b71, schemaDescriptor=com.alibaba.nacos.api.grpc.auto.RequestGrpc$RequestMethodDescriptorSupplier@3a45308f}}}}}]]
	at com.alibaba.nacos.shaded.com.google.common.util.concurrent.AbstractFuture.get(AbstractFuture.java:508) ~[nacos-client-2.0.4.jar:na]
	at com.alibaba.nacos.common.remote.client.grpc.GrpcClient.serverCheck(GrpcClient.java:148) ~[nacos-client-2.0.4.jar:na]
	at com.alibaba.nacos.common.remote.client.grpc.GrpcClient.connectToServer(GrpcClient.java:264) ~[nacos-client-2.0.4.jar:na]
	at com.alibaba.nacos.common.remote.client.RpcClient.start(RpcClient.java:390) ~[nacos-client-2.0.4.jar:na]
	at com.alibaba.nacos.client.naming.remote.gprc.NamingGrpcClientProxy.start(NamingGrpcClientProxy.java:96) ~[nacos-client-2.0.4.jar:na]
	at com.alibaba.nacos.client.naming.remote.gprc.NamingGrpcClientProxy.<init>(NamingGrpcClientProxy.java:89) ~[nacos-client-2.0.4.jar:na]
	at com.alibaba.nacos.client.naming.remote.NamingClientProxyDelegate.<init>(NamingClientProxyDelegate.java:76) ~[nacos-client-2.0.4.jar:na]
	at com.alibaba.nacos.client.naming.NacosNamingService.init(NacosNamingService.java:95) ~[nacos-client-2.0.4.jar:na]
	at com.alibaba.nacos.client.naming.NacosNamingService.<init>(NacosNamingService.java:81) ~[nacos-client-2.0.4.jar:na]
	at java.base/jdk.internal.reflect.NativeConstructorAccessorImpl.newInstance0(Native Method) ~[na:na]
	at java.base/jdk.internal.reflect.NativeConstructorAccessorImpl.newInstance(NativeConstructorAccessorImpl.java:62) ~[na:na]
	at java.base/jdk.internal.reflect.DelegatingConstructorAccessorImpl.newInstance(DelegatingConstructorAccessorImpl.java:45) ~[na:na]
	at java.base/java.lang.reflect.Constructor.newInstance(Constructor.java:490) ~[na:na]
	at com.alibaba.nacos.api.naming.NamingFactory.createNamingService(NamingFactory.java:59) ~[nacos-client-2.0.4.jar:na]
	at com.alibaba.nacos.api.NacosFactory.createNamingService(NacosFactory.java:77) ~[nacos-client-2.0.4.jar:na]
	at com.alibaba.cloud.nacos.NacosServiceManager.createNewNamingService(NacosServiceManager.java:99) ~[spring-cloud-starter-alibaba-nacos-discovery-2021.0.4.0.jar:2021.0.4.0]
	at com.alibaba.cloud.nacos.NacosServiceManager.buildNamingService(NacosServiceManager.java:90) ~[spring-cloud-starter-alibaba-nacos-discovery-2021.0.4.0.jar:2021.0.4.0]
	at com.alibaba.cloud.nacos.NacosServiceManager.getNamingService(NacosServiceManager.java:46) ~[spring-cloud-starter-alibaba-nacos-discovery-2021.0.4.0.jar:2021.0.4.0]
	at com.alibaba.cloud.nacos.discovery.NacosWatch.stop(NacosWatch.java:173) ~[spring-cloud-starter-alibaba-nacos-discovery-2021.0.4.0.jar:2021.0.4.0]
	at com.alibaba.cloud.nacos.discovery.NacosWatch.destroy(NacosWatch.java:204) ~[spring-cloud-starter-alibaba-nacos-discovery-2021.0.4.0.jar:2021.0.4.0]
	at org.springframework.beans.factory.support.DisposableBeanAdapter.destroy(DisposableBeanAdapter.java:213) ~[spring-beans-5.3.27.jar:5.3.27]
	at org.springframework.beans.factory.support.DefaultSingletonBeanRegistry.destroyBean(DefaultSingletonBeanRegistry.java:587) ~[spring-beans-5.3.27.jar:5.3.27]
	at org.springframework.beans.factory.support.DefaultSingletonBeanRegistry.destroySingleton(DefaultSingletonBeanRegistry.java:559) ~[spring-beans-5.3.27.jar:5.3.27]
	at org.springframework.beans.factory.support.DefaultListableBeanFactory.destroySingleton(DefaultListableBeanFactory.java:1163) ~[spring-beans-5.3.27.jar:5.3.27]
	at org.springframework.beans.factory.support.DefaultSingletonBeanRegistry.destroySingletons(DefaultSingletonBeanRegistry.java:520) ~[spring-beans-5.3.27.jar:5.3.27]
	at org.springframework.beans.factory.support.DefaultListableBeanFactory.destroySingletons(DefaultListableBeanFactory.java:1156) ~[spring-beans-5.3.27.jar:5.3.27]
	at org.springframework.context.support.AbstractApplicationContext.destroyBeans(AbstractApplicationContext.java:1108) ~[spring-context-5.3.27.jar:5.3.27]
	at org.springframework.context.support.AbstractApplicationContext.refresh(AbstractApplicationContext.java:596) ~[spring-context-5.3.27.jar:5.3.27]
	at org.springframework.boot.web.servlet.context.ServletWebServerApplicationContext.refresh(ServletWebServerApplicationContext.java:147) ~[spring-boot-2.7.12.jar:2.7.12]
	at org.springframework.boot.SpringApplication.refresh(SpringApplication.java:731) ~[spring-boot-2.7.12.jar:2.7.12]
	at org.springframework.boot.SpringApplication.refreshContext(SpringApplication.java:408) ~[spring-boot-2.7.12.jar:2.7.12]
	at org.springframework.boot.SpringApplication.run(SpringApplication.java:307) ~[spring-boot-2.7.12.jar:2.7.12]
	at org.springframework.boot.SpringApplication.run(SpringApplication.java:1303) ~[spring-boot-2.7.12.jar:2.7.12]
	at org.springframework.boot.SpringApplication.run(SpringApplication.java:1292) ~[spring-boot-2.7.12.jar:2.7.12]
	at com.hmall.pay.PayApplication.main(PayApplication.java:14) ~[classes/:na]

19:22:51:151  INFO 17336 --- [main] com.alibaba.nacos.common.remote.client   : [cae64a69-f492-424a-867b-2e6e5402e2d8] Register server push request handler:com.alibaba.nacos.common.remote.client.RpcClient$ConnectResetRequestHandler
19:22:51:151  INFO 17336 --- [com.alibaba.nacos.client.remote.worker] com.alibaba.nacos.common.remote.client   : [cae64a69-f492-424a-867b-2e6e5402e2d8] Try to reconnect to a new server, server is  not appointed, will choose a random server.
19:22:51:151  INFO 17336 --- [main] com.alibaba.nacos.common.remote.client   : [cae64a69-f492-424a-867b-2e6e5402e2d8] Register server push request handler:com.alibaba.nacos.common.remote.client.RpcClient$$Lambda$976/0x0000000800734840
19:22:51:260 ERROR 17336 --- [main] com.alibaba.nacos.common.remote.client   : Send request fail, request = SubscribeServiceRequest{headers={app=unknown}, requestId='null'}, retryTimes = 0, errorMessage = Client not connected, current status:STARTING
19:22:51:369 ERROR 17336 --- [main] com.alibaba.nacos.common.remote.client   : Send request fail, request = SubscribeServiceRequest{headers={app=unknown}, requestId='null'}, retryTimes = 1, errorMessage = Client not connected, current status:STARTING
19:22:51:478 ERROR 17336 --- [main] com.alibaba.nacos.common.remote.client   : Send request fail, request = SubscribeServiceRequest{headers={app=unknown}, requestId='null'}, retryTimes = 2, errorMessage = Client not connected, current status:STARTING
19:22:51:478 ERROR 17336 --- [main] c.a.cloud.nacos.discovery.NacosWatch     : namingService unsubscribe failed, properties:NacosDiscoveryProperties{serverAddr='192.168.150.102', username='', password='', endpoint='', namespace='', watchDelay=30000, logName='', service='pay-service', weight=1.0, clusterName='DEFAULT', group='DEFAULT_GROUP', namingLoadCacheAtStart='false', metadata={preserved.register.source=SPRING_CLOUD}, registerEnabled=true, ip='192.168.220.1', networkInterface='', port=8086, secure=false, accessKey='', secretKey='', heartBeatInterval=null, heartBeatTimeout=null, ipDeleteTimeout=null, instanceEnabled=true, ephemeral=true, failureToleranceEnabled=false}, ipDeleteTimeout=null, failFast=true}

com.alibaba.nacos.api.exception.NacosException: Request nacos server failed: 
	at com.alibaba.nacos.client.naming.remote.gprc.NamingGrpcClientProxy.requestToServer(NamingGrpcClientProxy.java:290) ~[nacos-client-2.0.4.jar:na]
	at com.alibaba.nacos.client.naming.remote.gprc.NamingGrpcClientProxy.doUnsubscribe(NamingGrpcClientProxy.java:260) ~[nacos-client-2.0.4.jar:na]
	at com.alibaba.nacos.client.naming.remote.gprc.NamingGrpcClientProxy.unsubscribe(NamingGrpcClientProxy.java:241) ~[nacos-client-2.0.4.jar:na]
	at com.alibaba.nacos.client.naming.remote.NamingClientProxyDelegate.unsubscribe(NamingClientProxyDelegate.java:157) ~[nacos-client-2.0.4.jar:na]
	at com.alibaba.nacos.client.naming.NacosNamingService.unsubscribe(NacosNamingService.java:417) ~[nacos-client-2.0.4.jar:na]
	at com.alibaba.cloud.nacos.discovery.NacosWatch.stop(NacosWatch.java:174) ~[spring-cloud-starter-alibaba-nacos-discovery-2021.0.4.0.jar:2021.0.4.0]
	at com.alibaba.cloud.nacos.discovery.NacosWatch.destroy(NacosWatch.java:204) ~[spring-cloud-starter-alibaba-nacos-discovery-2021.0.4.0.jar:2021.0.4.0]
	at org.springframework.beans.factory.support.DisposableBeanAdapter.destroy(DisposableBeanAdapter.java:213) ~[spring-beans-5.3.27.jar:5.3.27]
	at org.springframework.beans.factory.support.DefaultSingletonBeanRegistry.destroyBean(DefaultSingletonBeanRegistry.java:587) ~[spring-beans-5.3.27.jar:5.3.27]
	at org.springframework.beans.factory.support.DefaultSingletonBeanRegistry.destroySingleton(DefaultSingletonBeanRegistry.java:559) ~[spring-beans-5.3.27.jar:5.3.27]
	at org.springframework.beans.factory.support.DefaultListableBeanFactory.destroySingleton(DefaultListableBeanFactory.java:1163) ~[spring-beans-5.3.27.jar:5.3.27]
	at org.springframework.beans.factory.support.DefaultSingletonBeanRegistry.destroySingletons(DefaultSingletonBeanRegistry.java:520) ~[spring-beans-5.3.27.jar:5.3.27]
	at org.springframework.beans.factory.support.DefaultListableBeanFactory.destroySingletons(DefaultListableBeanFactory.java:1156) ~[spring-beans-5.3.27.jar:5.3.27]
	at org.springframework.context.support.AbstractApplicationContext.destroyBeans(AbstractApplicationContext.java:1108) ~[spring-context-5.3.27.jar:5.3.27]
	at org.springframework.context.support.AbstractApplicationContext.refresh(AbstractApplicationContext.java:596) ~[spring-context-5.3.27.jar:5.3.27]
	at org.springframework.boot.web.servlet.context.ServletWebServerApplicationContext.refresh(ServletWebServerApplicationContext.java:147) ~[spring-boot-2.7.12.jar:2.7.12]
	at org.springframework.boot.SpringApplication.refresh(SpringApplication.java:731) ~[spring-boot-2.7.12.jar:2.7.12]
	at org.springframework.boot.SpringApplication.refreshContext(SpringApplication.java:408) ~[spring-boot-2.7.12.jar:2.7.12]
	at org.springframework.boot.SpringApplication.run(SpringApplication.java:307) ~[spring-boot-2.7.12.jar:2.7.12]
	at org.springframework.boot.SpringApplication.run(SpringApplication.java:1303) ~[spring-boot-2.7.12.jar:2.7.12]
	at org.springframework.boot.SpringApplication.run(SpringApplication.java:1292) ~[spring-boot-2.7.12.jar:2.7.12]
	at com.hmall.pay.PayApplication.main(PayApplication.java:14) ~[classes/:na]
Caused by: com.alibaba.nacos.api.exception.NacosException: Client not connected, current status:STARTING
	at com.alibaba.nacos.common.remote.client.RpcClient.request(RpcClient.java:650) ~[nacos-client-2.0.4.jar:na]
	at com.alibaba.nacos.common.remote.client.RpcClient.request(RpcClient.java:630) ~[nacos-client-2.0.4.jar:na]
	at com.alibaba.nacos.client.naming.remote.gprc.NamingGrpcClientProxy.requestToServer(NamingGrpcClientProxy.java:280) ~[nacos-client-2.0.4.jar:na]
	... 21 common frames omitted

19:54:57:999  INFO 17116 --- [main] com.hmall.pay.PayApplication             : Starting PayApplication using Java 11.0.31 on LAPTOP-16OT1L5F with PID 17116 (G:\hmall\backend\pay-service\target\classes started by 18071 in G:\hmall\backend)
19:54:58:001 DEBUG 17116 --- [main] com.hmall.pay.PayApplication             : Running with Spring Boot v2.7.12, Spring v5.3.27
19:54:58:002  INFO 17116 --- [main] com.hmall.pay.PayApplication             : The following 1 profile is active: "dev"
19:54:59:177  INFO 17116 --- [main] o.s.cloud.context.scope.GenericScope     : BeanFactory id=93635030-9e55-3283-b59b-31e35e320834
19:54:59:522  INFO 17116 --- [main] o.s.b.w.embedded.tomcat.TomcatWebServer  : Tomcat initialized with port(s): 8086 (http)
19:54:59:530  INFO 17116 --- [main] o.apache.catalina.core.StandardService   : Starting service [Tomcat]
19:54:59:531  INFO 17116 --- [main] org.apache.catalina.core.StandardEngine  : Starting Servlet engine: [Apache Tomcat/9.0.75]
19:54:59:681  INFO 17116 --- [main] o.a.c.c.C.[Tomcat].[localhost].[/]       : Initializing Spring embedded WebApplicationContext
19:54:59:681  INFO 17116 --- [main] w.s.c.ServletWebServerApplicationContext : Root WebApplicationContext: initialization completed in 1630 ms
19:54:59:918  INFO 17116 --- [main] o.s.c.openfeign.FeignClientFactoryBean   : For 'user-service' URL not provided. Will try picking an instance via load-balancing.
19:54:59:979  INFO 17116 --- [main] o.s.c.openfeign.FeignClientFactoryBean   : For 'trade-service' URL not provided. Will try picking an instance via load-balancing.
19:55:05:415  INFO 17116 --- [main] pertySourcedRequestMappingHandlerMapping : Mapped URL path [/v2/api-docs] onto method [springfox.documentation.swagger2.web.Swagger2ControllerWebMvc#getDocumentation(String, HttpServletRequest)]
19:55:06:461  INFO 17116 --- [main] com.alibaba.nacos.common.remote.client   : [RpcClientFactory] create a new rpc client of f95d8039-141d-4523-83a9-f5be4499195c
19:55:06:498  INFO 17116 --- [main] org.reflections.Reflections              : Reflections took 21 ms to scan 1 urls, producing 3 keys and 6 values 
19:55:06:525  INFO 17116 --- [main] org.reflections.Reflections              : Reflections took 8 ms to scan 1 urls, producing 4 keys and 9 values 
19:55:06:539  INFO 17116 --- [main] org.reflections.Reflections              : Reflections took 10 ms to scan 1 urls, producing 3 keys and 10 values 
19:55:06:543  WARN 17116 --- [main] org.reflections.Reflections              : given scan urls are empty. set urls in the configuration
19:55:06:549  INFO 17116 --- [main] org.reflections.Reflections              : Reflections took 6 ms to scan 1 urls, producing 1 keys and 5 values 
19:55:06:558  INFO 17116 --- [main] org.reflections.Reflections              : Reflections took 6 ms to scan 1 urls, producing 1 keys and 7 values 
19:55:06:566  INFO 17116 --- [main] org.reflections.Reflections              : Reflections took 6 ms to scan 1 urls, producing 2 keys and 8 values 
19:55:06:568  WARN 17116 --- [main] org.reflections.Reflections              : given scan urls are empty. set urls in the configuration
19:55:06:569  INFO 17116 --- [main] com.alibaba.nacos.common.remote.client   : [f95d8039-141d-4523-83a9-f5be4499195c] RpcClient init label, labels = {module=naming, source=sdk}
19:55:06:571  INFO 17116 --- [main] com.alibaba.nacos.common.remote.client   : [f95d8039-141d-4523-83a9-f5be4499195c] RpcClient init, ServerListFactory = com.alibaba.nacos.client.naming.core.ServerListManager
19:55:06:579  INFO 17116 --- [main] com.alibaba.nacos.common.remote.client   : [f95d8039-141d-4523-83a9-f5be4499195c] Registry connection listener to current client:com.alibaba.nacos.client.naming.remote.gprc.redo.NamingGrpcRedoService
19:55:06:580  INFO 17116 --- [main] com.alibaba.nacos.common.remote.client   : [f95d8039-141d-4523-83a9-f5be4499195c] Register server push request handler:com.alibaba.nacos.client.naming.remote.gprc.NamingPushRequestHandler
19:55:06:582  INFO 17116 --- [main] com.alibaba.nacos.common.remote.client   : [f95d8039-141d-4523-83a9-f5be4499195c] Try to connect to server on start up, server: {serverIp = '192.168.150.102', server main port = 8848}
19:55:10:514 ERROR 17116 --- [main] c.a.n.c.remote.client.grpc.GrpcClient    : Server check fail, please check server 192.168.150.102 ,port 9848 is available , error ={}

java.util.concurrent.TimeoutException: Waited 3000 milliseconds (plus 15 milliseconds, 16700 nanoseconds delay) for com.alibaba.nacos.shaded.io.grpc.stub.ClientCalls$GrpcFuture@5eba9e41[status=PENDING, info=[GrpcFuture{clientCall={delegate={delegate=ClientCallImpl{method=MethodDescriptor{fullMethodName=Request/request, type=UNARY, idempotent=false, safe=false, sampledToLocalTracing=true, requestMarshaller=com.alibaba.nacos.shaded.io.grpc.protobuf.lite.ProtoLiteUtils$MessageMarshaller@7adbec34, responseMarshaller=com.alibaba.nacos.shaded.io.grpc.protobuf.lite.ProtoLiteUtils$MessageMarshaller@4aea57dc, schemaDescriptor=com.alibaba.nacos.api.grpc.auto.RequestGrpc$RequestMethodDescriptorSupplier@66abc325}}}}}]]
	at com.alibaba.nacos.shaded.com.google.common.util.concurrent.AbstractFuture.get(AbstractFuture.java:508) ~[nacos-client-2.0.4.jar:na]
	at com.alibaba.nacos.common.remote.client.grpc.GrpcClient.serverCheck(GrpcClient.java:148) ~[nacos-client-2.0.4.jar:na]
	at com.alibaba.nacos.common.remote.client.grpc.GrpcClient.connectToServer(GrpcClient.java:264) ~[nacos-client-2.0.4.jar:na]
	at com.alibaba.nacos.common.remote.client.RpcClient.start(RpcClient.java:390) ~[nacos-client-2.0.4.jar:na]
	at com.alibaba.nacos.client.naming.remote.gprc.NamingGrpcClientProxy.start(NamingGrpcClientProxy.java:96) ~[nacos-client-2.0.4.jar:na]
	at com.alibaba.nacos.client.naming.remote.gprc.NamingGrpcClientProxy.<init>(NamingGrpcClientProxy.java:89) ~[nacos-client-2.0.4.jar:na]
	at com.alibaba.nacos.client.naming.remote.NamingClientProxyDelegate.<init>(NamingClientProxyDelegate.java:76) ~[nacos-client-2.0.4.jar:na]
	at com.alibaba.nacos.client.naming.NacosNamingService.init(NacosNamingService.java:95) ~[nacos-client-2.0.4.jar:na]
	at com.alibaba.nacos.client.naming.NacosNamingService.<init>(NacosNamingService.java:81) ~[nacos-client-2.0.4.jar:na]
	at java.base/jdk.internal.reflect.NativeConstructorAccessorImpl.newInstance0(Native Method) ~[na:na]
	at java.base/jdk.internal.reflect.NativeConstructorAccessorImpl.newInstance(NativeConstructorAccessorImpl.java:62) ~[na:na]
	at java.base/jdk.internal.reflect.DelegatingConstructorAccessorImpl.newInstance(DelegatingConstructorAccessorImpl.java:45) ~[na:na]
	at java.base/java.lang.reflect.Constructor.newInstance(Constructor.java:490) ~[na:na]
	at com.alibaba.nacos.api.naming.NamingFactory.createNamingService(NamingFactory.java:59) ~[nacos-client-2.0.4.jar:na]
	at com.alibaba.nacos.api.NacosFactory.createNamingService(NacosFactory.java:77) ~[nacos-client-2.0.4.jar:na]
	at com.alibaba.cloud.nacos.NacosServiceManager.createNewNamingService(NacosServiceManager.java:99) ~[spring-cloud-starter-alibaba-nacos-discovery-2021.0.4.0.jar:2021.0.4.0]
	at com.alibaba.cloud.nacos.NacosServiceManager.buildNamingService(NacosServiceManager.java:90) ~[spring-cloud-starter-alibaba-nacos-discovery-2021.0.4.0.jar:2021.0.4.0]
	at com.alibaba.cloud.nacos.NacosServiceManager.getNamingService(NacosServiceManager.java:46) ~[spring-cloud-starter-alibaba-nacos-discovery-2021.0.4.0.jar:2021.0.4.0]
	at com.alibaba.cloud.nacos.discovery.NacosWatch.start(NacosWatch.java:130) ~[spring-cloud-starter-alibaba-nacos-discovery-2021.0.4.0.jar:2021.0.4.0]
	at org.springframework.context.support.DefaultLifecycleProcessor.doStart(DefaultLifecycleProcessor.java:178) ~[spring-context-5.3.27.jar:5.3.27]
	at org.springframework.context.support.DefaultLifecycleProcessor.access$200(DefaultLifecycleProcessor.java:54) ~[spring-context-5.3.27.jar:5.3.27]
	at org.springframework.context.support.DefaultLifecycleProcessor$LifecycleGroup.start(DefaultLifecycleProcessor.java:356) ~[spring-context-5.3.27.jar:5.3.27]
	at java.base/java.lang.Iterable.forEach(Iterable.java:75) ~[na:na]
	at org.springframework.context.support.DefaultLifecycleProcessor.startBeans(DefaultLifecycleProcessor.java:155) ~[spring-context-5.3.27.jar:5.3.27]
	at org.springframework.context.support.DefaultLifecycleProcessor.onRefresh(DefaultLifecycleProcessor.java:123) ~[spring-context-5.3.27.jar:5.3.27]
	at org.springframework.context.support.AbstractApplicationContext.finishRefresh(AbstractApplicationContext.java:937) ~[spring-context-5.3.27.jar:5.3.27]
	at org.springframework.context.support.AbstractApplicationContext.refresh(AbstractApplicationContext.java:586) ~[spring-context-5.3.27.jar:5.3.27]
	at org.springframework.boot.web.servlet.context.ServletWebServerApplicationContext.refresh(ServletWebServerApplicationContext.java:147) ~[spring-boot-2.7.12.jar:2.7.12]
	at org.springframework.boot.SpringApplication.refresh(SpringApplication.java:731) ~[spring-boot-2.7.12.jar:2.7.12]
	at org.springframework.boot.SpringApplication.refreshContext(SpringApplication.java:408) ~[spring-boot-2.7.12.jar:2.7.12]
	at org.springframework.boot.SpringApplication.run(SpringApplication.java:307) ~[spring-boot-2.7.12.jar:2.7.12]
	at org.springframework.boot.SpringApplication.run(SpringApplication.java:1303) ~[spring-boot-2.7.12.jar:2.7.12]
	at org.springframework.boot.SpringApplication.run(SpringApplication.java:1292) ~[spring-boot-2.7.12.jar:2.7.12]
	at com.hmall.pay.PayApplication.main(PayApplication.java:14) ~[classes/:na]

19:55:10:520  INFO 17116 --- [main] com.alibaba.nacos.common.remote.client   : [f95d8039-141d-4523-83a9-f5be4499195c] Try to connect to server on start up, server: {serverIp = '192.168.150.102', server main port = 8848}
19:55:13:525 ERROR 17116 --- [main] c.a.n.c.remote.client.grpc.GrpcClient    : Server check fail, please check server 192.168.150.102 ,port 9848 is available , error ={}

java.util.concurrent.TimeoutException: Waited 3000 milliseconds (plus 2 milliseconds, 349500 nanoseconds delay) for com.alibaba.nacos.shaded.io.grpc.stub.ClientCalls$GrpcFuture@66048c9e[status=PENDING, info=[GrpcFuture{clientCall={delegate={delegate=ClientCallImpl{method=MethodDescriptor{fullMethodName=Request/request, type=UNARY, idempotent=false, safe=false, sampledToLocalTracing=true, requestMarshaller=com.alibaba.nacos.shaded.io.grpc.protobuf.lite.ProtoLiteUtils$MessageMarshaller@7adbec34, responseMarshaller=com.alibaba.nacos.shaded.io.grpc.protobuf.lite.ProtoLiteUtils$MessageMarshaller@4aea57dc, schemaDescriptor=com.alibaba.nacos.api.grpc.auto.RequestGrpc$RequestMethodDescriptorSupplier@66abc325}}}}}]]
	at com.alibaba.nacos.shaded.com.google.common.util.concurrent.AbstractFuture.get(AbstractFuture.java:508) ~[nacos-client-2.0.4.jar:na]
	at com.alibaba.nacos.common.remote.client.grpc.GrpcClient.serverCheck(GrpcClient.java:148) ~[nacos-client-2.0.4.jar:na]
	at com.alibaba.nacos.common.remote.client.grpc.GrpcClient.connectToServer(GrpcClient.java:264) ~[nacos-client-2.0.4.jar:na]
	at com.alibaba.nacos.common.remote.client.RpcClient.start(RpcClient.java:390) ~[nacos-client-2.0.4.jar:na]
	at com.alibaba.nacos.client.naming.remote.gprc.NamingGrpcClientProxy.start(NamingGrpcClientProxy.java:96) ~[nacos-client-2.0.4.jar:na]
	at com.alibaba.nacos.client.naming.remote.gprc.NamingGrpcClientProxy.<init>(NamingGrpcClientProxy.java:89) ~[nacos-client-2.0.4.jar:na]
	at com.alibaba.nacos.client.naming.remote.NamingClientProxyDelegate.<init>(NamingClientProxyDelegate.java:76) ~[nacos-client-2.0.4.jar:na]
	at com.alibaba.nacos.client.naming.NacosNamingService.init(NacosNamingService.java:95) ~[nacos-client-2.0.4.jar:na]
	at com.alibaba.nacos.client.naming.NacosNamingService.<init>(NacosNamingService.java:81) ~[nacos-client-2.0.4.jar:na]
	at java.base/jdk.internal.reflect.NativeConstructorAccessorImpl.newInstance0(Native Method) ~[na:na]
	at java.base/jdk.internal.reflect.NativeConstructorAccessorImpl.newInstance(NativeConstructorAccessorImpl.java:62) ~[na:na]
	at java.base/jdk.internal.reflect.DelegatingConstructorAccessorImpl.newInstance(DelegatingConstructorAccessorImpl.java:45) ~[na:na]
	at java.base/java.lang.reflect.Constructor.newInstance(Constructor.java:490) ~[na:na]
	at com.alibaba.nacos.api.naming.NamingFactory.createNamingService(NamingFactory.java:59) ~[nacos-client-2.0.4.jar:na]
	at com.alibaba.nacos.api.NacosFactory.createNamingService(NacosFactory.java:77) ~[nacos-client-2.0.4.jar:na]
	at com.alibaba.cloud.nacos.NacosServiceManager.createNewNamingService(NacosServiceManager.java:99) ~[spring-cloud-starter-alibaba-nacos-discovery-2021.0.4.0.jar:2021.0.4.0]
	at com.alibaba.cloud.nacos.NacosServiceManager.buildNamingService(NacosServiceManager.java:90) ~[spring-cloud-starter-alibaba-nacos-discovery-2021.0.4.0.jar:2021.0.4.0]
	at com.alibaba.cloud.nacos.NacosServiceManager.getNamingService(NacosServiceManager.java:46) ~[spring-cloud-starter-alibaba-nacos-discovery-2021.0.4.0.jar:2021.0.4.0]
	at com.alibaba.cloud.nacos.discovery.NacosWatch.start(NacosWatch.java:130) ~[spring-cloud-starter-alibaba-nacos-discovery-2021.0.4.0.jar:2021.0.4.0]
	at org.springframework.context.support.DefaultLifecycleProcessor.doStart(DefaultLifecycleProcessor.java:178) ~[spring-context-5.3.27.jar:5.3.27]
	at org.springframework.context.support.DefaultLifecycleProcessor.access$200(DefaultLifecycleProcessor.java:54) ~[spring-context-5.3.27.jar:5.3.27]
	at org.springframework.context.support.DefaultLifecycleProcessor$LifecycleGroup.start(DefaultLifecycleProcessor.java:356) ~[spring-context-5.3.27.jar:5.3.27]
	at java.base/java.lang.Iterable.forEach(Iterable.java:75) ~[na:na]
	at org.springframework.context.support.DefaultLifecycleProcessor.startBeans(DefaultLifecycleProcessor.java:155) ~[spring-context-5.3.27.jar:5.3.27]
	at org.springframework.context.support.DefaultLifecycleProcessor.onRefresh(DefaultLifecycleProcessor.java:123) ~[spring-context-5.3.27.jar:5.3.27]
	at org.springframework.context.support.AbstractApplicationContext.finishRefresh(AbstractApplicationContext.java:937) ~[spring-context-5.3.27.jar:5.3.27]
	at org.springframework.context.support.AbstractApplicationContext.refresh(AbstractApplicationContext.java:586) ~[spring-context-5.3.27.jar:5.3.27]
	at org.springframework.boot.web.servlet.context.ServletWebServerApplicationContext.refresh(ServletWebServerApplicationContext.java:147) ~[spring-boot-2.7.12.jar:2.7.12]
	at org.springframework.boot.SpringApplication.refresh(SpringApplication.java:731) ~[spring-boot-2.7.12.jar:2.7.12]
	at org.springframework.boot.SpringApplication.refreshContext(SpringApplication.java:408) ~[spring-boot-2.7.12.jar:2.7.12]
	at org.springframework.boot.SpringApplication.run(SpringApplication.java:307) ~[spring-boot-2.7.12.jar:2.7.12]
	at org.springframework.boot.SpringApplication.run(SpringApplication.java:1303) ~[spring-boot-2.7.12.jar:2.7.12]
	at org.springframework.boot.SpringApplication.run(SpringApplication.java:1292) ~[spring-boot-2.7.12.jar:2.7.12]
	at com.hmall.pay.PayApplication.main(PayApplication.java:14) ~[classes/:na]

19:55:13:526  INFO 17116 --- [main] com.alibaba.nacos.common.remote.client   : [f95d8039-141d-4523-83a9-f5be4499195c] Try to connect to server on start up, server: {serverIp = '192.168.150.102', server main port = 8848}
19:55:16:531 ERROR 17116 --- [main] c.a.n.c.remote.client.grpc.GrpcClient    : Server check fail, please check server 192.168.150.102 ,port 9848 is available , error ={}

java.util.concurrent.TimeoutException: Waited 3000 milliseconds (plus 3 milliseconds, 482500 nanoseconds delay) for com.alibaba.nacos.shaded.io.grpc.stub.ClientCalls$GrpcFuture@51fa09c7[status=PENDING, info=[GrpcFuture{clientCall={delegate={delegate=ClientCallImpl{method=MethodDescriptor{fullMethodName=Request/request, type=UNARY, idempotent=false, safe=false, sampledToLocalTracing=true, requestMarshaller=com.alibaba.nacos.shaded.io.grpc.protobuf.lite.ProtoLiteUtils$MessageMarshaller@7adbec34, responseMarshaller=com.alibaba.nacos.shaded.io.grpc.protobuf.lite.ProtoLiteUtils$MessageMarshaller@4aea57dc, schemaDescriptor=com.alibaba.nacos.api.grpc.auto.RequestGrpc$RequestMethodDescriptorSupplier@66abc325}}}}}]]
	at com.alibaba.nacos.shaded.com.google.common.util.concurrent.AbstractFuture.get(AbstractFuture.java:508) ~[nacos-client-2.0.4.jar:na]
	at com.alibaba.nacos.common.remote.client.grpc.GrpcClient.serverCheck(GrpcClient.java:148) ~[nacos-client-2.0.4.jar:na]
	at com.alibaba.nacos.common.remote.client.grpc.GrpcClient.connectToServer(GrpcClient.java:264) ~[nacos-client-2.0.4.jar:na]
	at com.alibaba.nacos.common.remote.client.RpcClient.start(RpcClient.java:390) ~[nacos-client-2.0.4.jar:na]
	at com.alibaba.nacos.client.naming.remote.gprc.NamingGrpcClientProxy.start(NamingGrpcClientProxy.java:96) ~[nacos-client-2.0.4.jar:na]
	at com.alibaba.nacos.client.naming.remote.gprc.NamingGrpcClientProxy.<init>(NamingGrpcClientProxy.java:89) ~[nacos-client-2.0.4.jar:na]
	at com.alibaba.nacos.client.naming.remote.NamingClientProxyDelegate.<init>(NamingClientProxyDelegate.java:76) ~[nacos-client-2.0.4.jar:na]
	at com.alibaba.nacos.client.naming.NacosNamingService.init(NacosNamingService.java:95) ~[nacos-client-2.0.4.jar:na]
	at com.alibaba.nacos.client.naming.NacosNamingService.<init>(NacosNamingService.java:81) ~[nacos-client-2.0.4.jar:na]
	at java.base/jdk.internal.reflect.NativeConstructorAccessorImpl.newInstance0(Native Method) ~[na:na]
	at java.base/jdk.internal.reflect.NativeConstructorAccessorImpl.newInstance(NativeConstructorAccessorImpl.java:62) ~[na:na]
	at java.base/jdk.internal.reflect.DelegatingConstructorAccessorImpl.newInstance(DelegatingConstructorAccessorImpl.java:45) ~[na:na]
	at java.base/java.lang.reflect.Constructor.newInstance(Constructor.java:490) ~[na:na]
	at com.alibaba.nacos.api.naming.NamingFactory.createNamingService(NamingFactory.java:59) ~[nacos-client-2.0.4.jar:na]
	at com.alibaba.nacos.api.NacosFactory.createNamingService(NacosFactory.java:77) ~[nacos-client-2.0.4.jar:na]
	at com.alibaba.cloud.nacos.NacosServiceManager.createNewNamingService(NacosServiceManager.java:99) ~[spring-cloud-starter-alibaba-nacos-discovery-2021.0.4.0.jar:2021.0.4.0]
	at com.alibaba.cloud.nacos.NacosServiceManager.buildNamingService(NacosServiceManager.java:90) ~[spring-cloud-starter-alibaba-nacos-discovery-2021.0.4.0.jar:2021.0.4.0]
	at com.alibaba.cloud.nacos.NacosServiceManager.getNamingService(NacosServiceManager.java:46) ~[spring-cloud-starter-alibaba-nacos-discovery-2021.0.4.0.jar:2021.0.4.0]
	at com.alibaba.cloud.nacos.discovery.NacosWatch.start(NacosWatch.java:130) ~[spring-cloud-starter-alibaba-nacos-discovery-2021.0.4.0.jar:2021.0.4.0]
	at org.springframework.context.support.DefaultLifecycleProcessor.doStart(DefaultLifecycleProcessor.java:178) ~[spring-context-5.3.27.jar:5.3.27]
	at org.springframework.context.support.DefaultLifecycleProcessor.access$200(DefaultLifecycleProcessor.java:54) ~[spring-context-5.3.27.jar:5.3.27]
	at org.springframework.context.support.DefaultLifecycleProcessor$LifecycleGroup.start(DefaultLifecycleProcessor.java:356) ~[spring-context-5.3.27.jar:5.3.27]
	at java.base/java.lang.Iterable.forEach(Iterable.java:75) ~[na:na]
	at org.springframework.context.support.DefaultLifecycleProcessor.startBeans(DefaultLifecycleProcessor.java:155) ~[spring-context-5.3.27.jar:5.3.27]
	at org.springframework.context.support.DefaultLifecycleProcessor.onRefresh(DefaultLifecycleProcessor.java:123) ~[spring-context-5.3.27.jar:5.3.27]
	at org.springframework.context.support.AbstractApplicationContext.finishRefresh(AbstractApplicationContext.java:937) ~[spring-context-5.3.27.jar:5.3.27]
	at org.springframework.context.support.AbstractApplicationContext.refresh(AbstractApplicationContext.java:586) ~[spring-context-5.3.27.jar:5.3.27]
	at org.springframework.boot.web.servlet.context.ServletWebServerApplicationContext.refresh(ServletWebServerApplicationContext.java:147) ~[spring-boot-2.7.12.jar:2.7.12]
	at org.springframework.boot.SpringApplication.refresh(SpringApplication.java:731) ~[spring-boot-2.7.12.jar:2.7.12]
	at org.springframework.boot.SpringApplication.refreshContext(SpringApplication.java:408) ~[spring-boot-2.7.12.jar:2.7.12]
	at org.springframework.boot.SpringApplication.run(SpringApplication.java:307) ~[spring-boot-2.7.12.jar:2.7.12]
	at org.springframework.boot.SpringApplication.run(SpringApplication.java:1303) ~[spring-boot-2.7.12.jar:2.7.12]
	at org.springframework.boot.SpringApplication.run(SpringApplication.java:1292) ~[spring-boot-2.7.12.jar:2.7.12]
	at com.hmall.pay.PayApplication.main(PayApplication.java:14) ~[classes/:na]

19:55:16:532  INFO 17116 --- [com.alibaba.nacos.client.remote.worker] com.alibaba.nacos.common.remote.client   : [f95d8039-141d-4523-83a9-f5be4499195c] Try to reconnect to a new server, server is  not appointed, will choose a random server.
19:55:16:533  INFO 17116 --- [main] com.alibaba.nacos.common.remote.client   : [f95d8039-141d-4523-83a9-f5be4499195c] Register server push request handler:com.alibaba.nacos.common.remote.client.RpcClient$ConnectResetRequestHandler
19:55:16:534  INFO 17116 --- [main] com.alibaba.nacos.common.remote.client   : [f95d8039-141d-4523-83a9-f5be4499195c] Register server push request handler:com.alibaba.nacos.common.remote.client.RpcClient$$Lambda$976/0x0000000800734840
19:55:16:643 ERROR 17116 --- [main] com.alibaba.nacos.common.remote.client   : Send request fail, request = SubscribeServiceRequest{headers={app=unknown}, requestId='null'}, retryTimes = 0, errorMessage = Client not connected, current status:STARTING
19:55:16:755 ERROR 17116 --- [main] com.alibaba.nacos.common.remote.client   : Send request fail, request = SubscribeServiceRequest{headers={app=unknown}, requestId='null'}, retryTimes = 1, errorMessage = Client not connected, current status:STARTING
19:55:16:864 ERROR 17116 --- [main] com.alibaba.nacos.common.remote.client   : Send request fail, request = SubscribeServiceRequest{headers={app=unknown}, requestId='null'}, retryTimes = 2, errorMessage = Client not connected, current status:STARTING
19:55:16:864 ERROR 17116 --- [main] c.a.cloud.nacos.discovery.NacosWatch     : namingService subscribe failed, properties:NacosDiscoveryProperties{serverAddr='192.168.150.102', username='', password='', endpoint='', namespace='', watchDelay=30000, logName='', service='pay-service', weight=1.0, clusterName='DEFAULT', group='DEFAULT_GROUP', namingLoadCacheAtStart='false', metadata={preserved.register.source=SPRING_CLOUD}, registerEnabled=true, ip='192.168.220.1', networkInterface='', port=-1, secure=false, accessKey='', secretKey='', heartBeatInterval=null, heartBeatTimeout=null, ipDeleteTimeout=null, instanceEnabled=true, ephemeral=true, failureToleranceEnabled=false}, ipDeleteTimeout=null, failFast=true}

com.alibaba.nacos.api.exception.NacosException: Request nacos server failed: 
	at com.alibaba.nacos.client.naming.remote.gprc.NamingGrpcClientProxy.requestToServer(NamingGrpcClientProxy.java:290) ~[nacos-client-2.0.4.jar:na]
	at com.alibaba.nacos.client.naming.remote.gprc.NamingGrpcClientProxy.doSubscribe(NamingGrpcClientProxy.java:230) ~[nacos-client-2.0.4.jar:na]
	at com.alibaba.nacos.client.naming.remote.gprc.NamingGrpcClientProxy.subscribe(NamingGrpcClientProxy.java:215) ~[nacos-client-2.0.4.jar:na]
	at com.alibaba.nacos.client.naming.remote.NamingClientProxyDelegate.subscribe(NamingClientProxyDelegate.java:147) ~[nacos-client-2.0.4.jar:na]
	at com.alibaba.nacos.client.naming.NacosNamingService.subscribe(NacosNamingService.java:393) ~[nacos-client-2.0.4.jar:na]
	at com.alibaba.cloud.nacos.discovery.NacosWatch.start(NacosWatch.java:132) ~[spring-cloud-starter-alibaba-nacos-discovery-2021.0.4.0.jar:2021.0.4.0]
	at org.springframework.context.support.DefaultLifecycleProcessor.doStart(DefaultLifecycleProcessor.java:178) ~[spring-context-5.3.27.jar:5.3.27]
	at org.springframework.context.support.DefaultLifecycleProcessor.access$200(DefaultLifecycleProcessor.java:54) ~[spring-context-5.3.27.jar:5.3.27]
	at org.springframework.context.support.DefaultLifecycleProcessor$LifecycleGroup.start(DefaultLifecycleProcessor.java:356) ~[spring-context-5.3.27.jar:5.3.27]
	at java.base/java.lang.Iterable.forEach(Iterable.java:75) ~[na:na]
	at org.springframework.context.support.DefaultLifecycleProcessor.startBeans(DefaultLifecycleProcessor.java:155) ~[spring-context-5.3.27.jar:5.3.27]
	at org.springframework.context.support.DefaultLifecycleProcessor.onRefresh(DefaultLifecycleProcessor.java:123) ~[spring-context-5.3.27.jar:5.3.27]
	at org.springframework.context.support.AbstractApplicationContext.finishRefresh(AbstractApplicationContext.java:937) ~[spring-context-5.3.27.jar:5.3.27]
	at org.springframework.context.support.AbstractApplicationContext.refresh(AbstractApplicationContext.java:586) ~[spring-context-5.3.27.jar:5.3.27]
	at org.springframework.boot.web.servlet.context.ServletWebServerApplicationContext.refresh(ServletWebServerApplicationContext.java:147) ~[spring-boot-2.7.12.jar:2.7.12]
	at org.springframework.boot.SpringApplication.refresh(SpringApplication.java:731) ~[spring-boot-2.7.12.jar:2.7.12]
	at org.springframework.boot.SpringApplication.refreshContext(SpringApplication.java:408) ~[spring-boot-2.7.12.jar:2.7.12]
	at org.springframework.boot.SpringApplication.run(SpringApplication.java:307) ~[spring-boot-2.7.12.jar:2.7.12]
	at org.springframework.boot.SpringApplication.run(SpringApplication.java:1303) ~[spring-boot-2.7.12.jar:2.7.12]
	at org.springframework.boot.SpringApplication.run(SpringApplication.java:1292) ~[spring-boot-2.7.12.jar:2.7.12]
	at com.hmall.pay.PayApplication.main(PayApplication.java:14) ~[classes/:na]
Caused by: com.alibaba.nacos.api.exception.NacosException: Client not connected, current status:STARTING
	at com.alibaba.nacos.common.remote.client.RpcClient.request(RpcClient.java:650) ~[nacos-client-2.0.4.jar:na]
	at com.alibaba.nacos.common.remote.client.RpcClient.request(RpcClient.java:630) ~[nacos-client-2.0.4.jar:na]
	at com.alibaba.nacos.client.naming.remote.gprc.NamingGrpcClientProxy.requestToServer(NamingGrpcClientProxy.java:280) ~[nacos-client-2.0.4.jar:na]
	... 20 common frames omitted

19:55:16:875  INFO 17116 --- [main] o.s.b.w.embedded.tomcat.TomcatWebServer  : Tomcat started on port(s): 8086 (http) with context path ''
19:55:16:990 ERROR 17116 --- [main] com.alibaba.nacos.common.remote.client   : Send request fail, request = InstanceRequest{headers={app=unknown}, requestId='null'}, retryTimes = 0, errorMessage = Client not connected, current status:STARTING
19:55:17:099 ERROR 17116 --- [main] com.alibaba.nacos.common.remote.client   : Send request fail, request = InstanceRequest{headers={app=unknown}, requestId='null'}, retryTimes = 1, errorMessage = Client not connected, current status:STARTING
19:55:17:209 ERROR 17116 --- [main] com.alibaba.nacos.common.remote.client   : Send request fail, request = InstanceRequest{headers={app=unknown}, requestId='null'}, retryTimes = 2, errorMessage = Client not connected, current status:STARTING
19:55:17:209 ERROR 17116 --- [main] c.a.c.n.registry.NacosServiceRegistry    : nacos registry, pay-service register failed...NacosRegistration{nacosDiscoveryProperties=NacosDiscoveryProperties{serverAddr='192.168.150.102', username='', password='', endpoint='', namespace='', watchDelay=30000, logName='', service='pay-service', weight=1.0, clusterName='DEFAULT', group='DEFAULT_GROUP', namingLoadCacheAtStart='false', metadata={preserved.register.source=SPRING_CLOUD}, registerEnabled=true, ip='192.168.220.1', networkInterface='', port=8086, secure=false, accessKey='', secretKey='', heartBeatInterval=null, heartBeatTimeout=null, ipDeleteTimeout=null, instanceEnabled=true, ephemeral=true, failureToleranceEnabled=false}, ipDeleteTimeout=null, failFast=true}},

com.alibaba.nacos.api.exception.NacosException: Request nacos server failed: 
	at com.alibaba.nacos.client.naming.remote.gprc.NamingGrpcClientProxy.requestToServer(NamingGrpcClientProxy.java:290) ~[nacos-client-2.0.4.jar:na]
	at com.alibaba.nacos.client.naming.remote.gprc.NamingGrpcClientProxy.doRegisterService(NamingGrpcClientProxy.java:129) ~[nacos-client-2.0.4.jar:na]
	at com.alibaba.nacos.client.naming.remote.gprc.NamingGrpcClientProxy.registerService(NamingGrpcClientProxy.java:115) ~[nacos-client-2.0.4.jar:na]
	at com.alibaba.nacos.client.naming.remote.NamingClientProxyDelegate.registerService(NamingClientProxyDelegate.java:94) ~[nacos-client-2.0.4.jar:na]
	at com.alibaba.nacos.client.naming.NacosNamingService.registerInstance(NacosNamingService.java:145) ~[nacos-client-2.0.4.jar:na]
	at com.alibaba.cloud.nacos.registry.NacosServiceRegistry.register(NacosServiceRegistry.java:74) ~[spring-cloud-starter-alibaba-nacos-discovery-2021.0.4.0.jar:2021.0.4.0]
	at org.springframework.cloud.client.serviceregistry.AbstractAutoServiceRegistration.register(AbstractAutoServiceRegistration.java:232) ~[spring-cloud-commons-3.1.3.jar:3.1.3]
	at com.alibaba.cloud.nacos.registry.NacosAutoServiceRegistration.register(NacosAutoServiceRegistration.java:78) ~[spring-cloud-starter-alibaba-nacos-discovery-2021.0.4.0.jar:2021.0.4.0]
	at org.springframework.cloud.client.serviceregistry.AbstractAutoServiceRegistration.start(AbstractAutoServiceRegistration.java:133) ~[spring-cloud-commons-3.1.3.jar:3.1.3]
	at org.springframework.cloud.client.serviceregistry.AbstractAutoServiceRegistration.bind(AbstractAutoServiceRegistration.java:98) ~[spring-cloud-commons-3.1.3.jar:3.1.3]
	at org.springframework.cloud.client.serviceregistry.AbstractAutoServiceRegistration.onApplicationEvent(AbstractAutoServiceRegistration.java:86) ~[spring-cloud-commons-3.1.3.jar:3.1.3]
	at org.springframework.cloud.client.serviceregistry.AbstractAutoServiceRegistration.onApplicationEvent(AbstractAutoServiceRegistration.java:47) ~[spring-cloud-commons-3.1.3.jar:3.1.3]
	at org.springframework.context.event.SimpleApplicationEventMulticaster.doInvokeListener(SimpleApplicationEventMulticaster.java:176) ~[spring-context-5.3.27.jar:5.3.27]
	at org.springframework.context.event.SimpleApplicationEventMulticaster.invokeListener(SimpleApplicationEventMulticaster.java:169) ~[spring-context-5.3.27.jar:5.3.27]
	at org.springframework.context.event.SimpleApplicationEventMulticaster.multicastEvent(SimpleApplicationEventMulticaster.java:143) ~[spring-context-5.3.27.jar:5.3.27]
	at org.springframework.context.support.AbstractApplicationContext.publishEvent(AbstractApplicationContext.java:421) ~[spring-context-5.3.27.jar:5.3.27]
	at org.springframework.context.support.AbstractApplicationContext.publishEvent(AbstractApplicationContext.java:378) ~[spring-context-5.3.27.jar:5.3.27]
	at org.springframework.boot.web.servlet.context.WebServerStartStopLifecycle.start(WebServerStartStopLifecycle.java:46) ~[spring-boot-2.7.12.jar:2.7.12]
	at org.springframework.context.support.DefaultLifecycleProcessor.doStart(DefaultLifecycleProcessor.java:178) ~[spring-context-5.3.27.jar:5.3.27]
	at org.springframework.context.support.DefaultLifecycleProcessor.access$200(DefaultLifecycleProcessor.java:54) ~[spring-context-5.3.27.jar:5.3.27]
	at org.springframework.context.support.DefaultLifecycleProcessor$LifecycleGroup.start(DefaultLifecycleProcessor.java:356) ~[spring-context-5.3.27.jar:5.3.27]
	at java.base/java.lang.Iterable.forEach(Iterable.java:75) ~[na:na]
	at org.springframework.context.support.DefaultLifecycleProcessor.startBeans(DefaultLifecycleProcessor.java:155) ~[spring-context-5.3.27.jar:5.3.27]
	at org.springframework.context.support.DefaultLifecycleProcessor.onRefresh(DefaultLifecycleProcessor.java:123) ~[spring-context-5.3.27.jar:5.3.27]
	at org.springframework.context.support.AbstractApplicationContext.finishRefresh(AbstractApplicationContext.java:937) ~[spring-context-5.3.27.jar:5.3.27]
	at org.springframework.context.support.AbstractApplicationContext.refresh(AbstractApplicationContext.java:586) ~[spring-context-5.3.27.jar:5.3.27]
	at org.springframework.boot.web.servlet.context.ServletWebServerApplicationContext.refresh(ServletWebServerApplicationContext.java:147) ~[spring-boot-2.7.12.jar:2.7.12]
	at org.springframework.boot.SpringApplication.refresh(SpringApplication.java:731) ~[spring-boot-2.7.12.jar:2.7.12]
	at org.springframework.boot.SpringApplication.refreshContext(SpringApplication.java:408) ~[spring-boot-2.7.12.jar:2.7.12]
	at org.springframework.boot.SpringApplication.run(SpringApplication.java:307) ~[spring-boot-2.7.12.jar:2.7.12]
	at org.springframework.boot.SpringApplication.run(SpringApplication.java:1303) ~[spring-boot-2.7.12.jar:2.7.12]
	at org.springframework.boot.SpringApplication.run(SpringApplication.java:1292) ~[spring-boot-2.7.12.jar:2.7.12]
	at com.hmall.pay.PayApplication.main(PayApplication.java:14) ~[classes/:na]
Caused by: com.alibaba.nacos.api.exception.NacosException: Client not connected, current status:STARTING
	at com.alibaba.nacos.common.remote.client.RpcClient.request(RpcClient.java:650) ~[nacos-client-2.0.4.jar:na]
	at com.alibaba.nacos.common.remote.client.RpcClient.request(RpcClient.java:630) ~[nacos-client-2.0.4.jar:na]
	at com.alibaba.nacos.client.naming.remote.gprc.NamingGrpcClientProxy.requestToServer(NamingGrpcClientProxy.java:280) ~[nacos-client-2.0.4.jar:na]
	... 32 common frames omitted

19:55:17:210  WARN 17116 --- [main] ConfigServletWebServerApplicationContext : Exception encountered during context initialization - cancelling refresh attempt: org.springframework.context.ApplicationContextException: Failed to start bean 'webServerStartStop'; nested exception is java.lang.reflect.UndeclaredThrowableException
19:55:17:542  INFO 17116 --- [main] com.alibaba.nacos.common.remote.client   : Shutdown rpc client, set status to shutdown
19:55:17:542  INFO 17116 --- [main] com.alibaba.nacos.common.remote.client   : Shutdown client event executor java.util.concurrent.ScheduledThreadPoolExecutor@45295cfd[Running, pool size = 2, active threads = 2, queued tasks = 0, completed tasks = 0]
19:55:17:542  INFO 17116 --- [main] c.a.n.c.remote.client.grpc.GrpcClient    : Shutdown grpc executor java.util.concurrent.ThreadPoolExecutor@42c9b1ee[Running, pool size = 3, active threads = 0, queued tasks = 0, completed tasks = 3]
19:55:17:543 ERROR 17116 --- [com.alibaba.nacos.client.remote.worker] c.a.n.c.remote.client.grpc.GrpcClient    : Server check fail, please check server 192.168.150.102 ,port 9848 is available , error ={}

java.lang.InterruptedException: null
	at com.alibaba.nacos.shaded.com.google.common.util.concurrent.AbstractFuture.get(AbstractFuture.java:438) ~[nacos-client-2.0.4.jar:na]
	at com.alibaba.nacos.common.remote.client.grpc.GrpcClient.serverCheck(GrpcClient.java:148) ~[nacos-client-2.0.4.jar:na]
	at com.alibaba.nacos.common.remote.client.grpc.GrpcClient.connectToServer(GrpcClient.java:264) ~[nacos-client-2.0.4.jar:na]
	at com.alibaba.nacos.common.remote.client.RpcClient.reconnect(RpcClient.java:522) ~[nacos-client-2.0.4.jar:na]
	at com.alibaba.nacos.common.remote.client.RpcClient.lambda$start$2(RpcClient.java:370) ~[nacos-client-2.0.4.jar:na]
	at java.base/java.util.concurrent.Executors$RunnableAdapter.call(Executors.java:515) ~[na:na]
	at java.base/java.util.concurrent.FutureTask.run(FutureTask.java:264) ~[na:na]
	at java.base/java.util.concurrent.ScheduledThreadPoolExecutor$ScheduledFutureTask.run(ScheduledThreadPoolExecutor.java:304) ~[na:na]
	at java.base/java.util.concurrent.ThreadPoolExecutor.runWorker(ThreadPoolExecutor.java:1128) ~[na:na]
	at java.base/java.util.concurrent.ThreadPoolExecutor$Worker.run(ThreadPoolExecutor.java:628) ~[na:na]
	at java.base/java.lang.Thread.run(Thread.java:829) ~[na:na]

19:55:17:543 ERROR 17116 --- [com.alibaba.nacos.client.remote.worker] c.a.n.c.remote.client.grpc.GrpcClient    : [f95d8039-141d-4523-83a9-f5be4499195c]Fail to connect to server!,error={}

java.util.concurrent.RejectedExecutionException: Task com.alibaba.nacos.shaded.io.grpc.internal.SerializingExecutor@715d1c55 rejected from java.util.concurrent.ThreadPoolExecutor@42c9b1ee[Terminated, pool size = 0, active threads = 0, queued tasks = 0, completed tasks = 3]
	at java.base/java.util.concurrent.ThreadPoolExecutor$AbortPolicy.rejectedExecution(ThreadPoolExecutor.java:2055) ~[na:na]
	at java.base/java.util.concurrent.ThreadPoolExecutor.reject(ThreadPoolExecutor.java:825) ~[na:na]
	at java.base/java.util.concurrent.ThreadPoolExecutor.execute(ThreadPoolExecutor.java:1355) ~[na:na]
	at com.alibaba.nacos.shaded.io.grpc.internal.SerializingExecutor.schedule(SerializingExecutor.java:93) ~[nacos-client-2.0.4.jar:na]
	at com.alibaba.nacos.shaded.io.grpc.internal.SerializingExecutor.execute(SerializingExecutor.java:86) ~[nacos-client-2.0.4.jar:na]
	at com.alibaba.nacos.shaded.io.grpc.internal.ClientCallImpl$ClientStreamListenerImpl.closedInternal(ClientCallImpl.java:696) ~[nacos-client-2.0.4.jar:na]
	at com.alibaba.nacos.shaded.io.grpc.internal.ClientCallImpl$ClientStreamListenerImpl.closed(ClientCallImpl.java:646) ~[nacos-client-2.0.4.jar:na]
	at com.alibaba.nacos.shaded.io.grpc.internal.ClientCallImpl$ClientStreamListenerImpl.closed(ClientCallImpl.java:639) ~[nacos-client-2.0.4.jar:na]
	at com.alibaba.nacos.shaded.io.grpc.internal.DelayedStream.cancel(DelayedStream.java:302) ~[nacos-client-2.0.4.jar:na]
	at com.alibaba.nacos.shaded.io.grpc.internal.DelayedClientTransport$PendingStream.cancel(DelayedClientTransport.java:363) ~[nacos-client-2.0.4.jar:na]
	at com.alibaba.nacos.shaded.io.grpc.internal.DelayedClientTransport.shutdownNow(DelayedClientTransport.java:241) ~[nacos-client-2.0.4.jar:na]
	at com.alibaba.nacos.shaded.io.grpc.internal.ManagedChannelImpl$UncommittedRetriableStreamsRegistry.onShutdownNow(ManagedChannelImpl.java:1021) ~[nacos-client-2.0.4.jar:na]
	at com.alibaba.nacos.shaded.io.grpc.internal.ManagedChannelImpl.shutdownNow(ManagedChannelImpl.java:752) ~[nacos-client-2.0.4.jar:na]
	at com.alibaba.nacos.shaded.io.grpc.internal.ManagedChannelImpl.shutdownNow(ManagedChannelImpl.java:105) ~[nacos-client-2.0.4.jar:na]
	at com.alibaba.nacos.shaded.io.grpc.internal.ForwardingManagedChannel.shutdownNow(ForwardingManagedChannel.java:52) ~[nacos-client-2.0.4.jar:na]
	at com.alibaba.nacos.shaded.io.grpc.internal.ManagedChannelOrphanWrapper.shutdownNow(ManagedChannelOrphanWrapper.java:66) ~[nacos-client-2.0.4.jar:na]
	at com.alibaba.nacos.common.remote.client.grpc.GrpcClient.shuntDownChannel(GrpcClient.java:130) ~[nacos-client-2.0.4.jar:na]
	at com.alibaba.nacos.common.remote.client.grpc.GrpcClient.connectToServer(GrpcClient.java:266) ~[nacos-client-2.0.4.jar:na]
	at com.alibaba.nacos.common.remote.client.RpcClient.reconnect(RpcClient.java:522) ~[nacos-client-2.0.4.jar:na]
	at com.alibaba.nacos.common.remote.client.RpcClient.lambda$start$2(RpcClient.java:370) ~[nacos-client-2.0.4.jar:na]
	at java.base/java.util.concurrent.Executors$RunnableAdapter.call(Executors.java:515) ~[na:na]
	at java.base/java.util.concurrent.FutureTask.run(FutureTask.java:264) ~[na:na]
	at java.base/java.util.concurrent.ScheduledThreadPoolExecutor$ScheduledFutureTask.run(ScheduledThreadPoolExecutor.java:304) ~[na:na]
	at java.base/java.util.concurrent.ThreadPoolExecutor.runWorker(ThreadPoolExecutor.java:1128) ~[na:na]
	at java.base/java.util.concurrent.ThreadPoolExecutor$Worker.run(ThreadPoolExecutor.java:628) ~[na:na]
	at java.base/java.lang.Thread.run(Thread.java:829) ~[na:na]

19:55:17:544  INFO 17116 --- [main] com.alibaba.nacos.common.remote.client   : [RpcClientFactory] create a new rpc client of 2d7daf5d-0470-40f8-88a0-ceb6b94732a1
19:55:17:544  INFO 17116 --- [main] com.alibaba.nacos.common.remote.client   : [2d7daf5d-0470-40f8-88a0-ceb6b94732a1] RpcClient init label, labels = {module=naming, source=sdk}
19:55:17:544  INFO 17116 --- [main] com.alibaba.nacos.common.remote.client   : [2d7daf5d-0470-40f8-88a0-ceb6b94732a1] RpcClient init, ServerListFactory = com.alibaba.nacos.client.naming.core.ServerListManager
19:55:17:544  INFO 17116 --- [main] com.alibaba.nacos.common.remote.client   : [2d7daf5d-0470-40f8-88a0-ceb6b94732a1] Registry connection listener to current client:com.alibaba.nacos.client.naming.remote.gprc.redo.NamingGrpcRedoService
19:55:17:544  INFO 17116 --- [main] com.alibaba.nacos.common.remote.client   : [2d7daf5d-0470-40f8-88a0-ceb6b94732a1] Register server push request handler:com.alibaba.nacos.client.naming.remote.gprc.NamingPushRequestHandler
19:55:17:545  INFO 17116 --- [main] com.alibaba.nacos.common.remote.client   : [2d7daf5d-0470-40f8-88a0-ceb6b94732a1] Try to connect to server on start up, server: {serverIp = '192.168.150.102', server main port = 8848}
19:55:17:652  INFO 17116 --- [com.alibaba.nacos.client.remote.worker] com.alibaba.nacos.common.remote.client   : [f95d8039-141d-4523-83a9-f5be4499195c] Client is shutdown, stop reconnect to server
19:55:20:556 ERROR 17116 --- [main] c.a.n.c.remote.client.grpc.GrpcClient    : Server check fail, please check server 192.168.150.102 ,port 9848 is available , error ={}

java.util.concurrent.TimeoutException: Waited 3000 milliseconds (plus 9 milliseconds, 905000 nanoseconds delay) for com.alibaba.nacos.shaded.io.grpc.stub.ClientCalls$GrpcFuture@2c557eee[status=PENDING, info=[GrpcFuture{clientCall={delegate={delegate=ClientCallImpl{method=MethodDescriptor{fullMethodName=Request/request, type=UNARY, idempotent=false, safe=false, sampledToLocalTracing=true, requestMarshaller=com.alibaba.nacos.shaded.io.grpc.protobuf.lite.ProtoLiteUtils$MessageMarshaller@7adbec34, responseMarshaller=com.alibaba.nacos.shaded.io.grpc.protobuf.lite.ProtoLiteUtils$MessageMarshaller@4aea57dc, schemaDescriptor=com.alibaba.nacos.api.grpc.auto.RequestGrpc$RequestMethodDescriptorSupplier@66abc325}}}}}]]
	at com.alibaba.nacos.shaded.com.google.common.util.concurrent.AbstractFuture.get(AbstractFuture.java:508) ~[nacos-client-2.0.4.jar:na]
	at com.alibaba.nacos.common.remote.client.grpc.GrpcClient.serverCheck(GrpcClient.java:148) ~[nacos-client-2.0.4.jar:na]
	at com.alibaba.nacos.common.remote.client.grpc.GrpcClient.connectToServer(GrpcClient.java:264) ~[nacos-client-2.0.4.jar:na]
	at com.alibaba.nacos.common.remote.client.RpcClient.start(RpcClient.java:390) ~[nacos-client-2.0.4.jar:na]
	at com.alibaba.nacos.client.naming.remote.gprc.NamingGrpcClientProxy.start(NamingGrpcClientProxy.java:96) ~[nacos-client-2.0.4.jar:na]
	at com.alibaba.nacos.client.naming.remote.gprc.NamingGrpcClientProxy.<init>(NamingGrpcClientProxy.java:89) ~[nacos-client-2.0.4.jar:na]
	at com.alibaba.nacos.client.naming.remote.NamingClientProxyDelegate.<init>(NamingClientProxyDelegate.java:76) ~[nacos-client-2.0.4.jar:na]
	at com.alibaba.nacos.client.naming.NacosNamingService.init(NacosNamingService.java:95) ~[nacos-client-2.0.4.jar:na]
	at com.alibaba.nacos.client.naming.NacosNamingService.<init>(NacosNamingService.java:81) ~[nacos-client-2.0.4.jar:na]
	at java.base/jdk.internal.reflect.NativeConstructorAccessorImpl.newInstance0(Native Method) ~[na:na]
	at java.base/jdk.internal.reflect.NativeConstructorAccessorImpl.newInstance(NativeConstructorAccessorImpl.java:62) ~[na:na]
	at java.base/jdk.internal.reflect.DelegatingConstructorAccessorImpl.newInstance(DelegatingConstructorAccessorImpl.java:45) ~[na:na]
	at java.base/java.lang.reflect.Constructor.newInstance(Constructor.java:490) ~[na:na]
	at com.alibaba.nacos.api.naming.NamingFactory.createNamingService(NamingFactory.java:59) ~[nacos-client-2.0.4.jar:na]
	at com.alibaba.nacos.api.NacosFactory.createNamingService(NacosFactory.java:77) ~[nacos-client-2.0.4.jar:na]
	at com.alibaba.cloud.nacos.NacosServiceManager.createNewNamingService(NacosServiceManager.java:99) ~[spring-cloud-starter-alibaba-nacos-discovery-2021.0.4.0.jar:2021.0.4.0]
	at com.alibaba.cloud.nacos.NacosServiceManager.buildNamingService(NacosServiceManager.java:90) ~[spring-cloud-starter-alibaba-nacos-discovery-2021.0.4.0.jar:2021.0.4.0]
	at com.alibaba.cloud.nacos.NacosServiceManager.getNamingService(NacosServiceManager.java:46) ~[spring-cloud-starter-alibaba-nacos-discovery-2021.0.4.0.jar:2021.0.4.0]
	at com.alibaba.cloud.nacos.discovery.NacosWatch.stop(NacosWatch.java:173) ~[spring-cloud-starter-alibaba-nacos-discovery-2021.0.4.0.jar:2021.0.4.0]
	at com.alibaba.cloud.nacos.discovery.NacosWatch.destroy(NacosWatch.java:204) ~[spring-cloud-starter-alibaba-nacos-discovery-2021.0.4.0.jar:2021.0.4.0]
	at org.springframework.beans.factory.support.DisposableBeanAdapter.destroy(DisposableBeanAdapter.java:213) ~[spring-beans-5.3.27.jar:5.3.27]
	at org.springframework.beans.factory.support.DefaultSingletonBeanRegistry.destroyBean(DefaultSingletonBeanRegistry.java:587) ~[spring-beans-5.3.27.jar:5.3.27]
	at org.springframework.beans.factory.support.DefaultSingletonBeanRegistry.destroySingleton(DefaultSingletonBeanRegistry.java:559) ~[spring-beans-5.3.27.jar:5.3.27]
	at org.springframework.beans.factory.support.DefaultListableBeanFactory.destroySingleton(DefaultListableBeanFactory.java:1163) ~[spring-beans-5.3.27.jar:5.3.27]
	at org.springframework.beans.factory.support.DefaultSingletonBeanRegistry.destroySingletons(DefaultSingletonBeanRegistry.java:520) ~[spring-beans-5.3.27.jar:5.3.27]
	at org.springframework.beans.factory.support.DefaultListableBeanFactory.destroySingletons(DefaultListableBeanFactory.java:1156) ~[spring-beans-5.3.27.jar:5.3.27]
	at org.springframework.context.support.AbstractApplicationContext.destroyBeans(AbstractApplicationContext.java:1108) ~[spring-context-5.3.27.jar:5.3.27]
	at org.springframework.context.support.AbstractApplicationContext.refresh(AbstractApplicationContext.java:596) ~[spring-context-5.3.27.jar:5.3.27]
	at org.springframework.boot.web.servlet.context.ServletWebServerApplicationContext.refresh(ServletWebServerApplicationContext.java:147) ~[spring-boot-2.7.12.jar:2.7.12]
	at org.springframework.boot.SpringApplication.refresh(SpringApplication.java:731) ~[spring-boot-2.7.12.jar:2.7.12]
	at org.springframework.boot.SpringApplication.refreshContext(SpringApplication.java:408) ~[spring-boot-2.7.12.jar:2.7.12]
	at org.springframework.boot.SpringApplication.run(SpringApplication.java:307) ~[spring-boot-2.7.12.jar:2.7.12]
	at org.springframework.boot.SpringApplication.run(SpringApplication.java:1303) ~[spring-boot-2.7.12.jar:2.7.12]
	at org.springframework.boot.SpringApplication.run(SpringApplication.java:1292) ~[spring-boot-2.7.12.jar:2.7.12]
	at com.hmall.pay.PayApplication.main(PayApplication.java:14) ~[classes/:na]

19:55:20:557  INFO 17116 --- [main] com.alibaba.nacos.common.remote.client   : [2d7daf5d-0470-40f8-88a0-ceb6b94732a1] Try to connect to server on start up, server: {serverIp = '192.168.150.102', server main port = 8848}
19:55:23:559 ERROR 17116 --- [main] c.a.n.c.remote.client.grpc.GrpcClient    : Server check fail, please check server 192.168.150.102 ,port 9848 is available , error ={}

java.util.concurrent.TimeoutException: Waited 3000 milliseconds (plus 949900 nanoseconds delay) for com.alibaba.nacos.shaded.io.grpc.stub.ClientCalls$GrpcFuture@25109d84[status=PENDING, info=[GrpcFuture{clientCall={delegate={delegate=ClientCallImpl{method=MethodDescriptor{fullMethodName=Request/request, type=UNARY, idempotent=false, safe=false, sampledToLocalTracing=true, requestMarshaller=com.alibaba.nacos.shaded.io.grpc.protobuf.lite.ProtoLiteUtils$MessageMarshaller@7adbec34, responseMarshaller=com.alibaba.nacos.shaded.io.grpc.protobuf.lite.ProtoLiteUtils$MessageMarshaller@4aea57dc, schemaDescriptor=com.alibaba.nacos.api.grpc.auto.RequestGrpc$RequestMethodDescriptorSupplier@66abc325}}}}}]]
	at com.alibaba.nacos.shaded.com.google.common.util.concurrent.AbstractFuture.get(AbstractFuture.java:508) ~[nacos-client-2.0.4.jar:na]
	at com.alibaba.nacos.common.remote.client.grpc.GrpcClient.serverCheck(GrpcClient.java:148) ~[nacos-client-2.0.4.jar:na]
	at com.alibaba.nacos.common.remote.client.grpc.GrpcClient.connectToServer(GrpcClient.java:264) ~[nacos-client-2.0.4.jar:na]
	at com.alibaba.nacos.common.remote.client.RpcClient.start(RpcClient.java:390) ~[nacos-client-2.0.4.jar:na]
	at com.alibaba.nacos.client.naming.remote.gprc.NamingGrpcClientProxy.start(NamingGrpcClientProxy.java:96) ~[nacos-client-2.0.4.jar:na]
	at com.alibaba.nacos.client.naming.remote.gprc.NamingGrpcClientProxy.<init>(NamingGrpcClientProxy.java:89) ~[nacos-client-2.0.4.jar:na]
	at com.alibaba.nacos.client.naming.remote.NamingClientProxyDelegate.<init>(NamingClientProxyDelegate.java:76) ~[nacos-client-2.0.4.jar:na]
	at com.alibaba.nacos.client.naming.NacosNamingService.init(NacosNamingService.java:95) ~[nacos-client-2.0.4.jar:na]
	at com.alibaba.nacos.client.naming.NacosNamingService.<init>(NacosNamingService.java:81) ~[nacos-client-2.0.4.jar:na]
	at java.base/jdk.internal.reflect.NativeConstructorAccessorImpl.newInstance0(Native Method) ~[na:na]
	at java.base/jdk.internal.reflect.NativeConstructorAccessorImpl.newInstance(NativeConstructorAccessorImpl.java:62) ~[na:na]
	at java.base/jdk.internal.reflect.DelegatingConstructorAccessorImpl.newInstance(DelegatingConstructorAccessorImpl.java:45) ~[na:na]
	at java.base/java.lang.reflect.Constructor.newInstance(Constructor.java:490) ~[na:na]
	at com.alibaba.nacos.api.naming.NamingFactory.createNamingService(NamingFactory.java:59) ~[nacos-client-2.0.4.jar:na]
	at com.alibaba.nacos.api.NacosFactory.createNamingService(NacosFactory.java:77) ~[nacos-client-2.0.4.jar:na]
	at com.alibaba.cloud.nacos.NacosServiceManager.createNewNamingService(NacosServiceManager.java:99) ~[spring-cloud-starter-alibaba-nacos-discovery-2021.0.4.0.jar:2021.0.4.0]
	at com.alibaba.cloud.nacos.NacosServiceManager.buildNamingService(NacosServiceManager.java:90) ~[spring-cloud-starter-alibaba-nacos-discovery-2021.0.4.0.jar:2021.0.4.0]
	at com.alibaba.cloud.nacos.NacosServiceManager.getNamingService(NacosServiceManager.java:46) ~[spring-cloud-starter-alibaba-nacos-discovery-2021.0.4.0.jar:2021.0.4.0]
	at com.alibaba.cloud.nacos.discovery.NacosWatch.stop(NacosWatch.java:173) ~[spring-cloud-starter-alibaba-nacos-discovery-2021.0.4.0.jar:2021.0.4.0]
	at com.alibaba.cloud.nacos.discovery.NacosWatch.destroy(NacosWatch.java:204) ~[spring-cloud-starter-alibaba-nacos-discovery-2021.0.4.0.jar:2021.0.4.0]
	at org.springframework.beans.factory.support.DisposableBeanAdapter.destroy(DisposableBeanAdapter.java:213) ~[spring-beans-5.3.27.jar:5.3.27]
	at org.springframework.beans.factory.support.DefaultSingletonBeanRegistry.destroyBean(DefaultSingletonBeanRegistry.java:587) ~[spring-beans-5.3.27.jar:5.3.27]
	at org.springframework.beans.factory.support.DefaultSingletonBeanRegistry.destroySingleton(DefaultSingletonBeanRegistry.java:559) ~[spring-beans-5.3.27.jar:5.3.27]
	at org.springframework.beans.factory.support.DefaultListableBeanFactory.destroySingleton(DefaultListableBeanFactory.java:1163) ~[spring-beans-5.3.27.jar:5.3.27]
	at org.springframework.beans.factory.support.DefaultSingletonBeanRegistry.destroySingletons(DefaultSingletonBeanRegistry.java:520) ~[spring-beans-5.3.27.jar:5.3.27]
	at org.springframework.beans.factory.support.DefaultListableBeanFactory.destroySingletons(DefaultListableBeanFactory.java:1156) ~[spring-beans-5.3.27.jar:5.3.27]
	at org.springframework.context.support.AbstractApplicationContext.destroyBeans(AbstractApplicationContext.java:1108) ~[spring-context-5.3.27.jar:5.3.27]
	at org.springframework.context.support.AbstractApplicationContext.refresh(AbstractApplicationContext.java:596) ~[spring-context-5.3.27.jar:5.3.27]
	at org.springframework.boot.web.servlet.context.ServletWebServerApplicationContext.refresh(ServletWebServerApplicationContext.java:147) ~[spring-boot-2.7.12.jar:2.7.12]
	at org.springframework.boot.SpringApplication.refresh(SpringApplication.java:731) ~[spring-boot-2.7.12.jar:2.7.12]
	at org.springframework.boot.SpringApplication.refreshContext(SpringApplication.java:408) ~[spring-boot-2.7.12.jar:2.7.12]
	at org.springframework.boot.SpringApplication.run(SpringApplication.java:307) ~[spring-boot-2.7.12.jar:2.7.12]
	at org.springframework.boot.SpringApplication.run(SpringApplication.java:1303) ~[spring-boot-2.7.12.jar:2.7.12]
	at org.springframework.boot.SpringApplication.run(SpringApplication.java:1292) ~[spring-boot-2.7.12.jar:2.7.12]
	at com.hmall.pay.PayApplication.main(PayApplication.java:14) ~[classes/:na]

19:55:23:560  INFO 17116 --- [main] com.alibaba.nacos.common.remote.client   : [2d7daf5d-0470-40f8-88a0-ceb6b94732a1] Try to connect to server on start up, server: {serverIp = '192.168.150.102', server main port = 8848}
19:55:26:573 ERROR 17116 --- [main] c.a.n.c.remote.client.grpc.GrpcClient    : Server check fail, please check server 192.168.150.102 ,port 9848 is available , error ={}

java.util.concurrent.TimeoutException: Waited 3000 milliseconds (plus 11 milliseconds, 172200 nanoseconds delay) for com.alibaba.nacos.shaded.io.grpc.stub.ClientCalls$GrpcFuture@1c22642d[status=PENDING, info=[GrpcFuture{clientCall={delegate={delegate=ClientCallImpl{method=MethodDescriptor{fullMethodName=Request/request, type=UNARY, idempotent=false, safe=false, sampledToLocalTracing=true, requestMarshaller=com.alibaba.nacos.shaded.io.grpc.protobuf.lite.ProtoLiteUtils$MessageMarshaller@7adbec34, responseMarshaller=com.alibaba.nacos.shaded.io.grpc.protobuf.lite.ProtoLiteUtils$MessageMarshaller@4aea57dc, schemaDescriptor=com.alibaba.nacos.api.grpc.auto.RequestGrpc$RequestMethodDescriptorSupplier@66abc325}}}}}]]
	at com.alibaba.nacos.shaded.com.google.common.util.concurrent.AbstractFuture.get(AbstractFuture.java:508) ~[nacos-client-2.0.4.jar:na]
	at com.alibaba.nacos.common.remote.client.grpc.GrpcClient.serverCheck(GrpcClient.java:148) ~[nacos-client-2.0.4.jar:na]
	at com.alibaba.nacos.common.remote.client.grpc.GrpcClient.connectToServer(GrpcClient.java:264) ~[nacos-client-2.0.4.jar:na]
	at com.alibaba.nacos.common.remote.client.RpcClient.start(RpcClient.java:390) ~[nacos-client-2.0.4.jar:na]
	at com.alibaba.nacos.client.naming.remote.gprc.NamingGrpcClientProxy.start(NamingGrpcClientProxy.java:96) ~[nacos-client-2.0.4.jar:na]
	at com.alibaba.nacos.client.naming.remote.gprc.NamingGrpcClientProxy.<init>(NamingGrpcClientProxy.java:89) ~[nacos-client-2.0.4.jar:na]
	at com.alibaba.nacos.client.naming.remote.NamingClientProxyDelegate.<init>(NamingClientProxyDelegate.java:76) ~[nacos-client-2.0.4.jar:na]
	at com.alibaba.nacos.client.naming.NacosNamingService.init(NacosNamingService.java:95) ~[nacos-client-2.0.4.jar:na]
	at com.alibaba.nacos.client.naming.NacosNamingService.<init>(NacosNamingService.java:81) ~[nacos-client-2.0.4.jar:na]
	at java.base/jdk.internal.reflect.NativeConstructorAccessorImpl.newInstance0(Native Method) ~[na:na]
	at java.base/jdk.internal.reflect.NativeConstructorAccessorImpl.newInstance(NativeConstructorAccessorImpl.java:62) ~[na:na]
	at java.base/jdk.internal.reflect.DelegatingConstructorAccessorImpl.newInstance(DelegatingConstructorAccessorImpl.java:45) ~[na:na]
	at java.base/java.lang.reflect.Constructor.newInstance(Constructor.java:490) ~[na:na]
	at com.alibaba.nacos.api.naming.NamingFactory.createNamingService(NamingFactory.java:59) ~[nacos-client-2.0.4.jar:na]
	at com.alibaba.nacos.api.NacosFactory.createNamingService(NacosFactory.java:77) ~[nacos-client-2.0.4.jar:na]
	at com.alibaba.cloud.nacos.NacosServiceManager.createNewNamingService(NacosServiceManager.java:99) ~[spring-cloud-starter-alibaba-nacos-discovery-2021.0.4.0.jar:2021.0.4.0]
	at com.alibaba.cloud.nacos.NacosServiceManager.buildNamingService(NacosServiceManager.java:90) ~[spring-cloud-starter-alibaba-nacos-discovery-2021.0.4.0.jar:2021.0.4.0]
	at com.alibaba.cloud.nacos.NacosServiceManager.getNamingService(NacosServiceManager.java:46) ~[spring-cloud-starter-alibaba-nacos-discovery-2021.0.4.0.jar:2021.0.4.0]
	at com.alibaba.cloud.nacos.discovery.NacosWatch.stop(NacosWatch.java:173) ~[spring-cloud-starter-alibaba-nacos-discovery-2021.0.4.0.jar:2021.0.4.0]
	at com.alibaba.cloud.nacos.discovery.NacosWatch.destroy(NacosWatch.java:204) ~[spring-cloud-starter-alibaba-nacos-discovery-2021.0.4.0.jar:2021.0.4.0]
	at org.springframework.beans.factory.support.DisposableBeanAdapter.destroy(DisposableBeanAdapter.java:213) ~[spring-beans-5.3.27.jar:5.3.27]
	at org.springframework.beans.factory.support.DefaultSingletonBeanRegistry.destroyBean(DefaultSingletonBeanRegistry.java:587) ~[spring-beans-5.3.27.jar:5.3.27]
	at org.springframework.beans.factory.support.DefaultSingletonBeanRegistry.destroySingleton(DefaultSingletonBeanRegistry.java:559) ~[spring-beans-5.3.27.jar:5.3.27]
	at org.springframework.beans.factory.support.DefaultListableBeanFactory.destroySingleton(DefaultListableBeanFactory.java:1163) ~[spring-beans-5.3.27.jar:5.3.27]
	at org.springframework.beans.factory.support.DefaultSingletonBeanRegistry.destroySingletons(DefaultSingletonBeanRegistry.java:520) ~[spring-beans-5.3.27.jar:5.3.27]
	at org.springframework.beans.factory.support.DefaultListableBeanFactory.destroySingletons(DefaultListableBeanFactory.java:1156) ~[spring-beans-5.3.27.jar:5.3.27]
	at org.springframework.context.support.AbstractApplicationContext.destroyBeans(AbstractApplicationContext.java:1108) ~[spring-context-5.3.27.jar:5.3.27]
	at org.springframework.context.support.AbstractApplicationContext.refresh(AbstractApplicationContext.java:596) ~[spring-context-5.3.27.jar:5.3.27]
	at org.springframework.boot.web.servlet.context.ServletWebServerApplicationContext.refresh(ServletWebServerApplicationContext.java:147) ~[spring-boot-2.7.12.jar:2.7.12]
	at org.springframework.boot.SpringApplication.refresh(SpringApplication.java:731) ~[spring-boot-2.7.12.jar:2.7.12]
	at org.springframework.boot.SpringApplication.refreshContext(SpringApplication.java:408) ~[spring-boot-2.7.12.jar:2.7.12]
	at org.springframework.boot.SpringApplication.run(SpringApplication.java:307) ~[spring-boot-2.7.12.jar:2.7.12]
	at org.springframework.boot.SpringApplication.run(SpringApplication.java:1303) ~[spring-boot-2.7.12.jar:2.7.12]
	at org.springframework.boot.SpringApplication.run(SpringApplication.java:1292) ~[spring-boot-2.7.12.jar:2.7.12]
	at com.hmall.pay.PayApplication.main(PayApplication.java:14) ~[classes/:na]

19:55:26:574  INFO 17116 --- [main] com.alibaba.nacos.common.remote.client   : [2d7daf5d-0470-40f8-88a0-ceb6b94732a1] Register server push request handler:com.alibaba.nacos.common.remote.client.RpcClient$ConnectResetRequestHandler
19:55:26:574  INFO 17116 --- [com.alibaba.nacos.client.remote.worker] com.alibaba.nacos.common.remote.client   : [2d7daf5d-0470-40f8-88a0-ceb6b94732a1] Try to reconnect to a new server, server is  not appointed, will choose a random server.
19:55:26:574  INFO 17116 --- [main] com.alibaba.nacos.common.remote.client   : [2d7daf5d-0470-40f8-88a0-ceb6b94732a1] Register server push request handler:com.alibaba.nacos.common.remote.client.RpcClient$$Lambda$976/0x0000000800734840
19:55:26:685 ERROR 17116 --- [main] com.alibaba.nacos.common.remote.client   : Send request fail, request = SubscribeServiceRequest{headers={app=unknown}, requestId='null'}, retryTimes = 0, errorMessage = Client not connected, current status:STARTING
19:55:26:795 ERROR 17116 --- [main] com.alibaba.nacos.common.remote.client   : Send request fail, request = SubscribeServiceRequest{headers={app=unknown}, requestId='null'}, retryTimes = 1, errorMessage = Client not connected, current status:STARTING
19:55:26:904 ERROR 17116 --- [main] com.alibaba.nacos.common.remote.client   : Send request fail, request = SubscribeServiceRequest{headers={app=unknown}, requestId='null'}, retryTimes = 2, errorMessage = Client not connected, current status:STARTING
19:55:26:904 ERROR 17116 --- [main] c.a.cloud.nacos.discovery.NacosWatch     : namingService unsubscribe failed, properties:NacosDiscoveryProperties{serverAddr='192.168.150.102', username='', password='', endpoint='', namespace='', watchDelay=30000, logName='', service='pay-service', weight=1.0, clusterName='DEFAULT', group='DEFAULT_GROUP', namingLoadCacheAtStart='false', metadata={preserved.register.source=SPRING_CLOUD}, registerEnabled=true, ip='192.168.220.1', networkInterface='', port=8086, secure=false, accessKey='', secretKey='', heartBeatInterval=null, heartBeatTimeout=null, ipDeleteTimeout=null, instanceEnabled=true, ephemeral=true, failureToleranceEnabled=false}, ipDeleteTimeout=null, failFast=true}

com.alibaba.nacos.api.exception.NacosException: Request nacos server failed: 
	at com.alibaba.nacos.client.naming.remote.gprc.NamingGrpcClientProxy.requestToServer(NamingGrpcClientProxy.java:290) ~[nacos-client-2.0.4.jar:na]
	at com.alibaba.nacos.client.naming.remote.gprc.NamingGrpcClientProxy.doUnsubscribe(NamingGrpcClientProxy.java:260) ~[nacos-client-2.0.4.jar:na]
	at com.alibaba.nacos.client.naming.remote.gprc.NamingGrpcClientProxy.unsubscribe(NamingGrpcClientProxy.java:241) ~[nacos-client-2.0.4.jar:na]
	at com.alibaba.nacos.client.naming.remote.NamingClientProxyDelegate.unsubscribe(NamingClientProxyDelegate.java:157) ~[nacos-client-2.0.4.jar:na]
	at com.alibaba.nacos.client.naming.NacosNamingService.unsubscribe(NacosNamingService.java:417) ~[nacos-client-2.0.4.jar:na]
	at com.alibaba.cloud.nacos.discovery.NacosWatch.stop(NacosWatch.java:174) ~[spring-cloud-starter-alibaba-nacos-discovery-2021.0.4.0.jar:2021.0.4.0]
	at com.alibaba.cloud.nacos.discovery.NacosWatch.destroy(NacosWatch.java:204) ~[spring-cloud-starter-alibaba-nacos-discovery-2021.0.4.0.jar:2021.0.4.0]
	at org.springframework.beans.factory.support.DisposableBeanAdapter.destroy(DisposableBeanAdapter.java:213) ~[spring-beans-5.3.27.jar:5.3.27]
	at org.springframework.beans.factory.support.DefaultSingletonBeanRegistry.destroyBean(DefaultSingletonBeanRegistry.java:587) ~[spring-beans-5.3.27.jar:5.3.27]
	at org.springframework.beans.factory.support.DefaultSingletonBeanRegistry.destroySingleton(DefaultSingletonBeanRegistry.java:559) ~[spring-beans-5.3.27.jar:5.3.27]
	at org.springframework.beans.factory.support.DefaultListableBeanFactory.destroySingleton(DefaultListableBeanFactory.java:1163) ~[spring-beans-5.3.27.jar:5.3.27]
	at org.springframework.beans.factory.support.DefaultSingletonBeanRegistry.destroySingletons(DefaultSingletonBeanRegistry.java:520) ~[spring-beans-5.3.27.jar:5.3.27]
	at org.springframework.beans.factory.support.DefaultListableBeanFactory.destroySingletons(DefaultListableBeanFactory.java:1156) ~[spring-beans-5.3.27.jar:5.3.27]
	at org.springframework.context.support.AbstractApplicationContext.destroyBeans(AbstractApplicationContext.java:1108) ~[spring-context-5.3.27.jar:5.3.27]
	at org.springframework.context.support.AbstractApplicationContext.refresh(AbstractApplicationContext.java:596) ~[spring-context-5.3.27.jar:5.3.27]
	at org.springframework.boot.web.servlet.context.ServletWebServerApplicationContext.refresh(ServletWebServerApplicationContext.java:147) ~[spring-boot-2.7.12.jar:2.7.12]
	at org.springframework.boot.SpringApplication.refresh(SpringApplication.java:731) ~[spring-boot-2.7.12.jar:2.7.12]
	at org.springframework.boot.SpringApplication.refreshContext(SpringApplication.java:408) ~[spring-boot-2.7.12.jar:2.7.12]
	at org.springframework.boot.SpringApplication.run(SpringApplication.java:307) ~[spring-boot-2.7.12.jar:2.7.12]
	at org.springframework.boot.SpringApplication.run(SpringApplication.java:1303) ~[spring-boot-2.7.12.jar:2.7.12]
	at org.springframework.boot.SpringApplication.run(SpringApplication.java:1292) ~[spring-boot-2.7.12.jar:2.7.12]
	at com.hmall.pay.PayApplication.main(PayApplication.java:14) ~[classes/:na]
Caused by: com.alibaba.nacos.api.exception.NacosException: Client not connected, current status:STARTING
	at com.alibaba.nacos.common.remote.client.RpcClient.request(RpcClient.java:650) ~[nacos-client-2.0.4.jar:na]
	at com.alibaba.nacos.common.remote.client.RpcClient.request(RpcClient.java:630) ~[nacos-client-2.0.4.jar:na]
	at com.alibaba.nacos.client.naming.remote.gprc.NamingGrpcClientProxy.requestToServer(NamingGrpcClientProxy.java:280) ~[nacos-client-2.0.4.jar:na]
	... 21 common frames omitted

19:55:27:215  INFO 17116 --- [main] o.apache.catalina.core.StandardService   : Stopping service [Tomcat]
19:55:27:227  INFO 17116 --- [main] ConditionEvaluationReportLoggingListener : 

Error starting ApplicationContext. To display the conditions report re-run your application with 'debug' enabled.
19:55:27:241 ERROR 17116 --- [main] o.s.boot.SpringApplication               : Application run failed

org.springframework.context.ApplicationContextException: Failed to start bean 'webServerStartStop'; nested exception is java.lang.reflect.UndeclaredThrowableException
	at org.springframework.context.support.DefaultLifecycleProcessor.doStart(DefaultLifecycleProcessor.java:181) ~[spring-context-5.3.27.jar:5.3.27]
	at org.springframework.context.support.DefaultLifecycleProcessor.access$200(DefaultLifecycleProcessor.java:54) ~[spring-context-5.3.27.jar:5.3.27]
	at org.springframework.context.support.DefaultLifecycleProcessor$LifecycleGroup.start(DefaultLifecycleProcessor.java:356) ~[spring-context-5.3.27.jar:5.3.27]
	at java.base/java.lang.Iterable.forEach(Iterable.java:75) ~[na:na]
	at org.springframework.context.support.DefaultLifecycleProcessor.startBeans(DefaultLifecycleProcessor.java:155) ~[spring-context-5.3.27.jar:5.3.27]
	at org.springframework.context.support.DefaultLifecycleProcessor.onRefresh(DefaultLifecycleProcessor.java:123) ~[spring-context-5.3.27.jar:5.3.27]
	at org.springframework.context.support.AbstractApplicationContext.finishRefresh(AbstractApplicationContext.java:937) ~[spring-context-5.3.27.jar:5.3.27]
	at org.springframework.context.support.AbstractApplicationContext.refresh(AbstractApplicationContext.java:586) ~[spring-context-5.3.27.jar:5.3.27]
	at org.springframework.boot.web.servlet.context.ServletWebServerApplicationContext.refresh(ServletWebServerApplicationContext.java:147) ~[spring-boot-2.7.12.jar:2.7.12]
	at org.springframework.boot.SpringApplication.refresh(SpringApplication.java:731) ~[spring-boot-2.7.12.jar:2.7.12]
	at org.springframework.boot.SpringApplication.refreshContext(SpringApplication.java:408) ~[spring-boot-2.7.12.jar:2.7.12]
	at org.springframework.boot.SpringApplication.run(SpringApplication.java:307) ~[spring-boot-2.7.12.jar:2.7.12]
	at org.springframework.boot.SpringApplication.run(SpringApplication.java:1303) ~[spring-boot-2.7.12.jar:2.7.12]
	at org.springframework.boot.SpringApplication.run(SpringApplication.java:1292) ~[spring-boot-2.7.12.jar:2.7.12]
	at com.hmall.pay.PayApplication.main(PayApplication.java:14) ~[classes/:na]
Caused by: java.lang.reflect.UndeclaredThrowableException: null
	at org.springframework.util.ReflectionUtils.rethrowRuntimeException(ReflectionUtils.java:147) ~[spring-core-5.3.27.jar:5.3.27]
	at com.alibaba.cloud.nacos.registry.NacosServiceRegistry.register(NacosServiceRegistry.java:82) ~[spring-cloud-starter-alibaba-nacos-discovery-2021.0.4.0.jar:2021.0.4.0]
	at org.springframework.cloud.client.serviceregistry.AbstractAutoServiceRegistration.register(AbstractAutoServiceRegistration.java:232) ~[spring-cloud-commons-3.1.3.jar:3.1.3]
	at com.alibaba.cloud.nacos.registry.NacosAutoServiceRegistration.register(NacosAutoServiceRegistration.java:78) ~[spring-cloud-starter-alibaba-nacos-discovery-2021.0.4.0.jar:2021.0.4.0]
	at org.springframework.cloud.client.serviceregistry.AbstractAutoServiceRegistration.start(AbstractAutoServiceRegistration.java:133) ~[spring-cloud-commons-3.1.3.jar:3.1.3]
	at org.springframework.cloud.client.serviceregistry.AbstractAutoServiceRegistration.bind(AbstractAutoServiceRegistration.java:98) ~[spring-cloud-commons-3.1.3.jar:3.1.3]
	at org.springframework.cloud.client.serviceregistry.AbstractAutoServiceRegistration.onApplicationEvent(AbstractAutoServiceRegistration.java:86) ~[spring-cloud-commons-3.1.3.jar:3.1.3]
	at org.springframework.cloud.client.serviceregistry.AbstractAutoServiceRegistration.onApplicationEvent(AbstractAutoServiceRegistration.java:47) ~[spring-cloud-commons-3.1.3.jar:3.1.3]
	at org.springframework.context.event.SimpleApplicationEventMulticaster.doInvokeListener(SimpleApplicationEventMulticaster.java:176) ~[spring-context-5.3.27.jar:5.3.27]
	at org.springframework.context.event.SimpleApplicationEventMulticaster.invokeListener(SimpleApplicationEventMulticaster.java:169) ~[spring-context-5.3.27.jar:5.3.27]
	at org.springframework.context.event.SimpleApplicationEventMulticaster.multicastEvent(SimpleApplicationEventMulticaster.java:143) ~[spring-context-5.3.27.jar:5.3.27]
	at org.springframework.context.support.AbstractApplicationContext.publishEvent(AbstractApplicationContext.java:421) ~[spring-context-5.3.27.jar:5.3.27]
	at org.springframework.context.support.AbstractApplicationContext.publishEvent(AbstractApplicationContext.java:378) ~[spring-context-5.3.27.jar:5.3.27]
	at org.springframework.boot.web.servlet.context.WebServerStartStopLifecycle.start(WebServerStartStopLifecycle.java:46) ~[spring-boot-2.7.12.jar:2.7.12]
	at org.springframework.context.support.DefaultLifecycleProcessor.doStart(DefaultLifecycleProcessor.java:178) ~[spring-context-5.3.27.jar:5.3.27]
	... 14 common frames omitted
Caused by: com.alibaba.nacos.api.exception.NacosException: Request nacos server failed: 
	at com.alibaba.nacos.client.naming.remote.gprc.NamingGrpcClientProxy.requestToServer(NamingGrpcClientProxy.java:290) ~[nacos-client-2.0.4.jar:na]
	at com.alibaba.nacos.client.naming.remote.gprc.NamingGrpcClientProxy.doRegisterService(NamingGrpcClientProxy.java:129) ~[nacos-client-2.0.4.jar:na]
	at com.alibaba.nacos.client.naming.remote.gprc.NamingGrpcClientProxy.registerService(NamingGrpcClientProxy.java:115) ~[nacos-client-2.0.4.jar:na]
	at com.alibaba.nacos.client.naming.remote.NamingClientProxyDelegate.registerService(NamingClientProxyDelegate.java:94) ~[nacos-client-2.0.4.jar:na]
	at com.alibaba.nacos.client.naming.NacosNamingService.registerInstance(NacosNamingService.java:145) ~[nacos-client-2.0.4.jar:na]
	at com.alibaba.cloud.nacos.registry.NacosServiceRegistry.register(NacosServiceRegistry.java:74) ~[spring-cloud-starter-alibaba-nacos-discovery-2021.0.4.0.jar:2021.0.4.0]
	... 27 common frames omitted
Caused by: com.alibaba.nacos.api.exception.NacosException: Client not connected, current status:STARTING
	at com.alibaba.nacos.common.remote.client.RpcClient.request(RpcClient.java:650) ~[nacos-client-2.0.4.jar:na]
	at com.alibaba.nacos.common.remote.client.RpcClient.request(RpcClient.java:630) ~[nacos-client-2.0.4.jar:na]
	at com.alibaba.nacos.client.naming.remote.gprc.NamingGrpcClientProxy.requestToServer(NamingGrpcClientProxy.java:280) ~[nacos-client-2.0.4.jar:na]
	... 32 common frames omitted

19:55:27:243  WARN 17116 --- [Thread-7] c.a.n.common.http.HttpClientBeanHolder   : [HttpClientBeanHolder] Start destroying common HttpClient
19:55:27:243  WARN 17116 --- [Thread-4] c.a.nacos.common.notify.NotifyCenter     : [NotifyCenter] Start destroying Publisher
19:55:27:244  WARN 17116 --- [Thread-4] c.a.nacos.common.notify.NotifyCenter     : [NotifyCenter] Destruction of the end
19:57:32:779  INFO 29172 --- [main] com.hmall.pay.PayApplication             : Starting PayApplication using Java 11.0.31 on LAPTOP-16OT1L5F with PID 29172 (G:\hmall\backend\pay-service\target\classes started by 18071 in G:\hmall\backend)
19:57:32:781 DEBUG 29172 --- [main] com.hmall.pay.PayApplication             : Running with Spring Boot v2.7.12, Spring v5.3.27
19:57:32:782  INFO 29172 --- [main] com.hmall.pay.PayApplication             : The following 1 profile is active: "dev"
19:57:34:052  INFO 29172 --- [main] o.s.cloud.context.scope.GenericScope     : BeanFactory id=93635030-9e55-3283-b59b-31e35e320834
19:57:34:446  INFO 29172 --- [main] o.s.b.w.embedded.tomcat.TomcatWebServer  : Tomcat initialized with port(s): 8086 (http)
19:57:34:457  INFO 29172 --- [main] o.apache.catalina.core.StandardService   : Starting service [Tomcat]
19:57:34:458  INFO 29172 --- [main] org.apache.catalina.core.StandardEngine  : Starting Servlet engine: [Apache Tomcat/9.0.75]
19:57:34:637  INFO 29172 --- [main] o.a.c.c.C.[Tomcat].[localhost].[/]       : Initializing Spring embedded WebApplicationContext
19:57:34:637  INFO 29172 --- [main] w.s.c.ServletWebServerApplicationContext : Root WebApplicationContext: initialization completed in 1797 ms
19:57:34:865  INFO 29172 --- [main] o.s.c.openfeign.FeignClientFactoryBean   : For 'user-service' URL not provided. Will try picking an instance via load-balancing.
19:57:34:941  INFO 29172 --- [main] o.s.c.openfeign.FeignClientFactoryBean   : For 'trade-service' URL not provided. Will try picking an instance via load-balancing.
19:57:39:495  INFO 29172 --- [main] pertySourcedRequestMappingHandlerMapping : Mapped URL path [/v2/api-docs] onto method [springfox.documentation.swagger2.web.Swagger2ControllerWebMvc#getDocumentation(String, HttpServletRequest)]
19:57:40:597  INFO 29172 --- [main] com.alibaba.nacos.common.remote.client   : [RpcClientFactory] create a new rpc client of 75cbbd44-693a-4898-933e-94b9053e5f96
19:57:40:635  INFO 29172 --- [main] org.reflections.Reflections              : Reflections took 19 ms to scan 1 urls, producing 3 keys and 6 values 
19:57:40:657  INFO 29172 --- [main] org.reflections.Reflections              : Reflections took 8 ms to scan 1 urls, producing 4 keys and 9 values 
19:57:40:667  INFO 29172 --- [main] org.reflections.Reflections              : Reflections took 7 ms to scan 1 urls, producing 3 keys and 10 values 
19:57:40:670  WARN 29172 --- [main] org.reflections.Reflections              : given scan urls are empty. set urls in the configuration
19:57:40:677  INFO 29172 --- [main] org.reflections.Reflections              : Reflections took 5 ms to scan 1 urls, producing 1 keys and 5 values 
19:57:40:685  INFO 29172 --- [main] org.reflections.Reflections              : Reflections took 6 ms to scan 1 urls, producing 1 keys and 7 values 
19:57:40:694  INFO 29172 --- [main] org.reflections.Reflections              : Reflections took 6 ms to scan 1 urls, producing 2 keys and 8 values 
19:57:40:697  WARN 29172 --- [main] org.reflections.Reflections              : given scan urls are empty. set urls in the configuration
19:57:40:698  INFO 29172 --- [main] com.alibaba.nacos.common.remote.client   : [75cbbd44-693a-4898-933e-94b9053e5f96] RpcClient init label, labels = {module=naming, source=sdk}
19:57:40:708  INFO 29172 --- [main] com.alibaba.nacos.common.remote.client   : [75cbbd44-693a-4898-933e-94b9053e5f96] RpcClient init, ServerListFactory = com.alibaba.nacos.client.naming.core.ServerListManager
19:57:40:708  INFO 29172 --- [main] com.alibaba.nacos.common.remote.client   : [75cbbd44-693a-4898-933e-94b9053e5f96] Registry connection listener to current client:com.alibaba.nacos.client.naming.remote.gprc.redo.NamingGrpcRedoService
19:57:40:709  INFO 29172 --- [main] com.alibaba.nacos.common.remote.client   : [75cbbd44-693a-4898-933e-94b9053e5f96] Register server push request handler:com.alibaba.nacos.client.naming.remote.gprc.NamingPushRequestHandler
19:57:40:711  INFO 29172 --- [main] com.alibaba.nacos.common.remote.client   : [75cbbd44-693a-4898-933e-94b9053e5f96] Try to connect to server on start up, server: {serverIp = '192.168.150.102', server main port = 8848}
19:57:43:334  INFO 29172 --- [main] com.alibaba.nacos.common.remote.client   : [75cbbd44-693a-4898-933e-94b9053e5f96] Success to connect to server [192.168.150.102:8848] on start up, connectionId = 1777031862284_192.168.150.1_54665
19:57:43:335  INFO 29172 --- [com.alibaba.nacos.client.remote.worker] com.alibaba.nacos.common.remote.client   : [75cbbd44-693a-4898-933e-94b9053e5f96] Notify connected event to listeners.
19:57:43:336  INFO 29172 --- [main] com.alibaba.nacos.common.remote.client   : [75cbbd44-693a-4898-933e-94b9053e5f96] Register server push request handler:com.alibaba.nacos.common.remote.client.RpcClient$ConnectResetRequestHandler
19:57:43:336  INFO 29172 --- [main] com.alibaba.nacos.common.remote.client   : [75cbbd44-693a-4898-933e-94b9053e5f96] Register server push request handler:com.alibaba.nacos.common.remote.client.RpcClient$$Lambda$975/0x0000000800705840
19:57:43:394  INFO 29172 --- [main] o.s.b.w.embedded.tomcat.TomcatWebServer  : Tomcat started on port(s): 8086 (http) with context path ''
19:57:43:403  INFO 29172 --- [main] c.a.c.n.registry.NacosServiceRegistry    : nacos registry, DEFAULT_GROUP pay-service 192.168.220.1:8086 register finished
19:57:43:958  INFO 29172 --- [nacos-grpc-client-executor-9] com.alibaba.nacos.common.remote.client   : [75cbbd44-693a-4898-933e-94b9053e5f96] Receive server push request, request = NotifySubscriberRequest, requestId = 125
19:57:43:970  INFO 29172 --- [nacos-grpc-client-executor-9] com.alibaba.nacos.common.remote.client   : [75cbbd44-693a-4898-933e-94b9053e5f96] Ack server push request, request = NotifySubscriberRequest, requestId = 125
19:57:44:103  INFO 29172 --- [main] d.s.w.p.DocumentationPluginsBootstrapper : Documentation plugins bootstrapped
19:57:44:106  INFO 29172 --- [main] d.s.w.p.DocumentationPluginsBootstrapper : Found 1 custom documentation plugin(s)
19:57:44:125  INFO 29172 --- [main] s.d.s.w.s.ApiListingReferenceScanner     : Scanning for api listing references
19:57:44:207  INFO 29172 --- [main] com.hmall.pay.PayApplication             : Started PayApplication in 13.467 seconds (JVM running for 15.113)
19:59:22:365  INFO 29172 --- [http-nio-8086-exec-1] o.a.c.c.C.[Tomcat].[localhost].[/]       : Initializing Spring DispatcherServlet 'dispatcherServlet'
19:59:22:365  INFO 29172 --- [http-nio-8086-exec-1] o.s.web.servlet.DispatcherServlet        : Initializing Servlet 'dispatcherServlet'
19:59:22:366  INFO 29172 --- [http-nio-8086-exec-1] o.s.web.servlet.DispatcherServlet        : Completed initialization in 1 ms
19:59:22:464  INFO 29172 --- [http-nio-8086-exec-1] com.zaxxer.hikari.HikariDataSource       : HikariPool-1 - Starting...
19:59:22:676  INFO 29172 --- [http-nio-8086-exec-1] com.zaxxer.hikari.HikariDataSource       : HikariPool-1 - Start completed.
19:59:22:687 DEBUG 29172 --- [http-nio-8086-exec-1] c.h.pay.mapper.PayOrderMapper.selectOne  : ==>  Preparing: SELECT id,biz_order_no,pay_order_no,biz_user_id,pay_channel_code,amount,pay_type,status,expand_json,result_code,result_msg,pay_success_time,pay_over_time,qr_code_url,create_time,update_time,creater,updater,is_delete FROM pay_order WHERE (biz_order_no = ?)
19:59:22:706 DEBUG 29172 --- [http-nio-8086-exec-1] c.h.pay.mapper.PayOrderMapper.selectOne  : ==> Parameters: 2047646576914464770(Long)
19:59:22:724 DEBUG 29172 --- [http-nio-8086-exec-1] c.h.pay.mapper.PayOrderMapper.selectOne  : <==      Total: 0
19:59:22:768 DEBUG 29172 --- [http-nio-8086-exec-1] c.h.pay.mapper.PayOrderMapper.insert     : ==>  Preparing: INSERT INTO pay_order ( id, biz_order_no, pay_order_no, biz_user_id, pay_channel_code, amount, pay_type, status, pay_over_time ) VALUES ( ?, ?, ?, ?, ?, ?, ?, ?, ? )
19:59:22:770 DEBUG 29172 --- [http-nio-8086-exec-1] c.h.pay.mapper.PayOrderMapper.insert     : ==> Parameters: 2047646580005736450(Long), 2047646576914464770(Long), 2047646580005736449(Long), 1(Long), balance(String), 71800(Integer), 5(Integer), 1(Integer), 2026-04-24T21:59:22.763138200(LocalDateTime)
19:59:22:773 DEBUG 29172 --- [http-nio-8086-exec-1] c.h.pay.mapper.PayOrderMapper.insert     : <==    Updates: 1
19:59:23:626 DEBUG 29172 --- [http-nio-8086-exec-2] c.h.p.mapper.PayOrderMapper.selectById   : ==>  Preparing: SELECT id,biz_order_no,pay_order_no,biz_user_id,pay_channel_code,amount,pay_type,status,expand_json,result_code,result_msg,pay_success_time,pay_over_time,qr_code_url,create_time,update_time,creater,updater,is_delete FROM pay_order WHERE id=?
19:59:23:627 DEBUG 29172 --- [http-nio-8086-exec-2] c.h.p.mapper.PayOrderMapper.selectById   : ==> Parameters: 2047646580005736450(Long)
19:59:23:631 DEBUG 29172 --- [http-nio-8086-exec-2] c.h.p.mapper.PayOrderMapper.selectById   : <==      Total: 1
19:59:23:893 ERROR 29172 --- [http-nio-8086-exec-2] o.a.c.c.C.[.[.[/].[dispatcherServlet]    : Servlet.service() for servlet [dispatcherServlet] in context with path [] threw exception [Request processing failed; nested exception is feign.FeignException$InternalServerError: [500] during [PUT] to [http://user-service/users/money/deduct?pw&amount=71800] [UserClient#deductMoney(String,Integer)]: [{"timestamp":"2026-04-24T11:59:23.874+00:00","status":500,"error":"Internal Server Error","path":"/users/money/deduct"}]] with root cause

feign.FeignException$InternalServerError: [500] during [PUT] to [http://user-service/users/money/deduct?pw&amount=71800] [UserClient#deductMoney(String,Integer)]: [{"timestamp":"2026-04-24T11:59:23.874+00:00","status":500,"error":"Internal Server Error","path":"/users/money/deduct"}]
	at feign.FeignException.serverErrorStatus(FeignException.java:250) ~[feign-core-11.8.jar:na]
	at feign.FeignException.errorStatus(FeignException.java:197) ~[feign-core-11.8.jar:na]
	at feign.FeignException.errorStatus(FeignException.java:185) ~[feign-core-11.8.jar:na]
	at feign.codec.ErrorDecoder$Default.decode(ErrorDecoder.java:92) ~[feign-core-11.8.jar:na]
	at feign.AsyncResponseHandler.handleResponse(AsyncResponseHandler.java:96) ~[feign-core-11.8.jar:na]
	at feign.SynchronousMethodHandler.executeAndDecode(SynchronousMethodHandler.java:138) ~[feign-core-11.8.jar:na]
	at feign.SynchronousMethodHandler.invoke(SynchronousMethodHandler.java:89) ~[feign-core-11.8.jar:na]
	at feign.ReflectiveFeign$FeignInvocationHandler.invoke(ReflectiveFeign.java:100) ~[feign-core-11.8.jar:na]
	at com.sun.proxy.$Proxy100.deductMoney(Unknown Source) ~[na:na]
	at com.hmall.pay.service.impl.PayOrderServiceImpl.tryPayOrderByBalance(PayOrderServiceImpl.java:56) ~[classes/:na]
	at com.hmall.pay.service.impl.PayOrderServiceImpl$$FastClassBySpringCGLIB$$b2062e7f.invoke(<generated>) ~[classes/:na]
	at org.springframework.cglib.proxy.MethodProxy.invoke(MethodProxy.java:218) ~[spring-core-5.3.27.jar:5.3.27]
	at org.springframework.aop.framework.CglibAopProxy$CglibMethodInvocation.invokeJoinpoint(CglibAopProxy.java:793) ~[spring-aop-5.3.27.jar:5.3.27]
	at org.springframework.aop.framework.ReflectiveMethodInvocation.proceed(ReflectiveMethodInvocation.java:163) ~[spring-aop-5.3.27.jar:5.3.27]
	at org.springframework.aop.framework.CglibAopProxy$CglibMethodInvocation.proceed(CglibAopProxy.java:763) ~[spring-aop-5.3.27.jar:5.3.27]
	at org.springframework.transaction.interceptor.TransactionInterceptor$1.proceedWithInvocation(TransactionInterceptor.java:123) ~[spring-tx-5.3.27.jar:5.3.27]
	at org.springframework.transaction.interceptor.TransactionAspectSupport.invokeWithinTransaction(TransactionAspectSupport.java:388) ~[spring-tx-5.3.27.jar:5.3.27]
	at org.springframework.transaction.interceptor.TransactionInterceptor.invoke(TransactionInterceptor.java:119) ~[spring-tx-5.3.27.jar:5.3.27]
	at org.springframework.aop.framework.ReflectiveMethodInvocation.proceed(ReflectiveMethodInvocation.java:186) ~[spring-aop-5.3.27.jar:5.3.27]
	at org.springframework.aop.framework.CglibAopProxy$CglibMethodInvocation.proceed(CglibAopProxy.java:763) ~[spring-aop-5.3.27.jar:5.3.27]
	at org.springframework.aop.framework.CglibAopProxy$DynamicAdvisedInterceptor.intercept(CglibAopProxy.java:708) ~[spring-aop-5.3.27.jar:5.3.27]
	at com.hmall.pay.service.impl.PayOrderServiceImpl$$EnhancerBySpringCGLIB$$4204f1cd.tryPayOrderByBalance(<generated>) ~[classes/:na]
	at com.hmall.pay.controller.PayController.tryPayOrderByBalance(PayController.java:42) ~[classes/:na]
	at java.base/jdk.internal.reflect.NativeMethodAccessorImpl.invoke0(Native Method) ~[na:na]
	at java.base/jdk.internal.reflect.NativeMethodAccessorImpl.invoke(NativeMethodAccessorImpl.java:62) ~[na:na]
	at java.base/jdk.internal.reflect.DelegatingMethodAccessorImpl.invoke(DelegatingMethodAccessorImpl.java:43) ~[na:na]
	at java.base/java.lang.reflect.Method.invoke(Method.java:566) ~[na:na]
	at org.springframework.web.method.support.InvocableHandlerMethod.doInvoke(InvocableHandlerMethod.java:205) ~[spring-web-5.3.27.jar:5.3.27]
	at org.springframework.web.method.support.InvocableHandlerMethod.invokeForRequest(InvocableHandlerMethod.java:150) ~[spring-web-5.3.27.jar:5.3.27]
	at org.springframework.web.servlet.mvc.method.annotation.ServletInvocableHandlerMethod.invokeAndHandle(ServletInvocableHandlerMethod.java:117) ~[spring-webmvc-5.3.27.jar:5.3.27]
	at org.springframework.web.servlet.mvc.method.annotation.RequestMappingHandlerAdapter.invokeHandlerMethod(RequestMappingHandlerAdapter.java:895) ~[spring-webmvc-5.3.27.jar:5.3.27]
	at org.springframework.web.servlet.mvc.method.annotation.RequestMappingHandlerAdapter.handleInternal(RequestMappingHandlerAdapter.java:808) ~[spring-webmvc-5.3.27.jar:5.3.27]
	at org.springframework.web.servlet.mvc.method.AbstractHandlerMethodAdapter.handle(AbstractHandlerMethodAdapter.java:87) ~[spring-webmvc-5.3.27.jar:5.3.27]
	at org.springframework.web.servlet.DispatcherServlet.doDispatch(DispatcherServlet.java:1072) ~[spring-webmvc-5.3.27.jar:5.3.27]
	at org.springframework.web.servlet.DispatcherServlet.doService(DispatcherServlet.java:965) ~[spring-webmvc-5.3.27.jar:5.3.27]
	at org.springframework.web.servlet.FrameworkServlet.processRequest(FrameworkServlet.java:1006) ~[spring-webmvc-5.3.27.jar:5.3.27]
	at org.springframework.web.servlet.FrameworkServlet.doPost(FrameworkServlet.java:909) ~[spring-webmvc-5.3.27.jar:5.3.27]
	at javax.servlet.http.HttpServlet.service(HttpServlet.java:555) ~[tomcat-embed-core-9.0.75.jar:4.0.FR]
	at org.springframework.web.servlet.FrameworkServlet.service(FrameworkServlet.java:883) ~[spring-webmvc-5.3.27.jar:5.3.27]
	at javax.servlet.http.HttpServlet.service(HttpServlet.java:623) ~[tomcat-embed-core-9.0.75.jar:4.0.FR]
	at org.apache.catalina.core.ApplicationFilterChain.internalDoFilter(ApplicationFilterChain.java:209) ~[tomcat-embed-core-9.0.75.jar:9.0.75]
	at org.apache.catalina.core.ApplicationFilterChain.doFilter(ApplicationFilterChain.java:153) ~[tomcat-embed-core-9.0.75.jar:9.0.75]
	at org.apache.tomcat.websocket.server.WsFilter.doFilter(WsFilter.java:51) ~[tomcat-embed-websocket-9.0.75.jar:9.0.75]
	at org.apache.catalina.core.ApplicationFilterChain.internalDoFilter(ApplicationFilterChain.java:178) ~[tomcat-embed-core-9.0.75.jar:9.0.75]
	at org.apache.catalina.core.ApplicationFilterChain.doFilter(ApplicationFilterChain.java:153) ~[tomcat-embed-core-9.0.75.jar:9.0.75]
	at org.springframework.web.filter.RequestContextFilter.doFilterInternal(RequestContextFilter.java:100) ~[spring-web-5.3.27.jar:5.3.27]
	at org.springframework.web.filter.OncePerRequestFilter.doFilter(OncePerRequestFilter.java:117) ~[spring-web-5.3.27.jar:5.3.27]
	at org.apache.catalina.core.ApplicationFilterChain.internalDoFilter(ApplicationFilterChain.java:178) ~[tomcat-embed-core-9.0.75.jar:9.0.75]
	at org.apache.catalina.core.ApplicationFilterChain.doFilter(ApplicationFilterChain.java:153) ~[tomcat-embed-core-9.0.75.jar:9.0.75]
	at org.springframework.web.filter.FormContentFilter.doFilterInternal(FormContentFilter.java:93) ~[spring-web-5.3.27.jar:5.3.27]
	at org.springframework.web.filter.OncePerRequestFilter.doFilter(OncePerRequestFilter.java:117) ~[spring-web-5.3.27.jar:5.3.27]
	at org.apache.catalina.core.ApplicationFilterChain.internalDoFilter(ApplicationFilterChain.java:178) ~[tomcat-embed-core-9.0.75.jar:9.0.75]
	at org.apache.catalina.core.ApplicationFilterChain.doFilter(ApplicationFilterChain.java:153) ~[tomcat-embed-core-9.0.75.jar:9.0.75]
	at org.springframework.web.filter.CharacterEncodingFilter.doFilterInternal(CharacterEncodingFilter.java:201) ~[spring-web-5.3.27.jar:5.3.27]
	at org.springframework.web.filter.OncePerRequestFilter.doFilter(OncePerRequestFilter.java:117) ~[spring-web-5.3.27.jar:5.3.27]
	at org.apache.catalina.core.ApplicationFilterChain.internalDoFilter(ApplicationFilterChain.java:178) ~[tomcat-embed-core-9.0.75.jar:9.0.75]
	at org.apache.catalina.core.ApplicationFilterChain.doFilter(ApplicationFilterChain.java:153) ~[tomcat-embed-core-9.0.75.jar:9.0.75]
	at org.apache.catalina.core.StandardWrapperValve.invoke(StandardWrapperValve.java:167) ~[tomcat-embed-core-9.0.75.jar:9.0.75]
	at org.apache.catalina.core.StandardContextValve.invoke(StandardContextValve.java:90) ~[tomcat-embed-core-9.0.75.jar:9.0.75]
	at org.apache.catalina.authenticator.AuthenticatorBase.invoke(AuthenticatorBase.java:481) ~[tomcat-embed-core-9.0.75.jar:9.0.75]
	at org.apache.catalina.core.StandardHostValve.invoke(StandardHostValve.java:130) ~[tomcat-embed-core-9.0.75.jar:9.0.75]
	at org.apache.catalina.valves.ErrorReportValve.invoke(ErrorReportValve.java:93) ~[tomcat-embed-core-9.0.75.jar:9.0.75]
	at org.apache.catalina.core.StandardEngineValve.invoke(StandardEngineValve.java:74) ~[tomcat-embed-core-9.0.75.jar:9.0.75]
	at org.apache.catalina.connector.CoyoteAdapter.service(CoyoteAdapter.java:343) ~[tomcat-embed-core-9.0.75.jar:9.0.75]
	at org.apache.coyote.http11.Http11Processor.service(Http11Processor.java:390) ~[tomcat-embed-core-9.0.75.jar:9.0.75]
	at org.apache.coyote.AbstractProcessorLight.process(AbstractProcessorLight.java:63) ~[tomcat-embed-core-9.0.75.jar:9.0.75]
	at org.apache.coyote.AbstractProtocol$ConnectionHandler.process(AbstractProtocol.java:926) ~[tomcat-embed-core-9.0.75.jar:9.0.75]
	at org.apache.tomcat.util.net.NioEndpoint$SocketProcessor.doRun(NioEndpoint.java:1791) ~[tomcat-embed-core-9.0.75.jar:9.0.75]
	at org.apache.tomcat.util.net.SocketProcessorBase.run(SocketProcessorBase.java:52) ~[tomcat-embed-core-9.0.75.jar:9.0.75]
	at org.apache.tomcat.util.threads.ThreadPoolExecutor.runWorker(ThreadPoolExecutor.java:1191) ~[tomcat-embed-core-9.0.75.jar:9.0.75]
	at org.apache.tomcat.util.threads.ThreadPoolExecutor$Worker.run(ThreadPoolExecutor.java:659) ~[tomcat-embed-core-9.0.75.jar:9.0.75]
	at org.apache.tomcat.util.threads.TaskThread$WrappingRunnable.run(TaskThread.java:61) ~[tomcat-embed-core-9.0.75.jar:9.0.75]
	at java.base/java.lang.Thread.run(Thread.java:829) ~[na:na]

19:59:24:251  INFO 29172 --- [nacos-grpc-client-executor-32] com.alibaba.nacos.common.remote.client   : [75cbbd44-693a-4898-933e-94b9053e5f96] Receive server push request, request = NotifySubscriberRequest, requestId = 135
19:59:24:251  INFO 29172 --- [nacos-grpc-client-executor-32] com.alibaba.nacos.common.remote.client   : [75cbbd44-693a-4898-933e-94b9053e5f96] Ack server push request, request = NotifySubscriberRequest, requestId = 135
19:59:28:026 DEBUG 29172 --- [http-nio-8086-exec-3] c.h.p.mapper.PayOrderMapper.selectById   : ==>  Preparing: SELECT id,biz_order_no,pay_order_no,biz_user_id,pay_channel_code,amount,pay_type,status,expand_json,result_code,result_msg,pay_success_time,pay_over_time,qr_code_url,create_time,update_time,creater,updater,is_delete FROM pay_order WHERE id=?
19:59:28:026 DEBUG 29172 --- [http-nio-8086-exec-3] c.h.p.mapper.PayOrderMapper.selectById   : ==> Parameters: 2047646580005736450(Long)
19:59:28:027 DEBUG 29172 --- [http-nio-8086-exec-3] c.h.p.mapper.PayOrderMapper.selectById   : <==      Total: 1
19:59:28:116 DEBUG 29172 --- [http-nio-8086-exec-3] c.h.pay.mapper.PayOrderMapper.update     : ==>  Preparing: UPDATE pay_order SET status=?,pay_success_time=? WHERE (id = ? AND status IN (?,?))
19:59:28:118 DEBUG 29172 --- [http-nio-8086-exec-3] c.h.pay.mapper.PayOrderMapper.update     : ==> Parameters: 3(Integer), 2026-04-24T19:59:28.112324100(LocalDateTime), 2047646580005736450(Long), 0(Integer), 1(Integer)
19:59:28:121 DEBUG 29172 --- [http-nio-8086-exec-3] c.h.pay.mapper.PayOrderMapper.update     : <==    Updates: 1
19:59:28:172 ERROR 29172 --- [http-nio-8086-exec-3] o.a.c.c.C.[.[.[/].[dispatcherServlet]    : Servlet.service() for servlet [dispatcherServlet] in context with path [] threw exception [Request processing failed; nested exception is feign.FeignException$MethodNotAllowed: [405] during [PUT] to [http://trade-service/orders/2047646576914464770] [TradeClient#markOrderPaySuccess(Long)]: [{"timestamp":"2026-04-24T11:59:28.162+00:00","status":405,"error":"Method Not Allowed","path":"/orders/2047646576914464770"}]] with root cause

feign.FeignException$MethodNotAllowed: [405] during [PUT] to [http://trade-service/orders/2047646576914464770] [TradeClient#markOrderPaySuccess(Long)]: [{"timestamp":"2026-04-24T11:59:28.162+00:00","status":405,"error":"Method Not Allowed","path":"/orders/2047646576914464770"}]
	at feign.FeignException.clientErrorStatus(FeignException.java:221) ~[feign-core-11.8.jar:na]
	at feign.FeignException.errorStatus(FeignException.java:194) ~[feign-core-11.8.jar:na]
	at feign.FeignException.errorStatus(FeignException.java:185) ~[feign-core-11.8.jar:na]
	at feign.codec.ErrorDecoder$Default.decode(ErrorDecoder.java:92) ~[feign-core-11.8.jar:na]
	at feign.AsyncResponseHandler.handleResponse(AsyncResponseHandler.java:96) ~[feign-core-11.8.jar:na]
	at feign.SynchronousMethodHandler.executeAndDecode(SynchronousMethodHandler.java:138) ~[feign-core-11.8.jar:na]
	at feign.SynchronousMethodHandler.invoke(SynchronousMethodHandler.java:89) ~[feign-core-11.8.jar:na]
	at feign.ReflectiveFeign$FeignInvocationHandler.invoke(ReflectiveFeign.java:100) ~[feign-core-11.8.jar:na]
	at com.sun.proxy.$Proxy104.markOrderPaySuccess(Unknown Source) ~[na:na]
	at com.hmall.pay.service.impl.PayOrderServiceImpl.tryPayOrderByBalance(PayOrderServiceImpl.java:63) ~[classes/:na]
	at com.hmall.pay.service.impl.PayOrderServiceImpl$$FastClassBySpringCGLIB$$b2062e7f.invoke(<generated>) ~[classes/:na]
	at org.springframework.cglib.proxy.MethodProxy.invoke(MethodProxy.java:218) ~[spring-core-5.3.27.jar:5.3.27]
	at org.springframework.aop.framework.CglibAopProxy$CglibMethodInvocation.invokeJoinpoint(CglibAopProxy.java:793) ~[spring-aop-5.3.27.jar:5.3.27]
	at org.springframework.aop.framework.ReflectiveMethodInvocation.proceed(ReflectiveMethodInvocation.java:163) ~[spring-aop-5.3.27.jar:5.3.27]
	at org.springframework.aop.framework.CglibAopProxy$CglibMethodInvocation.proceed(CglibAopProxy.java:763) ~[spring-aop-5.3.27.jar:5.3.27]
	at org.springframework.transaction.interceptor.TransactionInterceptor$1.proceedWithInvocation(TransactionInterceptor.java:123) ~[spring-tx-5.3.27.jar:5.3.27]
	at org.springframework.transaction.interceptor.TransactionAspectSupport.invokeWithinTransaction(TransactionAspectSupport.java:388) ~[spring-tx-5.3.27.jar:5.3.27]
	at org.springframework.transaction.interceptor.TransactionInterceptor.invoke(TransactionInterceptor.java:119) ~[spring-tx-5.3.27.jar:5.3.27]
	at org.springframework.aop.framework.ReflectiveMethodInvocation.proceed(ReflectiveMethodInvocation.java:186) ~[spring-aop-5.3.27.jar:5.3.27]
	at org.springframework.aop.framework.CglibAopProxy$CglibMethodInvocation.proceed(CglibAopProxy.java:763) ~[spring-aop-5.3.27.jar:5.3.27]
	at org.springframework.aop.framework.CglibAopProxy$DynamicAdvisedInterceptor.intercept(CglibAopProxy.java:708) ~[spring-aop-5.3.27.jar:5.3.27]
	at com.hmall.pay.service.impl.PayOrderServiceImpl$$EnhancerBySpringCGLIB$$4204f1cd.tryPayOrderByBalance(<generated>) ~[classes/:na]
	at com.hmall.pay.controller.PayController.tryPayOrderByBalance(PayController.java:42) ~[classes/:na]
	at java.base/jdk.internal.reflect.NativeMethodAccessorImpl.invoke0(Native Method) ~[na:na]
	at java.base/jdk.internal.reflect.NativeMethodAccessorImpl.invoke(NativeMethodAccessorImpl.java:62) ~[na:na]
	at java.base/jdk.internal.reflect.DelegatingMethodAccessorImpl.invoke(DelegatingMethodAccessorImpl.java:43) ~[na:na]
	at java.base/java.lang.reflect.Method.invoke(Method.java:566) ~[na:na]
	at org.springframework.web.method.support.InvocableHandlerMethod.doInvoke(InvocableHandlerMethod.java:205) ~[spring-web-5.3.27.jar:5.3.27]
	at org.springframework.web.method.support.InvocableHandlerMethod.invokeForRequest(InvocableHandlerMethod.java:150) ~[spring-web-5.3.27.jar:5.3.27]
	at org.springframework.web.servlet.mvc.method.annotation.ServletInvocableHandlerMethod.invokeAndHandle(ServletInvocableHandlerMethod.java:117) ~[spring-webmvc-5.3.27.jar:5.3.27]
	at org.springframework.web.servlet.mvc.method.annotation.RequestMappingHandlerAdapter.invokeHandlerMethod(RequestMappingHandlerAdapter.java:895) ~[spring-webmvc-5.3.27.jar:5.3.27]
	at org.springframework.web.servlet.mvc.method.annotation.RequestMappingHandlerAdapter.handleInternal(RequestMappingHandlerAdapter.java:808) ~[spring-webmvc-5.3.27.jar:5.3.27]
	at org.springframework.web.servlet.mvc.method.AbstractHandlerMethodAdapter.handle(AbstractHandlerMethodAdapter.java:87) ~[spring-webmvc-5.3.27.jar:5.3.27]
	at org.springframework.web.servlet.DispatcherServlet.doDispatch(DispatcherServlet.java:1072) ~[spring-webmvc-5.3.27.jar:5.3.27]
	at org.springframework.web.servlet.DispatcherServlet.doService(DispatcherServlet.java:965) ~[spring-webmvc-5.3.27.jar:5.3.27]
	at org.springframework.web.servlet.FrameworkServlet.processRequest(FrameworkServlet.java:1006) ~[spring-webmvc-5.3.27.jar:5.3.27]
	at org.springframework.web.servlet.FrameworkServlet.doPost(FrameworkServlet.java:909) ~[spring-webmvc-5.3.27.jar:5.3.27]
	at javax.servlet.http.HttpServlet.service(HttpServlet.java:555) ~[tomcat-embed-core-9.0.75.jar:4.0.FR]
	at org.springframework.web.servlet.FrameworkServlet.service(FrameworkServlet.java:883) ~[spring-webmvc-5.3.27.jar:5.3.27]
	at javax.servlet.http.HttpServlet.service(HttpServlet.java:623) ~[tomcat-embed-core-9.0.75.jar:4.0.FR]
	at org.apache.catalina.core.ApplicationFilterChain.internalDoFilter(ApplicationFilterChain.java:209) ~[tomcat-embed-core-9.0.75.jar:9.0.75]
	at org.apache.catalina.core.ApplicationFilterChain.doFilter(ApplicationFilterChain.java:153) ~[tomcat-embed-core-9.0.75.jar:9.0.75]
	at org.apache.tomcat.websocket.server.WsFilter.doFilter(WsFilter.java:51) ~[tomcat-embed-websocket-9.0.75.jar:9.0.75]
	at org.apache.catalina.core.ApplicationFilterChain.internalDoFilter(ApplicationFilterChain.java:178) ~[tomcat-embed-core-9.0.75.jar:9.0.75]
	at org.apache.catalina.core.ApplicationFilterChain.doFilter(ApplicationFilterChain.java:153) ~[tomcat-embed-core-9.0.75.jar:9.0.75]
	at org.springframework.web.filter.RequestContextFilter.doFilterInternal(RequestContextFilter.java:100) ~[spring-web-5.3.27.jar:5.3.27]
	at org.springframework.web.filter.OncePerRequestFilter.doFilter(OncePerRequestFilter.java:117) ~[spring-web-5.3.27.jar:5.3.27]
	at org.apache.catalina.core.ApplicationFilterChain.internalDoFilter(ApplicationFilterChain.java:178) ~[tomcat-embed-core-9.0.75.jar:9.0.75]
	at org.apache.catalina.core.ApplicationFilterChain.doFilter(ApplicationFilterChain.java:153) ~[tomcat-embed-core-9.0.75.jar:9.0.75]
	at org.springframework.web.filter.FormContentFilter.doFilterInternal(FormContentFilter.java:93) ~[spring-web-5.3.27.jar:5.3.27]
	at org.springframework.web.filter.OncePerRequestFilter.doFilter(OncePerRequestFilter.java:117) ~[spring-web-5.3.27.jar:5.3.27]
	at org.apache.catalina.core.ApplicationFilterChain.internalDoFilter(ApplicationFilterChain.java:178) ~[tomcat-embed-core-9.0.75.jar:9.0.75]
	at org.apache.catalina.core.ApplicationFilterChain.doFilter(ApplicationFilterChain.java:153) ~[tomcat-embed-core-9.0.75.jar:9.0.75]
	at org.springframework.web.filter.CharacterEncodingFilter.doFilterInternal(CharacterEncodingFilter.java:201) ~[spring-web-5.3.27.jar:5.3.27]
	at org.springframework.web.filter.OncePerRequestFilter.doFilter(OncePerRequestFilter.java:117) ~[spring-web-5.3.27.jar:5.3.27]
	at org.apache.catalina.core.ApplicationFilterChain.internalDoFilter(ApplicationFilterChain.java:178) ~[tomcat-embed-core-9.0.75.jar:9.0.75]
	at org.apache.catalina.core.ApplicationFilterChain.doFilter(ApplicationFilterChain.java:153) ~[tomcat-embed-core-9.0.75.jar:9.0.75]
	at org.apache.catalina.core.StandardWrapperValve.invoke(StandardWrapperValve.java:167) ~[tomcat-embed-core-9.0.75.jar:9.0.75]
	at org.apache.catalina.core.StandardContextValve.invoke(StandardContextValve.java:90) ~[tomcat-embed-core-9.0.75.jar:9.0.75]
	at org.apache.catalina.authenticator.AuthenticatorBase.invoke(AuthenticatorBase.java:481) ~[tomcat-embed-core-9.0.75.jar:9.0.75]
	at org.apache.catalina.core.StandardHostValve.invoke(StandardHostValve.java:130) ~[tomcat-embed-core-9.0.75.jar:9.0.75]
	at org.apache.catalina.valves.ErrorReportValve.invoke(ErrorReportValve.java:93) ~[tomcat-embed-core-9.0.75.jar:9.0.75]
	at org.apache.catalina.core.StandardEngineValve.invoke(StandardEngineValve.java:74) ~[tomcat-embed-core-9.0.75.jar:9.0.75]
	at org.apache.catalina.connector.CoyoteAdapter.service(CoyoteAdapter.java:343) ~[tomcat-embed-core-9.0.75.jar:9.0.75]
	at org.apache.coyote.http11.Http11Processor.service(Http11Processor.java:390) ~[tomcat-embed-core-9.0.75.jar:9.0.75]
	at org.apache.coyote.AbstractProcessorLight.process(AbstractProcessorLight.java:63) ~[tomcat-embed-core-9.0.75.jar:9.0.75]
	at org.apache.coyote.AbstractProtocol$ConnectionHandler.process(AbstractProtocol.java:926) ~[tomcat-embed-core-9.0.75.jar:9.0.75]
	at org.apache.tomcat.util.net.NioEndpoint$SocketProcessor.doRun(NioEndpoint.java:1791) ~[tomcat-embed-core-9.0.75.jar:9.0.75]
	at org.apache.tomcat.util.net.SocketProcessorBase.run(SocketProcessorBase.java:52) ~[tomcat-embed-core-9.0.75.jar:9.0.75]
	at org.apache.tomcat.util.threads.ThreadPoolExecutor.runWorker(ThreadPoolExecutor.java:1191) ~[tomcat-embed-core-9.0.75.jar:9.0.75]
	at org.apache.tomcat.util.threads.ThreadPoolExecutor$Worker.run(ThreadPoolExecutor.java:659) ~[tomcat-embed-core-9.0.75.jar:9.0.75]
	at org.apache.tomcat.util.threads.TaskThread$WrappingRunnable.run(TaskThread.java:61) ~[tomcat-embed-core-9.0.75.jar:9.0.75]
	at java.base/java.lang.Thread.run(Thread.java:829) ~[na:na]

19:59:28:666  INFO 29172 --- [nacos-grpc-client-executor-35] com.alibaba.nacos.common.remote.client   : [75cbbd44-693a-4898-933e-94b9053e5f96] Receive server push request, request = NotifySubscriberRequest, requestId = 136
19:59:28:666  INFO 29172 --- [nacos-grpc-client-executor-35] com.alibaba.nacos.common.remote.client   : [75cbbd44-693a-4898-933e-94b9053e5f96] Ack server push request, request = NotifySubscriberRequest, requestId = 136
20:09:19:964 DEBUG 29172 --- [http-nio-8086-exec-4] c.h.pay.mapper.PayOrderMapper.selectOne  : ==>  Preparing: SELECT id,biz_order_no,pay_order_no,biz_user_id,pay_channel_code,amount,pay_type,status,expand_json,result_code,result_msg,pay_success_time,pay_over_time,qr_code_url,create_time,update_time,creater,updater,is_delete FROM pay_order WHERE (biz_order_no = ?)
20:09:19:973 DEBUG 29172 --- [http-nio-8086-exec-4] c.h.pay.mapper.PayOrderMapper.selectOne  : ==> Parameters: 2047649083988377602(Long)
20:09:19:987 DEBUG 29172 --- [http-nio-8086-exec-4] c.h.pay.mapper.PayOrderMapper.selectOne  : <==      Total: 0
20:09:19:997 DEBUG 29172 --- [http-nio-8086-exec-4] c.h.pay.mapper.PayOrderMapper.insert     : ==>  Preparing: INSERT INTO pay_order ( id, biz_order_no, pay_order_no, biz_user_id, pay_channel_code, amount, pay_type, status, pay_over_time ) VALUES ( ?, ?, ?, ?, ?, ?, ?, ?, ? )
20:09:19:999 DEBUG 29172 --- [http-nio-8086-exec-4] c.h.pay.mapper.PayOrderMapper.insert     : ==> Parameters: 2047649084961525762(Long), 2047649083988377602(Long), 2047649084961525761(Long), 1(Long), balance(String), 87900(Integer), 5(Integer), 1(Integer), 2026-04-24T22:09:19.992765800(LocalDateTime)
20:09:20:002 DEBUG 29172 --- [http-nio-8086-exec-4] c.h.pay.mapper.PayOrderMapper.insert     : <==    Updates: 1
20:10:53:813 DEBUG 29172 --- [http-nio-8086-exec-6] c.h.p.mapper.PayOrderMapper.selectById   : ==>  Preparing: SELECT id,biz_order_no,pay_order_no,biz_user_id,pay_channel_code,amount,pay_type,status,expand_json,result_code,result_msg,pay_success_time,pay_over_time,qr_code_url,create_time,update_time,creater,updater,is_delete FROM pay_order WHERE id=?
20:10:53:813 DEBUG 29172 --- [http-nio-8086-exec-6] c.h.p.mapper.PayOrderMapper.selectById   : ==> Parameters: 2047649084961525762(Long)
20:10:53:817 DEBUG 29172 --- [http-nio-8086-exec-6] c.h.p.mapper.PayOrderMapper.selectById   : <==      Total: 1
20:10:53:935 DEBUG 29172 --- [http-nio-8086-exec-6] c.h.pay.mapper.PayOrderMapper.update     : ==>  Preparing: UPDATE pay_order SET status=?,pay_success_time=? WHERE (id = ? AND status IN (?,?))
20:10:53:936 DEBUG 29172 --- [http-nio-8086-exec-6] c.h.pay.mapper.PayOrderMapper.update     : ==> Parameters: 3(Integer), 2026-04-24T20:10:53.932913800(LocalDateTime), 2047649084961525762(Long), 0(Integer), 1(Integer)
20:10:53:937 DEBUG 29172 --- [http-nio-8086-exec-6] c.h.pay.mapper.PayOrderMapper.update     : <==    Updates: 1
20:10:53:956 ERROR 29172 --- [http-nio-8086-exec-6] o.a.c.c.C.[.[.[/].[dispatcherServlet]    : Servlet.service() for servlet [dispatcherServlet] in context with path [] threw exception [Request processing failed; nested exception is feign.FeignException$MethodNotAllowed: [405] during [PUT] to [http://trade-service/orders/2047649083988377602] [TradeClient#markOrderPaySuccess(Long)]: [{"timestamp":"2026-04-24T12:10:53.944+00:00","status":405,"error":"Method Not Allowed","path":"/orders/2047649083988377602"}]] with root cause

feign.FeignException$MethodNotAllowed: [405] during [PUT] to [http://trade-service/orders/2047649083988377602] [TradeClient#markOrderPaySuccess(Long)]: [{"timestamp":"2026-04-24T12:10:53.944+00:00","status":405,"error":"Method Not Allowed","path":"/orders/2047649083988377602"}]
	at feign.FeignException.clientErrorStatus(FeignException.java:221) ~[feign-core-11.8.jar:na]
	at feign.FeignException.errorStatus(FeignException.java:194) ~[feign-core-11.8.jar:na]
	at feign.FeignException.errorStatus(FeignException.java:185) ~[feign-core-11.8.jar:na]
	at feign.codec.ErrorDecoder$Default.decode(ErrorDecoder.java:92) ~[feign-core-11.8.jar:na]
	at feign.AsyncResponseHandler.handleResponse(AsyncResponseHandler.java:96) ~[feign-core-11.8.jar:na]
	at feign.SynchronousMethodHandler.executeAndDecode(SynchronousMethodHandler.java:138) ~[feign-core-11.8.jar:na]
	at feign.SynchronousMethodHandler.invoke(SynchronousMethodHandler.java:89) ~[feign-core-11.8.jar:na]
	at feign.ReflectiveFeign$FeignInvocationHandler.invoke(ReflectiveFeign.java:100) ~[feign-core-11.8.jar:na]
	at com.sun.proxy.$Proxy104.markOrderPaySuccess(Unknown Source) ~[na:na]
	at com.hmall.pay.service.impl.PayOrderServiceImpl.tryPayOrderByBalance(PayOrderServiceImpl.java:63) ~[classes/:na]
	at com.hmall.pay.service.impl.PayOrderServiceImpl$$FastClassBySpringCGLIB$$b2062e7f.invoke(<generated>) ~[classes/:na]
	at org.springframework.cglib.proxy.MethodProxy.invoke(MethodProxy.java:218) ~[spring-core-5.3.27.jar:5.3.27]
	at org.springframework.aop.framework.CglibAopProxy$CglibMethodInvocation.invokeJoinpoint(CglibAopProxy.java:793) ~[spring-aop-5.3.27.jar:5.3.27]
	at org.springframework.aop.framework.ReflectiveMethodInvocation.proceed(ReflectiveMethodInvocation.java:163) ~[spring-aop-5.3.27.jar:5.3.27]
	at org.springframework.aop.framework.CglibAopProxy$CglibMethodInvocation.proceed(CglibAopProxy.java:763) ~[spring-aop-5.3.27.jar:5.3.27]
	at org.springframework.transaction.interceptor.TransactionInterceptor$1.proceedWithInvocation(TransactionInterceptor.java:123) ~[spring-tx-5.3.27.jar:5.3.27]
	at org.springframework.transaction.interceptor.TransactionAspectSupport.invokeWithinTransaction(TransactionAspectSupport.java:388) ~[spring-tx-5.3.27.jar:5.3.27]
	at org.springframework.transaction.interceptor.TransactionInterceptor.invoke(TransactionInterceptor.java:119) ~[spring-tx-5.3.27.jar:5.3.27]
	at org.springframework.aop.framework.ReflectiveMethodInvocation.proceed(ReflectiveMethodInvocation.java:186) ~[spring-aop-5.3.27.jar:5.3.27]
	at org.springframework.aop.framework.CglibAopProxy$CglibMethodInvocation.proceed(CglibAopProxy.java:763) ~[spring-aop-5.3.27.jar:5.3.27]
	at org.springframework.aop.framework.CglibAopProxy$DynamicAdvisedInterceptor.intercept(CglibAopProxy.java:708) ~[spring-aop-5.3.27.jar:5.3.27]
	at com.hmall.pay.service.impl.PayOrderServiceImpl$$EnhancerBySpringCGLIB$$4204f1cd.tryPayOrderByBalance(<generated>) ~[classes/:na]
	at com.hmall.pay.controller.PayController.tryPayOrderByBalance(PayController.java:42) ~[classes/:na]
	at java.base/jdk.internal.reflect.NativeMethodAccessorImpl.invoke0(Native Method) ~[na:na]
	at java.base/jdk.internal.reflect.NativeMethodAccessorImpl.invoke(NativeMethodAccessorImpl.java:62) ~[na:na]
	at java.base/jdk.internal.reflect.DelegatingMethodAccessorImpl.invoke(DelegatingMethodAccessorImpl.java:43) ~[na:na]
	at java.base/java.lang.reflect.Method.invoke(Method.java:566) ~[na:na]
	at org.springframework.web.method.support.InvocableHandlerMethod.doInvoke(InvocableHandlerMethod.java:205) ~[spring-web-5.3.27.jar:5.3.27]
	at org.springframework.web.method.support.InvocableHandlerMethod.invokeForRequest(InvocableHandlerMethod.java:150) ~[spring-web-5.3.27.jar:5.3.27]
	at org.springframework.web.servlet.mvc.method.annotation.ServletInvocableHandlerMethod.invokeAndHandle(ServletInvocableHandlerMethod.java:117) ~[spring-webmvc-5.3.27.jar:5.3.27]
	at org.springframework.web.servlet.mvc.method.annotation.RequestMappingHandlerAdapter.invokeHandlerMethod(RequestMappingHandlerAdapter.java:895) ~[spring-webmvc-5.3.27.jar:5.3.27]
	at org.springframework.web.servlet.mvc.method.annotation.RequestMappingHandlerAdapter.handleInternal(RequestMappingHandlerAdapter.java:808) ~[spring-webmvc-5.3.27.jar:5.3.27]
	at org.springframework.web.servlet.mvc.method.AbstractHandlerMethodAdapter.handle(AbstractHandlerMethodAdapter.java:87) ~[spring-webmvc-5.3.27.jar:5.3.27]
	at org.springframework.web.servlet.DispatcherServlet.doDispatch(DispatcherServlet.java:1072) ~[spring-webmvc-5.3.27.jar:5.3.27]
	at org.springframework.web.servlet.DispatcherServlet.doService(DispatcherServlet.java:965) ~[spring-webmvc-5.3.27.jar:5.3.27]
	at org.springframework.web.servlet.FrameworkServlet.processRequest(FrameworkServlet.java:1006) ~[spring-webmvc-5.3.27.jar:5.3.27]
	at org.springframework.web.servlet.FrameworkServlet.doPost(FrameworkServlet.java:909) ~[spring-webmvc-5.3.27.jar:5.3.27]
	at javax.servlet.http.HttpServlet.service(HttpServlet.java:555) ~[tomcat-embed-core-9.0.75.jar:4.0.FR]
	at org.springframework.web.servlet.FrameworkServlet.service(FrameworkServlet.java:883) ~[spring-webmvc-5.3.27.jar:5.3.27]
	at javax.servlet.http.HttpServlet.service(HttpServlet.java:623) ~[tomcat-embed-core-9.0.75.jar:4.0.FR]
	at org.apache.catalina.core.ApplicationFilterChain.internalDoFilter(ApplicationFilterChain.java:209) ~[tomcat-embed-core-9.0.75.jar:9.0.75]
	at org.apache.catalina.core.ApplicationFilterChain.doFilter(ApplicationFilterChain.java:153) ~[tomcat-embed-core-9.0.75.jar:9.0.75]
	at org.apache.tomcat.websocket.server.WsFilter.doFilter(WsFilter.java:51) ~[tomcat-embed-websocket-9.0.75.jar:9.0.75]
	at org.apache.catalina.core.ApplicationFilterChain.internalDoFilter(ApplicationFilterChain.java:178) ~[tomcat-embed-core-9.0.75.jar:9.0.75]
	at org.apache.catalina.core.ApplicationFilterChain.doFilter(ApplicationFilterChain.java:153) ~[tomcat-embed-core-9.0.75.jar:9.0.75]
	at org.springframework.web.filter.RequestContextFilter.doFilterInternal(RequestContextFilter.java:100) ~[spring-web-5.3.27.jar:5.3.27]
	at org.springframework.web.filter.OncePerRequestFilter.doFilter(OncePerRequestFilter.java:117) ~[spring-web-5.3.27.jar:5.3.27]
	at org.apache.catalina.core.ApplicationFilterChain.internalDoFilter(ApplicationFilterChain.java:178) ~[tomcat-embed-core-9.0.75.jar:9.0.75]
	at org.apache.catalina.core.ApplicationFilterChain.doFilter(ApplicationFilterChain.java:153) ~[tomcat-embed-core-9.0.75.jar:9.0.75]
	at org.springframework.web.filter.FormContentFilter.doFilterInternal(FormContentFilter.java:93) ~[spring-web-5.3.27.jar:5.3.27]
	at org.springframework.web.filter.OncePerRequestFilter.doFilter(OncePerRequestFilter.java:117) ~[spring-web-5.3.27.jar:5.3.27]
	at org.apache.catalina.core.ApplicationFilterChain.internalDoFilter(ApplicationFilterChain.java:178) ~[tomcat-embed-core-9.0.75.jar:9.0.75]
	at org.apache.catalina.core.ApplicationFilterChain.doFilter(ApplicationFilterChain.java:153) ~[tomcat-embed-core-9.0.75.jar:9.0.75]
	at org.springframework.web.filter.CharacterEncodingFilter.doFilterInternal(CharacterEncodingFilter.java:201) ~[spring-web-5.3.27.jar:5.3.27]
	at org.springframework.web.filter.OncePerRequestFilter.doFilter(OncePerRequestFilter.java:117) ~[spring-web-5.3.27.jar:5.3.27]
	at org.apache.catalina.core.ApplicationFilterChain.internalDoFilter(ApplicationFilterChain.java:178) ~[tomcat-embed-core-9.0.75.jar:9.0.75]
	at org.apache.catalina.core.ApplicationFilterChain.doFilter(ApplicationFilterChain.java:153) ~[tomcat-embed-core-9.0.75.jar:9.0.75]
	at org.apache.catalina.core.StandardWrapperValve.invoke(StandardWrapperValve.java:167) ~[tomcat-embed-core-9.0.75.jar:9.0.75]
	at org.apache.catalina.core.StandardContextValve.invoke(StandardContextValve.java:90) ~[tomcat-embed-core-9.0.75.jar:9.0.75]
	at org.apache.catalina.authenticator.AuthenticatorBase.invoke(AuthenticatorBase.java:481) ~[tomcat-embed-core-9.0.75.jar:9.0.75]
	at org.apache.catalina.core.StandardHostValve.invoke(StandardHostValve.java:130) ~[tomcat-embed-core-9.0.75.jar:9.0.75]
	at org.apache.catalina.valves.ErrorReportValve.invoke(ErrorReportValve.java:93) ~[tomcat-embed-core-9.0.75.jar:9.0.75]
	at org.apache.catalina.core.StandardEngineValve.invoke(StandardEngineValve.java:74) ~[tomcat-embed-core-9.0.75.jar:9.0.75]
	at org.apache.catalina.connector.CoyoteAdapter.service(CoyoteAdapter.java:343) ~[tomcat-embed-core-9.0.75.jar:9.0.75]
	at org.apache.coyote.http11.Http11Processor.service(Http11Processor.java:390) ~[tomcat-embed-core-9.0.75.jar:9.0.75]
	at org.apache.coyote.AbstractProcessorLight.process(AbstractProcessorLight.java:63) ~[tomcat-embed-core-9.0.75.jar:9.0.75]
	at org.apache.coyote.AbstractProtocol$ConnectionHandler.process(AbstractProtocol.java:926) ~[tomcat-embed-core-9.0.75.jar:9.0.75]
	at org.apache.tomcat.util.net.NioEndpoint$SocketProcessor.doRun(NioEndpoint.java:1791) ~[tomcat-embed-core-9.0.75.jar:9.0.75]
	at org.apache.tomcat.util.net.SocketProcessorBase.run(SocketProcessorBase.java:52) ~[tomcat-embed-core-9.0.75.jar:9.0.75]
	at org.apache.tomcat.util.threads.ThreadPoolExecutor.runWorker(ThreadPoolExecutor.java:1191) ~[tomcat-embed-core-9.0.75.jar:9.0.75]
	at org.apache.tomcat.util.threads.ThreadPoolExecutor$Worker.run(ThreadPoolExecutor.java:659) ~[tomcat-embed-core-9.0.75.jar:9.0.75]
	at org.apache.tomcat.util.threads.TaskThread$WrappingRunnable.run(TaskThread.java:61) ~[tomcat-embed-core-9.0.75.jar:9.0.75]
	at java.base/java.lang.Thread.run(Thread.java:829) ~[na:na]

20:13:21:284  WARN 29172 --- [Thread-4] c.a.nacos.common.notify.NotifyCenter     : [NotifyCenter] Start destroying Publisher
20:13:21:284  WARN 29172 --- [Thread-7] c.a.n.common.http.HttpClientBeanHolder   : [HttpClientBeanHolder] Start destroying common HttpClient
20:13:21:284  WARN 29172 --- [Thread-4] c.a.nacos.common.notify.NotifyCenter     : [NotifyCenter] Destruction of the end
20:13:21:286  WARN 29172 --- [Thread-7] c.a.n.common.http.HttpClientBeanHolder   : [HttpClientBeanHolder] Destruction of the end
20:13:21:673  INFO 29172 --- [SpringApplicationShutdownHook] c.a.c.n.registry.NacosServiceRegistry    : De-registering from Nacos Server now...
20:13:21:676  INFO 29172 --- [SpringApplicationShutdownHook] c.a.c.n.registry.NacosServiceRegistry    : De-registration finished.
20:13:22:011  INFO 29172 --- [SpringApplicationShutdownHook] com.alibaba.nacos.common.remote.client   : Shutdown rpc client, set status to shutdown
20:13:22:011  INFO 29172 --- [SpringApplicationShutdownHook] com.alibaba.nacos.common.remote.client   : Shutdown client event executor java.util.concurrent.ScheduledThreadPoolExecutor@702bd632[Running, pool size = 2, active threads = 2, queued tasks = 0, completed tasks = 0]
20:13:22:011  INFO 29172 --- [SpringApplicationShutdownHook] com.alibaba.nacos.common.remote.client   : Close current connection 1777031862284_192.168.150.1_54665
20:13:22:013  INFO 29172 --- [nacos-grpc-client-executor-206] c.a.n.c.remote.client.grpc.GrpcClient    : [1777031862284_192.168.150.1_54665]Ignore complete event,isRunning:false,isAbandon=false
20:13:22:021  INFO 29172 --- [SpringApplicationShutdownHook] c.a.n.c.remote.client.grpc.GrpcClient    : Shutdown grpc executor java.util.concurrent.ThreadPoolExecutor@1c1b1ad9[Running, pool size = 5, active threads = 0, queued tasks = 0, completed tasks = 207]
20:13:22:028  INFO 29172 --- [SpringApplicationShutdownHook] com.zaxxer.hikari.HikariDataSource       : HikariPool-1 - Shutdown initiated...
20:13:22:043  INFO 29172 --- [SpringApplicationShutdownHook] com.zaxxer.hikari.HikariDataSource       : HikariPool-1 - Shutdown completed.
20:13:26:542  INFO 30452 --- [main] com.hmall.pay.PayApplication             : Starting PayApplication using Java 11.0.31 on LAPTOP-16OT1L5F with PID 30452 (G:\hmall\backend\pay-service\target\classes started by 18071 in G:\hmall\backend)
20:13:26:543 DEBUG 30452 --- [main] com.hmall.pay.PayApplication             : Running with Spring Boot v2.7.12, Spring v5.3.27
20:13:26:543  INFO 30452 --- [main] com.hmall.pay.PayApplication             : The following 1 profile is active: "dev"
20:13:27:470  INFO 30452 --- [main] o.s.cloud.context.scope.GenericScope     : BeanFactory id=93635030-9e55-3283-b59b-31e35e320834
20:13:27:798  INFO 30452 --- [main] o.s.b.w.embedded.tomcat.TomcatWebServer  : Tomcat initialized with port(s): 8086 (http)
20:13:27:807  INFO 30452 --- [main] o.apache.catalina.core.StandardService   : Starting service [Tomcat]
20:13:27:808  INFO 30452 --- [main] org.apache.catalina.core.StandardEngine  : Starting Servlet engine: [Apache Tomcat/9.0.75]
20:13:27:952  INFO 30452 --- [main] o.a.c.c.C.[Tomcat].[localhost].[/]       : Initializing Spring embedded WebApplicationContext
20:13:27:952  INFO 30452 --- [main] w.s.c.ServletWebServerApplicationContext : Root WebApplicationContext: initialization completed in 1360 ms
20:13:28:131  INFO 30452 --- [main] o.s.c.openfeign.FeignClientFactoryBean   : For 'user-service' URL not provided. Will try picking an instance via load-balancing.
20:13:28:177  INFO 30452 --- [main] o.s.c.openfeign.FeignClientFactoryBean   : For 'trade-service' URL not provided. Will try picking an instance via load-balancing.
20:13:30:494  INFO 30452 --- [main] pertySourcedRequestMappingHandlerMapping : Mapped URL path [/v2/api-docs] onto method [springfox.documentation.swagger2.web.Swagger2ControllerWebMvc#getDocumentation(String, HttpServletRequest)]
20:13:31:201  INFO 30452 --- [main] com.alibaba.nacos.common.remote.client   : [RpcClientFactory] create a new rpc client of 74716146-ab87-4f2d-9e61-0956ce4cfe20
20:13:31:244  INFO 30452 --- [main] org.reflections.Reflections              : Reflections took 22 ms to scan 1 urls, producing 3 keys and 6 values 
20:13:31:280  INFO 30452 --- [main] org.reflections.Reflections              : Reflections took 18 ms to scan 1 urls, producing 4 keys and 9 values 
20:13:31:290  INFO 30452 --- [main] org.reflections.Reflections              : Reflections took 6 ms to scan 1 urls, producing 3 keys and 10 values 
20:13:31:292  WARN 30452 --- [main] org.reflections.Reflections              : given scan urls are empty. set urls in the configuration
20:13:31:299  INFO 30452 --- [main] org.reflections.Reflections              : Reflections took 6 ms to scan 1 urls, producing 1 keys and 5 values 
20:13:31:307  INFO 30452 --- [main] org.reflections.Reflections              : Reflections took 6 ms to scan 1 urls, producing 1 keys and 7 values 
20:13:31:316  INFO 30452 --- [main] org.reflections.Reflections              : Reflections took 6 ms to scan 1 urls, producing 2 keys and 8 values 
20:13:31:318  WARN 30452 --- [main] org.reflections.Reflections              : given scan urls are empty. set urls in the configuration
20:13:31:319  INFO 30452 --- [main] com.alibaba.nacos.common.remote.client   : [74716146-ab87-4f2d-9e61-0956ce4cfe20] RpcClient init label, labels = {module=naming, source=sdk}
20:13:31:321  INFO 30452 --- [main] com.alibaba.nacos.common.remote.client   : [74716146-ab87-4f2d-9e61-0956ce4cfe20] RpcClient init, ServerListFactory = com.alibaba.nacos.client.naming.core.ServerListManager
20:13:31:321  INFO 30452 --- [main] com.alibaba.nacos.common.remote.client   : [74716146-ab87-4f2d-9e61-0956ce4cfe20] Registry connection listener to current client:com.alibaba.nacos.client.naming.remote.gprc.redo.NamingGrpcRedoService
20:13:31:322  INFO 30452 --- [main] com.alibaba.nacos.common.remote.client   : [74716146-ab87-4f2d-9e61-0956ce4cfe20] Register server push request handler:com.alibaba.nacos.client.naming.remote.gprc.NamingPushRequestHandler
20:13:31:324  INFO 30452 --- [main] com.alibaba.nacos.common.remote.client   : [74716146-ab87-4f2d-9e61-0956ce4cfe20] Try to connect to server on start up, server: {serverIp = '192.168.150.102', server main port = 8848}
20:13:33:314  INFO 30452 --- [main] com.alibaba.nacos.common.remote.client   : [74716146-ab87-4f2d-9e61-0956ce4cfe20] Success to connect to server [192.168.150.102:8848] on start up, connectionId = 1777032812155_192.168.150.1_55766
20:13:33:315  INFO 30452 --- [com.alibaba.nacos.client.remote.worker] com.alibaba.nacos.common.remote.client   : [74716146-ab87-4f2d-9e61-0956ce4cfe20] Notify connected event to listeners.
20:13:33:315  INFO 30452 --- [main] com.alibaba.nacos.common.remote.client   : [74716146-ab87-4f2d-9e61-0956ce4cfe20] Register server push request handler:com.alibaba.nacos.common.remote.client.RpcClient$ConnectResetRequestHandler
20:13:33:316  INFO 30452 --- [main] com.alibaba.nacos.common.remote.client   : [74716146-ab87-4f2d-9e61-0956ce4cfe20] Register server push request handler:com.alibaba.nacos.common.remote.client.RpcClient$$Lambda$975/0x000000080073f040
20:13:33:375  INFO 30452 --- [main] o.s.b.w.embedded.tomcat.TomcatWebServer  : Tomcat started on port(s): 8086 (http) with context path ''
20:13:33:384  INFO 30452 --- [main] c.a.c.n.registry.NacosServiceRegistry    : nacos registry, DEFAULT_GROUP pay-service 192.168.220.1:8086 register finished
20:13:33:887  INFO 30452 --- [nacos-grpc-client-executor-9] com.alibaba.nacos.common.remote.client   : [74716146-ab87-4f2d-9e61-0956ce4cfe20] Receive server push request, request = NotifySubscriberRequest, requestId = 139
20:13:33:896  INFO 30452 --- [nacos-grpc-client-executor-9] com.alibaba.nacos.common.remote.client   : [74716146-ab87-4f2d-9e61-0956ce4cfe20] Ack server push request, request = NotifySubscriberRequest, requestId = 139
20:13:33:905  INFO 30452 --- [main] d.s.w.p.DocumentationPluginsBootstrapper : Documentation plugins bootstrapped
20:13:33:908  INFO 30452 --- [main] d.s.w.p.DocumentationPluginsBootstrapper : Found 1 custom documentation plugin(s)
20:13:33:928  INFO 30452 --- [main] s.d.s.w.s.ApiListingReferenceScanner     : Scanning for api listing references
20:13:34:005  INFO 30452 --- [main] com.hmall.pay.PayApplication             : Started PayApplication in 8.605 seconds (JVM running for 9.844)
20:13:37:972  INFO 30452 --- [http-nio-8086-exec-1] o.a.c.c.C.[Tomcat].[localhost].[/]       : Initializing Spring DispatcherServlet 'dispatcherServlet'
20:13:37:973  INFO 30452 --- [http-nio-8086-exec-1] o.s.web.servlet.DispatcherServlet        : Initializing Servlet 'dispatcherServlet'
20:13:37:974  INFO 30452 --- [http-nio-8086-exec-1] o.s.web.servlet.DispatcherServlet        : Completed initialization in 1 ms
20:13:38:024  INFO 30452 --- [http-nio-8086-exec-1] com.zaxxer.hikari.HikariDataSource       : HikariPool-1 - Starting...
20:13:38:319  INFO 30452 --- [http-nio-8086-exec-1] com.zaxxer.hikari.HikariDataSource       : HikariPool-1 - Start completed.
20:13:38:353 DEBUG 30452 --- [http-nio-8086-exec-1] c.h.p.mapper.PayOrderMapper.selectById   : ==>  Preparing: SELECT id,biz_order_no,pay_order_no,biz_user_id,pay_channel_code,amount,pay_type,status,expand_json,result_code,result_msg,pay_success_time,pay_over_time,qr_code_url,create_time,update_time,creater,updater,is_delete FROM pay_order WHERE id=?
20:13:38:375 DEBUG 30452 --- [http-nio-8086-exec-1] c.h.p.mapper.PayOrderMapper.selectById   : ==> Parameters: 2047649084961525762(Long)
20:13:38:398 DEBUG 30452 --- [http-nio-8086-exec-1] c.h.p.mapper.PayOrderMapper.selectById   : <==      Total: 1
20:13:38:675 DEBUG 30452 --- [http-nio-8086-exec-1] c.h.pay.mapper.PayOrderMapper.update     : ==>  Preparing: UPDATE pay_order SET status=?,pay_success_time=? WHERE (id = ? AND status IN (?,?))
20:13:38:681 DEBUG 30452 --- [http-nio-8086-exec-1] c.h.pay.mapper.PayOrderMapper.update     : ==> Parameters: 3(Integer), 2026-04-24T20:13:38.625488100(LocalDateTime), 2047649084961525762(Long), 0(Integer), 1(Integer)
20:13:38:682 DEBUG 30452 --- [http-nio-8086-exec-1] c.h.pay.mapper.PayOrderMapper.update     : <==    Updates: 1
20:19:21:974  WARN 30452 --- [HikariPool-1 housekeeper] com.zaxxer.hikari.pool.HikariPool        : HikariPool-1 - Thread starvation or clock leap detected (housekeeper delta=1m35s23ms996µs200ns).
20:19:21:985  INFO 30452 --- [nacos-grpc-client-executor-12] com.alibaba.nacos.common.remote.client   : [74716146-ab87-4f2d-9e61-0956ce4cfe20] Receive server push request, request = NotifySubscriberRequest, requestId = 140
20:19:21:986  INFO 30452 --- [nacos-grpc-client-executor-12] com.alibaba.nacos.common.remote.client   : [74716146-ab87-4f2d-9e61-0956ce4cfe20] Ack server push request, request = NotifySubscriberRequest, requestId = 140
20:19:22:010 DEBUG 30452 --- [http-nio-8086-exec-2] c.h.p.mapper.PayOrderMapper.selectById   : ==>  Preparing: SELECT id,biz_order_no,pay_order_no,biz_user_id,pay_channel_code,amount,pay_type,status,expand_json,result_code,result_msg,pay_success_time,pay_over_time,qr_code_url,create_time,update_time,creater,updater,is_delete FROM pay_order WHERE id=?
20:19:22:010 DEBUG 30452 --- [http-nio-8086-exec-2] c.h.p.mapper.PayOrderMapper.selectById   : ==> Parameters: 2047649084961525762(Long)
20:19:22:023 DEBUG 30452 --- [http-nio-8086-exec-2] c.h.p.mapper.PayOrderMapper.selectById   : <==      Total: 1
20:19:22:044  INFO 30452 --- [com.alibaba.nacos.client.remote.worker] com.alibaba.nacos.common.remote.client   : [74716146-ab87-4f2d-9e61-0956ce4cfe20] Server healthy check fail, currentConnection = 1777032812155_192.168.150.1_55766
20:19:22:044 ERROR 30452 --- [com.alibaba.nacos.client.naming.updater.1] com.alibaba.nacos.common.remote.client   : Send request fail, request = ServiceQueryRequest{headers={}, requestId='null'}, retryTimes = 0, errorMessage = java.util.concurrent.ExecutionException: com.alibaba.nacos.shaded.io.grpc.StatusRuntimeException: UNAVAILABLE: HTTP/2 error code: NO_ERROR
Received Goaway
app_requested
20:19:22:044 ERROR 30452 --- [com.alibaba.nacos.client.naming.updater.0] com.alibaba.nacos.common.remote.client   : Send request fail, request = ServiceQueryRequest{headers={}, requestId='null'}, retryTimes = 0, errorMessage = java.util.concurrent.ExecutionException: com.alibaba.nacos.shaded.io.grpc.StatusRuntimeException: UNAVAILABLE: HTTP/2 error code: NO_ERROR
Received Goaway
app_requested
20:19:22:046  INFO 30452 --- [com.alibaba.nacos.client.remote.worker] com.alibaba.nacos.common.remote.client   : [74716146-ab87-4f2d-9e61-0956ce4cfe20] Try to reconnect to a new server, server is  not appointed, will choose a random server.
20:19:22:046  INFO 30452 --- [nacos-grpc-client-executor-16] com.alibaba.nacos.common.remote.client   : [74716146-ab87-4f2d-9e61-0956ce4cfe20] Receive server push request, request = NotifySubscriberRequest, requestId = 141
20:19:22:054  INFO 30452 --- [nacos-grpc-client-executor-16] com.alibaba.nacos.common.remote.client   : [74716146-ab87-4f2d-9e61-0956ce4cfe20] Ack server push request, request = NotifySubscriberRequest, requestId = 141
20:19:22:070  INFO 30452 --- [nacos-grpc-client-executor-17] com.alibaba.nacos.common.remote.client   : [74716146-ab87-4f2d-9e61-0956ce4cfe20] Receive server push request, request = NotifySubscriberRequest, requestId = 142
20:19:22:070  INFO 30452 --- [nacos-grpc-client-executor-17] com.alibaba.nacos.common.remote.client   : [74716146-ab87-4f2d-9e61-0956ce4cfe20] Ack server push request, request = NotifySubscriberRequest, requestId = 142
20:19:22:078  INFO 30452 --- [nacos-grpc-client-executor-19] com.alibaba.nacos.common.remote.client   : [74716146-ab87-4f2d-9e61-0956ce4cfe20] Receive server push request, request = NotifySubscriberRequest, requestId = 143
20:19:22:078  INFO 30452 --- [nacos-grpc-client-executor-19] com.alibaba.nacos.common.remote.client   : [74716146-ab87-4f2d-9e61-0956ce4cfe20] Ack server push request, request = NotifySubscriberRequest, requestId = 143
20:19:22:083  WARN 30452 --- [Thread-4] c.a.nacos.common.notify.NotifyCenter     : [NotifyCenter] Start destroying Publisher
20:19:22:083  WARN 30452 --- [Thread-7] c.a.n.common.http.HttpClientBeanHolder   : [HttpClientBeanHolder] Start destroying common HttpClient
20:19:22:084  WARN 30452 --- [Thread-4] c.a.nacos.common.notify.NotifyCenter     : [NotifyCenter] Destruction of the end
20:19:22:085  WARN 30452 --- [Thread-7] c.a.n.common.http.HttpClientBeanHolder   : [HttpClientBeanHolder] Destruction of the end
20:19:22:085  INFO 30452 --- [nacos-grpc-client-executor-23] com.alibaba.nacos.common.remote.client   : [74716146-ab87-4f2d-9e61-0956ce4cfe20] Receive server push request, request = ClientDetectionRequest, requestId = 144
20:19:22:085  INFO 30452 --- [nacos-grpc-client-executor-23] com.alibaba.nacos.common.remote.client   : [74716146-ab87-4f2d-9e61-0956ce4cfe20] Ack server push request, request = ClientDetectionRequest, requestId = 144
20:19:22:089  INFO 30452 --- [nacos-grpc-client-executor-23] c.a.n.c.remote.client.grpc.GrpcClient    : [1777032812155_192.168.150.1_55766]Ignore complete event,isRunning:false,isAbandon=false
20:19:22:149 DEBUG 30452 --- [http-nio-8086-exec-2] c.h.pay.mapper.PayOrderMapper.update     : ==>  Preparing: UPDATE pay_order SET status=?,pay_success_time=? WHERE (id = ? AND status IN (?,?))
20:19:22:149 DEBUG 30452 --- [http-nio-8086-exec-2] c.h.pay.mapper.PayOrderMapper.update     : ==> Parameters: 3(Integer), 2026-04-24T20:19:22.147443(LocalDateTime), 2047649084961525762(Long), 0(Integer), 1(Integer)
20:19:22:187  INFO 30452 --- [com.alibaba.nacos.client.remote.worker] com.alibaba.nacos.common.remote.client   : [74716146-ab87-4f2d-9e61-0956ce4cfe20] Success to connect a server [192.168.150.102:8848], connectionId = 1777033161184_192.168.150.1_56203
20:19:22:187  INFO 30452 --- [com.alibaba.nacos.client.remote.worker] com.alibaba.nacos.common.remote.client   : [74716146-ab87-4f2d-9e61-0956ce4cfe20] Abandon prev connection, server is 192.168.150.102:8848, connectionId is 1777032812155_192.168.150.1_55766
20:19:22:188  INFO 30452 --- [com.alibaba.nacos.client.remote.worker] com.alibaba.nacos.common.remote.client   : Close current connection 1777032812155_192.168.150.1_55766
20:19:22:192  INFO 30452 --- [com.alibaba.nacos.client.remote.worker] com.alibaba.nacos.common.remote.client   : [74716146-ab87-4f2d-9e61-0956ce4cfe20] Notify disconnected event to listeners
20:19:22:193  INFO 30452 --- [com.alibaba.nacos.client.remote.worker] com.alibaba.nacos.common.remote.client   : [74716146-ab87-4f2d-9e61-0956ce4cfe20] Notify connected event to listeners.
20:19:22:327 DEBUG 30452 --- [http-nio-8086-exec-2] c.h.pay.mapper.PayOrderMapper.update     : <==    Updates: 1
20:19:22:540  INFO 30452 --- [SpringApplicationShutdownHook] c.a.c.n.registry.NacosServiceRegistry    : De-registering from Nacos Server now...
20:19:22:543  INFO 30452 --- [SpringApplicationShutdownHook] c.a.c.n.registry.NacosServiceRegistry    : De-registration finished.
20:19:22:858  INFO 30452 --- [nacos-grpc-client-executor-28] com.alibaba.nacos.common.remote.client   : [74716146-ab87-4f2d-9e61-0956ce4cfe20] Receive server push request, request = NotifySubscriberRequest, requestId = 146
20:19:22:858  INFO 30452 --- [nacos-grpc-client-executor-28] com.alibaba.nacos.common.remote.client   : [74716146-ab87-4f2d-9e61-0956ce4cfe20] Ack server push request, request = NotifySubscriberRequest, requestId = 146
20:19:22:872  INFO 30452 --- [SpringApplicationShutdownHook] com.alibaba.nacos.common.remote.client   : Shutdown rpc client, set status to shutdown
20:19:22:872  INFO 30452 --- [SpringApplicationShutdownHook] com.alibaba.nacos.common.remote.client   : Shutdown client event executor java.util.concurrent.ScheduledThreadPoolExecutor@622655ba[Running, pool size = 2, active threads = 2, queued tasks = 0, completed tasks = 0]
20:19:22:872  INFO 30452 --- [SpringApplicationShutdownHook] com.alibaba.nacos.common.remote.client   : Close current connection 1777033161184_192.168.150.1_56203
20:19:22:873  INFO 30452 --- [nacos-grpc-client-executor-29] c.a.n.c.remote.client.grpc.GrpcClient    : [1777033161184_192.168.150.1_56203]Ignore complete event,isRunning:false,isAbandon=false
20:19:22:875  INFO 30452 --- [SpringApplicationShutdownHook] c.a.n.c.remote.client.grpc.GrpcClient    : Shutdown grpc executor java.util.concurrent.ThreadPoolExecutor@17a80399[Running, pool size = 18, active threads = 0, queued tasks = 0, completed tasks = 30]
20:19:22:879  INFO 30452 --- [SpringApplicationShutdownHook] com.zaxxer.hikari.HikariDataSource       : HikariPool-1 - Shutdown initiated...
20:19:22:891  INFO 30452 --- [SpringApplicationShutdownHook] com.zaxxer.hikari.HikariDataSource       : HikariPool-1 - Shutdown completed.
20:19:27:137  INFO 27896 --- [main] com.hmall.pay.PayApplication             : Starting PayApplication using Java 11.0.31 on LAPTOP-16OT1L5F with PID 27896 (G:\hmall\backend\pay-service\target\classes started by 18071 in G:\hmall\backend)
20:19:27:139 DEBUG 27896 --- [main] com.hmall.pay.PayApplication             : Running with Spring Boot v2.7.12, Spring v5.3.27
20:19:27:139  INFO 27896 --- [main] com.hmall.pay.PayApplication             : The following 1 profile is active: "dev"
20:19:28:023  INFO 27896 --- [main] o.s.cloud.context.scope.GenericScope     : BeanFactory id=93635030-9e55-3283-b59b-31e35e320834
20:19:28:339  INFO 27896 --- [main] o.s.b.w.embedded.tomcat.TomcatWebServer  : Tomcat initialized with port(s): 8086 (http)
20:19:28:484  INFO 27896 --- [main] w.s.c.ServletWebServerApplicationContext : Root WebApplicationContext: initialization completed in 1306 ms
20:19:28:638  INFO 27896 --- [main] o.s.c.openfeign.FeignClientFactoryBean   : For 'user-service' URL not provided. Will try picking an instance via load-balancing.
20:19:28:677  INFO 27896 --- [main] o.s.c.openfeign.FeignClientFactoryBean   : For 'trade-service' URL not provided. Will try picking an instance via load-balancing.
20:19:31:088  INFO 27896 --- [main] pertySourcedRequestMappingHandlerMapping : Mapped URL path [/v2/api-docs] onto method [springfox.documentation.swagger2.web.Swagger2ControllerWebMvc#getDocumentation(String, HttpServletRequest)]
20:19:31:752  WARN 27896 --- [main] ConfigServletWebServerApplicationContext : Exception encountered during context initialization - cancelling refresh attempt: org.springframework.context.ApplicationContextException: Failed to start bean 'nacosWatch'; nested exception is java.lang.RuntimeException: ErrCode:-400, ErrMsg:Shutdown in progress
20:19:31:756 ERROR 27896 --- [main] c.a.cloud.nacos.discovery.NacosWatch     : namingService unsubscribe failed, properties:NacosDiscoveryProperties{serverAddr='192.168.150.102', username='', password='', endpoint='', namespace='', watchDelay=30000, logName='', service='pay-service', weight=1.0, clusterName='DEFAULT', group='DEFAULT_GROUP', namingLoadCacheAtStart='false', metadata={preserved.register.source=SPRING_CLOUD}, registerEnabled=true, ip='192.168.220.1', networkInterface='', port=-1, secure=false, accessKey='', secretKey='', heartBeatInterval=null, heartBeatTimeout=null, ipDeleteTimeout=null, instanceEnabled=true, ephemeral=true, failureToleranceEnabled=false}, ipDeleteTimeout=null, failFast=true}

java.lang.RuntimeException: ErrCode:-400, ErrMsg:Could not initialize class com.alibaba.nacos.common.notify.NotifyCenter
	at com.alibaba.cloud.nacos.NacosServiceManager.createNewNamingService(NacosServiceManager.java:102) ~[spring-cloud-starter-alibaba-nacos-discovery-2021.0.4.0.jar:2021.0.4.0]
	at com.alibaba.cloud.nacos.NacosServiceManager.buildNamingService(NacosServiceManager.java:90) ~[spring-cloud-starter-alibaba-nacos-discovery-2021.0.4.0.jar:2021.0.4.0]
	at com.alibaba.cloud.nacos.NacosServiceManager.getNamingService(NacosServiceManager.java:46) ~[spring-cloud-starter-alibaba-nacos-discovery-2021.0.4.0.jar:2021.0.4.0]
	at com.alibaba.cloud.nacos.discovery.NacosWatch.stop(NacosWatch.java:173) ~[spring-cloud-starter-alibaba-nacos-discovery-2021.0.4.0.jar:2021.0.4.0]
	at com.alibaba.cloud.nacos.discovery.NacosWatch.destroy(NacosWatch.java:204) ~[spring-cloud-starter-alibaba-nacos-discovery-2021.0.4.0.jar:2021.0.4.0]
	at org.springframework.beans.factory.support.DisposableBeanAdapter.destroy(DisposableBeanAdapter.java:213) ~[spring-beans-5.3.27.jar:5.3.27]
	at org.springframework.beans.factory.support.DefaultSingletonBeanRegistry.destroyBean(DefaultSingletonBeanRegistry.java:587) ~[spring-beans-5.3.27.jar:5.3.27]
	at org.springframework.beans.factory.support.DefaultSingletonBeanRegistry.destroySingleton(DefaultSingletonBeanRegistry.java:559) ~[spring-beans-5.3.27.jar:5.3.27]
	at org.springframework.beans.factory.support.DefaultListableBeanFactory.destroySingleton(DefaultListableBeanFactory.java:1163) ~[spring-beans-5.3.27.jar:5.3.27]
	at org.springframework.beans.factory.support.DefaultSingletonBeanRegistry.destroySingletons(DefaultSingletonBeanRegistry.java:520) ~[spring-beans-5.3.27.jar:5.3.27]
	at org.springframework.beans.factory.support.DefaultListableBeanFactory.destroySingletons(DefaultListableBeanFactory.java:1156) ~[spring-beans-5.3.27.jar:5.3.27]
	at org.springframework.context.support.AbstractApplicationContext.destroyBeans(AbstractApplicationContext.java:1108) ~[spring-context-5.3.27.jar:5.3.27]
	at org.springframework.context.support.AbstractApplicationContext.refresh(AbstractApplicationContext.java:596) ~[spring-context-5.3.27.jar:5.3.27]
	at org.springframework.boot.web.servlet.context.ServletWebServerApplicationContext.refresh(ServletWebServerApplicationContext.java:147) ~[spring-boot-2.7.12.jar:2.7.12]
	at org.springframework.boot.SpringApplication.refresh(SpringApplication.java:731) ~[spring-boot-2.7.12.jar:2.7.12]
	at org.springframework.boot.SpringApplication.refreshContext(SpringApplication.java:408) ~[spring-boot-2.7.12.jar:2.7.12]
	at org.springframework.boot.SpringApplication.run(SpringApplication.java:307) ~[spring-boot-2.7.12.jar:2.7.12]
	at org.springframework.boot.SpringApplication.run(SpringApplication.java:1303) ~[spring-boot-2.7.12.jar:2.7.12]
	at org.springframework.boot.SpringApplication.run(SpringApplication.java:1292) ~[spring-boot-2.7.12.jar:2.7.12]
	at com.hmall.pay.PayApplication.main(PayApplication.java:14) ~[classes/:na]
Caused by: com.alibaba.nacos.api.exception.NacosException: java.lang.reflect.InvocationTargetException
	at com.alibaba.nacos.api.naming.NamingFactory.createNamingService(NamingFactory.java:61) ~[nacos-client-2.0.4.jar:na]
	at com.alibaba.nacos.api.NacosFactory.createNamingService(NacosFactory.java:77) ~[nacos-client-2.0.4.jar:na]
	at com.alibaba.cloud.nacos.NacosServiceManager.createNewNamingService(NacosServiceManager.java:99) ~[spring-cloud-starter-alibaba-nacos-discovery-2021.0.4.0.jar:2021.0.4.0]
	... 19 common frames omitted
Caused by: java.lang.reflect.InvocationTargetException: null
	at java.base/jdk.internal.reflect.NativeConstructorAccessorImpl.newInstance0(Native Method) ~[na:na]
	at java.base/jdk.internal.reflect.NativeConstructorAccessorImpl.newInstance(NativeConstructorAccessorImpl.java:62) ~[na:na]
	at java.base/jdk.internal.reflect.DelegatingConstructorAccessorImpl.newInstance(DelegatingConstructorAccessorImpl.java:45) ~[na:na]
	at java.base/java.lang.reflect.Constructor.newInstance(Constructor.java:490) ~[na:na]
	at com.alibaba.nacos.api.naming.NamingFactory.createNamingService(NamingFactory.java:59) ~[nacos-client-2.0.4.jar:na]
	... 21 common frames omitted
Caused by: java.lang.NoClassDefFoundError: Could not initialize class com.alibaba.nacos.common.notify.NotifyCenter
	at com.alibaba.nacos.client.naming.NacosNamingService.init(NacosNamingService.java:92) ~[nacos-client-2.0.4.jar:na]
	at com.alibaba.nacos.client.naming.NacosNamingService.<init>(NacosNamingService.java:81) ~[nacos-client-2.0.4.jar:na]
	... 26 common frames omitted

20:19:40:235  INFO 30540 --- [main] com.hmall.pay.PayApplication             : Starting PayApplication using Java 11.0.31 on LAPTOP-16OT1L5F with PID 30540 (G:\hmall\backend\pay-service\target\classes started by 18071 in G:\hmall\backend)
20:19:40:236 DEBUG 30540 --- [main] com.hmall.pay.PayApplication             : Running with Spring Boot v2.7.12, Spring v5.3.27
20:19:40:236  INFO 30540 --- [main] com.hmall.pay.PayApplication             : The following 1 profile is active: "dev"
20:19:41:258  INFO 30540 --- [main] o.s.cloud.context.scope.GenericScope     : BeanFactory id=93635030-9e55-3283-b59b-31e35e320834
20:19:41:587  INFO 30540 --- [main] o.s.b.w.embedded.tomcat.TomcatWebServer  : Tomcat initialized with port(s): 8086 (http)
20:19:41:596  INFO 30540 --- [main] o.apache.catalina.core.StandardService   : Starting service [Tomcat]
20:19:41:597  INFO 30540 --- [main] org.apache.catalina.core.StandardEngine  : Starting Servlet engine: [Apache Tomcat/9.0.75]
20:19:41:732  INFO 30540 --- [main] o.a.c.c.C.[Tomcat].[localhost].[/]       : Initializing Spring embedded WebApplicationContext
20:19:41:732  INFO 30540 --- [main] w.s.c.ServletWebServerApplicationContext : Root WebApplicationContext: initialization completed in 1452 ms
20:19:41:914  INFO 30540 --- [main] o.s.c.openfeign.FeignClientFactoryBean   : For 'user-service' URL not provided. Will try picking an instance via load-balancing.
20:19:41:964  INFO 30540 --- [main] o.s.c.openfeign.FeignClientFactoryBean   : For 'trade-service' URL not provided. Will try picking an instance via load-balancing.
20:19:44:762  INFO 30540 --- [main] pertySourcedRequestMappingHandlerMapping : Mapped URL path [/v2/api-docs] onto method [springfox.documentation.swagger2.web.Swagger2ControllerWebMvc#getDocumentation(String, HttpServletRequest)]
20:19:45:536  INFO 30540 --- [main] com.alibaba.nacos.common.remote.client   : [RpcClientFactory] create a new rpc client of e4f66e21-d6f8-4052-a102-efde61b31eb9
20:19:45:575  INFO 30540 --- [main] org.reflections.Reflections              : Reflections took 21 ms to scan 1 urls, producing 3 keys and 6 values 
20:19:45:603  INFO 30540 --- [main] org.reflections.Reflections              : Reflections took 9 ms to scan 1 urls, producing 4 keys and 9 values 
20:19:45:624  INFO 30540 --- [main] org.reflections.Reflections              : Reflections took 17 ms to scan 1 urls, producing 3 keys and 10 values 
20:19:45:627  WARN 30540 --- [main] org.reflections.Reflections              : given scan urls are empty. set urls in the configuration
20:19:45:634  INFO 30540 --- [main] org.reflections.Reflections              : Reflections took 7 ms to scan 1 urls, producing 1 keys and 5 values 
20:19:45:642  INFO 30540 --- [main] org.reflections.Reflections              : Reflections took 6 ms to scan 1 urls, producing 1 keys and 7 values 
20:19:45:652  INFO 30540 --- [main] org.reflections.Reflections              : Reflections took 7 ms to scan 1 urls, producing 2 keys and 8 values 
20:19:45:655  WARN 30540 --- [main] org.reflections.Reflections              : given scan urls are empty. set urls in the configuration
20:19:45:656  INFO 30540 --- [main] com.alibaba.nacos.common.remote.client   : [e4f66e21-d6f8-4052-a102-efde61b31eb9] RpcClient init label, labels = {module=naming, source=sdk}
20:19:45:659  INFO 30540 --- [main] com.alibaba.nacos.common.remote.client   : [e4f66e21-d6f8-4052-a102-efde61b31eb9] RpcClient init, ServerListFactory = com.alibaba.nacos.client.naming.core.ServerListManager
20:19:45:659  INFO 30540 --- [main] com.alibaba.nacos.common.remote.client   : [e4f66e21-d6f8-4052-a102-efde61b31eb9] Registry connection listener to current client:com.alibaba.nacos.client.naming.remote.gprc.redo.NamingGrpcRedoService
20:19:45:660  INFO 30540 --- [main] com.alibaba.nacos.common.remote.client   : [e4f66e21-d6f8-4052-a102-efde61b31eb9] Register server push request handler:com.alibaba.nacos.client.naming.remote.gprc.NamingPushRequestHandler
20:19:45:662  INFO 30540 --- [main] com.alibaba.nacos.common.remote.client   : [e4f66e21-d6f8-4052-a102-efde61b31eb9] Try to connect to server on start up, server: {serverIp = '192.168.150.102', server main port = 8848}
20:19:47:902  INFO 30540 --- [main] com.alibaba.nacos.common.remote.client   : [e4f66e21-d6f8-4052-a102-efde61b31eb9] Success to connect to server [192.168.150.102:8848] on start up, connectionId = 1777033186820_192.168.150.1_56358
20:19:47:903  INFO 30540 --- [com.alibaba.nacos.client.remote.worker] com.alibaba.nacos.common.remote.client   : [e4f66e21-d6f8-4052-a102-efde61b31eb9] Notify connected event to listeners.
20:19:47:904  INFO 30540 --- [main] com.alibaba.nacos.common.remote.client   : [e4f66e21-d6f8-4052-a102-efde61b31eb9] Register server push request handler:com.alibaba.nacos.common.remote.client.RpcClient$ConnectResetRequestHandler
20:19:47:905  INFO 30540 --- [main] com.alibaba.nacos.common.remote.client   : [e4f66e21-d6f8-4052-a102-efde61b31eb9] Register server push request handler:com.alibaba.nacos.common.remote.client.RpcClient$$Lambda$975/0x000000080073d840
20:19:47:960  INFO 30540 --- [main] o.s.b.w.embedded.tomcat.TomcatWebServer  : Tomcat started on port(s): 8086 (http) with context path ''
20:19:47:968  INFO 30540 --- [main] c.a.c.n.registry.NacosServiceRegistry    : nacos registry, DEFAULT_GROUP pay-service 192.168.220.1:8086 register finished
20:19:48:487  INFO 30540 --- [main] d.s.w.p.DocumentationPluginsBootstrapper : Documentation plugins bootstrapped
20:19:48:490  INFO 30540 --- [main] d.s.w.p.DocumentationPluginsBootstrapper : Found 1 custom documentation plugin(s)
20:19:48:496  INFO 30540 --- [nacos-grpc-client-executor-9] com.alibaba.nacos.common.remote.client   : [e4f66e21-d6f8-4052-a102-efde61b31eb9] Receive server push request, request = NotifySubscriberRequest, requestId = 151
20:19:48:505  INFO 30540 --- [nacos-grpc-client-executor-9] com.alibaba.nacos.common.remote.client   : [e4f66e21-d6f8-4052-a102-efde61b31eb9] Ack server push request, request = NotifySubscriberRequest, requestId = 151
20:19:48:512  INFO 30540 --- [main] s.d.s.w.s.ApiListingReferenceScanner     : Scanning for api listing references
20:19:48:587  INFO 30540 --- [main] com.hmall.pay.PayApplication             : Started PayApplication in 9.601 seconds (JVM running for 10.91)
20:19:56:413  INFO 30540 --- [http-nio-8086-exec-1] o.a.c.c.C.[Tomcat].[localhost].[/]       : Initializing Spring DispatcherServlet 'dispatcherServlet'
20:19:56:414  INFO 30540 --- [http-nio-8086-exec-1] o.s.web.servlet.DispatcherServlet        : Initializing Servlet 'dispatcherServlet'
20:19:56:414  INFO 30540 --- [http-nio-8086-exec-1] o.s.web.servlet.DispatcherServlet        : Completed initialization in 0 ms
20:19:56:462  INFO 30540 --- [http-nio-8086-exec-1] com.zaxxer.hikari.HikariDataSource       : HikariPool-1 - Starting...
20:19:56:752  INFO 30540 --- [http-nio-8086-exec-1] com.zaxxer.hikari.HikariDataSource       : HikariPool-1 - Start completed.
20:19:56:783 DEBUG 30540 --- [http-nio-8086-exec-1] c.h.p.mapper.PayOrderMapper.selectById   : ==>  Preparing: SELECT id,biz_order_no,pay_order_no,biz_user_id,pay_channel_code,amount,pay_type,status,expand_json,result_code,result_msg,pay_success_time,pay_over_time,qr_code_url,create_time,update_time,creater,updater,is_delete FROM pay_order WHERE id=?
20:19:56:802 DEBUG 30540 --- [http-nio-8086-exec-1] c.h.p.mapper.PayOrderMapper.selectById   : ==> Parameters: 2047649084961525762(Long)
20:19:56:826 DEBUG 30540 --- [http-nio-8086-exec-1] c.h.p.mapper.PayOrderMapper.selectById   : <==      Total: 1
20:19:57:085 DEBUG 30540 --- [http-nio-8086-exec-1] c.h.pay.mapper.PayOrderMapper.update     : ==>  Preparing: UPDATE pay_order SET status=?,pay_success_time=? WHERE (id = ? AND status IN (?,?))
20:19:57:091 DEBUG 30540 --- [http-nio-8086-exec-1] c.h.pay.mapper.PayOrderMapper.update     : ==> Parameters: 3(Integer), 2026-04-24T20:19:57.046920200(LocalDateTime), 2047649084961525762(Long), 0(Integer), 1(Integer)
20:19:57:092 DEBUG 30540 --- [http-nio-8086-exec-1] c.h.pay.mapper.PayOrderMapper.update     : <==    Updates: 1
20:19:57:519  INFO 30540 --- [nacos-grpc-client-executor-15] com.alibaba.nacos.common.remote.client   : [e4f66e21-d6f8-4052-a102-efde61b31eb9] Receive server push request, request = NotifySubscriberRequest, requestId = 152
20:19:57:520  INFO 30540 --- [nacos-grpc-client-executor-15] com.alibaba.nacos.common.remote.client   : [e4f66e21-d6f8-4052-a102-efde61b31eb9] Ack server push request, request = NotifySubscriberRequest, requestId = 152
20:19:57:620  INFO 30540 --- [nacos-grpc-client-executor-16] com.alibaba.nacos.common.remote.client   : [e4f66e21-d6f8-4052-a102-efde61b31eb9] Receive server push request, request = NotifySubscriberRequest, requestId = 153
20:19:57:620  INFO 30540 --- [nacos-grpc-client-executor-16] com.alibaba.nacos.common.remote.client   : [e4f66e21-d6f8-4052-a102-efde61b31eb9] Ack server push request, request = NotifySubscriberRequest, requestId = 153
20:20:55:109  WARN 30540 --- [Thread-7] c.a.n.common.http.HttpClientBeanHolder   : [HttpClientBeanHolder] Start destroying common HttpClient
20:20:55:109  WARN 30540 --- [Thread-4] c.a.nacos.common.notify.NotifyCenter     : [NotifyCenter] Start destroying Publisher
20:20:55:109  WARN 30540 --- [Thread-4] c.a.nacos.common.notify.NotifyCenter     : [NotifyCenter] Destruction of the end
20:20:55:110  WARN 30540 --- [Thread-7] c.a.n.common.http.HttpClientBeanHolder   : [HttpClientBeanHolder] Destruction of the end
20:20:55:955  INFO 30540 --- [SpringApplicationShutdownHook] c.a.c.n.registry.NacosServiceRegistry    : De-registering from Nacos Server now...
20:20:55:960  INFO 30540 --- [SpringApplicationShutdownHook] c.a.c.n.registry.NacosServiceRegistry    : De-registration finished.
20:20:56:293  INFO 30540 --- [SpringApplicationShutdownHook] com.alibaba.nacos.common.remote.client   : Shutdown rpc client, set status to shutdown
20:20:56:293  INFO 30540 --- [SpringApplicationShutdownHook] com.alibaba.nacos.common.remote.client   : Shutdown client event executor java.util.concurrent.ScheduledThreadPoolExecutor@2677a893[Running, pool size = 2, active threads = 2, queued tasks = 0, completed tasks = 0]
20:20:56:293  INFO 30540 --- [SpringApplicationShutdownHook] com.alibaba.nacos.common.remote.client   : Close current connection 1777033186820_192.168.150.1_56358
20:20:56:295  INFO 30540 --- [nacos-grpc-client-executor-33] c.a.n.c.remote.client.grpc.GrpcClient    : [1777033186820_192.168.150.1_56358]Ignore complete event,isRunning:false,isAbandon=false
20:20:56:298  INFO 30540 --- [SpringApplicationShutdownHook] c.a.n.c.remote.client.grpc.GrpcClient    : Shutdown grpc executor java.util.concurrent.ThreadPoolExecutor@5a5397e2[Running, pool size = 6, active threads = 0, queued tasks = 0, completed tasks = 34]
20:20:56:302  INFO 30540 --- [SpringApplicationShutdownHook] com.zaxxer.hikari.HikariDataSource       : HikariPool-1 - Shutdown initiated...
20:20:56:315  INFO 30540 --- [SpringApplicationShutdownHook] com.zaxxer.hikari.HikariDataSource       : HikariPool-1 - Shutdown completed.
