12:48:26:122  INFO 12016 --- [main] com.hmall.cart.cartApplication           : Starting cartApplication using Java 11.0.25 on LAPTOP-16OT1L5F with PID 12016 (G:\BaiduNetdiskDownload\SpringCloud微服务—资料\day02-Docker\资料\hmall\cart-service\target\classes started by 18071 in G:\BaiduNetdiskDownload\SpringCloud微服务—资料\day02-Docker\资料\hmall)
12:48:26:127 DEBUG 12016 --- [main] com.hmall.cart.cartApplication           : Running with Spring Boot v2.7.12, Spring v5.3.27
12:48:26:127  INFO 12016 --- [main] com.hmall.cart.cartApplication           : The following 1 profile is active: "dev"
12:48:27:019  INFO 12016 --- [main] o.s.cloud.context.scope.GenericScope     : BeanFactory id=11e7d811-1b0a-3c1c-a655-3734c08927f9
12:48:27:320  INFO 12016 --- [main] o.s.b.w.embedded.tomcat.TomcatWebServer  : Tomcat initialized with port(s): 8082 (http)
12:48:27:329  INFO 12016 --- [main] o.apache.catalina.core.StandardService   : Starting service [Tomcat]
12:48:27:329  INFO 12016 --- [main] org.apache.catalina.core.StandardEngine  : Starting Servlet engine: [Apache Tomcat/9.0.75]
12:48:27:463  INFO 12016 --- [main] o.a.c.c.C.[Tomcat].[localhost].[/]       : Initializing Spring embedded WebApplicationContext
12:48:27:463  INFO 12016 --- [main] w.s.c.ServletWebServerApplicationContext : Root WebApplicationContext: initialization completed in 1294 ms
12:48:27:620  INFO 12016 --- [main] o.s.c.openfeign.FeignClientFactoryBean   : For 'item-service' URL not provided. Will try picking an instance via load-balancing.
12:48:29:811  INFO 12016 --- [main] pertySourcedRequestMappingHandlerMapping : Mapped URL path [/v2/api-docs] onto method [springfox.documentation.swagger2.web.Swagger2ControllerWebMvc#getDocumentation(String, HttpServletRequest)]
12:48:30:499  INFO 12016 --- [main] com.alibaba.nacos.common.remote.client   : [RpcClientFactory] create a new rpc client of 1b0501e5-f0ec-4e3b-b960-01aa922c8d35
12:48:30:541  INFO 12016 --- [main] org.reflections.Reflections              : Reflections took 23 ms to scan 1 urls, producing 3 keys and 6 values 
12:48:30:564  INFO 12016 --- [main] org.reflections.Reflections              : Reflections took 7 ms to scan 1 urls, producing 4 keys and 9 values 
12:48:30:573  INFO 12016 --- [main] org.reflections.Reflections              : Reflections took 5 ms to scan 1 urls, producing 3 keys and 10 values 
12:48:30:575  WARN 12016 --- [main] org.reflections.Reflections              : given scan urls are empty. set urls in the configuration
12:48:30:581  INFO 12016 --- [main] org.reflections.Reflections              : Reflections took 6 ms to scan 1 urls, producing 1 keys and 5 values 
12:48:30:588  INFO 12016 --- [main] org.reflections.Reflections              : Reflections took 6 ms to scan 1 urls, producing 1 keys and 7 values 
12:48:30:596  INFO 12016 --- [main] org.reflections.Reflections              : Reflections took 5 ms to scan 1 urls, producing 2 keys and 8 values 
12:48:30:598  WARN 12016 --- [main] org.reflections.Reflections              : given scan urls are empty. set urls in the configuration
12:48:30:599  INFO 12016 --- [main] com.alibaba.nacos.common.remote.client   : [1b0501e5-f0ec-4e3b-b960-01aa922c8d35] RpcClient init label, labels = {module=naming, source=sdk}
12:48:30:601  INFO 12016 --- [main] com.alibaba.nacos.common.remote.client   : [1b0501e5-f0ec-4e3b-b960-01aa922c8d35] RpcClient init, ServerListFactory = com.alibaba.nacos.client.naming.core.ServerListManager
12:48:30:601  INFO 12016 --- [main] com.alibaba.nacos.common.remote.client   : [1b0501e5-f0ec-4e3b-b960-01aa922c8d35] Registry connection listener to current client:com.alibaba.nacos.client.naming.remote.gprc.redo.NamingGrpcRedoService
12:48:30:602  INFO 12016 --- [main] com.alibaba.nacos.common.remote.client   : [1b0501e5-f0ec-4e3b-b960-01aa922c8d35] Register server push request handler:com.alibaba.nacos.client.naming.remote.gprc.NamingPushRequestHandler
12:48:30:603  INFO 12016 --- [main] com.alibaba.nacos.common.remote.client   : [1b0501e5-f0ec-4e3b-b960-01aa922c8d35] Try to connect to server on start up, server: {serverIp = '192.168.150.102', server main port = 8848}
12:48:34:472 ERROR 12016 --- [main] c.a.n.c.remote.client.grpc.GrpcClient    : Server check fail, please check server 192.168.150.102 ,port 9848 is available , error ={}

java.util.concurrent.TimeoutException: Waited 3000 milliseconds (plus 14 milliseconds, 730000 nanoseconds delay) for com.alibaba.nacos.shaded.io.grpc.stub.ClientCalls$GrpcFuture@5740ad76[status=PENDING, info=[GrpcFuture{clientCall={delegate={delegate=ClientCallImpl{method=MethodDescriptor{fullMethodName=Request/request, type=UNARY, idempotent=false, safe=false, sampledToLocalTracing=true, requestMarshaller=com.alibaba.nacos.shaded.io.grpc.protobuf.lite.ProtoLiteUtils$MessageMarshaller@5e9f1a4c, responseMarshaller=com.alibaba.nacos.shaded.io.grpc.protobuf.lite.ProtoLiteUtils$MessageMarshaller@4bf89d3d, schemaDescriptor=com.alibaba.nacos.api.grpc.auto.RequestGrpc$RequestMethodDescriptorSupplier@457b8fc3}}}}}]]
	at com.alibaba.nacos.shaded.com.google.common.util.concurrent.AbstractFuture.get(AbstractFuture.java:508) ~[nacos-client-2.0.4.jar:na]
	at com.alibaba.nacos.common.remote.client.grpc.GrpcClient.serverCheck(GrpcClient.java:148) ~[nacos-client-2.0.4.jar:na]
	at com.alibaba.nacos.common.remote.client.grpc.GrpcClient.connectToServer(GrpcClient.java:264) ~[nacos-client-2.0.4.jar:na]
	at com.alibaba.nacos.common.remote.client.RpcClient.start(RpcClient.java:390) ~[nacos-client-2.0.4.jar:na]
	at com.alibaba.nacos.client.naming.remote.gprc.NamingGrpcClientProxy.start(NamingGrpcClientProxy.java:96) ~[nacos-client-2.0.4.jar:na]
	at com.alibaba.nacos.client.naming.remote.gprc.NamingGrpcClientProxy.<init>(NamingGrpcClientProxy.java:89) ~[nacos-client-2.0.4.jar:na]
	at com.alibaba.nacos.client.naming.remote.NamingClientProxyDelegate.<init>(NamingClientProxyDelegate.java:76) ~[nacos-client-2.0.4.jar:na]
	at com.alibaba.nacos.client.naming.NacosNamingService.init(NacosNamingService.java:95) ~[nacos-client-2.0.4.jar:na]
	at com.alibaba.nacos.client.naming.NacosNamingService.<init>(NacosNamingService.java:81) ~[nacos-client-2.0.4.jar:na]
	at java.base/jdk.internal.reflect.NativeConstructorAccessorImpl.newInstance0(Native Method) ~[na:na]
	at java.base/jdk.internal.reflect.NativeConstructorAccessorImpl.newInstance(NativeConstructorAccessorImpl.java:62) ~[na:na]
	at java.base/jdk.internal.reflect.DelegatingConstructorAccessorImpl.newInstance(DelegatingConstructorAccessorImpl.java:45) ~[na:na]
	at java.base/java.lang.reflect.Constructor.newInstance(Constructor.java:490) ~[na:na]
	at com.alibaba.nacos.api.naming.NamingFactory.createNamingService(NamingFactory.java:59) ~[nacos-client-2.0.4.jar:na]
	at com.alibaba.nacos.api.NacosFactory.createNamingService(NacosFactory.java:77) ~[nacos-client-2.0.4.jar:na]
	at com.alibaba.cloud.nacos.NacosServiceManager.createNewNamingService(NacosServiceManager.java:99) ~[spring-cloud-starter-alibaba-nacos-discovery-2021.0.4.0.jar:2021.0.4.0]
	at com.alibaba.cloud.nacos.NacosServiceManager.buildNamingService(NacosServiceManager.java:90) ~[spring-cloud-starter-alibaba-nacos-discovery-2021.0.4.0.jar:2021.0.4.0]
	at com.alibaba.cloud.nacos.NacosServiceManager.getNamingService(NacosServiceManager.java:46) ~[spring-cloud-starter-alibaba-nacos-discovery-2021.0.4.0.jar:2021.0.4.0]
	at com.alibaba.cloud.nacos.discovery.NacosWatch.start(NacosWatch.java:130) ~[spring-cloud-starter-alibaba-nacos-discovery-2021.0.4.0.jar:2021.0.4.0]
	at org.springframework.context.support.DefaultLifecycleProcessor.doStart(DefaultLifecycleProcessor.java:178) ~[spring-context-5.3.27.jar:5.3.27]
	at org.springframework.context.support.DefaultLifecycleProcessor.access$200(DefaultLifecycleProcessor.java:54) ~[spring-context-5.3.27.jar:5.3.27]
	at org.springframework.context.support.DefaultLifecycleProcessor$LifecycleGroup.start(DefaultLifecycleProcessor.java:356) ~[spring-context-5.3.27.jar:5.3.27]
	at java.base/java.lang.Iterable.forEach(Iterable.java:75) ~[na:na]
	at org.springframework.context.support.DefaultLifecycleProcessor.startBeans(DefaultLifecycleProcessor.java:155) ~[spring-context-5.3.27.jar:5.3.27]
	at org.springframework.context.support.DefaultLifecycleProcessor.onRefresh(DefaultLifecycleProcessor.java:123) ~[spring-context-5.3.27.jar:5.3.27]
	at org.springframework.context.support.AbstractApplicationContext.finishRefresh(AbstractApplicationContext.java:937) ~[spring-context-5.3.27.jar:5.3.27]
	at org.springframework.context.support.AbstractApplicationContext.refresh(AbstractApplicationContext.java:586) ~[spring-context-5.3.27.jar:5.3.27]
	at org.springframework.boot.web.servlet.context.ServletWebServerApplicationContext.refresh(ServletWebServerApplicationContext.java:147) ~[spring-boot-2.7.12.jar:2.7.12]
	at org.springframework.boot.SpringApplication.refresh(SpringApplication.java:731) ~[spring-boot-2.7.12.jar:2.7.12]
	at org.springframework.boot.SpringApplication.refreshContext(SpringApplication.java:408) ~[spring-boot-2.7.12.jar:2.7.12]
	at org.springframework.boot.SpringApplication.run(SpringApplication.java:307) ~[spring-boot-2.7.12.jar:2.7.12]
	at org.springframework.boot.SpringApplication.run(SpringApplication.java:1303) ~[spring-boot-2.7.12.jar:2.7.12]
	at org.springframework.boot.SpringApplication.run(SpringApplication.java:1292) ~[spring-boot-2.7.12.jar:2.7.12]
	at com.hmall.cart.cartApplication.main(cartApplication.java:19) ~[classes/:na]

12:48:34:480  INFO 12016 --- [main] com.alibaba.nacos.common.remote.client   : [1b0501e5-f0ec-4e3b-b960-01aa922c8d35] Try to connect to server on start up, server: {serverIp = '192.168.150.102', server main port = 8848}
12:48:37:491 ERROR 12016 --- [main] c.a.n.c.remote.client.grpc.GrpcClient    : Server check fail, please check server 192.168.150.102 ,port 9848 is available , error ={}

java.util.concurrent.TimeoutException: Waited 3000 milliseconds (plus 9 milliseconds, 483100 nanoseconds delay) for com.alibaba.nacos.shaded.io.grpc.stub.ClientCalls$GrpcFuture@6e337ba1[status=PENDING, info=[GrpcFuture{clientCall={delegate={delegate=ClientCallImpl{method=MethodDescriptor{fullMethodName=Request/request, type=UNARY, idempotent=false, safe=false, sampledToLocalTracing=true, requestMarshaller=com.alibaba.nacos.shaded.io.grpc.protobuf.lite.ProtoLiteUtils$MessageMarshaller@5e9f1a4c, responseMarshaller=com.alibaba.nacos.shaded.io.grpc.protobuf.lite.ProtoLiteUtils$MessageMarshaller@4bf89d3d, schemaDescriptor=com.alibaba.nacos.api.grpc.auto.RequestGrpc$RequestMethodDescriptorSupplier@457b8fc3}}}}}]]
	at com.alibaba.nacos.shaded.com.google.common.util.concurrent.AbstractFuture.get(AbstractFuture.java:508) ~[nacos-client-2.0.4.jar:na]
	at com.alibaba.nacos.common.remote.client.grpc.GrpcClient.serverCheck(GrpcClient.java:148) ~[nacos-client-2.0.4.jar:na]
	at com.alibaba.nacos.common.remote.client.grpc.GrpcClient.connectToServer(GrpcClient.java:264) ~[nacos-client-2.0.4.jar:na]
	at com.alibaba.nacos.common.remote.client.RpcClient.start(RpcClient.java:390) ~[nacos-client-2.0.4.jar:na]
	at com.alibaba.nacos.client.naming.remote.gprc.NamingGrpcClientProxy.start(NamingGrpcClientProxy.java:96) ~[nacos-client-2.0.4.jar:na]
	at com.alibaba.nacos.client.naming.remote.gprc.NamingGrpcClientProxy.<init>(NamingGrpcClientProxy.java:89) ~[nacos-client-2.0.4.jar:na]
	at com.alibaba.nacos.client.naming.remote.NamingClientProxyDelegate.<init>(NamingClientProxyDelegate.java:76) ~[nacos-client-2.0.4.jar:na]
	at com.alibaba.nacos.client.naming.NacosNamingService.init(NacosNamingService.java:95) ~[nacos-client-2.0.4.jar:na]
	at com.alibaba.nacos.client.naming.NacosNamingService.<init>(NacosNamingService.java:81) ~[nacos-client-2.0.4.jar:na]
	at java.base/jdk.internal.reflect.NativeConstructorAccessorImpl.newInstance0(Native Method) ~[na:na]
	at java.base/jdk.internal.reflect.NativeConstructorAccessorImpl.newInstance(NativeConstructorAccessorImpl.java:62) ~[na:na]
	at java.base/jdk.internal.reflect.DelegatingConstructorAccessorImpl.newInstance(DelegatingConstructorAccessorImpl.java:45) ~[na:na]
	at java.base/java.lang.reflect.Constructor.newInstance(Constructor.java:490) ~[na:na]
	at com.alibaba.nacos.api.naming.NamingFactory.createNamingService(NamingFactory.java:59) ~[nacos-client-2.0.4.jar:na]
	at com.alibaba.nacos.api.NacosFactory.createNamingService(NacosFactory.java:77) ~[nacos-client-2.0.4.jar:na]
	at com.alibaba.cloud.nacos.NacosServiceManager.createNewNamingService(NacosServiceManager.java:99) ~[spring-cloud-starter-alibaba-nacos-discovery-2021.0.4.0.jar:2021.0.4.0]
	at com.alibaba.cloud.nacos.NacosServiceManager.buildNamingService(NacosServiceManager.java:90) ~[spring-cloud-starter-alibaba-nacos-discovery-2021.0.4.0.jar:2021.0.4.0]
	at com.alibaba.cloud.nacos.NacosServiceManager.getNamingService(NacosServiceManager.java:46) ~[spring-cloud-starter-alibaba-nacos-discovery-2021.0.4.0.jar:2021.0.4.0]
	at com.alibaba.cloud.nacos.discovery.NacosWatch.start(NacosWatch.java:130) ~[spring-cloud-starter-alibaba-nacos-discovery-2021.0.4.0.jar:2021.0.4.0]
	at org.springframework.context.support.DefaultLifecycleProcessor.doStart(DefaultLifecycleProcessor.java:178) ~[spring-context-5.3.27.jar:5.3.27]
	at org.springframework.context.support.DefaultLifecycleProcessor.access$200(DefaultLifecycleProcessor.java:54) ~[spring-context-5.3.27.jar:5.3.27]
	at org.springframework.context.support.DefaultLifecycleProcessor$LifecycleGroup.start(DefaultLifecycleProcessor.java:356) ~[spring-context-5.3.27.jar:5.3.27]
	at java.base/java.lang.Iterable.forEach(Iterable.java:75) ~[na:na]
	at org.springframework.context.support.DefaultLifecycleProcessor.startBeans(DefaultLifecycleProcessor.java:155) ~[spring-context-5.3.27.jar:5.3.27]
	at org.springframework.context.support.DefaultLifecycleProcessor.onRefresh(DefaultLifecycleProcessor.java:123) ~[spring-context-5.3.27.jar:5.3.27]
	at org.springframework.context.support.AbstractApplicationContext.finishRefresh(AbstractApplicationContext.java:937) ~[spring-context-5.3.27.jar:5.3.27]
	at org.springframework.context.support.AbstractApplicationContext.refresh(AbstractApplicationContext.java:586) ~[spring-context-5.3.27.jar:5.3.27]
	at org.springframework.boot.web.servlet.context.ServletWebServerApplicationContext.refresh(ServletWebServerApplicationContext.java:147) ~[spring-boot-2.7.12.jar:2.7.12]
	at org.springframework.boot.SpringApplication.refresh(SpringApplication.java:731) ~[spring-boot-2.7.12.jar:2.7.12]
	at org.springframework.boot.SpringApplication.refreshContext(SpringApplication.java:408) ~[spring-boot-2.7.12.jar:2.7.12]
	at org.springframework.boot.SpringApplication.run(SpringApplication.java:307) ~[spring-boot-2.7.12.jar:2.7.12]
	at org.springframework.boot.SpringApplication.run(SpringApplication.java:1303) ~[spring-boot-2.7.12.jar:2.7.12]
	at org.springframework.boot.SpringApplication.run(SpringApplication.java:1292) ~[spring-boot-2.7.12.jar:2.7.12]
	at com.hmall.cart.cartApplication.main(cartApplication.java:19) ~[classes/:na]

12:48:37:491  INFO 12016 --- [main] com.alibaba.nacos.common.remote.client   : [1b0501e5-f0ec-4e3b-b960-01aa922c8d35] Try to connect to server on start up, server: {serverIp = '192.168.150.102', server main port = 8848}
12:48:40:505 ERROR 12016 --- [main] c.a.n.c.remote.client.grpc.GrpcClient    : Server check fail, please check server 192.168.150.102 ,port 9848 is available , error ={}

java.util.concurrent.TimeoutException: Waited 3000 milliseconds (plus 11 milliseconds, 723900 nanoseconds delay) for com.alibaba.nacos.shaded.io.grpc.stub.ClientCalls$GrpcFuture@1942a36e[status=PENDING, info=[GrpcFuture{clientCall={delegate={delegate=ClientCallImpl{method=MethodDescriptor{fullMethodName=Request/request, type=UNARY, idempotent=false, safe=false, sampledToLocalTracing=true, requestMarshaller=com.alibaba.nacos.shaded.io.grpc.protobuf.lite.ProtoLiteUtils$MessageMarshaller@5e9f1a4c, responseMarshaller=com.alibaba.nacos.shaded.io.grpc.protobuf.lite.ProtoLiteUtils$MessageMarshaller@4bf89d3d, schemaDescriptor=com.alibaba.nacos.api.grpc.auto.RequestGrpc$RequestMethodDescriptorSupplier@457b8fc3}}}}}]]
	at com.alibaba.nacos.shaded.com.google.common.util.concurrent.AbstractFuture.get(AbstractFuture.java:508) ~[nacos-client-2.0.4.jar:na]
	at com.alibaba.nacos.common.remote.client.grpc.GrpcClient.serverCheck(GrpcClient.java:148) ~[nacos-client-2.0.4.jar:na]
	at com.alibaba.nacos.common.remote.client.grpc.GrpcClient.connectToServer(GrpcClient.java:264) ~[nacos-client-2.0.4.jar:na]
	at com.alibaba.nacos.common.remote.client.RpcClient.start(RpcClient.java:390) ~[nacos-client-2.0.4.jar:na]
	at com.alibaba.nacos.client.naming.remote.gprc.NamingGrpcClientProxy.start(NamingGrpcClientProxy.java:96) ~[nacos-client-2.0.4.jar:na]
	at com.alibaba.nacos.client.naming.remote.gprc.NamingGrpcClientProxy.<init>(NamingGrpcClientProxy.java:89) ~[nacos-client-2.0.4.jar:na]
	at com.alibaba.nacos.client.naming.remote.NamingClientProxyDelegate.<init>(NamingClientProxyDelegate.java:76) ~[nacos-client-2.0.4.jar:na]
	at com.alibaba.nacos.client.naming.NacosNamingService.init(NacosNamingService.java:95) ~[nacos-client-2.0.4.jar:na]
	at com.alibaba.nacos.client.naming.NacosNamingService.<init>(NacosNamingService.java:81) ~[nacos-client-2.0.4.jar:na]
	at java.base/jdk.internal.reflect.NativeConstructorAccessorImpl.newInstance0(Native Method) ~[na:na]
	at java.base/jdk.internal.reflect.NativeConstructorAccessorImpl.newInstance(NativeConstructorAccessorImpl.java:62) ~[na:na]
	at java.base/jdk.internal.reflect.DelegatingConstructorAccessorImpl.newInstance(DelegatingConstructorAccessorImpl.java:45) ~[na:na]
	at java.base/java.lang.reflect.Constructor.newInstance(Constructor.java:490) ~[na:na]
	at com.alibaba.nacos.api.naming.NamingFactory.createNamingService(NamingFactory.java:59) ~[nacos-client-2.0.4.jar:na]
	at com.alibaba.nacos.api.NacosFactory.createNamingService(NacosFactory.java:77) ~[nacos-client-2.0.4.jar:na]
	at com.alibaba.cloud.nacos.NacosServiceManager.createNewNamingService(NacosServiceManager.java:99) ~[spring-cloud-starter-alibaba-nacos-discovery-2021.0.4.0.jar:2021.0.4.0]
	at com.alibaba.cloud.nacos.NacosServiceManager.buildNamingService(NacosServiceManager.java:90) ~[spring-cloud-starter-alibaba-nacos-discovery-2021.0.4.0.jar:2021.0.4.0]
	at com.alibaba.cloud.nacos.NacosServiceManager.getNamingService(NacosServiceManager.java:46) ~[spring-cloud-starter-alibaba-nacos-discovery-2021.0.4.0.jar:2021.0.4.0]
	at com.alibaba.cloud.nacos.discovery.NacosWatch.start(NacosWatch.java:130) ~[spring-cloud-starter-alibaba-nacos-discovery-2021.0.4.0.jar:2021.0.4.0]
	at org.springframework.context.support.DefaultLifecycleProcessor.doStart(DefaultLifecycleProcessor.java:178) ~[spring-context-5.3.27.jar:5.3.27]
	at org.springframework.context.support.DefaultLifecycleProcessor.access$200(DefaultLifecycleProcessor.java:54) ~[spring-context-5.3.27.jar:5.3.27]
	at org.springframework.context.support.DefaultLifecycleProcessor$LifecycleGroup.start(DefaultLifecycleProcessor.java:356) ~[spring-context-5.3.27.jar:5.3.27]
	at java.base/java.lang.Iterable.forEach(Iterable.java:75) ~[na:na]
	at org.springframework.context.support.DefaultLifecycleProcessor.startBeans(DefaultLifecycleProcessor.java:155) ~[spring-context-5.3.27.jar:5.3.27]
	at org.springframework.context.support.DefaultLifecycleProcessor.onRefresh(DefaultLifecycleProcessor.java:123) ~[spring-context-5.3.27.jar:5.3.27]
	at org.springframework.context.support.AbstractApplicationContext.finishRefresh(AbstractApplicationContext.java:937) ~[spring-context-5.3.27.jar:5.3.27]
	at org.springframework.context.support.AbstractApplicationContext.refresh(AbstractApplicationContext.java:586) ~[spring-context-5.3.27.jar:5.3.27]
	at org.springframework.boot.web.servlet.context.ServletWebServerApplicationContext.refresh(ServletWebServerApplicationContext.java:147) ~[spring-boot-2.7.12.jar:2.7.12]
	at org.springframework.boot.SpringApplication.refresh(SpringApplication.java:731) ~[spring-boot-2.7.12.jar:2.7.12]
	at org.springframework.boot.SpringApplication.refreshContext(SpringApplication.java:408) ~[spring-boot-2.7.12.jar:2.7.12]
	at org.springframework.boot.SpringApplication.run(SpringApplication.java:307) ~[spring-boot-2.7.12.jar:2.7.12]
	at org.springframework.boot.SpringApplication.run(SpringApplication.java:1303) ~[spring-boot-2.7.12.jar:2.7.12]
	at org.springframework.boot.SpringApplication.run(SpringApplication.java:1292) ~[spring-boot-2.7.12.jar:2.7.12]
	at com.hmall.cart.cartApplication.main(cartApplication.java:19) ~[classes/:na]

12:48:40:507  INFO 12016 --- [com.alibaba.nacos.client.remote.worker] com.alibaba.nacos.common.remote.client   : [1b0501e5-f0ec-4e3b-b960-01aa922c8d35] Try to reconnect to a new server, server is  not appointed, will choose a random server.
12:48:40:507  INFO 12016 --- [main] com.alibaba.nacos.common.remote.client   : [1b0501e5-f0ec-4e3b-b960-01aa922c8d35] Register server push request handler:com.alibaba.nacos.common.remote.client.RpcClient$ConnectResetRequestHandler
12:48:40:508  INFO 12016 --- [main] com.alibaba.nacos.common.remote.client   : [1b0501e5-f0ec-4e3b-b960-01aa922c8d35] Register server push request handler:com.alibaba.nacos.common.remote.client.RpcClient$$Lambda$978/0x00000008007e8440
12:48:40:629 ERROR 12016 --- [main] com.alibaba.nacos.common.remote.client   : Send request fail, request = SubscribeServiceRequest{headers={app=unknown}, requestId='null'}, retryTimes = 0, errorMessage = Client not connected, current status:STARTING
12:48:40:737 ERROR 12016 --- [main] com.alibaba.nacos.common.remote.client   : Send request fail, request = SubscribeServiceRequest{headers={app=unknown}, requestId='null'}, retryTimes = 1, errorMessage = Client not connected, current status:STARTING
12:48:40:846 ERROR 12016 --- [main] com.alibaba.nacos.common.remote.client   : Send request fail, request = SubscribeServiceRequest{headers={app=unknown}, requestId='null'}, retryTimes = 2, errorMessage = Client not connected, current status:STARTING
12:48:40:846 ERROR 12016 --- [main] c.a.cloud.nacos.discovery.NacosWatch     : namingService subscribe failed, properties:NacosDiscoveryProperties{serverAddr='192.168.150.102:8848', username='', password='', endpoint='', namespace='', watchDelay=30000, logName='', service='cart-service', weight=1.0, clusterName='DEFAULT', group='DEFAULT_GROUP', namingLoadCacheAtStart='false', metadata={preserved.register.source=SPRING_CLOUD}, registerEnabled=true, ip='192.168.220.1', networkInterface='', port=-1, secure=false, accessKey='', secretKey='', heartBeatInterval=null, heartBeatTimeout=null, ipDeleteTimeout=null, instanceEnabled=true, ephemeral=true, failureToleranceEnabled=false}, ipDeleteTimeout=null, failFast=true}

com.alibaba.nacos.api.exception.NacosException: Request nacos server failed: 
	at com.alibaba.nacos.client.naming.remote.gprc.NamingGrpcClientProxy.requestToServer(NamingGrpcClientProxy.java:290) ~[nacos-client-2.0.4.jar:na]
	at com.alibaba.nacos.client.naming.remote.gprc.NamingGrpcClientProxy.doSubscribe(NamingGrpcClientProxy.java:230) ~[nacos-client-2.0.4.jar:na]
	at com.alibaba.nacos.client.naming.remote.gprc.NamingGrpcClientProxy.subscribe(NamingGrpcClientProxy.java:215) ~[nacos-client-2.0.4.jar:na]
	at com.alibaba.nacos.client.naming.remote.NamingClientProxyDelegate.subscribe(NamingClientProxyDelegate.java:147) ~[nacos-client-2.0.4.jar:na]
	at com.alibaba.nacos.client.naming.NacosNamingService.subscribe(NacosNamingService.java:393) ~[nacos-client-2.0.4.jar:na]
	at com.alibaba.cloud.nacos.discovery.NacosWatch.start(NacosWatch.java:132) ~[spring-cloud-starter-alibaba-nacos-discovery-2021.0.4.0.jar:2021.0.4.0]
	at org.springframework.context.support.DefaultLifecycleProcessor.doStart(DefaultLifecycleProcessor.java:178) ~[spring-context-5.3.27.jar:5.3.27]
	at org.springframework.context.support.DefaultLifecycleProcessor.access$200(DefaultLifecycleProcessor.java:54) ~[spring-context-5.3.27.jar:5.3.27]
	at org.springframework.context.support.DefaultLifecycleProcessor$LifecycleGroup.start(DefaultLifecycleProcessor.java:356) ~[spring-context-5.3.27.jar:5.3.27]
	at java.base/java.lang.Iterable.forEach(Iterable.java:75) ~[na:na]
	at org.springframework.context.support.DefaultLifecycleProcessor.startBeans(DefaultLifecycleProcessor.java:155) ~[spring-context-5.3.27.jar:5.3.27]
	at org.springframework.context.support.DefaultLifecycleProcessor.onRefresh(DefaultLifecycleProcessor.java:123) ~[spring-context-5.3.27.jar:5.3.27]
	at org.springframework.context.support.AbstractApplicationContext.finishRefresh(AbstractApplicationContext.java:937) ~[spring-context-5.3.27.jar:5.3.27]
	at org.springframework.context.support.AbstractApplicationContext.refresh(AbstractApplicationContext.java:586) ~[spring-context-5.3.27.jar:5.3.27]
	at org.springframework.boot.web.servlet.context.ServletWebServerApplicationContext.refresh(ServletWebServerApplicationContext.java:147) ~[spring-boot-2.7.12.jar:2.7.12]
	at org.springframework.boot.SpringApplication.refresh(SpringApplication.java:731) ~[spring-boot-2.7.12.jar:2.7.12]
	at org.springframework.boot.SpringApplication.refreshContext(SpringApplication.java:408) ~[spring-boot-2.7.12.jar:2.7.12]
	at org.springframework.boot.SpringApplication.run(SpringApplication.java:307) ~[spring-boot-2.7.12.jar:2.7.12]
	at org.springframework.boot.SpringApplication.run(SpringApplication.java:1303) ~[spring-boot-2.7.12.jar:2.7.12]
	at org.springframework.boot.SpringApplication.run(SpringApplication.java:1292) ~[spring-boot-2.7.12.jar:2.7.12]
	at com.hmall.cart.cartApplication.main(cartApplication.java:19) ~[classes/:na]
Caused by: com.alibaba.nacos.api.exception.NacosException: Client not connected, current status:STARTING
	at com.alibaba.nacos.common.remote.client.RpcClient.request(RpcClient.java:650) ~[nacos-client-2.0.4.jar:na]
	at com.alibaba.nacos.common.remote.client.RpcClient.request(RpcClient.java:630) ~[nacos-client-2.0.4.jar:na]
	at com.alibaba.nacos.client.naming.remote.gprc.NamingGrpcClientProxy.requestToServer(NamingGrpcClientProxy.java:280) ~[nacos-client-2.0.4.jar:na]
	... 20 common frames omitted

12:48:40:864  INFO 12016 --- [main] o.s.b.w.embedded.tomcat.TomcatWebServer  : Tomcat started on port(s): 8082 (http) with context path ''
12:48:40:968 ERROR 12016 --- [main] com.alibaba.nacos.common.remote.client   : Send request fail, request = InstanceRequest{headers={app=unknown}, requestId='null'}, retryTimes = 0, errorMessage = Client not connected, current status:STARTING
12:48:41:077 ERROR 12016 --- [main] com.alibaba.nacos.common.remote.client   : Send request fail, request = InstanceRequest{headers={app=unknown}, requestId='null'}, retryTimes = 1, errorMessage = Client not connected, current status:STARTING
12:48:41:185 ERROR 12016 --- [main] com.alibaba.nacos.common.remote.client   : Send request fail, request = InstanceRequest{headers={app=unknown}, requestId='null'}, retryTimes = 2, errorMessage = Client not connected, current status:STARTING
12:48:41:185 ERROR 12016 --- [main] c.a.c.n.registry.NacosServiceRegistry    : nacos registry, cart-service register failed...NacosRegistration{nacosDiscoveryProperties=NacosDiscoveryProperties{serverAddr='192.168.150.102:8848', username='', password='', endpoint='', namespace='', watchDelay=30000, logName='', service='cart-service', weight=1.0, clusterName='DEFAULT', group='DEFAULT_GROUP', namingLoadCacheAtStart='false', metadata={preserved.register.source=SPRING_CLOUD}, registerEnabled=true, ip='192.168.220.1', networkInterface='', port=8082, secure=false, accessKey='', secretKey='', heartBeatInterval=null, heartBeatTimeout=null, ipDeleteTimeout=null, instanceEnabled=true, ephemeral=true, failureToleranceEnabled=false}, ipDeleteTimeout=null, failFast=true}},

com.alibaba.nacos.api.exception.NacosException: Request nacos server failed: 
	at com.alibaba.nacos.client.naming.remote.gprc.NamingGrpcClientProxy.requestToServer(NamingGrpcClientProxy.java:290) ~[nacos-client-2.0.4.jar:na]
	at com.alibaba.nacos.client.naming.remote.gprc.NamingGrpcClientProxy.doRegisterService(NamingGrpcClientProxy.java:129) ~[nacos-client-2.0.4.jar:na]
	at com.alibaba.nacos.client.naming.remote.gprc.NamingGrpcClientProxy.registerService(NamingGrpcClientProxy.java:115) ~[nacos-client-2.0.4.jar:na]
	at com.alibaba.nacos.client.naming.remote.NamingClientProxyDelegate.registerService(NamingClientProxyDelegate.java:94) ~[nacos-client-2.0.4.jar:na]
	at com.alibaba.nacos.client.naming.NacosNamingService.registerInstance(NacosNamingService.java:145) ~[nacos-client-2.0.4.jar:na]
	at com.alibaba.cloud.nacos.registry.NacosServiceRegistry.register(NacosServiceRegistry.java:74) ~[spring-cloud-starter-alibaba-nacos-discovery-2021.0.4.0.jar:2021.0.4.0]
	at org.springframework.cloud.client.serviceregistry.AbstractAutoServiceRegistration.register(AbstractAutoServiceRegistration.java:232) ~[spring-cloud-commons-3.1.3.jar:3.1.3]
	at com.alibaba.cloud.nacos.registry.NacosAutoServiceRegistration.register(NacosAutoServiceRegistration.java:78) ~[spring-cloud-starter-alibaba-nacos-discovery-2021.0.4.0.jar:2021.0.4.0]
	at org.springframework.cloud.client.serviceregistry.AbstractAutoServiceRegistration.start(AbstractAutoServiceRegistration.java:133) ~[spring-cloud-commons-3.1.3.jar:3.1.3]
	at org.springframework.cloud.client.serviceregistry.AbstractAutoServiceRegistration.bind(AbstractAutoServiceRegistration.java:98) ~[spring-cloud-commons-3.1.3.jar:3.1.3]
	at org.springframework.cloud.client.serviceregistry.AbstractAutoServiceRegistration.onApplicationEvent(AbstractAutoServiceRegistration.java:86) ~[spring-cloud-commons-3.1.3.jar:3.1.3]
	at org.springframework.cloud.client.serviceregistry.AbstractAutoServiceRegistration.onApplicationEvent(AbstractAutoServiceRegistration.java:47) ~[spring-cloud-commons-3.1.3.jar:3.1.3]
	at org.springframework.context.event.SimpleApplicationEventMulticaster.doInvokeListener(SimpleApplicationEventMulticaster.java:176) ~[spring-context-5.3.27.jar:5.3.27]
	at org.springframework.context.event.SimpleApplicationEventMulticaster.invokeListener(SimpleApplicationEventMulticaster.java:169) ~[spring-context-5.3.27.jar:5.3.27]
	at org.springframework.context.event.SimpleApplicationEventMulticaster.multicastEvent(SimpleApplicationEventMulticaster.java:143) ~[spring-context-5.3.27.jar:5.3.27]
	at org.springframework.context.support.AbstractApplicationContext.publishEvent(AbstractApplicationContext.java:421) ~[spring-context-5.3.27.jar:5.3.27]
	at org.springframework.context.support.AbstractApplicationContext.publishEvent(AbstractApplicationContext.java:378) ~[spring-context-5.3.27.jar:5.3.27]
	at org.springframework.boot.web.servlet.context.WebServerStartStopLifecycle.start(WebServerStartStopLifecycle.java:46) ~[spring-boot-2.7.12.jar:2.7.12]
	at org.springframework.context.support.DefaultLifecycleProcessor.doStart(DefaultLifecycleProcessor.java:178) ~[spring-context-5.3.27.jar:5.3.27]
	at org.springframework.context.support.DefaultLifecycleProcessor.access$200(DefaultLifecycleProcessor.java:54) ~[spring-context-5.3.27.jar:5.3.27]
	at org.springframework.context.support.DefaultLifecycleProcessor$LifecycleGroup.start(DefaultLifecycleProcessor.java:356) ~[spring-context-5.3.27.jar:5.3.27]
	at java.base/java.lang.Iterable.forEach(Iterable.java:75) ~[na:na]
	at org.springframework.context.support.DefaultLifecycleProcessor.startBeans(DefaultLifecycleProcessor.java:155) ~[spring-context-5.3.27.jar:5.3.27]
	at org.springframework.context.support.DefaultLifecycleProcessor.onRefresh(DefaultLifecycleProcessor.java:123) ~[spring-context-5.3.27.jar:5.3.27]
	at org.springframework.context.support.AbstractApplicationContext.finishRefresh(AbstractApplicationContext.java:937) ~[spring-context-5.3.27.jar:5.3.27]
	at org.springframework.context.support.AbstractApplicationContext.refresh(AbstractApplicationContext.java:586) ~[spring-context-5.3.27.jar:5.3.27]
	at org.springframework.boot.web.servlet.context.ServletWebServerApplicationContext.refresh(ServletWebServerApplicationContext.java:147) ~[spring-boot-2.7.12.jar:2.7.12]
	at org.springframework.boot.SpringApplication.refresh(SpringApplication.java:731) ~[spring-boot-2.7.12.jar:2.7.12]
	at org.springframework.boot.SpringApplication.refreshContext(SpringApplication.java:408) ~[spring-boot-2.7.12.jar:2.7.12]
	at org.springframework.boot.SpringApplication.run(SpringApplication.java:307) ~[spring-boot-2.7.12.jar:2.7.12]
	at org.springframework.boot.SpringApplication.run(SpringApplication.java:1303) ~[spring-boot-2.7.12.jar:2.7.12]
	at org.springframework.boot.SpringApplication.run(SpringApplication.java:1292) ~[spring-boot-2.7.12.jar:2.7.12]
	at com.hmall.cart.cartApplication.main(cartApplication.java:19) ~[classes/:na]
Caused by: com.alibaba.nacos.api.exception.NacosException: Client not connected, current status:STARTING
	at com.alibaba.nacos.common.remote.client.RpcClient.request(RpcClient.java:650) ~[nacos-client-2.0.4.jar:na]
	at com.alibaba.nacos.common.remote.client.RpcClient.request(RpcClient.java:630) ~[nacos-client-2.0.4.jar:na]
	at com.alibaba.nacos.client.naming.remote.gprc.NamingGrpcClientProxy.requestToServer(NamingGrpcClientProxy.java:280) ~[nacos-client-2.0.4.jar:na]
	... 32 common frames omitted

12:48:41:186  WARN 12016 --- [main] ConfigServletWebServerApplicationContext : Exception encountered during context initialization - cancelling refresh attempt: org.springframework.context.ApplicationContextException: Failed to start bean 'webServerStartStop'; nested exception is java.lang.reflect.UndeclaredThrowableException
12:48:41:511  INFO 12016 --- [main] com.alibaba.nacos.common.remote.client   : Shutdown rpc client, set status to shutdown
12:48:41:511  INFO 12016 --- [main] com.alibaba.nacos.common.remote.client   : Shutdown client event executor java.util.concurrent.ScheduledThreadPoolExecutor@56193e3a[Running, pool size = 2, active threads = 2, queued tasks = 0, completed tasks = 0]
12:48:41:511  INFO 12016 --- [main] c.a.n.c.remote.client.grpc.GrpcClient    : Shutdown grpc executor java.util.concurrent.ThreadPoolExecutor@6cf3b3d7[Running, pool size = 3, active threads = 0, queued tasks = 0, completed tasks = 3]
12:48:41:512 ERROR 12016 --- [com.alibaba.nacos.client.remote.worker] c.a.n.c.remote.client.grpc.GrpcClient    : Server check fail, please check server 192.168.150.102 ,port 9848 is available , error ={}

java.lang.InterruptedException: null
	at com.alibaba.nacos.shaded.com.google.common.util.concurrent.AbstractFuture.get(AbstractFuture.java:438) ~[nacos-client-2.0.4.jar:na]
	at com.alibaba.nacos.common.remote.client.grpc.GrpcClient.serverCheck(GrpcClient.java:148) ~[nacos-client-2.0.4.jar:na]
	at com.alibaba.nacos.common.remote.client.grpc.GrpcClient.connectToServer(GrpcClient.java:264) ~[nacos-client-2.0.4.jar:na]
	at com.alibaba.nacos.common.remote.client.RpcClient.reconnect(RpcClient.java:522) ~[nacos-client-2.0.4.jar:na]
	at com.alibaba.nacos.common.remote.client.RpcClient.lambda$start$2(RpcClient.java:370) ~[nacos-client-2.0.4.jar:na]
	at java.base/java.util.concurrent.Executors$RunnableAdapter.call(Executors.java:515) ~[na:na]
	at java.base/java.util.concurrent.FutureTask.run(FutureTask.java:264) ~[na:na]
	at java.base/java.util.concurrent.ScheduledThreadPoolExecutor$ScheduledFutureTask.run(ScheduledThreadPoolExecutor.java:304) ~[na:na]
	at java.base/java.util.concurrent.ThreadPoolExecutor.runWorker(ThreadPoolExecutor.java:1128) ~[na:na]
	at java.base/java.util.concurrent.ThreadPoolExecutor$Worker.run(ThreadPoolExecutor.java:628) ~[na:na]
	at java.base/java.lang.Thread.run(Thread.java:829) ~[na:na]

12:48:41:513 ERROR 12016 --- [com.alibaba.nacos.client.remote.worker] c.a.n.c.remote.client.grpc.GrpcClient    : [1b0501e5-f0ec-4e3b-b960-01aa922c8d35]Fail to connect to server!,error={}

java.util.concurrent.RejectedExecutionException: Task com.alibaba.nacos.shaded.io.grpc.internal.SerializingExecutor@32036de8 rejected from java.util.concurrent.ThreadPoolExecutor@6cf3b3d7[Terminated, pool size = 0, active threads = 0, queued tasks = 0, completed tasks = 3]
	at java.base/java.util.concurrent.ThreadPoolExecutor$AbortPolicy.rejectedExecution(ThreadPoolExecutor.java:2055) ~[na:na]
	at java.base/java.util.concurrent.ThreadPoolExecutor.reject(ThreadPoolExecutor.java:825) ~[na:na]
	at java.base/java.util.concurrent.ThreadPoolExecutor.execute(ThreadPoolExecutor.java:1355) ~[na:na]
	at com.alibaba.nacos.shaded.io.grpc.internal.SerializingExecutor.schedule(SerializingExecutor.java:93) ~[nacos-client-2.0.4.jar:na]
	at com.alibaba.nacos.shaded.io.grpc.internal.SerializingExecutor.execute(SerializingExecutor.java:86) ~[nacos-client-2.0.4.jar:na]
	at com.alibaba.nacos.shaded.io.grpc.internal.ClientCallImpl$ClientStreamListenerImpl.closedInternal(ClientCallImpl.java:696) ~[nacos-client-2.0.4.jar:na]
	at com.alibaba.nacos.shaded.io.grpc.internal.ClientCallImpl$ClientStreamListenerImpl.closed(ClientCallImpl.java:646) ~[nacos-client-2.0.4.jar:na]
	at com.alibaba.nacos.shaded.io.grpc.internal.ClientCallImpl$ClientStreamListenerImpl.closed(ClientCallImpl.java:639) ~[nacos-client-2.0.4.jar:na]
	at com.alibaba.nacos.shaded.io.grpc.internal.DelayedStream.cancel(DelayedStream.java:302) ~[nacos-client-2.0.4.jar:na]
	at com.alibaba.nacos.shaded.io.grpc.internal.DelayedClientTransport$PendingStream.cancel(DelayedClientTransport.java:363) ~[nacos-client-2.0.4.jar:na]
	at com.alibaba.nacos.shaded.io.grpc.internal.DelayedClientTransport.shutdownNow(DelayedClientTransport.java:241) ~[nacos-client-2.0.4.jar:na]
	at com.alibaba.nacos.shaded.io.grpc.internal.ManagedChannelImpl$UncommittedRetriableStreamsRegistry.onShutdownNow(ManagedChannelImpl.java:1021) ~[nacos-client-2.0.4.jar:na]
	at com.alibaba.nacos.shaded.io.grpc.internal.ManagedChannelImpl.shutdownNow(ManagedChannelImpl.java:752) ~[nacos-client-2.0.4.jar:na]
	at com.alibaba.nacos.shaded.io.grpc.internal.ManagedChannelImpl.shutdownNow(ManagedChannelImpl.java:105) ~[nacos-client-2.0.4.jar:na]
	at com.alibaba.nacos.shaded.io.grpc.internal.ForwardingManagedChannel.shutdownNow(ForwardingManagedChannel.java:52) ~[nacos-client-2.0.4.jar:na]
	at com.alibaba.nacos.shaded.io.grpc.internal.ManagedChannelOrphanWrapper.shutdownNow(ManagedChannelOrphanWrapper.java:66) ~[nacos-client-2.0.4.jar:na]
	at com.alibaba.nacos.common.remote.client.grpc.GrpcClient.shuntDownChannel(GrpcClient.java:130) ~[nacos-client-2.0.4.jar:na]
	at com.alibaba.nacos.common.remote.client.grpc.GrpcClient.connectToServer(GrpcClient.java:266) ~[nacos-client-2.0.4.jar:na]
	at com.alibaba.nacos.common.remote.client.RpcClient.reconnect(RpcClient.java:522) ~[nacos-client-2.0.4.jar:na]
	at com.alibaba.nacos.common.remote.client.RpcClient.lambda$start$2(RpcClient.java:370) ~[nacos-client-2.0.4.jar:na]
	at java.base/java.util.concurrent.Executors$RunnableAdapter.call(Executors.java:515) ~[na:na]
	at java.base/java.util.concurrent.FutureTask.run(FutureTask.java:264) ~[na:na]
	at java.base/java.util.concurrent.ScheduledThreadPoolExecutor$ScheduledFutureTask.run(ScheduledThreadPoolExecutor.java:304) ~[na:na]
	at java.base/java.util.concurrent.ThreadPoolExecutor.runWorker(ThreadPoolExecutor.java:1128) ~[na:na]
	at java.base/java.util.concurrent.ThreadPoolExecutor$Worker.run(ThreadPoolExecutor.java:628) ~[na:na]
	at java.base/java.lang.Thread.run(Thread.java:829) ~[na:na]

12:48:41:513  INFO 12016 --- [main] com.alibaba.nacos.common.remote.client   : [RpcClientFactory] create a new rpc client of 32ade0da-cb2c-4687-96fe-2051388386c6
12:48:41:514  INFO 12016 --- [main] com.alibaba.nacos.common.remote.client   : [32ade0da-cb2c-4687-96fe-2051388386c6] RpcClient init label, labels = {module=naming, source=sdk}
12:48:41:514  INFO 12016 --- [main] com.alibaba.nacos.common.remote.client   : [32ade0da-cb2c-4687-96fe-2051388386c6] RpcClient init, ServerListFactory = com.alibaba.nacos.client.naming.core.ServerListManager
12:48:41:514  INFO 12016 --- [main] com.alibaba.nacos.common.remote.client   : [32ade0da-cb2c-4687-96fe-2051388386c6] Registry connection listener to current client:com.alibaba.nacos.client.naming.remote.gprc.redo.NamingGrpcRedoService
12:48:41:514  INFO 12016 --- [main] com.alibaba.nacos.common.remote.client   : [32ade0da-cb2c-4687-96fe-2051388386c6] Register server push request handler:com.alibaba.nacos.client.naming.remote.gprc.NamingPushRequestHandler
12:48:41:514  INFO 12016 --- [main] com.alibaba.nacos.common.remote.client   : [32ade0da-cb2c-4687-96fe-2051388386c6] Try to connect to server on start up, server: {serverIp = '192.168.150.102', server main port = 8848}
12:48:41:617  INFO 12016 --- [com.alibaba.nacos.client.remote.worker] com.alibaba.nacos.common.remote.client   : [1b0501e5-f0ec-4e3b-b960-01aa922c8d35] Client is shutdown, stop reconnect to server
12:48:44:518 ERROR 12016 --- [main] c.a.n.c.remote.client.grpc.GrpcClient    : Server check fail, please check server 192.168.150.102 ,port 9848 is available , error ={}

java.util.concurrent.TimeoutException: Waited 3000 milliseconds (plus 2 milliseconds, 786700 nanoseconds delay) for com.alibaba.nacos.shaded.io.grpc.stub.ClientCalls$GrpcFuture@7e8783b0[status=PENDING, info=[GrpcFuture{clientCall={delegate={delegate=ClientCallImpl{method=MethodDescriptor{fullMethodName=Request/request, type=UNARY, idempotent=false, safe=false, sampledToLocalTracing=true, requestMarshaller=com.alibaba.nacos.shaded.io.grpc.protobuf.lite.ProtoLiteUtils$MessageMarshaller@5e9f1a4c, responseMarshaller=com.alibaba.nacos.shaded.io.grpc.protobuf.lite.ProtoLiteUtils$MessageMarshaller@4bf89d3d, schemaDescriptor=com.alibaba.nacos.api.grpc.auto.RequestGrpc$RequestMethodDescriptorSupplier@457b8fc3}}}}}]]
	at com.alibaba.nacos.shaded.com.google.common.util.concurrent.AbstractFuture.get(AbstractFuture.java:508) ~[nacos-client-2.0.4.jar:na]
	at com.alibaba.nacos.common.remote.client.grpc.GrpcClient.serverCheck(GrpcClient.java:148) ~[nacos-client-2.0.4.jar:na]
	at com.alibaba.nacos.common.remote.client.grpc.GrpcClient.connectToServer(GrpcClient.java:264) ~[nacos-client-2.0.4.jar:na]
	at com.alibaba.nacos.common.remote.client.RpcClient.start(RpcClient.java:390) ~[nacos-client-2.0.4.jar:na]
	at com.alibaba.nacos.client.naming.remote.gprc.NamingGrpcClientProxy.start(NamingGrpcClientProxy.java:96) ~[nacos-client-2.0.4.jar:na]
	at com.alibaba.nacos.client.naming.remote.gprc.NamingGrpcClientProxy.<init>(NamingGrpcClientProxy.java:89) ~[nacos-client-2.0.4.jar:na]
	at com.alibaba.nacos.client.naming.remote.NamingClientProxyDelegate.<init>(NamingClientProxyDelegate.java:76) ~[nacos-client-2.0.4.jar:na]
	at com.alibaba.nacos.client.naming.NacosNamingService.init(NacosNamingService.java:95) ~[nacos-client-2.0.4.jar:na]
	at com.alibaba.nacos.client.naming.NacosNamingService.<init>(NacosNamingService.java:81) ~[nacos-client-2.0.4.jar:na]
	at java.base/jdk.internal.reflect.NativeConstructorAccessorImpl.newInstance0(Native Method) ~[na:na]
	at java.base/jdk.internal.reflect.NativeConstructorAccessorImpl.newInstance(NativeConstructorAccessorImpl.java:62) ~[na:na]
	at java.base/jdk.internal.reflect.DelegatingConstructorAccessorImpl.newInstance(DelegatingConstructorAccessorImpl.java:45) ~[na:na]
	at java.base/java.lang.reflect.Constructor.newInstance(Constructor.java:490) ~[na:na]
	at com.alibaba.nacos.api.naming.NamingFactory.createNamingService(NamingFactory.java:59) ~[nacos-client-2.0.4.jar:na]
	at com.alibaba.nacos.api.NacosFactory.createNamingService(NacosFactory.java:77) ~[nacos-client-2.0.4.jar:na]
	at com.alibaba.cloud.nacos.NacosServiceManager.createNewNamingService(NacosServiceManager.java:99) ~[spring-cloud-starter-alibaba-nacos-discovery-2021.0.4.0.jar:2021.0.4.0]
	at com.alibaba.cloud.nacos.NacosServiceManager.buildNamingService(NacosServiceManager.java:90) ~[spring-cloud-starter-alibaba-nacos-discovery-2021.0.4.0.jar:2021.0.4.0]
	at com.alibaba.cloud.nacos.NacosServiceManager.getNamingService(NacosServiceManager.java:46) ~[spring-cloud-starter-alibaba-nacos-discovery-2021.0.4.0.jar:2021.0.4.0]
	at com.alibaba.cloud.nacos.discovery.NacosWatch.stop(NacosWatch.java:173) ~[spring-cloud-starter-alibaba-nacos-discovery-2021.0.4.0.jar:2021.0.4.0]
	at com.alibaba.cloud.nacos.discovery.NacosWatch.destroy(NacosWatch.java:204) ~[spring-cloud-starter-alibaba-nacos-discovery-2021.0.4.0.jar:2021.0.4.0]
	at org.springframework.beans.factory.support.DisposableBeanAdapter.destroy(DisposableBeanAdapter.java:213) ~[spring-beans-5.3.27.jar:5.3.27]
	at org.springframework.beans.factory.support.DefaultSingletonBeanRegistry.destroyBean(DefaultSingletonBeanRegistry.java:587) ~[spring-beans-5.3.27.jar:5.3.27]
	at org.springframework.beans.factory.support.DefaultSingletonBeanRegistry.destroySingleton(DefaultSingletonBeanRegistry.java:559) ~[spring-beans-5.3.27.jar:5.3.27]
	at org.springframework.beans.factory.support.DefaultListableBeanFactory.destroySingleton(DefaultListableBeanFactory.java:1163) ~[spring-beans-5.3.27.jar:5.3.27]
	at org.springframework.beans.factory.support.DefaultSingletonBeanRegistry.destroySingletons(DefaultSingletonBeanRegistry.java:520) ~[spring-beans-5.3.27.jar:5.3.27]
	at org.springframework.beans.factory.support.DefaultListableBeanFactory.destroySingletons(DefaultListableBeanFactory.java:1156) ~[spring-beans-5.3.27.jar:5.3.27]
	at org.springframework.context.support.AbstractApplicationContext.destroyBeans(AbstractApplicationContext.java:1108) ~[spring-context-5.3.27.jar:5.3.27]
	at org.springframework.context.support.AbstractApplicationContext.refresh(AbstractApplicationContext.java:596) ~[spring-context-5.3.27.jar:5.3.27]
	at org.springframework.boot.web.servlet.context.ServletWebServerApplicationContext.refresh(ServletWebServerApplicationContext.java:147) ~[spring-boot-2.7.12.jar:2.7.12]
	at org.springframework.boot.SpringApplication.refresh(SpringApplication.java:731) ~[spring-boot-2.7.12.jar:2.7.12]
	at org.springframework.boot.SpringApplication.refreshContext(SpringApplication.java:408) ~[spring-boot-2.7.12.jar:2.7.12]
	at org.springframework.boot.SpringApplication.run(SpringApplication.java:307) ~[spring-boot-2.7.12.jar:2.7.12]
	at org.springframework.boot.SpringApplication.run(SpringApplication.java:1303) ~[spring-boot-2.7.12.jar:2.7.12]
	at org.springframework.boot.SpringApplication.run(SpringApplication.java:1292) ~[spring-boot-2.7.12.jar:2.7.12]
	at com.hmall.cart.cartApplication.main(cartApplication.java:19) ~[classes/:na]

12:48:44:519  INFO 12016 --- [main] com.alibaba.nacos.common.remote.client   : [32ade0da-cb2c-4687-96fe-2051388386c6] Try to connect to server on start up, server: {serverIp = '192.168.150.102', server main port = 8848}
12:48:47:528 ERROR 12016 --- [main] c.a.n.c.remote.client.grpc.GrpcClient    : Server check fail, please check server 192.168.150.102 ,port 9848 is available , error ={}

java.util.concurrent.TimeoutException: Waited 3000 milliseconds (plus 6 milliseconds, 20700 nanoseconds delay) for com.alibaba.nacos.shaded.io.grpc.stub.ClientCalls$GrpcFuture@4d964c9e[status=PENDING, info=[GrpcFuture{clientCall={delegate={delegate=ClientCallImpl{method=MethodDescriptor{fullMethodName=Request/request, type=UNARY, idempotent=false, safe=false, sampledToLocalTracing=true, requestMarshaller=com.alibaba.nacos.shaded.io.grpc.protobuf.lite.ProtoLiteUtils$MessageMarshaller@5e9f1a4c, responseMarshaller=com.alibaba.nacos.shaded.io.grpc.protobuf.lite.ProtoLiteUtils$MessageMarshaller@4bf89d3d, schemaDescriptor=com.alibaba.nacos.api.grpc.auto.RequestGrpc$RequestMethodDescriptorSupplier@457b8fc3}}}}}]]
	at com.alibaba.nacos.shaded.com.google.common.util.concurrent.AbstractFuture.get(AbstractFuture.java:508) ~[nacos-client-2.0.4.jar:na]
	at com.alibaba.nacos.common.remote.client.grpc.GrpcClient.serverCheck(GrpcClient.java:148) ~[nacos-client-2.0.4.jar:na]
	at com.alibaba.nacos.common.remote.client.grpc.GrpcClient.connectToServer(GrpcClient.java:264) ~[nacos-client-2.0.4.jar:na]
	at com.alibaba.nacos.common.remote.client.RpcClient.start(RpcClient.java:390) ~[nacos-client-2.0.4.jar:na]
	at com.alibaba.nacos.client.naming.remote.gprc.NamingGrpcClientProxy.start(NamingGrpcClientProxy.java:96) ~[nacos-client-2.0.4.jar:na]
	at com.alibaba.nacos.client.naming.remote.gprc.NamingGrpcClientProxy.<init>(NamingGrpcClientProxy.java:89) ~[nacos-client-2.0.4.jar:na]
	at com.alibaba.nacos.client.naming.remote.NamingClientProxyDelegate.<init>(NamingClientProxyDelegate.java:76) ~[nacos-client-2.0.4.jar:na]
	at com.alibaba.nacos.client.naming.NacosNamingService.init(NacosNamingService.java:95) ~[nacos-client-2.0.4.jar:na]
	at com.alibaba.nacos.client.naming.NacosNamingService.<init>(NacosNamingService.java:81) ~[nacos-client-2.0.4.jar:na]
	at java.base/jdk.internal.reflect.NativeConstructorAccessorImpl.newInstance0(Native Method) ~[na:na]
	at java.base/jdk.internal.reflect.NativeConstructorAccessorImpl.newInstance(NativeConstructorAccessorImpl.java:62) ~[na:na]
	at java.base/jdk.internal.reflect.DelegatingConstructorAccessorImpl.newInstance(DelegatingConstructorAccessorImpl.java:45) ~[na:na]
	at java.base/java.lang.reflect.Constructor.newInstance(Constructor.java:490) ~[na:na]
	at com.alibaba.nacos.api.naming.NamingFactory.createNamingService(NamingFactory.java:59) ~[nacos-client-2.0.4.jar:na]
	at com.alibaba.nacos.api.NacosFactory.createNamingService(NacosFactory.java:77) ~[nacos-client-2.0.4.jar:na]
	at com.alibaba.cloud.nacos.NacosServiceManager.createNewNamingService(NacosServiceManager.java:99) ~[spring-cloud-starter-alibaba-nacos-discovery-2021.0.4.0.jar:2021.0.4.0]
	at com.alibaba.cloud.nacos.NacosServiceManager.buildNamingService(NacosServiceManager.java:90) ~[spring-cloud-starter-alibaba-nacos-discovery-2021.0.4.0.jar:2021.0.4.0]
	at com.alibaba.cloud.nacos.NacosServiceManager.getNamingService(NacosServiceManager.java:46) ~[spring-cloud-starter-alibaba-nacos-discovery-2021.0.4.0.jar:2021.0.4.0]
	at com.alibaba.cloud.nacos.discovery.NacosWatch.stop(NacosWatch.java:173) ~[spring-cloud-starter-alibaba-nacos-discovery-2021.0.4.0.jar:2021.0.4.0]
	at com.alibaba.cloud.nacos.discovery.NacosWatch.destroy(NacosWatch.java:204) ~[spring-cloud-starter-alibaba-nacos-discovery-2021.0.4.0.jar:2021.0.4.0]
	at org.springframework.beans.factory.support.DisposableBeanAdapter.destroy(DisposableBeanAdapter.java:213) ~[spring-beans-5.3.27.jar:5.3.27]
	at org.springframework.beans.factory.support.DefaultSingletonBeanRegistry.destroyBean(DefaultSingletonBeanRegistry.java:587) ~[spring-beans-5.3.27.jar:5.3.27]
	at org.springframework.beans.factory.support.DefaultSingletonBeanRegistry.destroySingleton(DefaultSingletonBeanRegistry.java:559) ~[spring-beans-5.3.27.jar:5.3.27]
	at org.springframework.beans.factory.support.DefaultListableBeanFactory.destroySingleton(DefaultListableBeanFactory.java:1163) ~[spring-beans-5.3.27.jar:5.3.27]
	at org.springframework.beans.factory.support.DefaultSingletonBeanRegistry.destroySingletons(DefaultSingletonBeanRegistry.java:520) ~[spring-beans-5.3.27.jar:5.3.27]
	at org.springframework.beans.factory.support.DefaultListableBeanFactory.destroySingletons(DefaultListableBeanFactory.java:1156) ~[spring-beans-5.3.27.jar:5.3.27]
	at org.springframework.context.support.AbstractApplicationContext.destroyBeans(AbstractApplicationContext.java:1108) ~[spring-context-5.3.27.jar:5.3.27]
	at org.springframework.context.support.AbstractApplicationContext.refresh(AbstractApplicationContext.java:596) ~[spring-context-5.3.27.jar:5.3.27]
	at org.springframework.boot.web.servlet.context.ServletWebServerApplicationContext.refresh(ServletWebServerApplicationContext.java:147) ~[spring-boot-2.7.12.jar:2.7.12]
	at org.springframework.boot.SpringApplication.refresh(SpringApplication.java:731) ~[spring-boot-2.7.12.jar:2.7.12]
	at org.springframework.boot.SpringApplication.refreshContext(SpringApplication.java:408) ~[spring-boot-2.7.12.jar:2.7.12]
	at org.springframework.boot.SpringApplication.run(SpringApplication.java:307) ~[spring-boot-2.7.12.jar:2.7.12]
	at org.springframework.boot.SpringApplication.run(SpringApplication.java:1303) ~[spring-boot-2.7.12.jar:2.7.12]
	at org.springframework.boot.SpringApplication.run(SpringApplication.java:1292) ~[spring-boot-2.7.12.jar:2.7.12]
	at com.hmall.cart.cartApplication.main(cartApplication.java:19) ~[classes/:na]

12:48:47:528  INFO 12016 --- [main] com.alibaba.nacos.common.remote.client   : [32ade0da-cb2c-4687-96fe-2051388386c6] Try to connect to server on start up, server: {serverIp = '192.168.150.102', server main port = 8848}
12:48:50:537 ERROR 12016 --- [main] c.a.n.c.remote.client.grpc.GrpcClient    : Server check fail, please check server 192.168.150.102 ,port 9848 is available , error ={}

java.util.concurrent.TimeoutException: Waited 3000 milliseconds (plus 7 milliseconds, 582700 nanoseconds delay) for com.alibaba.nacos.shaded.io.grpc.stub.ClientCalls$GrpcFuture@1d167630[status=PENDING, info=[GrpcFuture{clientCall={delegate={delegate=ClientCallImpl{method=MethodDescriptor{fullMethodName=Request/request, type=UNARY, idempotent=false, safe=false, sampledToLocalTracing=true, requestMarshaller=com.alibaba.nacos.shaded.io.grpc.protobuf.lite.ProtoLiteUtils$MessageMarshaller@5e9f1a4c, responseMarshaller=com.alibaba.nacos.shaded.io.grpc.protobuf.lite.ProtoLiteUtils$MessageMarshaller@4bf89d3d, schemaDescriptor=com.alibaba.nacos.api.grpc.auto.RequestGrpc$RequestMethodDescriptorSupplier@457b8fc3}}}}}]]
	at com.alibaba.nacos.shaded.com.google.common.util.concurrent.AbstractFuture.get(AbstractFuture.java:508) ~[nacos-client-2.0.4.jar:na]
	at com.alibaba.nacos.common.remote.client.grpc.GrpcClient.serverCheck(GrpcClient.java:148) ~[nacos-client-2.0.4.jar:na]
	at com.alibaba.nacos.common.remote.client.grpc.GrpcClient.connectToServer(GrpcClient.java:264) ~[nacos-client-2.0.4.jar:na]
	at com.alibaba.nacos.common.remote.client.RpcClient.start(RpcClient.java:390) ~[nacos-client-2.0.4.jar:na]
	at com.alibaba.nacos.client.naming.remote.gprc.NamingGrpcClientProxy.start(NamingGrpcClientProxy.java:96) ~[nacos-client-2.0.4.jar:na]
	at com.alibaba.nacos.client.naming.remote.gprc.NamingGrpcClientProxy.<init>(NamingGrpcClientProxy.java:89) ~[nacos-client-2.0.4.jar:na]
	at com.alibaba.nacos.client.naming.remote.NamingClientProxyDelegate.<init>(NamingClientProxyDelegate.java:76) ~[nacos-client-2.0.4.jar:na]
	at com.alibaba.nacos.client.naming.NacosNamingService.init(NacosNamingService.java:95) ~[nacos-client-2.0.4.jar:na]
	at com.alibaba.nacos.client.naming.NacosNamingService.<init>(NacosNamingService.java:81) ~[nacos-client-2.0.4.jar:na]
	at java.base/jdk.internal.reflect.NativeConstructorAccessorImpl.newInstance0(Native Method) ~[na:na]
	at java.base/jdk.internal.reflect.NativeConstructorAccessorImpl.newInstance(NativeConstructorAccessorImpl.java:62) ~[na:na]
	at java.base/jdk.internal.reflect.DelegatingConstructorAccessorImpl.newInstance(DelegatingConstructorAccessorImpl.java:45) ~[na:na]
	at java.base/java.lang.reflect.Constructor.newInstance(Constructor.java:490) ~[na:na]
	at com.alibaba.nacos.api.naming.NamingFactory.createNamingService(NamingFactory.java:59) ~[nacos-client-2.0.4.jar:na]
	at com.alibaba.nacos.api.NacosFactory.createNamingService(NacosFactory.java:77) ~[nacos-client-2.0.4.jar:na]
	at com.alibaba.cloud.nacos.NacosServiceManager.createNewNamingService(NacosServiceManager.java:99) ~[spring-cloud-starter-alibaba-nacos-discovery-2021.0.4.0.jar:2021.0.4.0]
	at com.alibaba.cloud.nacos.NacosServiceManager.buildNamingService(NacosServiceManager.java:90) ~[spring-cloud-starter-alibaba-nacos-discovery-2021.0.4.0.jar:2021.0.4.0]
	at com.alibaba.cloud.nacos.NacosServiceManager.getNamingService(NacosServiceManager.java:46) ~[spring-cloud-starter-alibaba-nacos-discovery-2021.0.4.0.jar:2021.0.4.0]
	at com.alibaba.cloud.nacos.discovery.NacosWatch.stop(NacosWatch.java:173) ~[spring-cloud-starter-alibaba-nacos-discovery-2021.0.4.0.jar:2021.0.4.0]
	at com.alibaba.cloud.nacos.discovery.NacosWatch.destroy(NacosWatch.java:204) ~[spring-cloud-starter-alibaba-nacos-discovery-2021.0.4.0.jar:2021.0.4.0]
	at org.springframework.beans.factory.support.DisposableBeanAdapter.destroy(DisposableBeanAdapter.java:213) ~[spring-beans-5.3.27.jar:5.3.27]
	at org.springframework.beans.factory.support.DefaultSingletonBeanRegistry.destroyBean(DefaultSingletonBeanRegistry.java:587) ~[spring-beans-5.3.27.jar:5.3.27]
	at org.springframework.beans.factory.support.DefaultSingletonBeanRegistry.destroySingleton(DefaultSingletonBeanRegistry.java:559) ~[spring-beans-5.3.27.jar:5.3.27]
	at org.springframework.beans.factory.support.DefaultListableBeanFactory.destroySingleton(DefaultListableBeanFactory.java:1163) ~[spring-beans-5.3.27.jar:5.3.27]
	at org.springframework.beans.factory.support.DefaultSingletonBeanRegistry.destroySingletons(DefaultSingletonBeanRegistry.java:520) ~[spring-beans-5.3.27.jar:5.3.27]
	at org.springframework.beans.factory.support.DefaultListableBeanFactory.destroySingletons(DefaultListableBeanFactory.java:1156) ~[spring-beans-5.3.27.jar:5.3.27]
	at org.springframework.context.support.AbstractApplicationContext.destroyBeans(AbstractApplicationContext.java:1108) ~[spring-context-5.3.27.jar:5.3.27]
	at org.springframework.context.support.AbstractApplicationContext.refresh(AbstractApplicationContext.java:596) ~[spring-context-5.3.27.jar:5.3.27]
	at org.springframework.boot.web.servlet.context.ServletWebServerApplicationContext.refresh(ServletWebServerApplicationContext.java:147) ~[spring-boot-2.7.12.jar:2.7.12]
	at org.springframework.boot.SpringApplication.refresh(SpringApplication.java:731) ~[spring-boot-2.7.12.jar:2.7.12]
	at org.springframework.boot.SpringApplication.refreshContext(SpringApplication.java:408) ~[spring-boot-2.7.12.jar:2.7.12]
	at org.springframework.boot.SpringApplication.run(SpringApplication.java:307) ~[spring-boot-2.7.12.jar:2.7.12]
	at org.springframework.boot.SpringApplication.run(SpringApplication.java:1303) ~[spring-boot-2.7.12.jar:2.7.12]
	at org.springframework.boot.SpringApplication.run(SpringApplication.java:1292) ~[spring-boot-2.7.12.jar:2.7.12]
	at com.hmall.cart.cartApplication.main(cartApplication.java:19) ~[classes/:na]

12:48:50:538  INFO 12016 --- [com.alibaba.nacos.client.remote.worker] com.alibaba.nacos.common.remote.client   : [32ade0da-cb2c-4687-96fe-2051388386c6] Try to reconnect to a new server, server is  not appointed, will choose a random server.
12:48:50:538  INFO 12016 --- [main] com.alibaba.nacos.common.remote.client   : [32ade0da-cb2c-4687-96fe-2051388386c6] Register server push request handler:com.alibaba.nacos.common.remote.client.RpcClient$ConnectResetRequestHandler
12:48:50:538  INFO 12016 --- [main] com.alibaba.nacos.common.remote.client   : [32ade0da-cb2c-4687-96fe-2051388386c6] Register server push request handler:com.alibaba.nacos.common.remote.client.RpcClient$$Lambda$978/0x00000008007e8440
12:48:50:645 ERROR 12016 --- [main] com.alibaba.nacos.common.remote.client   : Send request fail, request = SubscribeServiceRequest{headers={app=unknown}, requestId='null'}, retryTimes = 0, errorMessage = Client not connected, current status:STARTING
12:48:50:753 ERROR 12016 --- [main] com.alibaba.nacos.common.remote.client   : Send request fail, request = SubscribeServiceRequest{headers={app=unknown}, requestId='null'}, retryTimes = 1, errorMessage = Client not connected, current status:STARTING
12:48:50:861 ERROR 12016 --- [main] com.alibaba.nacos.common.remote.client   : Send request fail, request = SubscribeServiceRequest{headers={app=unknown}, requestId='null'}, retryTimes = 2, errorMessage = Client not connected, current status:STARTING
12:48:50:862 ERROR 12016 --- [main] c.a.cloud.nacos.discovery.NacosWatch     : namingService unsubscribe failed, properties:NacosDiscoveryProperties{serverAddr='192.168.150.102:8848', username='', password='', endpoint='', namespace='', watchDelay=30000, logName='', service='cart-service', weight=1.0, clusterName='DEFAULT', group='DEFAULT_GROUP', namingLoadCacheAtStart='false', metadata={preserved.register.source=SPRING_CLOUD}, registerEnabled=true, ip='192.168.220.1', networkInterface='', port=8082, secure=false, accessKey='', secretKey='', heartBeatInterval=null, heartBeatTimeout=null, ipDeleteTimeout=null, instanceEnabled=true, ephemeral=true, failureToleranceEnabled=false}, ipDeleteTimeout=null, failFast=true}

com.alibaba.nacos.api.exception.NacosException: Request nacos server failed: 
	at com.alibaba.nacos.client.naming.remote.gprc.NamingGrpcClientProxy.requestToServer(NamingGrpcClientProxy.java:290) ~[nacos-client-2.0.4.jar:na]
	at com.alibaba.nacos.client.naming.remote.gprc.NamingGrpcClientProxy.doUnsubscribe(NamingGrpcClientProxy.java:260) ~[nacos-client-2.0.4.jar:na]
	at com.alibaba.nacos.client.naming.remote.gprc.NamingGrpcClientProxy.unsubscribe(NamingGrpcClientProxy.java:241) ~[nacos-client-2.0.4.jar:na]
	at com.alibaba.nacos.client.naming.remote.NamingClientProxyDelegate.unsubscribe(NamingClientProxyDelegate.java:157) ~[nacos-client-2.0.4.jar:na]
	at com.alibaba.nacos.client.naming.NacosNamingService.unsubscribe(NacosNamingService.java:417) ~[nacos-client-2.0.4.jar:na]
	at com.alibaba.cloud.nacos.discovery.NacosWatch.stop(NacosWatch.java:174) ~[spring-cloud-starter-alibaba-nacos-discovery-2021.0.4.0.jar:2021.0.4.0]
	at com.alibaba.cloud.nacos.discovery.NacosWatch.destroy(NacosWatch.java:204) ~[spring-cloud-starter-alibaba-nacos-discovery-2021.0.4.0.jar:2021.0.4.0]
	at org.springframework.beans.factory.support.DisposableBeanAdapter.destroy(DisposableBeanAdapter.java:213) ~[spring-beans-5.3.27.jar:5.3.27]
	at org.springframework.beans.factory.support.DefaultSingletonBeanRegistry.destroyBean(DefaultSingletonBeanRegistry.java:587) ~[spring-beans-5.3.27.jar:5.3.27]
	at org.springframework.beans.factory.support.DefaultSingletonBeanRegistry.destroySingleton(DefaultSingletonBeanRegistry.java:559) ~[spring-beans-5.3.27.jar:5.3.27]
	at org.springframework.beans.factory.support.DefaultListableBeanFactory.destroySingleton(DefaultListableBeanFactory.java:1163) ~[spring-beans-5.3.27.jar:5.3.27]
	at org.springframework.beans.factory.support.DefaultSingletonBeanRegistry.destroySingletons(DefaultSingletonBeanRegistry.java:520) ~[spring-beans-5.3.27.jar:5.3.27]
	at org.springframework.beans.factory.support.DefaultListableBeanFactory.destroySingletons(DefaultListableBeanFactory.java:1156) ~[spring-beans-5.3.27.jar:5.3.27]
	at org.springframework.context.support.AbstractApplicationContext.destroyBeans(AbstractApplicationContext.java:1108) ~[spring-context-5.3.27.jar:5.3.27]
	at org.springframework.context.support.AbstractApplicationContext.refresh(AbstractApplicationContext.java:596) ~[spring-context-5.3.27.jar:5.3.27]
	at org.springframework.boot.web.servlet.context.ServletWebServerApplicationContext.refresh(ServletWebServerApplicationContext.java:147) ~[spring-boot-2.7.12.jar:2.7.12]
	at org.springframework.boot.SpringApplication.refresh(SpringApplication.java:731) ~[spring-boot-2.7.12.jar:2.7.12]
	at org.springframework.boot.SpringApplication.refreshContext(SpringApplication.java:408) ~[spring-boot-2.7.12.jar:2.7.12]
	at org.springframework.boot.SpringApplication.run(SpringApplication.java:307) ~[spring-boot-2.7.12.jar:2.7.12]
	at org.springframework.boot.SpringApplication.run(SpringApplication.java:1303) ~[spring-boot-2.7.12.jar:2.7.12]
	at org.springframework.boot.SpringApplication.run(SpringApplication.java:1292) ~[spring-boot-2.7.12.jar:2.7.12]
	at com.hmall.cart.cartApplication.main(cartApplication.java:19) ~[classes/:na]
Caused by: com.alibaba.nacos.api.exception.NacosException: Client not connected, current status:STARTING
	at com.alibaba.nacos.common.remote.client.RpcClient.request(RpcClient.java:650) ~[nacos-client-2.0.4.jar:na]
	at com.alibaba.nacos.common.remote.client.RpcClient.request(RpcClient.java:630) ~[nacos-client-2.0.4.jar:na]
	at com.alibaba.nacos.client.naming.remote.gprc.NamingGrpcClientProxy.requestToServer(NamingGrpcClientProxy.java:280) ~[nacos-client-2.0.4.jar:na]
	... 21 common frames omitted

12:48:51:181  INFO 12016 --- [main] o.apache.catalina.core.StandardService   : Stopping service [Tomcat]
12:48:51:200  INFO 12016 --- [main] ConditionEvaluationReportLoggingListener : 

Error starting ApplicationContext. To display the conditions report re-run your application with 'debug' enabled.
12:48:51:216 ERROR 12016 --- [main] o.s.boot.SpringApplication               : Application run failed

org.springframework.context.ApplicationContextException: Failed to start bean 'webServerStartStop'; nested exception is java.lang.reflect.UndeclaredThrowableException
	at org.springframework.context.support.DefaultLifecycleProcessor.doStart(DefaultLifecycleProcessor.java:181) ~[spring-context-5.3.27.jar:5.3.27]
	at org.springframework.context.support.DefaultLifecycleProcessor.access$200(DefaultLifecycleProcessor.java:54) ~[spring-context-5.3.27.jar:5.3.27]
	at org.springframework.context.support.DefaultLifecycleProcessor$LifecycleGroup.start(DefaultLifecycleProcessor.java:356) ~[spring-context-5.3.27.jar:5.3.27]
	at java.base/java.lang.Iterable.forEach(Iterable.java:75) ~[na:na]
	at org.springframework.context.support.DefaultLifecycleProcessor.startBeans(DefaultLifecycleProcessor.java:155) ~[spring-context-5.3.27.jar:5.3.27]
	at org.springframework.context.support.DefaultLifecycleProcessor.onRefresh(DefaultLifecycleProcessor.java:123) ~[spring-context-5.3.27.jar:5.3.27]
	at org.springframework.context.support.AbstractApplicationContext.finishRefresh(AbstractApplicationContext.java:937) ~[spring-context-5.3.27.jar:5.3.27]
	at org.springframework.context.support.AbstractApplicationContext.refresh(AbstractApplicationContext.java:586) ~[spring-context-5.3.27.jar:5.3.27]
	at org.springframework.boot.web.servlet.context.ServletWebServerApplicationContext.refresh(ServletWebServerApplicationContext.java:147) ~[spring-boot-2.7.12.jar:2.7.12]
	at org.springframework.boot.SpringApplication.refresh(SpringApplication.java:731) ~[spring-boot-2.7.12.jar:2.7.12]
	at org.springframework.boot.SpringApplication.refreshContext(SpringApplication.java:408) ~[spring-boot-2.7.12.jar:2.7.12]
	at org.springframework.boot.SpringApplication.run(SpringApplication.java:307) ~[spring-boot-2.7.12.jar:2.7.12]
	at org.springframework.boot.SpringApplication.run(SpringApplication.java:1303) ~[spring-boot-2.7.12.jar:2.7.12]
	at org.springframework.boot.SpringApplication.run(SpringApplication.java:1292) ~[spring-boot-2.7.12.jar:2.7.12]
	at com.hmall.cart.cartApplication.main(cartApplication.java:19) ~[classes/:na]
Caused by: java.lang.reflect.UndeclaredThrowableException: null
	at org.springframework.util.ReflectionUtils.rethrowRuntimeException(ReflectionUtils.java:147) ~[spring-core-5.3.27.jar:5.3.27]
	at com.alibaba.cloud.nacos.registry.NacosServiceRegistry.register(NacosServiceRegistry.java:82) ~[spring-cloud-starter-alibaba-nacos-discovery-2021.0.4.0.jar:2021.0.4.0]
	at org.springframework.cloud.client.serviceregistry.AbstractAutoServiceRegistration.register(AbstractAutoServiceRegistration.java:232) ~[spring-cloud-commons-3.1.3.jar:3.1.3]
	at com.alibaba.cloud.nacos.registry.NacosAutoServiceRegistration.register(NacosAutoServiceRegistration.java:78) ~[spring-cloud-starter-alibaba-nacos-discovery-2021.0.4.0.jar:2021.0.4.0]
	at org.springframework.cloud.client.serviceregistry.AbstractAutoServiceRegistration.start(AbstractAutoServiceRegistration.java:133) ~[spring-cloud-commons-3.1.3.jar:3.1.3]
	at org.springframework.cloud.client.serviceregistry.AbstractAutoServiceRegistration.bind(AbstractAutoServiceRegistration.java:98) ~[spring-cloud-commons-3.1.3.jar:3.1.3]
	at org.springframework.cloud.client.serviceregistry.AbstractAutoServiceRegistration.onApplicationEvent(AbstractAutoServiceRegistration.java:86) ~[spring-cloud-commons-3.1.3.jar:3.1.3]
	at org.springframework.cloud.client.serviceregistry.AbstractAutoServiceRegistration.onApplicationEvent(AbstractAutoServiceRegistration.java:47) ~[spring-cloud-commons-3.1.3.jar:3.1.3]
	at org.springframework.context.event.SimpleApplicationEventMulticaster.doInvokeListener(SimpleApplicationEventMulticaster.java:176) ~[spring-context-5.3.27.jar:5.3.27]
	at org.springframework.context.event.SimpleApplicationEventMulticaster.invokeListener(SimpleApplicationEventMulticaster.java:169) ~[spring-context-5.3.27.jar:5.3.27]
	at org.springframework.context.event.SimpleApplicationEventMulticaster.multicastEvent(SimpleApplicationEventMulticaster.java:143) ~[spring-context-5.3.27.jar:5.3.27]
	at org.springframework.context.support.AbstractApplicationContext.publishEvent(AbstractApplicationContext.java:421) ~[spring-context-5.3.27.jar:5.3.27]
	at org.springframework.context.support.AbstractApplicationContext.publishEvent(AbstractApplicationContext.java:378) ~[spring-context-5.3.27.jar:5.3.27]
	at org.springframework.boot.web.servlet.context.WebServerStartStopLifecycle.start(WebServerStartStopLifecycle.java:46) ~[spring-boot-2.7.12.jar:2.7.12]
	at org.springframework.context.support.DefaultLifecycleProcessor.doStart(DefaultLifecycleProcessor.java:178) ~[spring-context-5.3.27.jar:5.3.27]
	... 14 common frames omitted
Caused by: com.alibaba.nacos.api.exception.NacosException: Request nacos server failed: 
	at com.alibaba.nacos.client.naming.remote.gprc.NamingGrpcClientProxy.requestToServer(NamingGrpcClientProxy.java:290) ~[nacos-client-2.0.4.jar:na]
	at com.alibaba.nacos.client.naming.remote.gprc.NamingGrpcClientProxy.doRegisterService(NamingGrpcClientProxy.java:129) ~[nacos-client-2.0.4.jar:na]
	at com.alibaba.nacos.client.naming.remote.gprc.NamingGrpcClientProxy.registerService(NamingGrpcClientProxy.java:115) ~[nacos-client-2.0.4.jar:na]
	at com.alibaba.nacos.client.naming.remote.NamingClientProxyDelegate.registerService(NamingClientProxyDelegate.java:94) ~[nacos-client-2.0.4.jar:na]
	at com.alibaba.nacos.client.naming.NacosNamingService.registerInstance(NacosNamingService.java:145) ~[nacos-client-2.0.4.jar:na]
	at com.alibaba.cloud.nacos.registry.NacosServiceRegistry.register(NacosServiceRegistry.java:74) ~[spring-cloud-starter-alibaba-nacos-discovery-2021.0.4.0.jar:2021.0.4.0]
	... 27 common frames omitted
Caused by: com.alibaba.nacos.api.exception.NacosException: Client not connected, current status:STARTING
	at com.alibaba.nacos.common.remote.client.RpcClient.request(RpcClient.java:650) ~[nacos-client-2.0.4.jar:na]
	at com.alibaba.nacos.common.remote.client.RpcClient.request(RpcClient.java:630) ~[nacos-client-2.0.4.jar:na]
	at com.alibaba.nacos.client.naming.remote.gprc.NamingGrpcClientProxy.requestToServer(NamingGrpcClientProxy.java:280) ~[nacos-client-2.0.4.jar:na]
	... 32 common frames omitted

12:48:51:217  WARN 12016 --- [Thread-4] c.a.nacos.common.notify.NotifyCenter     : [NotifyCenter] Start destroying Publisher
12:48:51:217  WARN 12016 --- [Thread-7] c.a.n.common.http.HttpClientBeanHolder   : [HttpClientBeanHolder] Start destroying common HttpClient
12:48:51:217  WARN 12016 --- [Thread-4] c.a.nacos.common.notify.NotifyCenter     : [NotifyCenter] Destruction of the end
12:48:51:217  WARN 12016 --- [Thread-7] c.a.n.common.http.HttpClientBeanHolder   : [HttpClientBeanHolder] Destruction of the end
12:52:39:983  INFO 19076 --- [main] com.hmall.cart.cartApplication           : Starting cartApplication using Java 11.0.25 on LAPTOP-16OT1L5F with PID 19076 (G:\BaiduNetdiskDownload\SpringCloud微服务—资料\day02-Docker\资料\hmall\cart-service\target\classes started by 18071 in G:\BaiduNetdiskDownload\SpringCloud微服务—资料\day02-Docker\资料\hmall)
12:52:39:985 DEBUG 19076 --- [main] com.hmall.cart.cartApplication           : Running with Spring Boot v2.7.12, Spring v5.3.27
12:52:39:986  INFO 19076 --- [main] com.hmall.cart.cartApplication           : The following 1 profile is active: "dev"
12:52:40:806  INFO 19076 --- [main] o.s.cloud.context.scope.GenericScope     : BeanFactory id=11e7d811-1b0a-3c1c-a655-3734c08927f9
12:52:41:082  INFO 19076 --- [main] o.s.b.w.embedded.tomcat.TomcatWebServer  : Tomcat initialized with port(s): 8082 (http)
12:52:41:090  INFO 19076 --- [main] o.apache.catalina.core.StandardService   : Starting service [Tomcat]
12:52:41:090  INFO 19076 --- [main] org.apache.catalina.core.StandardEngine  : Starting Servlet engine: [Apache Tomcat/9.0.75]
12:52:41:214  INFO 19076 --- [main] o.a.c.c.C.[Tomcat].[localhost].[/]       : Initializing Spring embedded WebApplicationContext
12:52:41:214  INFO 19076 --- [main] w.s.c.ServletWebServerApplicationContext : Root WebApplicationContext: initialization completed in 1191 ms
12:52:41:371  INFO 19076 --- [main] o.s.c.openfeign.FeignClientFactoryBean   : For 'item-service' URL not provided. Will try picking an instance via load-balancing.
12:52:43:500  INFO 19076 --- [main] pertySourcedRequestMappingHandlerMapping : Mapped URL path [/v2/api-docs] onto method [springfox.documentation.swagger2.web.Swagger2ControllerWebMvc#getDocumentation(String, HttpServletRequest)]
12:52:44:140  INFO 19076 --- [main] com.alibaba.nacos.common.remote.client   : [RpcClientFactory] create a new rpc client of 279119be-aa07-4957-9d9c-9486e6b7f4c0
12:52:44:182  INFO 19076 --- [main] org.reflections.Reflections              : Reflections took 22 ms to scan 1 urls, producing 3 keys and 6 values 
12:52:44:205  INFO 19076 --- [main] org.reflections.Reflections              : Reflections took 7 ms to scan 1 urls, producing 4 keys and 9 values 
12:52:44:214  INFO 19076 --- [main] org.reflections.Reflections              : Reflections took 6 ms to scan 1 urls, producing 3 keys and 10 values 
12:52:44:216  WARN 19076 --- [main] org.reflections.Reflections              : given scan urls are empty. set urls in the configuration
12:52:44:222  INFO 19076 --- [main] org.reflections.Reflections              : Reflections took 5 ms to scan 1 urls, producing 1 keys and 5 values 
12:52:44:231  INFO 19076 --- [main] org.reflections.Reflections              : Reflections took 6 ms to scan 1 urls, producing 1 keys and 7 values 
12:52:44:239  INFO 19076 --- [main] org.reflections.Reflections              : Reflections took 6 ms to scan 1 urls, producing 2 keys and 8 values 
12:52:44:241  WARN 19076 --- [main] org.reflections.Reflections              : given scan urls are empty. set urls in the configuration
12:52:44:242  INFO 19076 --- [main] com.alibaba.nacos.common.remote.client   : [279119be-aa07-4957-9d9c-9486e6b7f4c0] RpcClient init label, labels = {module=naming, source=sdk}
12:52:44:243  INFO 19076 --- [main] com.alibaba.nacos.common.remote.client   : [279119be-aa07-4957-9d9c-9486e6b7f4c0] RpcClient init, ServerListFactory = com.alibaba.nacos.client.naming.core.ServerListManager
12:52:44:244  INFO 19076 --- [main] com.alibaba.nacos.common.remote.client   : [279119be-aa07-4957-9d9c-9486e6b7f4c0] Registry connection listener to current client:com.alibaba.nacos.client.naming.remote.gprc.redo.NamingGrpcRedoService
12:52:44:244  INFO 19076 --- [main] com.alibaba.nacos.common.remote.client   : [279119be-aa07-4957-9d9c-9486e6b7f4c0] Register server push request handler:com.alibaba.nacos.client.naming.remote.gprc.NamingPushRequestHandler
12:52:44:245  INFO 19076 --- [main] com.alibaba.nacos.common.remote.client   : [279119be-aa07-4957-9d9c-9486e6b7f4c0] Try to connect to server on start up, server: {serverIp = '192.168.150.102', server main port = 8848}
12:52:48:080 ERROR 19076 --- [main] c.a.n.c.remote.client.grpc.GrpcClient    : Server check fail, please check server 192.168.150.102 ,port 9848 is available , error ={}

java.util.concurrent.TimeoutException: Waited 3000 milliseconds (plus 10 milliseconds, 379400 nanoseconds delay) for com.alibaba.nacos.shaded.io.grpc.stub.ClientCalls$GrpcFuture@f60c14e[status=PENDING, info=[GrpcFuture{clientCall={delegate={delegate=ClientCallImpl{method=MethodDescriptor{fullMethodName=Request/request, type=UNARY, idempotent=false, safe=false, sampledToLocalTracing=true, requestMarshaller=com.alibaba.nacos.shaded.io.grpc.protobuf.lite.ProtoLiteUtils$MessageMarshaller@43ca96a0, responseMarshaller=com.alibaba.nacos.shaded.io.grpc.protobuf.lite.ProtoLiteUtils$MessageMarshaller@7c68a63c, schemaDescriptor=com.alibaba.nacos.api.grpc.auto.RequestGrpc$RequestMethodDescriptorSupplier@5443086a}}}}}]]
	at com.alibaba.nacos.shaded.com.google.common.util.concurrent.AbstractFuture.get(AbstractFuture.java:508) ~[nacos-client-2.0.4.jar:na]
	at com.alibaba.nacos.common.remote.client.grpc.GrpcClient.serverCheck(GrpcClient.java:148) ~[nacos-client-2.0.4.jar:na]
	at com.alibaba.nacos.common.remote.client.grpc.GrpcClient.connectToServer(GrpcClient.java:264) ~[nacos-client-2.0.4.jar:na]
	at com.alibaba.nacos.common.remote.client.RpcClient.start(RpcClient.java:390) ~[nacos-client-2.0.4.jar:na]
	at com.alibaba.nacos.client.naming.remote.gprc.NamingGrpcClientProxy.start(NamingGrpcClientProxy.java:96) ~[nacos-client-2.0.4.jar:na]
	at com.alibaba.nacos.client.naming.remote.gprc.NamingGrpcClientProxy.<init>(NamingGrpcClientProxy.java:89) ~[nacos-client-2.0.4.jar:na]
	at com.alibaba.nacos.client.naming.remote.NamingClientProxyDelegate.<init>(NamingClientProxyDelegate.java:76) ~[nacos-client-2.0.4.jar:na]
	at com.alibaba.nacos.client.naming.NacosNamingService.init(NacosNamingService.java:95) ~[nacos-client-2.0.4.jar:na]
	at com.alibaba.nacos.client.naming.NacosNamingService.<init>(NacosNamingService.java:81) ~[nacos-client-2.0.4.jar:na]
	at java.base/jdk.internal.reflect.NativeConstructorAccessorImpl.newInstance0(Native Method) ~[na:na]
	at java.base/jdk.internal.reflect.NativeConstructorAccessorImpl.newInstance(NativeConstructorAccessorImpl.java:62) ~[na:na]
	at java.base/jdk.internal.reflect.DelegatingConstructorAccessorImpl.newInstance(DelegatingConstructorAccessorImpl.java:45) ~[na:na]
	at java.base/java.lang.reflect.Constructor.newInstance(Constructor.java:490) ~[na:na]
	at com.alibaba.nacos.api.naming.NamingFactory.createNamingService(NamingFactory.java:59) ~[nacos-client-2.0.4.jar:na]
	at com.alibaba.nacos.api.NacosFactory.createNamingService(NacosFactory.java:77) ~[nacos-client-2.0.4.jar:na]
	at com.alibaba.cloud.nacos.NacosServiceManager.createNewNamingService(NacosServiceManager.java:99) ~[spring-cloud-starter-alibaba-nacos-discovery-2021.0.4.0.jar:2021.0.4.0]
	at com.alibaba.cloud.nacos.NacosServiceManager.buildNamingService(NacosServiceManager.java:90) ~[spring-cloud-starter-alibaba-nacos-discovery-2021.0.4.0.jar:2021.0.4.0]
	at com.alibaba.cloud.nacos.NacosServiceManager.getNamingService(NacosServiceManager.java:46) ~[spring-cloud-starter-alibaba-nacos-discovery-2021.0.4.0.jar:2021.0.4.0]
	at com.alibaba.cloud.nacos.discovery.NacosWatch.start(NacosWatch.java:130) ~[spring-cloud-starter-alibaba-nacos-discovery-2021.0.4.0.jar:2021.0.4.0]
	at org.springframework.context.support.DefaultLifecycleProcessor.doStart(DefaultLifecycleProcessor.java:178) ~[spring-context-5.3.27.jar:5.3.27]
	at org.springframework.context.support.DefaultLifecycleProcessor.access$200(DefaultLifecycleProcessor.java:54) ~[spring-context-5.3.27.jar:5.3.27]
	at org.springframework.context.support.DefaultLifecycleProcessor$LifecycleGroup.start(DefaultLifecycleProcessor.java:356) ~[spring-context-5.3.27.jar:5.3.27]
	at java.base/java.lang.Iterable.forEach(Iterable.java:75) ~[na:na]
	at org.springframework.context.support.DefaultLifecycleProcessor.startBeans(DefaultLifecycleProcessor.java:155) ~[spring-context-5.3.27.jar:5.3.27]
	at org.springframework.context.support.DefaultLifecycleProcessor.onRefresh(DefaultLifecycleProcessor.java:123) ~[spring-context-5.3.27.jar:5.3.27]
	at org.springframework.context.support.AbstractApplicationContext.finishRefresh(AbstractApplicationContext.java:937) ~[spring-context-5.3.27.jar:5.3.27]
	at org.springframework.context.support.AbstractApplicationContext.refresh(AbstractApplicationContext.java:586) ~[spring-context-5.3.27.jar:5.3.27]
	at org.springframework.boot.web.servlet.context.ServletWebServerApplicationContext.refresh(ServletWebServerApplicationContext.java:147) ~[spring-boot-2.7.12.jar:2.7.12]
	at org.springframework.boot.SpringApplication.refresh(SpringApplication.java:731) ~[spring-boot-2.7.12.jar:2.7.12]
	at org.springframework.boot.SpringApplication.refreshContext(SpringApplication.java:408) ~[spring-boot-2.7.12.jar:2.7.12]
	at org.springframework.boot.SpringApplication.run(SpringApplication.java:307) ~[spring-boot-2.7.12.jar:2.7.12]
	at org.springframework.boot.SpringApplication.run(SpringApplication.java:1303) ~[spring-boot-2.7.12.jar:2.7.12]
	at org.springframework.boot.SpringApplication.run(SpringApplication.java:1292) ~[spring-boot-2.7.12.jar:2.7.12]
	at com.hmall.cart.cartApplication.main(cartApplication.java:19) ~[classes/:na]

12:52:48:087  INFO 19076 --- [main] com.alibaba.nacos.common.remote.client   : [279119be-aa07-4957-9d9c-9486e6b7f4c0] Try to connect to server on start up, server: {serverIp = '192.168.150.102', server main port = 8848}
12:52:51:099 ERROR 19076 --- [main] c.a.n.c.remote.client.grpc.GrpcClient    : Server check fail, please check server 192.168.150.102 ,port 9848 is available , error ={}

java.util.concurrent.TimeoutException: Waited 3000 milliseconds (plus 9 milliseconds, 637000 nanoseconds delay) for com.alibaba.nacos.shaded.io.grpc.stub.ClientCalls$GrpcFuture@3ea6faf0[status=PENDING, info=[GrpcFuture{clientCall={delegate={delegate=ClientCallImpl{method=MethodDescriptor{fullMethodName=Request/request, type=UNARY, idempotent=false, safe=false, sampledToLocalTracing=true, requestMarshaller=com.alibaba.nacos.shaded.io.grpc.protobuf.lite.ProtoLiteUtils$MessageMarshaller@43ca96a0, responseMarshaller=com.alibaba.nacos.shaded.io.grpc.protobuf.lite.ProtoLiteUtils$MessageMarshaller@7c68a63c, schemaDescriptor=com.alibaba.nacos.api.grpc.auto.RequestGrpc$RequestMethodDescriptorSupplier@5443086a}}}}}]]
	at com.alibaba.nacos.shaded.com.google.common.util.concurrent.AbstractFuture.get(AbstractFuture.java:508) ~[nacos-client-2.0.4.jar:na]
	at com.alibaba.nacos.common.remote.client.grpc.GrpcClient.serverCheck(GrpcClient.java:148) ~[nacos-client-2.0.4.jar:na]
	at com.alibaba.nacos.common.remote.client.grpc.GrpcClient.connectToServer(GrpcClient.java:264) ~[nacos-client-2.0.4.jar:na]
	at com.alibaba.nacos.common.remote.client.RpcClient.start(RpcClient.java:390) ~[nacos-client-2.0.4.jar:na]
	at com.alibaba.nacos.client.naming.remote.gprc.NamingGrpcClientProxy.start(NamingGrpcClientProxy.java:96) ~[nacos-client-2.0.4.jar:na]
	at com.alibaba.nacos.client.naming.remote.gprc.NamingGrpcClientProxy.<init>(NamingGrpcClientProxy.java:89) ~[nacos-client-2.0.4.jar:na]
	at com.alibaba.nacos.client.naming.remote.NamingClientProxyDelegate.<init>(NamingClientProxyDelegate.java:76) ~[nacos-client-2.0.4.jar:na]
	at com.alibaba.nacos.client.naming.NacosNamingService.init(NacosNamingService.java:95) ~[nacos-client-2.0.4.jar:na]
	at com.alibaba.nacos.client.naming.NacosNamingService.<init>(NacosNamingService.java:81) ~[nacos-client-2.0.4.jar:na]
	at java.base/jdk.internal.reflect.NativeConstructorAccessorImpl.newInstance0(Native Method) ~[na:na]
	at java.base/jdk.internal.reflect.NativeConstructorAccessorImpl.newInstance(NativeConstructorAccessorImpl.java:62) ~[na:na]
	at java.base/jdk.internal.reflect.DelegatingConstructorAccessorImpl.newInstance(DelegatingConstructorAccessorImpl.java:45) ~[na:na]
	at java.base/java.lang.reflect.Constructor.newInstance(Constructor.java:490) ~[na:na]
	at com.alibaba.nacos.api.naming.NamingFactory.createNamingService(NamingFactory.java:59) ~[nacos-client-2.0.4.jar:na]
	at com.alibaba.nacos.api.NacosFactory.createNamingService(NacosFactory.java:77) ~[nacos-client-2.0.4.jar:na]
	at com.alibaba.cloud.nacos.NacosServiceManager.createNewNamingService(NacosServiceManager.java:99) ~[spring-cloud-starter-alibaba-nacos-discovery-2021.0.4.0.jar:2021.0.4.0]
	at com.alibaba.cloud.nacos.NacosServiceManager.buildNamingService(NacosServiceManager.java:90) ~[spring-cloud-starter-alibaba-nacos-discovery-2021.0.4.0.jar:2021.0.4.0]
	at com.alibaba.cloud.nacos.NacosServiceManager.getNamingService(NacosServiceManager.java:46) ~[spring-cloud-starter-alibaba-nacos-discovery-2021.0.4.0.jar:2021.0.4.0]
	at com.alibaba.cloud.nacos.discovery.NacosWatch.start(NacosWatch.java:130) ~[spring-cloud-starter-alibaba-nacos-discovery-2021.0.4.0.jar:2021.0.4.0]
	at org.springframework.context.support.DefaultLifecycleProcessor.doStart(DefaultLifecycleProcessor.java:178) ~[spring-context-5.3.27.jar:5.3.27]
	at org.springframework.context.support.DefaultLifecycleProcessor.access$200(DefaultLifecycleProcessor.java:54) ~[spring-context-5.3.27.jar:5.3.27]
	at org.springframework.context.support.DefaultLifecycleProcessor$LifecycleGroup.start(DefaultLifecycleProcessor.java:356) ~[spring-context-5.3.27.jar:5.3.27]
	at java.base/java.lang.Iterable.forEach(Iterable.java:75) ~[na:na]
	at org.springframework.context.support.DefaultLifecycleProcessor.startBeans(DefaultLifecycleProcessor.java:155) ~[spring-context-5.3.27.jar:5.3.27]
	at org.springframework.context.support.DefaultLifecycleProcessor.onRefresh(DefaultLifecycleProcessor.java:123) ~[spring-context-5.3.27.jar:5.3.27]
	at org.springframework.context.support.AbstractApplicationContext.finishRefresh(AbstractApplicationContext.java:937) ~[spring-context-5.3.27.jar:5.3.27]
	at org.springframework.context.support.AbstractApplicationContext.refresh(AbstractApplicationContext.java:586) ~[spring-context-5.3.27.jar:5.3.27]
	at org.springframework.boot.web.servlet.context.ServletWebServerApplicationContext.refresh(ServletWebServerApplicationContext.java:147) ~[spring-boot-2.7.12.jar:2.7.12]
	at org.springframework.boot.SpringApplication.refresh(SpringApplication.java:731) ~[spring-boot-2.7.12.jar:2.7.12]
	at org.springframework.boot.SpringApplication.refreshContext(SpringApplication.java:408) ~[spring-boot-2.7.12.jar:2.7.12]
	at org.springframework.boot.SpringApplication.run(SpringApplication.java:307) ~[spring-boot-2.7.12.jar:2.7.12]
	at org.springframework.boot.SpringApplication.run(SpringApplication.java:1303) ~[spring-boot-2.7.12.jar:2.7.12]
	at org.springframework.boot.SpringApplication.run(SpringApplication.java:1292) ~[spring-boot-2.7.12.jar:2.7.12]
	at com.hmall.cart.cartApplication.main(cartApplication.java:19) ~[classes/:na]

12:52:51:100  INFO 19076 --- [main] com.alibaba.nacos.common.remote.client   : [279119be-aa07-4957-9d9c-9486e6b7f4c0] Try to connect to server on start up, server: {serverIp = '192.168.150.102', server main port = 8848}
12:52:54:107 ERROR 19076 --- [main] c.a.n.c.remote.client.grpc.GrpcClient    : Server check fail, please check server 192.168.150.102 ,port 9848 is available , error ={}

java.util.concurrent.TimeoutException: Waited 3000 milliseconds (plus 5 milliseconds, 440900 nanoseconds delay) for com.alibaba.nacos.shaded.io.grpc.stub.ClientCalls$GrpcFuture@6e337ba1[status=PENDING, info=[GrpcFuture{clientCall={delegate={delegate=ClientCallImpl{method=MethodDescriptor{fullMethodName=Request/request, type=UNARY, idempotent=false, safe=false, sampledToLocalTracing=true, requestMarshaller=com.alibaba.nacos.shaded.io.grpc.protobuf.lite.ProtoLiteUtils$MessageMarshaller@43ca96a0, responseMarshaller=com.alibaba.nacos.shaded.io.grpc.protobuf.lite.ProtoLiteUtils$MessageMarshaller@7c68a63c, schemaDescriptor=com.alibaba.nacos.api.grpc.auto.RequestGrpc$RequestMethodDescriptorSupplier@5443086a}}}}}]]
	at com.alibaba.nacos.shaded.com.google.common.util.concurrent.AbstractFuture.get(AbstractFuture.java:508) ~[nacos-client-2.0.4.jar:na]
	at com.alibaba.nacos.common.remote.client.grpc.GrpcClient.serverCheck(GrpcClient.java:148) ~[nacos-client-2.0.4.jar:na]
	at com.alibaba.nacos.common.remote.client.grpc.GrpcClient.connectToServer(GrpcClient.java:264) ~[nacos-client-2.0.4.jar:na]
	at com.alibaba.nacos.common.remote.client.RpcClient.start(RpcClient.java:390) ~[nacos-client-2.0.4.jar:na]
	at com.alibaba.nacos.client.naming.remote.gprc.NamingGrpcClientProxy.start(NamingGrpcClientProxy.java:96) ~[nacos-client-2.0.4.jar:na]
	at com.alibaba.nacos.client.naming.remote.gprc.NamingGrpcClientProxy.<init>(NamingGrpcClientProxy.java:89) ~[nacos-client-2.0.4.jar:na]
	at com.alibaba.nacos.client.naming.remote.NamingClientProxyDelegate.<init>(NamingClientProxyDelegate.java:76) ~[nacos-client-2.0.4.jar:na]
	at com.alibaba.nacos.client.naming.NacosNamingService.init(NacosNamingService.java:95) ~[nacos-client-2.0.4.jar:na]
	at com.alibaba.nacos.client.naming.NacosNamingService.<init>(NacosNamingService.java:81) ~[nacos-client-2.0.4.jar:na]
	at java.base/jdk.internal.reflect.NativeConstructorAccessorImpl.newInstance0(Native Method) ~[na:na]
	at java.base/jdk.internal.reflect.NativeConstructorAccessorImpl.newInstance(NativeConstructorAccessorImpl.java:62) ~[na:na]
	at java.base/jdk.internal.reflect.DelegatingConstructorAccessorImpl.newInstance(DelegatingConstructorAccessorImpl.java:45) ~[na:na]
	at java.base/java.lang.reflect.Constructor.newInstance(Constructor.java:490) ~[na:na]
	at com.alibaba.nacos.api.naming.NamingFactory.createNamingService(NamingFactory.java:59) ~[nacos-client-2.0.4.jar:na]
	at com.alibaba.nacos.api.NacosFactory.createNamingService(NacosFactory.java:77) ~[nacos-client-2.0.4.jar:na]
	at com.alibaba.cloud.nacos.NacosServiceManager.createNewNamingService(NacosServiceManager.java:99) ~[spring-cloud-starter-alibaba-nacos-discovery-2021.0.4.0.jar:2021.0.4.0]
	at com.alibaba.cloud.nacos.NacosServiceManager.buildNamingService(NacosServiceManager.java:90) ~[spring-cloud-starter-alibaba-nacos-discovery-2021.0.4.0.jar:2021.0.4.0]
	at com.alibaba.cloud.nacos.NacosServiceManager.getNamingService(NacosServiceManager.java:46) ~[spring-cloud-starter-alibaba-nacos-discovery-2021.0.4.0.jar:2021.0.4.0]
	at com.alibaba.cloud.nacos.discovery.NacosWatch.start(NacosWatch.java:130) ~[spring-cloud-starter-alibaba-nacos-discovery-2021.0.4.0.jar:2021.0.4.0]
	at org.springframework.context.support.DefaultLifecycleProcessor.doStart(DefaultLifecycleProcessor.java:178) ~[spring-context-5.3.27.jar:5.3.27]
	at org.springframework.context.support.DefaultLifecycleProcessor.access$200(DefaultLifecycleProcessor.java:54) ~[spring-context-5.3.27.jar:5.3.27]
	at org.springframework.context.support.DefaultLifecycleProcessor$LifecycleGroup.start(DefaultLifecycleProcessor.java:356) ~[spring-context-5.3.27.jar:5.3.27]
	at java.base/java.lang.Iterable.forEach(Iterable.java:75) ~[na:na]
	at org.springframework.context.support.DefaultLifecycleProcessor.startBeans(DefaultLifecycleProcessor.java:155) ~[spring-context-5.3.27.jar:5.3.27]
	at org.springframework.context.support.DefaultLifecycleProcessor.onRefresh(DefaultLifecycleProcessor.java:123) ~[spring-context-5.3.27.jar:5.3.27]
	at org.springframework.context.support.AbstractApplicationContext.finishRefresh(AbstractApplicationContext.java:937) ~[spring-context-5.3.27.jar:5.3.27]
	at org.springframework.context.support.AbstractApplicationContext.refresh(AbstractApplicationContext.java:586) ~[spring-context-5.3.27.jar:5.3.27]
	at org.springframework.boot.web.servlet.context.ServletWebServerApplicationContext.refresh(ServletWebServerApplicationContext.java:147) ~[spring-boot-2.7.12.jar:2.7.12]
	at org.springframework.boot.SpringApplication.refresh(SpringApplication.java:731) ~[spring-boot-2.7.12.jar:2.7.12]
	at org.springframework.boot.SpringApplication.refreshContext(SpringApplication.java:408) ~[spring-boot-2.7.12.jar:2.7.12]
	at org.springframework.boot.SpringApplication.run(SpringApplication.java:307) ~[spring-boot-2.7.12.jar:2.7.12]
	at org.springframework.boot.SpringApplication.run(SpringApplication.java:1303) ~[spring-boot-2.7.12.jar:2.7.12]
	at org.springframework.boot.SpringApplication.run(SpringApplication.java:1292) ~[spring-boot-2.7.12.jar:2.7.12]
	at com.hmall.cart.cartApplication.main(cartApplication.java:19) ~[classes/:na]

12:52:54:108  INFO 19076 --- [com.alibaba.nacos.client.remote.worker] com.alibaba.nacos.common.remote.client   : [279119be-aa07-4957-9d9c-9486e6b7f4c0] Try to reconnect to a new server, server is  not appointed, will choose a random server.
12:52:54:109  INFO 19076 --- [main] com.alibaba.nacos.common.remote.client   : [279119be-aa07-4957-9d9c-9486e6b7f4c0] Register server push request handler:com.alibaba.nacos.common.remote.client.RpcClient$ConnectResetRequestHandler
12:52:54:109  INFO 19076 --- [main] com.alibaba.nacos.common.remote.client   : [279119be-aa07-4957-9d9c-9486e6b7f4c0] Register server push request handler:com.alibaba.nacos.common.remote.client.RpcClient$$Lambda$978/0x0000000800734840
12:52:54:230 ERROR 19076 --- [main] com.alibaba.nacos.common.remote.client   : Send request fail, request = SubscribeServiceRequest{headers={app=unknown}, requestId='null'}, retryTimes = 0, errorMessage = Client not connected, current status:STARTING
12:52:54:339 ERROR 19076 --- [main] com.alibaba.nacos.common.remote.client   : Send request fail, request = SubscribeServiceRequest{headers={app=unknown}, requestId='null'}, retryTimes = 1, errorMessage = Client not connected, current status:STARTING
12:52:54:447 ERROR 19076 --- [main] com.alibaba.nacos.common.remote.client   : Send request fail, request = SubscribeServiceRequest{headers={app=unknown}, requestId='null'}, retryTimes = 2, errorMessage = Client not connected, current status:STARTING
12:52:54:447 ERROR 19076 --- [main] c.a.cloud.nacos.discovery.NacosWatch     : namingService subscribe failed, properties:NacosDiscoveryProperties{serverAddr='192.168.150.102:8848', username='', password='', endpoint='', namespace='', watchDelay=30000, logName='', service='cart-service', weight=1.0, clusterName='DEFAULT', group='DEFAULT_GROUP', namingLoadCacheAtStart='false', metadata={preserved.register.source=SPRING_CLOUD}, registerEnabled=true, ip='192.168.220.1', networkInterface='', port=-1, secure=false, accessKey='', secretKey='', heartBeatInterval=null, heartBeatTimeout=null, ipDeleteTimeout=null, instanceEnabled=true, ephemeral=true, failureToleranceEnabled=false}, ipDeleteTimeout=null, failFast=true}

com.alibaba.nacos.api.exception.NacosException: Request nacos server failed: 
	at com.alibaba.nacos.client.naming.remote.gprc.NamingGrpcClientProxy.requestToServer(NamingGrpcClientProxy.java:290) ~[nacos-client-2.0.4.jar:na]
	at com.alibaba.nacos.client.naming.remote.gprc.NamingGrpcClientProxy.doSubscribe(NamingGrpcClientProxy.java:230) ~[nacos-client-2.0.4.jar:na]
	at com.alibaba.nacos.client.naming.remote.gprc.NamingGrpcClientProxy.subscribe(NamingGrpcClientProxy.java:215) ~[nacos-client-2.0.4.jar:na]
	at com.alibaba.nacos.client.naming.remote.NamingClientProxyDelegate.subscribe(NamingClientProxyDelegate.java:147) ~[nacos-client-2.0.4.jar:na]
	at com.alibaba.nacos.client.naming.NacosNamingService.subscribe(NacosNamingService.java:393) ~[nacos-client-2.0.4.jar:na]
	at com.alibaba.cloud.nacos.discovery.NacosWatch.start(NacosWatch.java:132) ~[spring-cloud-starter-alibaba-nacos-discovery-2021.0.4.0.jar:2021.0.4.0]
	at org.springframework.context.support.DefaultLifecycleProcessor.doStart(DefaultLifecycleProcessor.java:178) ~[spring-context-5.3.27.jar:5.3.27]
	at org.springframework.context.support.DefaultLifecycleProcessor.access$200(DefaultLifecycleProcessor.java:54) ~[spring-context-5.3.27.jar:5.3.27]
	at org.springframework.context.support.DefaultLifecycleProcessor$LifecycleGroup.start(DefaultLifecycleProcessor.java:356) ~[spring-context-5.3.27.jar:5.3.27]
	at java.base/java.lang.Iterable.forEach(Iterable.java:75) ~[na:na]
	at org.springframework.context.support.DefaultLifecycleProcessor.startBeans(DefaultLifecycleProcessor.java:155) ~[spring-context-5.3.27.jar:5.3.27]
	at org.springframework.context.support.DefaultLifecycleProcessor.onRefresh(DefaultLifecycleProcessor.java:123) ~[spring-context-5.3.27.jar:5.3.27]
	at org.springframework.context.support.AbstractApplicationContext.finishRefresh(AbstractApplicationContext.java:937) ~[spring-context-5.3.27.jar:5.3.27]
	at org.springframework.context.support.AbstractApplicationContext.refresh(AbstractApplicationContext.java:586) ~[spring-context-5.3.27.jar:5.3.27]
	at org.springframework.boot.web.servlet.context.ServletWebServerApplicationContext.refresh(ServletWebServerApplicationContext.java:147) ~[spring-boot-2.7.12.jar:2.7.12]
	at org.springframework.boot.SpringApplication.refresh(SpringApplication.java:731) ~[spring-boot-2.7.12.jar:2.7.12]
	at org.springframework.boot.SpringApplication.refreshContext(SpringApplication.java:408) ~[spring-boot-2.7.12.jar:2.7.12]
	at org.springframework.boot.SpringApplication.run(SpringApplication.java:307) ~[spring-boot-2.7.12.jar:2.7.12]
	at org.springframework.boot.SpringApplication.run(SpringApplication.java:1303) ~[spring-boot-2.7.12.jar:2.7.12]
	at org.springframework.boot.SpringApplication.run(SpringApplication.java:1292) ~[spring-boot-2.7.12.jar:2.7.12]
	at com.hmall.cart.cartApplication.main(cartApplication.java:19) ~[classes/:na]
Caused by: com.alibaba.nacos.api.exception.NacosException: Client not connected, current status:STARTING
	at com.alibaba.nacos.common.remote.client.RpcClient.request(RpcClient.java:650) ~[nacos-client-2.0.4.jar:na]
	at com.alibaba.nacos.common.remote.client.RpcClient.request(RpcClient.java:630) ~[nacos-client-2.0.4.jar:na]
	at com.alibaba.nacos.client.naming.remote.gprc.NamingGrpcClientProxy.requestToServer(NamingGrpcClientProxy.java:280) ~[nacos-client-2.0.4.jar:na]
	... 20 common frames omitted

12:52:54:461  INFO 19076 --- [main] o.s.b.w.embedded.tomcat.TomcatWebServer  : Tomcat started on port(s): 8082 (http) with context path ''
12:52:54:570 ERROR 19076 --- [main] com.alibaba.nacos.common.remote.client   : Send request fail, request = InstanceRequest{headers={app=unknown}, requestId='null'}, retryTimes = 0, errorMessage = Client not connected, current status:STARTING
12:52:54:679 ERROR 19076 --- [main] com.alibaba.nacos.common.remote.client   : Send request fail, request = InstanceRequest{headers={app=unknown}, requestId='null'}, retryTimes = 1, errorMessage = Client not connected, current status:STARTING
12:52:54:787 ERROR 19076 --- [main] com.alibaba.nacos.common.remote.client   : Send request fail, request = InstanceRequest{headers={app=unknown}, requestId='null'}, retryTimes = 2, errorMessage = Client not connected, current status:STARTING
12:52:54:788 ERROR 19076 --- [main] c.a.c.n.registry.NacosServiceRegistry    : nacos registry, cart-service register failed...NacosRegistration{nacosDiscoveryProperties=NacosDiscoveryProperties{serverAddr='192.168.150.102:8848', username='', password='', endpoint='', namespace='', watchDelay=30000, logName='', service='cart-service', weight=1.0, clusterName='DEFAULT', group='DEFAULT_GROUP', namingLoadCacheAtStart='false', metadata={preserved.register.source=SPRING_CLOUD}, registerEnabled=true, ip='192.168.220.1', networkInterface='', port=8082, secure=false, accessKey='', secretKey='', heartBeatInterval=null, heartBeatTimeout=null, ipDeleteTimeout=null, instanceEnabled=true, ephemeral=true, failureToleranceEnabled=false}, ipDeleteTimeout=null, failFast=true}},

com.alibaba.nacos.api.exception.NacosException: Request nacos server failed: 
	at com.alibaba.nacos.client.naming.remote.gprc.NamingGrpcClientProxy.requestToServer(NamingGrpcClientProxy.java:290) ~[nacos-client-2.0.4.jar:na]
	at com.alibaba.nacos.client.naming.remote.gprc.NamingGrpcClientProxy.doRegisterService(NamingGrpcClientProxy.java:129) ~[nacos-client-2.0.4.jar:na]
	at com.alibaba.nacos.client.naming.remote.gprc.NamingGrpcClientProxy.registerService(NamingGrpcClientProxy.java:115) ~[nacos-client-2.0.4.jar:na]
	at com.alibaba.nacos.client.naming.remote.NamingClientProxyDelegate.registerService(NamingClientProxyDelegate.java:94) ~[nacos-client-2.0.4.jar:na]
	at com.alibaba.nacos.client.naming.NacosNamingService.registerInstance(NacosNamingService.java:145) ~[nacos-client-2.0.4.jar:na]
	at com.alibaba.cloud.nacos.registry.NacosServiceRegistry.register(NacosServiceRegistry.java:74) ~[spring-cloud-starter-alibaba-nacos-discovery-2021.0.4.0.jar:2021.0.4.0]
	at org.springframework.cloud.client.serviceregistry.AbstractAutoServiceRegistration.register(AbstractAutoServiceRegistration.java:232) ~[spring-cloud-commons-3.1.3.jar:3.1.3]
	at com.alibaba.cloud.nacos.registry.NacosAutoServiceRegistration.register(NacosAutoServiceRegistration.java:78) ~[spring-cloud-starter-alibaba-nacos-discovery-2021.0.4.0.jar:2021.0.4.0]
	at org.springframework.cloud.client.serviceregistry.AbstractAutoServiceRegistration.start(AbstractAutoServiceRegistration.java:133) ~[spring-cloud-commons-3.1.3.jar:3.1.3]
	at org.springframework.cloud.client.serviceregistry.AbstractAutoServiceRegistration.bind(AbstractAutoServiceRegistration.java:98) ~[spring-cloud-commons-3.1.3.jar:3.1.3]
	at org.springframework.cloud.client.serviceregistry.AbstractAutoServiceRegistration.onApplicationEvent(AbstractAutoServiceRegistration.java:86) ~[spring-cloud-commons-3.1.3.jar:3.1.3]
	at org.springframework.cloud.client.serviceregistry.AbstractAutoServiceRegistration.onApplicationEvent(AbstractAutoServiceRegistration.java:47) ~[spring-cloud-commons-3.1.3.jar:3.1.3]
	at org.springframework.context.event.SimpleApplicationEventMulticaster.doInvokeListener(SimpleApplicationEventMulticaster.java:176) ~[spring-context-5.3.27.jar:5.3.27]
	at org.springframework.context.event.SimpleApplicationEventMulticaster.invokeListener(SimpleApplicationEventMulticaster.java:169) ~[spring-context-5.3.27.jar:5.3.27]
	at org.springframework.context.event.SimpleApplicationEventMulticaster.multicastEvent(SimpleApplicationEventMulticaster.java:143) ~[spring-context-5.3.27.jar:5.3.27]
	at org.springframework.context.support.AbstractApplicationContext.publishEvent(AbstractApplicationContext.java:421) ~[spring-context-5.3.27.jar:5.3.27]
	at org.springframework.context.support.AbstractApplicationContext.publishEvent(AbstractApplicationContext.java:378) ~[spring-context-5.3.27.jar:5.3.27]
	at org.springframework.boot.web.servlet.context.WebServerStartStopLifecycle.start(WebServerStartStopLifecycle.java:46) ~[spring-boot-2.7.12.jar:2.7.12]
	at org.springframework.context.support.DefaultLifecycleProcessor.doStart(DefaultLifecycleProcessor.java:178) ~[spring-context-5.3.27.jar:5.3.27]
	at org.springframework.context.support.DefaultLifecycleProcessor.access$200(DefaultLifecycleProcessor.java:54) ~[spring-context-5.3.27.jar:5.3.27]
	at org.springframework.context.support.DefaultLifecycleProcessor$LifecycleGroup.start(DefaultLifecycleProcessor.java:356) ~[spring-context-5.3.27.jar:5.3.27]
	at java.base/java.lang.Iterable.forEach(Iterable.java:75) ~[na:na]
	at org.springframework.context.support.DefaultLifecycleProcessor.startBeans(DefaultLifecycleProcessor.java:155) ~[spring-context-5.3.27.jar:5.3.27]
	at org.springframework.context.support.DefaultLifecycleProcessor.onRefresh(DefaultLifecycleProcessor.java:123) ~[spring-context-5.3.27.jar:5.3.27]
	at org.springframework.context.support.AbstractApplicationContext.finishRefresh(AbstractApplicationContext.java:937) ~[spring-context-5.3.27.jar:5.3.27]
	at org.springframework.context.support.AbstractApplicationContext.refresh(AbstractApplicationContext.java:586) ~[spring-context-5.3.27.jar:5.3.27]
	at org.springframework.boot.web.servlet.context.ServletWebServerApplicationContext.refresh(ServletWebServerApplicationContext.java:147) ~[spring-boot-2.7.12.jar:2.7.12]
	at org.springframework.boot.SpringApplication.refresh(SpringApplication.java:731) ~[spring-boot-2.7.12.jar:2.7.12]
	at org.springframework.boot.SpringApplication.refreshContext(SpringApplication.java:408) ~[spring-boot-2.7.12.jar:2.7.12]
	at org.springframework.boot.SpringApplication.run(SpringApplication.java:307) ~[spring-boot-2.7.12.jar:2.7.12]
	at org.springframework.boot.SpringApplication.run(SpringApplication.java:1303) ~[spring-boot-2.7.12.jar:2.7.12]
	at org.springframework.boot.SpringApplication.run(SpringApplication.java:1292) ~[spring-boot-2.7.12.jar:2.7.12]
	at com.hmall.cart.cartApplication.main(cartApplication.java:19) ~[classes/:na]
Caused by: com.alibaba.nacos.api.exception.NacosException: Client not connected, current status:STARTING
	at com.alibaba.nacos.common.remote.client.RpcClient.request(RpcClient.java:650) ~[nacos-client-2.0.4.jar:na]
	at com.alibaba.nacos.common.remote.client.RpcClient.request(RpcClient.java:630) ~[nacos-client-2.0.4.jar:na]
	at com.alibaba.nacos.client.naming.remote.gprc.NamingGrpcClientProxy.requestToServer(NamingGrpcClientProxy.java:280) ~[nacos-client-2.0.4.jar:na]
	... 32 common frames omitted

12:52:54:788  WARN 19076 --- [main] ConfigServletWebServerApplicationContext : Exception encountered during context initialization - cancelling refresh attempt: org.springframework.context.ApplicationContextException: Failed to start bean 'webServerStartStop'; nested exception is java.lang.reflect.UndeclaredThrowableException
12:52:55:114  INFO 19076 --- [main] com.alibaba.nacos.common.remote.client   : Shutdown rpc client, set status to shutdown
12:52:55:114  INFO 19076 --- [main] com.alibaba.nacos.common.remote.client   : Shutdown client event executor java.util.concurrent.ScheduledThreadPoolExecutor@63318b56[Running, pool size = 2, active threads = 2, queued tasks = 0, completed tasks = 0]
12:52:55:114  INFO 19076 --- [main] c.a.n.c.remote.client.grpc.GrpcClient    : Shutdown grpc executor java.util.concurrent.ThreadPoolExecutor@19e5e110[Running, pool size = 3, active threads = 0, queued tasks = 0, completed tasks = 3]
12:52:55:115 ERROR 19076 --- [com.alibaba.nacos.client.remote.worker] c.a.n.c.remote.client.grpc.GrpcClient    : Server check fail, please check server 192.168.150.102 ,port 9848 is available , error ={}

java.lang.InterruptedException: null
	at com.alibaba.nacos.shaded.com.google.common.util.concurrent.AbstractFuture.get(AbstractFuture.java:438) ~[nacos-client-2.0.4.jar:na]
	at com.alibaba.nacos.common.remote.client.grpc.GrpcClient.serverCheck(GrpcClient.java:148) ~[nacos-client-2.0.4.jar:na]
	at com.alibaba.nacos.common.remote.client.grpc.GrpcClient.connectToServer(GrpcClient.java:264) ~[nacos-client-2.0.4.jar:na]
	at com.alibaba.nacos.common.remote.client.RpcClient.reconnect(RpcClient.java:522) ~[nacos-client-2.0.4.jar:na]
	at com.alibaba.nacos.common.remote.client.RpcClient.lambda$start$2(RpcClient.java:370) ~[nacos-client-2.0.4.jar:na]
	at java.base/java.util.concurrent.Executors$RunnableAdapter.call(Executors.java:515) ~[na:na]
	at java.base/java.util.concurrent.FutureTask.run(FutureTask.java:264) ~[na:na]
	at java.base/java.util.concurrent.ScheduledThreadPoolExecutor$ScheduledFutureTask.run(ScheduledThreadPoolExecutor.java:304) ~[na:na]
	at java.base/java.util.concurrent.ThreadPoolExecutor.runWorker(ThreadPoolExecutor.java:1128) ~[na:na]
	at java.base/java.util.concurrent.ThreadPoolExecutor$Worker.run(ThreadPoolExecutor.java:628) ~[na:na]
	at java.base/java.lang.Thread.run(Thread.java:829) ~[na:na]

12:52:55:115 ERROR 19076 --- [com.alibaba.nacos.client.remote.worker] c.a.n.c.remote.client.grpc.GrpcClient    : [279119be-aa07-4957-9d9c-9486e6b7f4c0]Fail to connect to server!,error={}

java.util.concurrent.RejectedExecutionException: Task com.alibaba.nacos.shaded.io.grpc.internal.SerializingExecutor@7d0829ac rejected from java.util.concurrent.ThreadPoolExecutor@19e5e110[Terminated, pool size = 0, active threads = 0, queued tasks = 0, completed tasks = 3]
	at java.base/java.util.concurrent.ThreadPoolExecutor$AbortPolicy.rejectedExecution(ThreadPoolExecutor.java:2055) ~[na:na]
	at java.base/java.util.concurrent.ThreadPoolExecutor.reject(ThreadPoolExecutor.java:825) ~[na:na]
	at java.base/java.util.concurrent.ThreadPoolExecutor.execute(ThreadPoolExecutor.java:1355) ~[na:na]
	at com.alibaba.nacos.shaded.io.grpc.internal.SerializingExecutor.schedule(SerializingExecutor.java:93) ~[nacos-client-2.0.4.jar:na]
	at com.alibaba.nacos.shaded.io.grpc.internal.SerializingExecutor.execute(SerializingExecutor.java:86) ~[nacos-client-2.0.4.jar:na]
	at com.alibaba.nacos.shaded.io.grpc.internal.ClientCallImpl$ClientStreamListenerImpl.closedInternal(ClientCallImpl.java:696) ~[nacos-client-2.0.4.jar:na]
	at com.alibaba.nacos.shaded.io.grpc.internal.ClientCallImpl$ClientStreamListenerImpl.closed(ClientCallImpl.java:646) ~[nacos-client-2.0.4.jar:na]
	at com.alibaba.nacos.shaded.io.grpc.internal.ClientCallImpl$ClientStreamListenerImpl.closed(ClientCallImpl.java:639) ~[nacos-client-2.0.4.jar:na]
	at com.alibaba.nacos.shaded.io.grpc.internal.DelayedStream.cancel(DelayedStream.java:302) ~[nacos-client-2.0.4.jar:na]
	at com.alibaba.nacos.shaded.io.grpc.internal.DelayedClientTransport$PendingStream.cancel(DelayedClientTransport.java:363) ~[nacos-client-2.0.4.jar:na]
	at com.alibaba.nacos.shaded.io.grpc.internal.DelayedClientTransport.shutdownNow(DelayedClientTransport.java:241) ~[nacos-client-2.0.4.jar:na]
	at com.alibaba.nacos.shaded.io.grpc.internal.ManagedChannelImpl$UncommittedRetriableStreamsRegistry.onShutdownNow(ManagedChannelImpl.java:1021) ~[nacos-client-2.0.4.jar:na]
	at com.alibaba.nacos.shaded.io.grpc.internal.ManagedChannelImpl.shutdownNow(ManagedChannelImpl.java:752) ~[nacos-client-2.0.4.jar:na]
	at com.alibaba.nacos.shaded.io.grpc.internal.ManagedChannelImpl.shutdownNow(ManagedChannelImpl.java:105) ~[nacos-client-2.0.4.jar:na]
	at com.alibaba.nacos.shaded.io.grpc.internal.ForwardingManagedChannel.shutdownNow(ForwardingManagedChannel.java:52) ~[nacos-client-2.0.4.jar:na]
	at com.alibaba.nacos.shaded.io.grpc.internal.ManagedChannelOrphanWrapper.shutdownNow(ManagedChannelOrphanWrapper.java:66) ~[nacos-client-2.0.4.jar:na]
	at com.alibaba.nacos.common.remote.client.grpc.GrpcClient.shuntDownChannel(GrpcClient.java:130) ~[nacos-client-2.0.4.jar:na]
	at com.alibaba.nacos.common.remote.client.grpc.GrpcClient.connectToServer(GrpcClient.java:266) ~[nacos-client-2.0.4.jar:na]
	at com.alibaba.nacos.common.remote.client.RpcClient.reconnect(RpcClient.java:522) ~[nacos-client-2.0.4.jar:na]
	at com.alibaba.nacos.common.remote.client.RpcClient.lambda$start$2(RpcClient.java:370) ~[nacos-client-2.0.4.jar:na]
	at java.base/java.util.concurrent.Executors$RunnableAdapter.call(Executors.java:515) ~[na:na]
	at java.base/java.util.concurrent.FutureTask.run(FutureTask.java:264) ~[na:na]
	at java.base/java.util.concurrent.ScheduledThreadPoolExecutor$ScheduledFutureTask.run(ScheduledThreadPoolExecutor.java:304) ~[na:na]
	at java.base/java.util.concurrent.ThreadPoolExecutor.runWorker(ThreadPoolExecutor.java:1128) ~[na:na]
	at java.base/java.util.concurrent.ThreadPoolExecutor$Worker.run(ThreadPoolExecutor.java:628) ~[na:na]
	at java.base/java.lang.Thread.run(Thread.java:829) ~[na:na]

12:52:55:116  INFO 19076 --- [main] com.alibaba.nacos.common.remote.client   : [RpcClientFactory] create a new rpc client of c700f779-50f3-4a8e-b056-c67629a1f1cb
12:52:55:116  INFO 19076 --- [main] com.alibaba.nacos.common.remote.client   : [c700f779-50f3-4a8e-b056-c67629a1f1cb] RpcClient init label, labels = {module=naming, source=sdk}
12:52:55:116  INFO 19076 --- [main] com.alibaba.nacos.common.remote.client   : [c700f779-50f3-4a8e-b056-c67629a1f1cb] RpcClient init, ServerListFactory = com.alibaba.nacos.client.naming.core.ServerListManager
12:52:55:116  INFO 19076 --- [main] com.alibaba.nacos.common.remote.client   : [c700f779-50f3-4a8e-b056-c67629a1f1cb] Registry connection listener to current client:com.alibaba.nacos.client.naming.remote.gprc.redo.NamingGrpcRedoService
12:52:55:116  INFO 19076 --- [main] com.alibaba.nacos.common.remote.client   : [c700f779-50f3-4a8e-b056-c67629a1f1cb] Register server push request handler:com.alibaba.nacos.client.naming.remote.gprc.NamingPushRequestHandler
12:52:55:116  INFO 19076 --- [main] com.alibaba.nacos.common.remote.client   : [c700f779-50f3-4a8e-b056-c67629a1f1cb] Try to connect to server on start up, server: {serverIp = '192.168.150.102', server main port = 8848}
12:52:55:220  INFO 19076 --- [com.alibaba.nacos.client.remote.worker] com.alibaba.nacos.common.remote.client   : [279119be-aa07-4957-9d9c-9486e6b7f4c0] Client is shutdown, stop reconnect to server
12:52:55:942  WARN 19076 --- [Thread-4] c.a.nacos.common.notify.NotifyCenter     : [NotifyCenter] Start destroying Publisher
12:52:55:942  WARN 19076 --- [Thread-7] c.a.n.common.http.HttpClientBeanHolder   : [HttpClientBeanHolder] Start destroying common HttpClient
12:52:55:942  WARN 19076 --- [Thread-4] c.a.nacos.common.notify.NotifyCenter     : [NotifyCenter] Destruction of the end
12:52:55:943  WARN 19076 --- [Thread-7] c.a.n.common.http.HttpClientBeanHolder   : [HttpClientBeanHolder] Destruction of the end
12:52:58:123 ERROR 19076 --- [main] c.a.n.c.remote.client.grpc.GrpcClient    : Server check fail, please check server 192.168.150.102 ,port 9848 is available , error ={}

java.util.concurrent.TimeoutException: Waited 3000 milliseconds (plus 5 milliseconds, 209000 nanoseconds delay) for com.alibaba.nacos.shaded.io.grpc.stub.ClientCalls$GrpcFuture@5764d421[status=PENDING, info=[GrpcFuture{clientCall={delegate={delegate=ClientCallImpl{method=MethodDescriptor{fullMethodName=Request/request, type=UNARY, idempotent=false, safe=false, sampledToLocalTracing=true, requestMarshaller=com.alibaba.nacos.shaded.io.grpc.protobuf.lite.ProtoLiteUtils$MessageMarshaller@43ca96a0, responseMarshaller=com.alibaba.nacos.shaded.io.grpc.protobuf.lite.ProtoLiteUtils$MessageMarshaller@7c68a63c, schemaDescriptor=com.alibaba.nacos.api.grpc.auto.RequestGrpc$RequestMethodDescriptorSupplier@5443086a}}}}}]]
	at com.alibaba.nacos.shaded.com.google.common.util.concurrent.AbstractFuture.get(AbstractFuture.java:508) ~[nacos-client-2.0.4.jar:na]
	at com.alibaba.nacos.common.remote.client.grpc.GrpcClient.serverCheck(GrpcClient.java:148) ~[nacos-client-2.0.4.jar:na]
	at com.alibaba.nacos.common.remote.client.grpc.GrpcClient.connectToServer(GrpcClient.java:264) ~[nacos-client-2.0.4.jar:na]
	at com.alibaba.nacos.common.remote.client.RpcClient.start(RpcClient.java:390) ~[nacos-client-2.0.4.jar:na]
	at com.alibaba.nacos.client.naming.remote.gprc.NamingGrpcClientProxy.start(NamingGrpcClientProxy.java:96) ~[nacos-client-2.0.4.jar:na]
	at com.alibaba.nacos.client.naming.remote.gprc.NamingGrpcClientProxy.<init>(NamingGrpcClientProxy.java:89) ~[nacos-client-2.0.4.jar:na]
	at com.alibaba.nacos.client.naming.remote.NamingClientProxyDelegate.<init>(NamingClientProxyDelegate.java:76) ~[nacos-client-2.0.4.jar:na]
	at com.alibaba.nacos.client.naming.NacosNamingService.init(NacosNamingService.java:95) ~[nacos-client-2.0.4.jar:na]
	at com.alibaba.nacos.client.naming.NacosNamingService.<init>(NacosNamingService.java:81) ~[nacos-client-2.0.4.jar:na]
	at java.base/jdk.internal.reflect.NativeConstructorAccessorImpl.newInstance0(Native Method) ~[na:na]
	at java.base/jdk.internal.reflect.NativeConstructorAccessorImpl.newInstance(NativeConstructorAccessorImpl.java:62) ~[na:na]
	at java.base/jdk.internal.reflect.DelegatingConstructorAccessorImpl.newInstance(DelegatingConstructorAccessorImpl.java:45) ~[na:na]
	at java.base/java.lang.reflect.Constructor.newInstance(Constructor.java:490) ~[na:na]
	at com.alibaba.nacos.api.naming.NamingFactory.createNamingService(NamingFactory.java:59) ~[nacos-client-2.0.4.jar:na]
	at com.alibaba.nacos.api.NacosFactory.createNamingService(NacosFactory.java:77) ~[nacos-client-2.0.4.jar:na]
	at com.alibaba.cloud.nacos.NacosServiceManager.createNewNamingService(NacosServiceManager.java:99) ~[spring-cloud-starter-alibaba-nacos-discovery-2021.0.4.0.jar:2021.0.4.0]
	at com.alibaba.cloud.nacos.NacosServiceManager.buildNamingService(NacosServiceManager.java:90) ~[spring-cloud-starter-alibaba-nacos-discovery-2021.0.4.0.jar:2021.0.4.0]
	at com.alibaba.cloud.nacos.NacosServiceManager.getNamingService(NacosServiceManager.java:46) ~[spring-cloud-starter-alibaba-nacos-discovery-2021.0.4.0.jar:2021.0.4.0]
	at com.alibaba.cloud.nacos.discovery.NacosWatch.stop(NacosWatch.java:173) ~[spring-cloud-starter-alibaba-nacos-discovery-2021.0.4.0.jar:2021.0.4.0]
	at com.alibaba.cloud.nacos.discovery.NacosWatch.destroy(NacosWatch.java:204) ~[spring-cloud-starter-alibaba-nacos-discovery-2021.0.4.0.jar:2021.0.4.0]
	at org.springframework.beans.factory.support.DisposableBeanAdapter.destroy(DisposableBeanAdapter.java:213) ~[spring-beans-5.3.27.jar:5.3.27]
	at org.springframework.beans.factory.support.DefaultSingletonBeanRegistry.destroyBean(DefaultSingletonBeanRegistry.java:587) ~[spring-beans-5.3.27.jar:5.3.27]
	at org.springframework.beans.factory.support.DefaultSingletonBeanRegistry.destroySingleton(DefaultSingletonBeanRegistry.java:559) ~[spring-beans-5.3.27.jar:5.3.27]
	at org.springframework.beans.factory.support.DefaultListableBeanFactory.destroySingleton(DefaultListableBeanFactory.java:1163) ~[spring-beans-5.3.27.jar:5.3.27]
	at org.springframework.beans.factory.support.DefaultSingletonBeanRegistry.destroySingletons(DefaultSingletonBeanRegistry.java:520) ~[spring-beans-5.3.27.jar:5.3.27]
	at org.springframework.beans.factory.support.DefaultListableBeanFactory.destroySingletons(DefaultListableBeanFactory.java:1156) ~[spring-beans-5.3.27.jar:5.3.27]
	at org.springframework.context.support.AbstractApplicationContext.destroyBeans(AbstractApplicationContext.java:1108) ~[spring-context-5.3.27.jar:5.3.27]
	at org.springframework.context.support.AbstractApplicationContext.refresh(AbstractApplicationContext.java:596) ~[spring-context-5.3.27.jar:5.3.27]
	at org.springframework.boot.web.servlet.context.ServletWebServerApplicationContext.refresh(ServletWebServerApplicationContext.java:147) ~[spring-boot-2.7.12.jar:2.7.12]
	at org.springframework.boot.SpringApplication.refresh(SpringApplication.java:731) ~[spring-boot-2.7.12.jar:2.7.12]
	at org.springframework.boot.SpringApplication.refreshContext(SpringApplication.java:408) ~[spring-boot-2.7.12.jar:2.7.12]
	at org.springframework.boot.SpringApplication.run(SpringApplication.java:307) ~[spring-boot-2.7.12.jar:2.7.12]
	at org.springframework.boot.SpringApplication.run(SpringApplication.java:1303) ~[spring-boot-2.7.12.jar:2.7.12]
	at org.springframework.boot.SpringApplication.run(SpringApplication.java:1292) ~[spring-boot-2.7.12.jar:2.7.12]
	at com.hmall.cart.cartApplication.main(cartApplication.java:19) ~[classes/:na]

12:52:58:124  INFO 19076 --- [main] com.alibaba.nacos.common.remote.client   : [c700f779-50f3-4a8e-b056-c67629a1f1cb] Try to connect to server on start up, server: {serverIp = '192.168.150.102', server main port = 8848}
13:23:39:714  INFO 20952 --- [main] com.hmall.cart.cartApplication           : Starting cartApplication using Java 11.0.25 on LAPTOP-16OT1L5F with PID 20952 (G:\BaiduNetdiskDownload\SpringCloud微服务—资料\day02-Docker\资料\hmall\cart-service\target\classes started by 18071 in G:\BaiduNetdiskDownload\SpringCloud微服务—资料\day02-Docker\资料\hmall)
13:23:39:716 DEBUG 20952 --- [main] com.hmall.cart.cartApplication           : Running with Spring Boot v2.7.12, Spring v5.3.27
13:23:39:716  INFO 20952 --- [main] com.hmall.cart.cartApplication           : The following 1 profile is active: "dev"
13:23:40:615  INFO 20952 --- [main] o.s.cloud.context.scope.GenericScope     : BeanFactory id=11e7d811-1b0a-3c1c-a655-3734c08927f9
13:23:40:917  INFO 20952 --- [main] o.s.b.w.embedded.tomcat.TomcatWebServer  : Tomcat initialized with port(s): 8082 (http)
13:23:40:927  INFO 20952 --- [main] o.apache.catalina.core.StandardService   : Starting service [Tomcat]
13:23:40:927  INFO 20952 --- [main] org.apache.catalina.core.StandardEngine  : Starting Servlet engine: [Apache Tomcat/9.0.75]
13:23:41:053  INFO 20952 --- [main] o.a.c.c.C.[Tomcat].[localhost].[/]       : Initializing Spring embedded WebApplicationContext
13:23:41:053  INFO 20952 --- [main] w.s.c.ServletWebServerApplicationContext : Root WebApplicationContext: initialization completed in 1298 ms
13:23:41:221  INFO 20952 --- [main] o.s.c.openfeign.FeignClientFactoryBean   : For 'item-service' URL not provided. Will try picking an instance via load-balancing.
13:23:43:450  INFO 20952 --- [main] pertySourcedRequestMappingHandlerMapping : Mapped URL path [/v2/api-docs] onto method [springfox.documentation.swagger2.web.Swagger2ControllerWebMvc#getDocumentation(String, HttpServletRequest)]
13:23:44:110  INFO 20952 --- [main] com.alibaba.nacos.common.remote.client   : [RpcClientFactory] create a new rpc client of 9a4728bf-46a9-4ef8-952d-07e3fd732a54
13:23:44:153  INFO 20952 --- [main] org.reflections.Reflections              : Reflections took 23 ms to scan 1 urls, producing 3 keys and 6 values 
13:23:44:177  INFO 20952 --- [main] org.reflections.Reflections              : Reflections took 8 ms to scan 1 urls, producing 4 keys and 9 values 
13:23:44:186  INFO 20952 --- [main] org.reflections.Reflections              : Reflections took 6 ms to scan 1 urls, producing 3 keys and 10 values 
13:23:44:188  WARN 20952 --- [main] org.reflections.Reflections              : given scan urls are empty. set urls in the configuration
13:23:44:195  INFO 20952 --- [main] org.reflections.Reflections              : Reflections took 5 ms to scan 1 urls, producing 1 keys and 5 values 
13:23:44:203  INFO 20952 --- [main] org.reflections.Reflections              : Reflections took 6 ms to scan 1 urls, producing 1 keys and 7 values 
13:23:44:211  INFO 20952 --- [main] org.reflections.Reflections              : Reflections took 6 ms to scan 1 urls, producing 2 keys and 8 values 
13:23:44:214  WARN 20952 --- [main] org.reflections.Reflections              : given scan urls are empty. set urls in the configuration
13:23:44:215  INFO 20952 --- [main] com.alibaba.nacos.common.remote.client   : [9a4728bf-46a9-4ef8-952d-07e3fd732a54] RpcClient init label, labels = {module=naming, source=sdk}
13:23:44:216  INFO 20952 --- [main] com.alibaba.nacos.common.remote.client   : [9a4728bf-46a9-4ef8-952d-07e3fd732a54] RpcClient init, ServerListFactory = com.alibaba.nacos.client.naming.core.ServerListManager
13:23:44:216  INFO 20952 --- [main] com.alibaba.nacos.common.remote.client   : [9a4728bf-46a9-4ef8-952d-07e3fd732a54] Registry connection listener to current client:com.alibaba.nacos.client.naming.remote.gprc.redo.NamingGrpcRedoService
13:23:44:217  INFO 20952 --- [main] com.alibaba.nacos.common.remote.client   : [9a4728bf-46a9-4ef8-952d-07e3fd732a54] Register server push request handler:com.alibaba.nacos.client.naming.remote.gprc.NamingPushRequestHandler
13:23:44:218  INFO 20952 --- [main] com.alibaba.nacos.common.remote.client   : [9a4728bf-46a9-4ef8-952d-07e3fd732a54] Try to connect to server on start up, server: {serverIp = '192.168.150.102', server main port = 8848}
13:23:46:157  INFO 20952 --- [main] com.alibaba.nacos.common.remote.client   : [9a4728bf-46a9-4ef8-952d-07e3fd732a54] Success to connect to server [192.168.150.102:8848] on start up, connectionId = 1777008225084_192.168.150.1_62505
13:23:46:158  INFO 20952 --- [com.alibaba.nacos.client.remote.worker] com.alibaba.nacos.common.remote.client   : [9a4728bf-46a9-4ef8-952d-07e3fd732a54] Notify connected event to listeners.
13:23:46:159  INFO 20952 --- [main] com.alibaba.nacos.common.remote.client   : [9a4728bf-46a9-4ef8-952d-07e3fd732a54] Register server push request handler:com.alibaba.nacos.common.remote.client.RpcClient$ConnectResetRequestHandler
13:23:46:160  INFO 20952 --- [main] com.alibaba.nacos.common.remote.client   : [9a4728bf-46a9-4ef8-952d-07e3fd732a54] Register server push request handler:com.alibaba.nacos.common.remote.client.RpcClient$$Lambda$977/0x00000008006d2c40
13:23:46:228  INFO 20952 --- [main] o.s.b.w.embedded.tomcat.TomcatWebServer  : Tomcat started on port(s): 8082 (http) with context path ''
13:23:46:244  INFO 20952 --- [main] c.a.c.n.registry.NacosServiceRegistry    : nacos registry, DEFAULT_GROUP cart-service 192.168.220.1:8082 register finished
13:23:46:741  INFO 20952 --- [main] d.s.w.p.DocumentationPluginsBootstrapper : Documentation plugins bootstrapped
13:23:46:743  INFO 20952 --- [main] d.s.w.p.DocumentationPluginsBootstrapper : Found 1 custom documentation plugin(s)
13:23:46:763  INFO 20952 --- [main] s.d.s.w.s.ApiListingReferenceScanner     : Scanning for api listing references
13:23:46:787  INFO 20952 --- [nacos-grpc-client-executor-11] com.alibaba.nacos.common.remote.client   : [9a4728bf-46a9-4ef8-952d-07e3fd732a54] Receive server push request, request = NotifySubscriberRequest, requestId = 1
13:23:46:796  INFO 20952 --- [nacos-grpc-client-executor-11] com.alibaba.nacos.common.remote.client   : [9a4728bf-46a9-4ef8-952d-07e3fd732a54] Ack server push request, request = NotifySubscriberRequest, requestId = 1
13:23:46:838  INFO 20952 --- [main] com.hmall.cart.cartApplication           : Started cartApplication in 9.446 seconds (JVM running for 10.69)
13:23:51:639  WARN 20952 --- [Thread-4] c.a.nacos.common.notify.NotifyCenter     : [NotifyCenter] Start destroying Publisher
13:23:51:639  WARN 20952 --- [Thread-7] c.a.n.common.http.HttpClientBeanHolder   : [HttpClientBeanHolder] Start destroying common HttpClient
13:23:51:640  WARN 20952 --- [Thread-4] c.a.nacos.common.notify.NotifyCenter     : [NotifyCenter] Destruction of the end
13:23:51:641  WARN 20952 --- [Thread-7] c.a.n.common.http.HttpClientBeanHolder   : [HttpClientBeanHolder] Destruction of the end
13:23:51:984  INFO 20952 --- [SpringApplicationShutdownHook] c.a.c.n.registry.NacosServiceRegistry    : De-registering from Nacos Server now...
13:23:51:990  INFO 20952 --- [SpringApplicationShutdownHook] c.a.c.n.registry.NacosServiceRegistry    : De-registration finished.
13:23:52:492  INFO 20952 --- [nacos-grpc-client-executor-17] com.alibaba.nacos.common.remote.client   : [9a4728bf-46a9-4ef8-952d-07e3fd732a54] Receive server push request, request = NotifySubscriberRequest, requestId = 2
13:23:52:507  INFO 20952 --- [nacos-grpc-client-executor-17] com.alibaba.nacos.common.remote.client   : [9a4728bf-46a9-4ef8-952d-07e3fd732a54] Ack server push request, request = NotifySubscriberRequest, requestId = 2
13:23:52:634  INFO 20952 --- [SpringApplicationShutdownHook] com.alibaba.nacos.common.remote.client   : Shutdown rpc client, set status to shutdown
13:23:52:634  INFO 20952 --- [SpringApplicationShutdownHook] com.alibaba.nacos.common.remote.client   : Shutdown client event executor java.util.concurrent.ScheduledThreadPoolExecutor@7456ee5[Running, pool size = 2, active threads = 2, queued tasks = 0, completed tasks = 0]
13:23:52:634  INFO 20952 --- [SpringApplicationShutdownHook] com.alibaba.nacos.common.remote.client   : Close current connection 1777008225084_192.168.150.1_62505
13:23:52:636  INFO 20952 --- [nacos-grpc-client-executor-18] c.a.n.c.remote.client.grpc.GrpcClient    : [1777008225084_192.168.150.1_62505]Ignore complete event,isRunning:false,isAbandon=false
13:23:52:638  INFO 20952 --- [SpringApplicationShutdownHook] c.a.n.c.remote.client.grpc.GrpcClient    : Shutdown grpc executor java.util.concurrent.ThreadPoolExecutor@105251dd[Running, pool size = 19, active threads = 0, queued tasks = 0, completed tasks = 19]
14:30:56:606  INFO 14780 --- [main] com.hmall.cart.cartApplication           : Starting cartApplication using Java 11.0.31 on LAPTOP-16OT1L5F with PID 14780 (G:\hmall\backend\cart-service\target\classes started by 18071 in G:\hmall\backend)
14:30:56:609 DEBUG 14780 --- [main] com.hmall.cart.cartApplication           : Running with Spring Boot v2.7.12, Spring v5.3.27
14:30:56:609  INFO 14780 --- [main] com.hmall.cart.cartApplication           : The following 1 profile is active: "dev"
14:30:57:649  INFO 14780 --- [main] o.s.cloud.context.scope.GenericScope     : BeanFactory id=0e1baee2-d450-3668-bf79-8d0f8c86cbc8
14:30:58:016  INFO 14780 --- [main] o.s.b.w.embedded.tomcat.TomcatWebServer  : Tomcat initialized with port(s): 8082 (http)
14:30:58:026  INFO 14780 --- [main] o.apache.catalina.core.StandardService   : Starting service [Tomcat]
14:30:58:026  INFO 14780 --- [main] org.apache.catalina.core.StandardEngine  : Starting Servlet engine: [Apache Tomcat/9.0.75]
14:30:58:188  INFO 14780 --- [main] o.a.c.c.C.[Tomcat].[localhost].[/]       : Initializing Spring embedded WebApplicationContext
14:30:58:189  INFO 14780 --- [main] w.s.c.ServletWebServerApplicationContext : Root WebApplicationContext: initialization completed in 1526 ms
14:30:58:409  INFO 14780 --- [main] o.s.c.openfeign.FeignClientFactoryBean   : For 'item-service' URL not provided. Will try picking an instance via load-balancing.
14:31:01:818  INFO 14780 --- [main] pertySourcedRequestMappingHandlerMapping : Mapped URL path [/v2/api-docs] onto method [springfox.documentation.swagger2.web.Swagger2ControllerWebMvc#getDocumentation(String, HttpServletRequest)]
14:31:02:703  INFO 14780 --- [main] com.alibaba.nacos.common.remote.client   : [RpcClientFactory] create a new rpc client of 92383fa3-c800-4cfa-89f5-33b92803ce16
14:31:02:756  INFO 14780 --- [main] org.reflections.Reflections              : Reflections took 27 ms to scan 1 urls, producing 3 keys and 6 values 
14:31:02:785  INFO 14780 --- [main] org.reflections.Reflections              : Reflections took 9 ms to scan 1 urls, producing 4 keys and 9 values 
14:31:02:796  INFO 14780 --- [main] org.reflections.Reflections              : Reflections took 8 ms to scan 1 urls, producing 3 keys and 10 values 
14:31:02:800  WARN 14780 --- [main] org.reflections.Reflections              : given scan urls are empty. set urls in the configuration
14:31:02:810  INFO 14780 --- [main] org.reflections.Reflections              : Reflections took 9 ms to scan 1 urls, producing 1 keys and 5 values 
14:31:02:830  INFO 14780 --- [main] org.reflections.Reflections              : Reflections took 17 ms to scan 1 urls, producing 1 keys and 7 values 
14:31:02:843  INFO 14780 --- [main] org.reflections.Reflections              : Reflections took 10 ms to scan 1 urls, producing 2 keys and 8 values 
14:31:02:847  WARN 14780 --- [main] org.reflections.Reflections              : given scan urls are empty. set urls in the configuration
14:31:02:848  INFO 14780 --- [main] com.alibaba.nacos.common.remote.client   : [92383fa3-c800-4cfa-89f5-33b92803ce16] RpcClient init label, labels = {module=naming, source=sdk}
14:31:02:851  INFO 14780 --- [main] com.alibaba.nacos.common.remote.client   : [92383fa3-c800-4cfa-89f5-33b92803ce16] RpcClient init, ServerListFactory = com.alibaba.nacos.client.naming.core.ServerListManager
14:31:02:852  INFO 14780 --- [main] com.alibaba.nacos.common.remote.client   : [92383fa3-c800-4cfa-89f5-33b92803ce16] Registry connection listener to current client:com.alibaba.nacos.client.naming.remote.gprc.redo.NamingGrpcRedoService
14:31:02:853  INFO 14780 --- [main] com.alibaba.nacos.common.remote.client   : [92383fa3-c800-4cfa-89f5-33b92803ce16] Register server push request handler:com.alibaba.nacos.client.naming.remote.gprc.NamingPushRequestHandler
14:31:02:856  INFO 14780 --- [main] com.alibaba.nacos.common.remote.client   : [92383fa3-c800-4cfa-89f5-33b92803ce16] Try to connect to server on start up, server: {serverIp = '192.168.150.102', server main port = 8848}
14:31:06:479  INFO 14780 --- [main] com.alibaba.nacos.common.remote.client   : [92383fa3-c800-4cfa-89f5-33b92803ce16] Success to connect to server [192.168.150.102:8848] on start up, connectionId = 1777012265238_192.168.150.1_50418
14:31:06:479  INFO 14780 --- [com.alibaba.nacos.client.remote.worker] com.alibaba.nacos.common.remote.client   : [92383fa3-c800-4cfa-89f5-33b92803ce16] Notify connected event to listeners.
14:31:06:480  INFO 14780 --- [main] com.alibaba.nacos.common.remote.client   : [92383fa3-c800-4cfa-89f5-33b92803ce16] Register server push request handler:com.alibaba.nacos.common.remote.client.RpcClient$ConnectResetRequestHandler
14:31:06:481  INFO 14780 --- [main] com.alibaba.nacos.common.remote.client   : [92383fa3-c800-4cfa-89f5-33b92803ce16] Register server push request handler:com.alibaba.nacos.common.remote.client.RpcClient$$Lambda$977/0x00000008006d1440
14:31:06:545  INFO 14780 --- [main] o.s.b.w.embedded.tomcat.TomcatWebServer  : Tomcat started on port(s): 8082 (http) with context path ''
14:31:06:558  INFO 14780 --- [main] c.a.c.n.registry.NacosServiceRegistry    : nacos registry, DEFAULT_GROUP cart-service 192.168.220.1:8082 register finished
14:31:07:042  INFO 14780 --- [nacos-grpc-client-executor-10] com.alibaba.nacos.common.remote.client   : [92383fa3-c800-4cfa-89f5-33b92803ce16] Receive server push request, request = NotifySubscriberRequest, requestId = 3
14:31:07:055  INFO 14780 --- [nacos-grpc-client-executor-10] com.alibaba.nacos.common.remote.client   : [92383fa3-c800-4cfa-89f5-33b92803ce16] Ack server push request, request = NotifySubscriberRequest, requestId = 3
14:31:07:422  INFO 14780 --- [main] d.s.w.p.DocumentationPluginsBootstrapper : Documentation plugins bootstrapped
14:31:07:425  INFO 14780 --- [main] d.s.w.p.DocumentationPluginsBootstrapper : Found 1 custom documentation plugin(s)
14:31:07:452  INFO 14780 --- [main] s.d.s.w.s.ApiListingReferenceScanner     : Scanning for api listing references
14:31:07:565  INFO 14780 --- [main] com.hmall.cart.cartApplication           : Started cartApplication in 12.279 seconds (JVM running for 13.445)
14:32:52:814  WARN 14780 --- [Thread-4] c.a.nacos.common.notify.NotifyCenter     : [NotifyCenter] Start destroying Publisher
14:32:52:814  WARN 14780 --- [Thread-7] c.a.n.common.http.HttpClientBeanHolder   : [HttpClientBeanHolder] Start destroying common HttpClient
14:32:52:828  WARN 14780 --- [Thread-4] c.a.nacos.common.notify.NotifyCenter     : [NotifyCenter] Destruction of the end
14:32:52:829  WARN 14780 --- [Thread-7] c.a.n.common.http.HttpClientBeanHolder   : [HttpClientBeanHolder] Destruction of the end
14:32:53:878  INFO 14780 --- [SpringApplicationShutdownHook] c.a.c.n.registry.NacosServiceRegistry    : De-registering from Nacos Server now...
14:32:53:883  INFO 14780 --- [SpringApplicationShutdownHook] c.a.c.n.registry.NacosServiceRegistry    : De-registration finished.
14:32:54:217  INFO 14780 --- [SpringApplicationShutdownHook] com.alibaba.nacos.common.remote.client   : Shutdown rpc client, set status to shutdown
14:32:54:217  INFO 14780 --- [SpringApplicationShutdownHook] com.alibaba.nacos.common.remote.client   : Shutdown client event executor java.util.concurrent.ScheduledThreadPoolExecutor@59ae63fb[Running, pool size = 2, active threads = 2, queued tasks = 0, completed tasks = 0]
14:32:54:217  INFO 14780 --- [SpringApplicationShutdownHook] com.alibaba.nacos.common.remote.client   : Close current connection 1777012265238_192.168.150.1_50418
14:32:54:221  INFO 14780 --- [nacos-grpc-client-executor-40] c.a.n.c.remote.client.grpc.GrpcClient    : [1777012265238_192.168.150.1_50418]Ignore complete event,isRunning:false,isAbandon=false
14:32:54:232  INFO 14780 --- [SpringApplicationShutdownHook] c.a.n.c.remote.client.grpc.GrpcClient    : Shutdown grpc executor java.util.concurrent.ThreadPoolExecutor@52bd9048[Running, pool size = 5, active threads = 0, queued tasks = 0, completed tasks = 41]
15:20:50:050  INFO 9084 --- [main] com.hmall.cart.cartApplication           : Starting cartApplication using Java 11.0.31 on LAPTOP-16OT1L5F with PID 9084 (G:\hmall\backend\cart-service\target\classes started by 18071 in G:\hmall\backend)
15:20:50:053 DEBUG 9084 --- [main] com.hmall.cart.cartApplication           : Running with Spring Boot v2.7.12, Spring v5.3.27
15:20:50:054  INFO 9084 --- [main] com.hmall.cart.cartApplication           : The following 1 profile is active: "dev"
15:20:51:167  INFO 9084 --- [main] o.s.cloud.context.scope.GenericScope     : BeanFactory id=0e1baee2-d450-3668-bf79-8d0f8c86cbc8
15:20:51:532  INFO 9084 --- [main] o.s.b.w.embedded.tomcat.TomcatWebServer  : Tomcat initialized with port(s): 8082 (http)
15:20:51:543  INFO 9084 --- [main] o.apache.catalina.core.StandardService   : Starting service [Tomcat]
15:20:51:543  INFO 9084 --- [main] org.apache.catalina.core.StandardEngine  : Starting Servlet engine: [Apache Tomcat/9.0.75]
15:20:51:740  INFO 9084 --- [main] o.a.c.c.C.[Tomcat].[localhost].[/]       : Initializing Spring embedded WebApplicationContext
15:20:51:740  INFO 9084 --- [main] w.s.c.ServletWebServerApplicationContext : Root WebApplicationContext: initialization completed in 1637 ms
15:20:51:969  INFO 9084 --- [main] o.s.c.openfeign.FeignClientFactoryBean   : For 'item-service' URL not provided. Will try picking an instance via load-balancing.
15:20:55:459  INFO 9084 --- [main] pertySourcedRequestMappingHandlerMapping : Mapped URL path [/v2/api-docs] onto method [springfox.documentation.swagger2.web.Swagger2ControllerWebMvc#getDocumentation(String, HttpServletRequest)]
15:20:56:649  INFO 9084 --- [main] com.alibaba.nacos.common.remote.client   : [RpcClientFactory] create a new rpc client of 249142bf-c562-4889-8afc-e357cfcc57d1
15:20:56:720  INFO 9084 --- [main] org.reflections.Reflections              : Reflections took 36 ms to scan 1 urls, producing 3 keys and 6 values 
15:20:56:775  INFO 9084 --- [main] org.reflections.Reflections              : Reflections took 17 ms to scan 1 urls, producing 4 keys and 9 values 
15:20:56:796  INFO 9084 --- [main] org.reflections.Reflections              : Reflections took 15 ms to scan 1 urls, producing 3 keys and 10 values 
15:20:56:803  WARN 9084 --- [main] org.reflections.Reflections              : given scan urls are empty. set urls in the configuration
15:20:56:848  INFO 9084 --- [main] org.reflections.Reflections              : Reflections took 43 ms to scan 1 urls, producing 1 keys and 5 values 
15:20:56:872  INFO 9084 --- [main] org.reflections.Reflections              : Reflections took 15 ms to scan 1 urls, producing 1 keys and 7 values 
15:20:56:893  INFO 9084 --- [main] org.reflections.Reflections              : Reflections took 16 ms to scan 1 urls, producing 2 keys and 8 values 
15:20:56:899  WARN 9084 --- [main] org.reflections.Reflections              : given scan urls are empty. set urls in the configuration
15:20:56:901  INFO 9084 --- [main] com.alibaba.nacos.common.remote.client   : [249142bf-c562-4889-8afc-e357cfcc57d1] RpcClient init label, labels = {module=naming, source=sdk}
15:20:56:907  INFO 9084 --- [main] com.alibaba.nacos.common.remote.client   : [249142bf-c562-4889-8afc-e357cfcc57d1] RpcClient init, ServerListFactory = com.alibaba.nacos.client.naming.core.ServerListManager
15:20:56:907  INFO 9084 --- [main] com.alibaba.nacos.common.remote.client   : [249142bf-c562-4889-8afc-e357cfcc57d1] Registry connection listener to current client:com.alibaba.nacos.client.naming.remote.gprc.redo.NamingGrpcRedoService
15:20:56:908  INFO 9084 --- [main] com.alibaba.nacos.common.remote.client   : [249142bf-c562-4889-8afc-e357cfcc57d1] Register server push request handler:com.alibaba.nacos.client.naming.remote.gprc.NamingPushRequestHandler
15:20:56:911  INFO 9084 --- [main] com.alibaba.nacos.common.remote.client   : [249142bf-c562-4889-8afc-e357cfcc57d1] Try to connect to server on start up, server: {serverIp = '192.168.150.102', server main port = 8848}
15:21:00:875  INFO 9084 --- [main] com.alibaba.nacos.common.remote.client   : [249142bf-c562-4889-8afc-e357cfcc57d1] Success to connect to server [192.168.150.102:8848] on start up, connectionId = 1777015259696_192.168.150.1_63983
15:21:00:877  INFO 9084 --- [com.alibaba.nacos.client.remote.worker] com.alibaba.nacos.common.remote.client   : [249142bf-c562-4889-8afc-e357cfcc57d1] Notify connected event to listeners.
15:21:00:878  INFO 9084 --- [main] com.alibaba.nacos.common.remote.client   : [249142bf-c562-4889-8afc-e357cfcc57d1] Register server push request handler:com.alibaba.nacos.common.remote.client.RpcClient$ConnectResetRequestHandler
15:21:00:879  INFO 9084 --- [main] com.alibaba.nacos.common.remote.client   : [249142bf-c562-4889-8afc-e357cfcc57d1] Register server push request handler:com.alibaba.nacos.common.remote.client.RpcClient$$Lambda$977/0x00000008006d1440
15:21:00:972  INFO 9084 --- [main] o.s.b.w.embedded.tomcat.TomcatWebServer  : Tomcat started on port(s): 8082 (http) with context path ''
15:21:00:992  INFO 9084 --- [main] c.a.c.n.registry.NacosServiceRegistry    : nacos registry, DEFAULT_GROUP cart-service 192.168.220.1:8082 register finished
15:21:01:423  INFO 9084 --- [nacos-grpc-client-executor-10] com.alibaba.nacos.common.remote.client   : [249142bf-c562-4889-8afc-e357cfcc57d1] Receive server push request, request = NotifySubscriberRequest, requestId = 10
15:21:01:447  INFO 9084 --- [nacos-grpc-client-executor-10] com.alibaba.nacos.common.remote.client   : [249142bf-c562-4889-8afc-e357cfcc57d1] Ack server push request, request = NotifySubscriberRequest, requestId = 10
15:21:02:144  INFO 9084 --- [main] d.s.w.p.DocumentationPluginsBootstrapper : Documentation plugins bootstrapped
15:21:02:148  INFO 9084 --- [main] d.s.w.p.DocumentationPluginsBootstrapper : Found 1 custom documentation plugin(s)
15:21:02:175  INFO 9084 --- [main] s.d.s.w.s.ApiListingReferenceScanner     : Scanning for api listing references
15:21:02:292  INFO 9084 --- [main] com.hmall.cart.cartApplication           : Started cartApplication in 13.519 seconds (JVM running for 14.836)
15:22:36:445  INFO 9084 --- [http-nio-8082-exec-1] o.a.c.c.C.[Tomcat].[localhost].[/]       : Initializing Spring DispatcherServlet 'dispatcherServlet'
15:22:36:445  INFO 9084 --- [http-nio-8082-exec-1] o.s.web.servlet.DispatcherServlet        : Initializing Servlet 'dispatcherServlet'
15:22:36:455  INFO 9084 --- [http-nio-8082-exec-1] o.s.web.servlet.DispatcherServlet        : Completed initialization in 9 ms
15:22:36:582  INFO 9084 --- [http-nio-8082-exec-1] com.zaxxer.hikari.HikariDataSource       : HikariPool-1 - Starting...
15:22:36:827  INFO 9084 --- [http-nio-8082-exec-1] com.zaxxer.hikari.HikariDataSource       : HikariPool-1 - Start completed.
15:22:36:835 DEBUG 9084 --- [http-nio-8082-exec-1] c.h.cart.mapper.CartMapper.selectList    : ==>  Preparing: SELECT id,user_id,item_id,num,name,spec,price,image,create_time,update_time FROM cart WHERE (user_id = ?)
15:22:36:857 DEBUG 9084 --- [http-nio-8082-exec-1] c.h.cart.mapper.CartMapper.selectList    : ==> Parameters: 1(Long)
15:22:36:890 DEBUG 9084 --- [http-nio-8082-exec-1] c.h.cart.mapper.CartMapper.selectList    : <==      Total: 1
15:22:37:608  INFO 9084 --- [nacos-grpc-client-executor-36] com.alibaba.nacos.common.remote.client   : [249142bf-c562-4889-8afc-e357cfcc57d1] Receive server push request, request = NotifySubscriberRequest, requestId = 19
15:22:37:608  INFO 9084 --- [nacos-grpc-client-executor-36] com.alibaba.nacos.common.remote.client   : [249142bf-c562-4889-8afc-e357cfcc57d1] Ack server push request, request = NotifySubscriberRequest, requestId = 19
15:22:58:380 DEBUG 9084 --- [http-nio-8082-exec-2] c.h.cart.mapper.CartMapper.selectList    : ==>  Preparing: SELECT id,user_id,item_id,num,name,spec,price,image,create_time,update_time FROM cart WHERE (user_id = ?)
15:22:58:380 DEBUG 9084 --- [http-nio-8082-exec-2] c.h.cart.mapper.CartMapper.selectList    : ==> Parameters: 1(Long)
15:22:58:383 DEBUG 9084 --- [http-nio-8082-exec-2] c.h.cart.mapper.CartMapper.selectList    : <==      Total: 1
15:23:09:957 DEBUG 9084 --- [http-nio-8082-exec-3] c.h.cart.mapper.CartMapper.updateById    : ==>  Preparing: UPDATE cart SET num=? WHERE id=?
15:23:09:957 DEBUG 9084 --- [http-nio-8082-exec-3] c.h.cart.mapper.CartMapper.updateById    : ==> Parameters: 2(Integer), 7(Long)
15:23:09:983 DEBUG 9084 --- [http-nio-8082-exec-3] c.h.cart.mapper.CartMapper.updateById    : <==    Updates: 1
15:23:09:995 DEBUG 9084 --- [http-nio-8082-exec-4] c.h.cart.mapper.CartMapper.selectList    : ==>  Preparing: SELECT id,user_id,item_id,num,name,spec,price,image,create_time,update_time FROM cart WHERE (user_id = ?)
15:23:09:996 DEBUG 9084 --- [http-nio-8082-exec-4] c.h.cart.mapper.CartMapper.selectList    : ==> Parameters: 1(Long)
15:23:09:997 DEBUG 9084 --- [http-nio-8082-exec-4] c.h.cart.mapper.CartMapper.selectList    : <==      Total: 1
15:23:26:481 DEBUG 9084 --- [http-nio-8082-exec-5] c.h.cart.mapper.CartMapper.deleteById    : ==>  Preparing: DELETE FROM cart WHERE id=?
15:23:26:481 DEBUG 9084 --- [http-nio-8082-exec-5] c.h.cart.mapper.CartMapper.deleteById    : ==> Parameters: 7(Long)
15:23:26:485 DEBUG 9084 --- [http-nio-8082-exec-5] c.h.cart.mapper.CartMapper.deleteById    : <==    Updates: 1
15:23:26:496 DEBUG 9084 --- [http-nio-8082-exec-6] c.h.cart.mapper.CartMapper.selectList    : ==>  Preparing: SELECT id,user_id,item_id,num,name,spec,price,image,create_time,update_time FROM cart WHERE (user_id = ?)
15:23:26:496 DEBUG 9084 --- [http-nio-8082-exec-6] c.h.cart.mapper.CartMapper.selectList    : ==> Parameters: 1(Long)
15:23:26:497 DEBUG 9084 --- [http-nio-8082-exec-6] c.h.cart.mapper.CartMapper.selectList    : <==      Total: 0
15:23:29:521 DEBUG 9084 --- [http-nio-8082-exec-7] c.h.cart.mapper.CartMapper.selectCount   : ==>  Preparing: SELECT COUNT( * ) FROM cart WHERE (user_id = ? AND item_id = ?)
15:23:29:521 DEBUG 9084 --- [http-nio-8082-exec-7] c.h.cart.mapper.CartMapper.selectCount   : ==> Parameters: 1(Long), 100000004580(Long)
15:23:29:527 DEBUG 9084 --- [http-nio-8082-exec-7] c.h.cart.mapper.CartMapper.selectCount   : <==      Total: 1
15:23:29:528 DEBUG 9084 --- [http-nio-8082-exec-7] c.h.cart.mapper.CartMapper.selectCount   : ==>  Preparing: SELECT COUNT( * ) FROM cart WHERE (user_id = ?)
15:23:29:528 DEBUG 9084 --- [http-nio-8082-exec-7] c.h.cart.mapper.CartMapper.selectCount   : ==> Parameters: 1(Long)
15:23:29:529 DEBUG 9084 --- [http-nio-8082-exec-7] c.h.cart.mapper.CartMapper.selectCount   : <==      Total: 1
15:23:29:531 DEBUG 9084 --- [http-nio-8082-exec-7] com.hmall.cart.mapper.CartMapper.insert  : ==>  Preparing: INSERT INTO cart ( user_id, item_id, name, spec, price, image ) VALUES ( ?, ?, ?, ?, ?, ? )
15:23:29:531 DEBUG 9084 --- [http-nio-8082-exec-7] com.hmall.cart.mapper.CartMapper.insert  : ==> Parameters: 1(Long), 100000004580(Long), 薇妮(viney)女士单肩包 时尚牛皮女包百搭斜挎包女士手提大包(经典黑)(String), {"颜色": "黑色"}(String), 87900(Integer), https://m.360buyimg.com/mobilecms/s720x720_jfs/t5590/64/5811657380/234462/5398e856/5965e173N34179777.jpg!q70.jpg.webp(String)
15:23:29:537 DEBUG 9084 --- [http-nio-8082-exec-7] com.hmall.cart.mapper.CartMapper.insert  : <==    Updates: 1
15:23:29:573 DEBUG 9084 --- [http-nio-8082-exec-8] c.h.cart.mapper.CartMapper.selectList    : ==>  Preparing: SELECT id,user_id,item_id,num,name,spec,price,image,create_time,update_time FROM cart WHERE (user_id = ?)
15:23:29:574 DEBUG 9084 --- [http-nio-8082-exec-8] c.h.cart.mapper.CartMapper.selectList    : ==> Parameters: 1(Long)
15:23:29:575 DEBUG 9084 --- [http-nio-8082-exec-8] c.h.cart.mapper.CartMapper.selectList    : <==      Total: 1
15:23:37:429 DEBUG 9084 --- [http-nio-8082-exec-9] com.hmall.cart.mapper.CartMapper.delete  : ==>  Preparing: DELETE FROM cart WHERE (user_id = ? AND item_id IN (?))
15:23:37:430 DEBUG 9084 --- [http-nio-8082-exec-9] com.hmall.cart.mapper.CartMapper.delete  : ==> Parameters: null, 100000004580(Long)
15:23:37:432 DEBUG 9084 --- [http-nio-8082-exec-9] com.hmall.cart.mapper.CartMapper.delete  : <==    Updates: 0
15:54:12:110  WARN 9084 --- [Thread-4] c.a.nacos.common.notify.NotifyCenter     : [NotifyCenter] Start destroying Publisher
15:54:12:110  WARN 9084 --- [Thread-7] c.a.n.common.http.HttpClientBeanHolder   : [HttpClientBeanHolder] Start destroying common HttpClient
15:54:12:152  WARN 9084 --- [Thread-4] c.a.nacos.common.notify.NotifyCenter     : [NotifyCenter] Destruction of the end
15:54:12:164  WARN 9084 --- [Thread-7] c.a.n.common.http.HttpClientBeanHolder   : [HttpClientBeanHolder] Destruction of the end
15:54:13:376  INFO 9084 --- [SpringApplicationShutdownHook] c.a.c.n.registry.NacosServiceRegistry    : De-registering from Nacos Server now...
15:54:13:386  INFO 9084 --- [SpringApplicationShutdownHook] c.a.c.n.registry.NacosServiceRegistry    : De-registration finished.
15:54:13:719  INFO 9084 --- [SpringApplicationShutdownHook] com.alibaba.nacos.common.remote.client   : Shutdown rpc client, set status to shutdown
15:54:13:719  INFO 9084 --- [SpringApplicationShutdownHook] com.alibaba.nacos.common.remote.client   : Shutdown client event executor java.util.concurrent.ScheduledThreadPoolExecutor@5510cb05[Running, pool size = 2, active threads = 2, queued tasks = 0, completed tasks = 0]
15:54:13:719  INFO 9084 --- [SpringApplicationShutdownHook] com.alibaba.nacos.common.remote.client   : Close current connection 1777015259696_192.168.150.1_63983
15:54:13:722  INFO 9084 --- [nacos-grpc-client-executor-441] c.a.n.c.remote.client.grpc.GrpcClient    : [1777015259696_192.168.150.1_63983]Ignore complete event,isRunning:false,isAbandon=false
15:54:13:741  INFO 9084 --- [SpringApplicationShutdownHook] c.a.n.c.remote.client.grpc.GrpcClient    : Shutdown grpc executor java.util.concurrent.ThreadPoolExecutor@1d3f6881[Running, pool size = 4, active threads = 0, queued tasks = 0, completed tasks = 442]
15:54:13:753  INFO 9084 --- [SpringApplicationShutdownHook] com.zaxxer.hikari.HikariDataSource       : HikariPool-1 - Shutdown initiated...
15:54:13:773  INFO 9084 --- [SpringApplicationShutdownHook] com.zaxxer.hikari.HikariDataSource       : HikariPool-1 - Shutdown completed.
15:54:19:544  INFO 26336 --- [main] com.hmall.cart.cartApplication           : Starting cartApplication using Java 11.0.31 on LAPTOP-16OT1L5F with PID 26336 (G:\hmall\backend\cart-service\target\classes started by 18071 in G:\hmall\backend)
15:54:19:545 DEBUG 26336 --- [main] com.hmall.cart.cartApplication           : Running with Spring Boot v2.7.12, Spring v5.3.27
15:54:19:546  INFO 26336 --- [main] com.hmall.cart.cartApplication           : The following 1 profile is active: "dev"
15:54:20:857  INFO 26336 --- [main] o.s.cloud.context.scope.GenericScope     : BeanFactory id=0e1baee2-d450-3668-bf79-8d0f8c86cbc8
15:54:21:287  INFO 26336 --- [main] o.s.b.w.embedded.tomcat.TomcatWebServer  : Tomcat initialized with port(s): 8082 (http)
15:54:21:303  INFO 26336 --- [main] o.apache.catalina.core.StandardService   : Starting service [Tomcat]
15:54:21:303  INFO 26336 --- [main] org.apache.catalina.core.StandardEngine  : Starting Servlet engine: [Apache Tomcat/9.0.75]
15:54:21:515  INFO 26336 --- [main] o.a.c.c.C.[Tomcat].[localhost].[/]       : Initializing Spring embedded WebApplicationContext
15:54:21:515  INFO 26336 --- [main] w.s.c.ServletWebServerApplicationContext : Root WebApplicationContext: initialization completed in 1901 ms
15:54:21:790  INFO 26336 --- [main] o.s.c.openfeign.FeignClientFactoryBean   : For 'item-service' URL not provided. Will try picking an instance via load-balancing.
15:54:25:438  INFO 26336 --- [main] pertySourcedRequestMappingHandlerMapping : Mapped URL path [/v2/api-docs] onto method [springfox.documentation.swagger2.web.Swagger2ControllerWebMvc#getDocumentation(String, HttpServletRequest)]
15:54:26:503  INFO 26336 --- [main] com.alibaba.nacos.common.remote.client   : [RpcClientFactory] create a new rpc client of c89e3e45-79b2-48fb-8bd3-4b79ce297e7c
15:54:26:560  INFO 26336 --- [main] org.reflections.Reflections              : Reflections took 29 ms to scan 1 urls, producing 3 keys and 6 values 
15:54:26:600  INFO 26336 --- [main] org.reflections.Reflections              : Reflections took 9 ms to scan 1 urls, producing 4 keys and 9 values 
15:54:26:611  INFO 26336 --- [main] org.reflections.Reflections              : Reflections took 7 ms to scan 1 urls, producing 3 keys and 10 values 
15:54:26:615  WARN 26336 --- [main] org.reflections.Reflections              : given scan urls are empty. set urls in the configuration
15:54:26:626  INFO 26336 --- [main] org.reflections.Reflections              : Reflections took 9 ms to scan 1 urls, producing 1 keys and 5 values 
15:54:26:635  INFO 26336 --- [main] org.reflections.Reflections              : Reflections took 7 ms to scan 1 urls, producing 1 keys and 7 values 
15:54:26:644  INFO 26336 --- [main] org.reflections.Reflections              : Reflections took 6 ms to scan 1 urls, producing 2 keys and 8 values 
15:54:26:647  WARN 26336 --- [main] org.reflections.Reflections              : given scan urls are empty. set urls in the configuration
15:54:26:649  INFO 26336 --- [main] com.alibaba.nacos.common.remote.client   : [c89e3e45-79b2-48fb-8bd3-4b79ce297e7c] RpcClient init label, labels = {module=naming, source=sdk}
15:54:26:651  INFO 26336 --- [main] com.alibaba.nacos.common.remote.client   : [c89e3e45-79b2-48fb-8bd3-4b79ce297e7c] RpcClient init, ServerListFactory = com.alibaba.nacos.client.naming.core.ServerListManager
15:54:26:651  INFO 26336 --- [main] com.alibaba.nacos.common.remote.client   : [c89e3e45-79b2-48fb-8bd3-4b79ce297e7c] Registry connection listener to current client:com.alibaba.nacos.client.naming.remote.gprc.redo.NamingGrpcRedoService
15:54:26:652  INFO 26336 --- [main] com.alibaba.nacos.common.remote.client   : [c89e3e45-79b2-48fb-8bd3-4b79ce297e7c] Register server push request handler:com.alibaba.nacos.client.naming.remote.gprc.NamingPushRequestHandler
15:54:26:653  INFO 26336 --- [main] com.alibaba.nacos.common.remote.client   : [c89e3e45-79b2-48fb-8bd3-4b79ce297e7c] Try to connect to server on start up, server: {serverIp = '192.168.150.102', server main port = 8848}
15:54:29:198  INFO 26336 --- [main] com.alibaba.nacos.common.remote.client   : [c89e3e45-79b2-48fb-8bd3-4b79ce297e7c] Success to connect to server [192.168.150.102:8848] on start up, connectionId = 1777017268086_192.168.150.1_50280
15:54:29:199  INFO 26336 --- [com.alibaba.nacos.client.remote.worker] com.alibaba.nacos.common.remote.client   : [c89e3e45-79b2-48fb-8bd3-4b79ce297e7c] Notify connected event to listeners.
15:54:29:200  INFO 26336 --- [main] com.alibaba.nacos.common.remote.client   : [c89e3e45-79b2-48fb-8bd3-4b79ce297e7c] Register server push request handler:com.alibaba.nacos.common.remote.client.RpcClient$ConnectResetRequestHandler
15:54:29:201  INFO 26336 --- [main] com.alibaba.nacos.common.remote.client   : [c89e3e45-79b2-48fb-8bd3-4b79ce297e7c] Register server push request handler:com.alibaba.nacos.common.remote.client.RpcClient$$Lambda$977/0x00000008006e5440
15:54:29:319  INFO 26336 --- [main] o.s.b.w.embedded.tomcat.TomcatWebServer  : Tomcat started on port(s): 8082 (http) with context path ''
15:54:29:333  INFO 26336 --- [main] c.a.c.n.registry.NacosServiceRegistry    : nacos registry, DEFAULT_GROUP cart-service 192.168.220.1:8082 register finished
15:54:29:834  INFO 26336 --- [nacos-grpc-client-executor-9] com.alibaba.nacos.common.remote.client   : [c89e3e45-79b2-48fb-8bd3-4b79ce297e7c] Receive server push request, request = NotifySubscriberRequest, requestId = 57
15:54:29:853  INFO 26336 --- [nacos-grpc-client-executor-9] com.alibaba.nacos.common.remote.client   : [c89e3e45-79b2-48fb-8bd3-4b79ce297e7c] Ack server push request, request = NotifySubscriberRequest, requestId = 57
15:54:30:324  INFO 26336 --- [main] d.s.w.p.DocumentationPluginsBootstrapper : Documentation plugins bootstrapped
15:54:30:327  INFO 26336 --- [main] d.s.w.p.DocumentationPluginsBootstrapper : Found 1 custom documentation plugin(s)
15:54:30:365  INFO 26336 --- [main] s.d.s.w.s.ApiListingReferenceScanner     : Scanning for api listing references
15:54:30:502  INFO 26336 --- [main] com.hmall.cart.cartApplication           : Started cartApplication in 12.452 seconds (JVM running for 14.117)
15:56:10:245  WARN 26336 --- [Thread-7] c.a.n.common.http.HttpClientBeanHolder   : [HttpClientBeanHolder] Start destroying common HttpClient
15:56:10:244  WARN 26336 --- [Thread-4] c.a.nacos.common.notify.NotifyCenter     : [NotifyCenter] Start destroying Publisher
15:56:10:266  WARN 26336 --- [Thread-4] c.a.nacos.common.notify.NotifyCenter     : [NotifyCenter] Destruction of the end
15:56:10:269  WARN 26336 --- [Thread-7] c.a.n.common.http.HttpClientBeanHolder   : [HttpClientBeanHolder] Destruction of the end
15:56:11:310  INFO 26336 --- [SpringApplicationShutdownHook] c.a.c.n.registry.NacosServiceRegistry    : De-registering from Nacos Server now...
15:56:11:318  INFO 26336 --- [SpringApplicationShutdownHook] c.a.c.n.registry.NacosServiceRegistry    : De-registration finished.
15:56:11:651  INFO 26336 --- [SpringApplicationShutdownHook] com.alibaba.nacos.common.remote.client   : Shutdown rpc client, set status to shutdown
15:56:11:651  INFO 26336 --- [SpringApplicationShutdownHook] com.alibaba.nacos.common.remote.client   : Shutdown client event executor java.util.concurrent.ScheduledThreadPoolExecutor@2751a805[Running, pool size = 2, active threads = 2, queued tasks = 0, completed tasks = 0]
15:56:11:652  INFO 26336 --- [SpringApplicationShutdownHook] com.alibaba.nacos.common.remote.client   : Close current connection 1777017268086_192.168.150.1_50280
15:56:11:655  INFO 26336 --- [nacos-grpc-client-executor-34] c.a.n.c.remote.client.grpc.GrpcClient    : [1777017268086_192.168.150.1_50280]Ignore complete event,isRunning:false,isAbandon=false
15:56:11:666  INFO 26336 --- [SpringApplicationShutdownHook] c.a.n.c.remote.client.grpc.GrpcClient    : Shutdown grpc executor java.util.concurrent.ThreadPoolExecutor@76e79870[Running, pool size = 5, active threads = 0, queued tasks = 0, completed tasks = 35]
15:57:07:602  INFO 15428 --- [main] com.hmall.cart.cartApplication           : Starting cartApplication using Java 11.0.31 on LAPTOP-16OT1L5F with PID 15428 (G:\hmall\backend\cart-service\target\classes started by 18071 in G:\hmall\backend)
15:57:07:604 DEBUG 15428 --- [main] com.hmall.cart.cartApplication           : Running with Spring Boot v2.7.12, Spring v5.3.27
15:57:07:605  INFO 15428 --- [main] com.hmall.cart.cartApplication           : The following 1 profile is active: "dev"
15:57:08:658  INFO 15428 --- [main] o.s.cloud.context.scope.GenericScope     : BeanFactory id=0e1baee2-d450-3668-bf79-8d0f8c86cbc8
15:57:08:974  INFO 15428 --- [main] o.s.b.w.embedded.tomcat.TomcatWebServer  : Tomcat initialized with port(s): 8082 (http)
15:57:08:984  INFO 15428 --- [main] o.apache.catalina.core.StandardService   : Starting service [Tomcat]
15:57:08:984  INFO 15428 --- [main] org.apache.catalina.core.StandardEngine  : Starting Servlet engine: [Apache Tomcat/9.0.75]
15:57:09:159  INFO 15428 --- [main] o.a.c.c.C.[Tomcat].[localhost].[/]       : Initializing Spring embedded WebApplicationContext
15:57:09:159  INFO 15428 --- [main] w.s.c.ServletWebServerApplicationContext : Root WebApplicationContext: initialization completed in 1510 ms
15:57:09:400  INFO 15428 --- [main] o.s.c.openfeign.FeignClientFactoryBean   : For 'item-service' URL not provided. Will try picking an instance via load-balancing.
15:57:12:812  INFO 15428 --- [main] pertySourcedRequestMappingHandlerMapping : Mapped URL path [/v2/api-docs] onto method [springfox.documentation.swagger2.web.Swagger2ControllerWebMvc#getDocumentation(String, HttpServletRequest)]
15:57:13:992  INFO 15428 --- [main] com.alibaba.nacos.common.remote.client   : [RpcClientFactory] create a new rpc client of 2125839a-201d-407b-ba87-b79c7069f478
15:57:14:056  INFO 15428 --- [main] org.reflections.Reflections              : Reflections took 34 ms to scan 1 urls, producing 3 keys and 6 values 
15:57:14:098  INFO 15428 --- [main] org.reflections.Reflections              : Reflections took 12 ms to scan 1 urls, producing 4 keys and 9 values 
15:57:14:118  INFO 15428 --- [main] org.reflections.Reflections              : Reflections took 13 ms to scan 1 urls, producing 3 keys and 10 values 
15:57:14:123  WARN 15428 --- [main] org.reflections.Reflections              : given scan urls are empty. set urls in the configuration
15:57:14:147  INFO 15428 --- [main] org.reflections.Reflections              : Reflections took 23 ms to scan 1 urls, producing 1 keys and 5 values 
15:57:14:163  INFO 15428 --- [main] org.reflections.Reflections              : Reflections took 11 ms to scan 1 urls, producing 1 keys and 7 values 
15:57:14:179  INFO 15428 --- [main] org.reflections.Reflections              : Reflections took 12 ms to scan 1 urls, producing 2 keys and 8 values 
15:57:14:183  WARN 15428 --- [main] org.reflections.Reflections              : given scan urls are empty. set urls in the configuration
15:57:14:185  INFO 15428 --- [main] com.alibaba.nacos.common.remote.client   : [2125839a-201d-407b-ba87-b79c7069f478] RpcClient init label, labels = {module=naming, source=sdk}
15:57:14:188  INFO 15428 --- [main] com.alibaba.nacos.common.remote.client   : [2125839a-201d-407b-ba87-b79c7069f478] RpcClient init, ServerListFactory = com.alibaba.nacos.client.naming.core.ServerListManager
15:57:14:188  INFO 15428 --- [main] com.alibaba.nacos.common.remote.client   : [2125839a-201d-407b-ba87-b79c7069f478] Registry connection listener to current client:com.alibaba.nacos.client.naming.remote.gprc.redo.NamingGrpcRedoService
15:57:14:189  INFO 15428 --- [main] com.alibaba.nacos.common.remote.client   : [2125839a-201d-407b-ba87-b79c7069f478] Register server push request handler:com.alibaba.nacos.client.naming.remote.gprc.NamingPushRequestHandler
15:57:14:191  INFO 15428 --- [main] com.alibaba.nacos.common.remote.client   : [2125839a-201d-407b-ba87-b79c7069f478] Try to connect to server on start up, server: {serverIp = '192.168.150.102', server main port = 8848}
15:57:17:896  INFO 15428 --- [main] com.alibaba.nacos.common.remote.client   : [2125839a-201d-407b-ba87-b79c7069f478] Success to connect to server [192.168.150.102:8848] on start up, connectionId = 1777017436745_192.168.150.1_50858
15:57:17:897  INFO 15428 --- [com.alibaba.nacos.client.remote.worker] com.alibaba.nacos.common.remote.client   : [2125839a-201d-407b-ba87-b79c7069f478] Notify connected event to listeners.
15:57:17:899  INFO 15428 --- [main] com.alibaba.nacos.common.remote.client   : [2125839a-201d-407b-ba87-b79c7069f478] Register server push request handler:com.alibaba.nacos.common.remote.client.RpcClient$ConnectResetRequestHandler
15:57:17:899  INFO 15428 --- [main] com.alibaba.nacos.common.remote.client   : [2125839a-201d-407b-ba87-b79c7069f478] Register server push request handler:com.alibaba.nacos.common.remote.client.RpcClient$$Lambda$977/0x00000008006d1440
15:57:17:982  INFO 15428 --- [main] o.s.b.w.embedded.tomcat.TomcatWebServer  : Tomcat started on port(s): 8082 (http) with context path ''
15:57:17:994  INFO 15428 --- [main] c.a.c.n.registry.NacosServiceRegistry    : nacos registry, DEFAULT_GROUP cart-service 192.168.220.1:8082 register finished
15:57:18:449  INFO 15428 --- [nacos-grpc-client-executor-9] com.alibaba.nacos.common.remote.client   : [2125839a-201d-407b-ba87-b79c7069f478] Receive server push request, request = NotifySubscriberRequest, requestId = 64
15:57:18:466  INFO 15428 --- [nacos-grpc-client-executor-9] com.alibaba.nacos.common.remote.client   : [2125839a-201d-407b-ba87-b79c7069f478] Ack server push request, request = NotifySubscriberRequest, requestId = 64
15:57:19:276  INFO 15428 --- [main] d.s.w.p.DocumentationPluginsBootstrapper : Documentation plugins bootstrapped
15:57:19:281  INFO 15428 --- [main] d.s.w.p.DocumentationPluginsBootstrapper : Found 1 custom documentation plugin(s)
15:57:19:329  INFO 15428 --- [main] s.d.s.w.s.ApiListingReferenceScanner     : Scanning for api listing references
15:57:19:486  INFO 15428 --- [main] com.hmall.cart.cartApplication           : Started cartApplication in 13.166 seconds (JVM running for 14.323)
15:57:53:787  INFO 15428 --- [http-nio-8082-exec-1] o.a.c.c.C.[Tomcat].[localhost].[/]       : Initializing Spring DispatcherServlet 'dispatcherServlet'
15:57:53:788  INFO 15428 --- [http-nio-8082-exec-1] o.s.web.servlet.DispatcherServlet        : Initializing Servlet 'dispatcherServlet'
15:57:53:795  INFO 15428 --- [http-nio-8082-exec-1] o.s.web.servlet.DispatcherServlet        : Completed initialization in 7 ms
15:57:53:899  INFO 15428 --- [http-nio-8082-exec-1] com.zaxxer.hikari.HikariDataSource       : HikariPool-1 - Starting...
15:57:54:136  INFO 15428 --- [http-nio-8082-exec-1] com.zaxxer.hikari.HikariDataSource       : HikariPool-1 - Start completed.
15:57:54:144 DEBUG 15428 --- [http-nio-8082-exec-1] com.hmall.cart.mapper.CartMapper.delete  : ==>  Preparing: DELETE FROM cart WHERE (user_id = ? AND item_id IN (?))
15:57:54:176 DEBUG 15428 --- [http-nio-8082-exec-1] com.hmall.cart.mapper.CartMapper.delete  : ==> Parameters: 1(Long), 100000004580(Long)
15:57:54:180 DEBUG 15428 --- [http-nio-8082-exec-1] com.hmall.cart.mapper.CartMapper.delete  : <==    Updates: 1
15:58:37:542  WARN 15428 --- [Thread-4] c.a.nacos.common.notify.NotifyCenter     : [NotifyCenter] Start destroying Publisher
15:58:37:542  WARN 15428 --- [Thread-7] c.a.n.common.http.HttpClientBeanHolder   : [HttpClientBeanHolder] Start destroying common HttpClient
15:58:37:543  WARN 15428 --- [Thread-4] c.a.nacos.common.notify.NotifyCenter     : [NotifyCenter] Destruction of the end
15:58:37:544  WARN 15428 --- [Thread-7] c.a.n.common.http.HttpClientBeanHolder   : [HttpClientBeanHolder] Destruction of the end
15:58:38:536  INFO 15428 --- [SpringApplicationShutdownHook] c.a.c.n.registry.NacosServiceRegistry    : De-registering from Nacos Server now...
15:58:38:545  INFO 15428 --- [SpringApplicationShutdownHook] c.a.c.n.registry.NacosServiceRegistry    : De-registration finished.
15:58:38:871  INFO 15428 --- [SpringApplicationShutdownHook] com.alibaba.nacos.common.remote.client   : Shutdown rpc client, set status to shutdown
15:58:38:871  INFO 15428 --- [SpringApplicationShutdownHook] com.alibaba.nacos.common.remote.client   : Shutdown client event executor java.util.concurrent.ScheduledThreadPoolExecutor@7eadc2d3[Running, pool size = 2, active threads = 2, queued tasks = 0, completed tasks = 0]
15:58:38:871  INFO 15428 --- [SpringApplicationShutdownHook] com.alibaba.nacos.common.remote.client   : Close current connection 1777017436745_192.168.150.1_50858
15:58:38:875  INFO 15428 --- [nacos-grpc-client-executor-28] c.a.n.c.remote.client.grpc.GrpcClient    : [1777017436745_192.168.150.1_50858]Ignore complete event,isRunning:false,isAbandon=false
15:58:38:887  INFO 15428 --- [SpringApplicationShutdownHook] c.a.n.c.remote.client.grpc.GrpcClient    : Shutdown grpc executor java.util.concurrent.ThreadPoolExecutor@3df5cf31[Running, pool size = 5, active threads = 0, queued tasks = 0, completed tasks = 29]
15:58:38:899  INFO 15428 --- [SpringApplicationShutdownHook] com.zaxxer.hikari.HikariDataSource       : HikariPool-1 - Shutdown initiated...
15:58:38:910  INFO 15428 --- [SpringApplicationShutdownHook] com.zaxxer.hikari.HikariDataSource       : HikariPool-1 - Shutdown completed.
15:58:43:700  INFO 27904 --- [main] com.hmall.cart.cartApplication           : Starting cartApplication using Java 11.0.31 on LAPTOP-16OT1L5F with PID 27904 (G:\hmall\backend\cart-service\target\classes started by 18071 in G:\hmall\backend)
15:58:43:701 DEBUG 27904 --- [main] com.hmall.cart.cartApplication           : Running with Spring Boot v2.7.12, Spring v5.3.27
15:58:43:701  INFO 27904 --- [main] com.hmall.cart.cartApplication           : The following 1 profile is active: "dev"
15:58:44:930  INFO 27904 --- [main] o.s.cloud.context.scope.GenericScope     : BeanFactory id=0e1baee2-d450-3668-bf79-8d0f8c86cbc8
15:58:45:416  INFO 27904 --- [main] o.s.b.w.embedded.tomcat.TomcatWebServer  : Tomcat initialized with port(s): 8082 (http)
15:58:45:426  INFO 27904 --- [main] o.apache.catalina.core.StandardService   : Starting service [Tomcat]
15:58:45:426  INFO 27904 --- [main] org.apache.catalina.core.StandardEngine  : Starting Servlet engine: [Apache Tomcat/9.0.75]
15:58:45:617  INFO 27904 --- [main] o.a.c.c.C.[Tomcat].[localhost].[/]       : Initializing Spring embedded WebApplicationContext
15:58:45:617  INFO 27904 --- [main] w.s.c.ServletWebServerApplicationContext : Root WebApplicationContext: initialization completed in 1847 ms
15:58:45:854  INFO 27904 --- [main] o.s.c.openfeign.FeignClientFactoryBean   : For 'item-service' URL not provided. Will try picking an instance via load-balancing.
15:58:50:139  INFO 27904 --- [main] pertySourcedRequestMappingHandlerMapping : Mapped URL path [/v2/api-docs] onto method [springfox.documentation.swagger2.web.Swagger2ControllerWebMvc#getDocumentation(String, HttpServletRequest)]
15:58:51:452  INFO 27904 --- [main] com.alibaba.nacos.common.remote.client   : [RpcClientFactory] create a new rpc client of a61233dd-f3a6-43c1-9968-390deacccc6d
15:58:51:515  INFO 27904 --- [main] org.reflections.Reflections              : Reflections took 35 ms to scan 1 urls, producing 3 keys and 6 values 
15:58:51:553  INFO 27904 --- [main] org.reflections.Reflections              : Reflections took 14 ms to scan 1 urls, producing 4 keys and 9 values 
15:58:51:571  INFO 27904 --- [main] org.reflections.Reflections              : Reflections took 11 ms to scan 1 urls, producing 3 keys and 10 values 
15:58:51:576  WARN 27904 --- [main] org.reflections.Reflections              : given scan urls are empty. set urls in the configuration
15:58:51:588  INFO 27904 --- [main] org.reflections.Reflections              : Reflections took 11 ms to scan 1 urls, producing 1 keys and 5 values 
15:58:51:604  INFO 27904 --- [main] org.reflections.Reflections              : Reflections took 11 ms to scan 1 urls, producing 1 keys and 7 values 
15:58:51:619  INFO 27904 --- [main] org.reflections.Reflections              : Reflections took 11 ms to scan 1 urls, producing 2 keys and 8 values 
15:58:51:623  WARN 27904 --- [main] org.reflections.Reflections              : given scan urls are empty. set urls in the configuration
15:58:51:624  INFO 27904 --- [main] com.alibaba.nacos.common.remote.client   : [a61233dd-f3a6-43c1-9968-390deacccc6d] RpcClient init label, labels = {module=naming, source=sdk}
15:58:51:627  INFO 27904 --- [main] com.alibaba.nacos.common.remote.client   : [a61233dd-f3a6-43c1-9968-390deacccc6d] RpcClient init, ServerListFactory = com.alibaba.nacos.client.naming.core.ServerListManager
15:58:51:627  INFO 27904 --- [main] com.alibaba.nacos.common.remote.client   : [a61233dd-f3a6-43c1-9968-390deacccc6d] Registry connection listener to current client:com.alibaba.nacos.client.naming.remote.gprc.redo.NamingGrpcRedoService
15:58:51:628  INFO 27904 --- [main] com.alibaba.nacos.common.remote.client   : [a61233dd-f3a6-43c1-9968-390deacccc6d] Register server push request handler:com.alibaba.nacos.client.naming.remote.gprc.NamingPushRequestHandler
15:58:51:630  INFO 27904 --- [main] com.alibaba.nacos.common.remote.client   : [a61233dd-f3a6-43c1-9968-390deacccc6d] Try to connect to server on start up, server: {serverIp = '192.168.150.102', server main port = 8848}
15:58:55:238  INFO 27904 --- [main] com.alibaba.nacos.common.remote.client   : [a61233dd-f3a6-43c1-9968-390deacccc6d] Success to connect to server [192.168.150.102:8848] on start up, connectionId = 1777017534104_192.168.150.1_51462
15:58:55:239  INFO 27904 --- [com.alibaba.nacos.client.remote.worker] com.alibaba.nacos.common.remote.client   : [a61233dd-f3a6-43c1-9968-390deacccc6d] Notify connected event to listeners.
15:58:55:240  INFO 27904 --- [main] com.alibaba.nacos.common.remote.client   : [a61233dd-f3a6-43c1-9968-390deacccc6d] Register server push request handler:com.alibaba.nacos.common.remote.client.RpcClient$ConnectResetRequestHandler
15:58:55:240  INFO 27904 --- [main] com.alibaba.nacos.common.remote.client   : [a61233dd-f3a6-43c1-9968-390deacccc6d] Register server push request handler:com.alibaba.nacos.common.remote.client.RpcClient$$Lambda$977/0x0000000800745c40
15:58:55:322  INFO 27904 --- [main] o.s.b.w.embedded.tomcat.TomcatWebServer  : Tomcat started on port(s): 8082 (http) with context path ''
15:58:55:343  INFO 27904 --- [main] c.a.c.n.registry.NacosServiceRegistry    : nacos registry, DEFAULT_GROUP cart-service 192.168.220.1:8082 register finished
15:58:55:833  INFO 27904 --- [nacos-grpc-client-executor-10] com.alibaba.nacos.common.remote.client   : [a61233dd-f3a6-43c1-9968-390deacccc6d] Receive server push request, request = NotifySubscriberRequest, requestId = 78
15:58:55:847  INFO 27904 --- [nacos-grpc-client-executor-10] com.alibaba.nacos.common.remote.client   : [a61233dd-f3a6-43c1-9968-390deacccc6d] Ack server push request, request = NotifySubscriberRequest, requestId = 78
15:58:56:561  INFO 27904 --- [main] d.s.w.p.DocumentationPluginsBootstrapper : Documentation plugins bootstrapped
15:58:56:566  INFO 27904 --- [main] d.s.w.p.DocumentationPluginsBootstrapper : Found 1 custom documentation plugin(s)
15:58:56:600  INFO 27904 --- [main] s.d.s.w.s.ApiListingReferenceScanner     : Scanning for api listing references
15:58:56:727  INFO 27904 --- [main] com.hmall.cart.cartApplication           : Started cartApplication in 14.192 seconds (JVM running for 15.61)
16:03:33:950  INFO 27904 --- [http-nio-8082-exec-1] o.a.c.c.C.[Tomcat].[localhost].[/]       : Initializing Spring DispatcherServlet 'dispatcherServlet'
16:03:33:953  INFO 27904 --- [http-nio-8082-exec-1] o.s.web.servlet.DispatcherServlet        : Initializing Servlet 'dispatcherServlet'
16:03:33:992  INFO 27904 --- [http-nio-8082-exec-1] o.s.web.servlet.DispatcherServlet        : Completed initialization in 39 ms
16:03:34:280  INFO 27904 --- [http-nio-8082-exec-1] com.zaxxer.hikari.HikariDataSource       : HikariPool-1 - Starting...
16:03:34:715  INFO 27904 --- [http-nio-8082-exec-1] com.zaxxer.hikari.HikariDataSource       : HikariPool-1 - Start completed.
16:03:34:724 DEBUG 27904 --- [http-nio-8082-exec-1] c.h.cart.mapper.CartMapper.selectList    : ==>  Preparing: SELECT id,user_id,item_id,num,name,spec,price,image,create_time,update_time FROM cart WHERE (user_id = ?)
16:03:34:752 DEBUG 27904 --- [http-nio-8082-exec-1] c.h.cart.mapper.CartMapper.selectList    : ==> Parameters: 1(Long)
16:03:34:777 DEBUG 27904 --- [http-nio-8082-exec-1] c.h.cart.mapper.CartMapper.selectList    : <==      Total: 0
16:03:47:888 DEBUG 27904 --- [http-nio-8082-exec-3] c.h.cart.mapper.CartMapper.selectList    : ==>  Preparing: SELECT id,user_id,item_id,num,name,spec,price,image,create_time,update_time FROM cart WHERE (user_id = ?)
16:03:47:888 DEBUG 27904 --- [http-nio-8082-exec-3] c.h.cart.mapper.CartMapper.selectList    : ==> Parameters: 1(Long)
16:03:47:889 DEBUG 27904 --- [http-nio-8082-exec-3] c.h.cart.mapper.CartMapper.selectList    : <==      Total: 0
16:03:50:256 DEBUG 27904 --- [http-nio-8082-exec-2] c.h.cart.mapper.CartMapper.selectList    : ==>  Preparing: SELECT id,user_id,item_id,num,name,spec,price,image,create_time,update_time FROM cart WHERE (user_id = ?)
16:03:50:256 DEBUG 27904 --- [http-nio-8082-exec-2] c.h.cart.mapper.CartMapper.selectList    : ==> Parameters: 1(Long)
16:03:50:258 DEBUG 27904 --- [http-nio-8082-exec-2] c.h.cart.mapper.CartMapper.selectList    : <==      Total: 0
16:16:00:454  WARN 27904 --- [Thread-4] c.a.nacos.common.notify.NotifyCenter     : [NotifyCenter] Start destroying Publisher
16:16:00:452  WARN 27904 --- [Thread-7] c.a.n.common.http.HttpClientBeanHolder   : [HttpClientBeanHolder] Start destroying common HttpClient
16:16:00:468  WARN 27904 --- [Thread-4] c.a.nacos.common.notify.NotifyCenter     : [NotifyCenter] Destruction of the end
16:16:00:468  WARN 27904 --- [Thread-7] c.a.n.common.http.HttpClientBeanHolder   : [HttpClientBeanHolder] Destruction of the end
16:16:01:453  INFO 27904 --- [SpringApplicationShutdownHook] c.a.c.n.registry.NacosServiceRegistry    : De-registering from Nacos Server now...
16:16:01:459  INFO 27904 --- [SpringApplicationShutdownHook] c.a.c.n.registry.NacosServiceRegistry    : De-registration finished.
16:16:01:788  INFO 27904 --- [SpringApplicationShutdownHook] com.alibaba.nacos.common.remote.client   : Shutdown rpc client, set status to shutdown
16:16:01:788  INFO 27904 --- [SpringApplicationShutdownHook] com.alibaba.nacos.common.remote.client   : Shutdown client event executor java.util.concurrent.ScheduledThreadPoolExecutor@9eea88f[Running, pool size = 2, active threads = 2, queued tasks = 0, completed tasks = 0]
16:16:01:788  INFO 27904 --- [SpringApplicationShutdownHook] com.alibaba.nacos.common.remote.client   : Close current connection 1777017534104_192.168.150.1_51462
16:16:01:791  INFO 27904 --- [nacos-grpc-client-executor-222] c.a.n.c.remote.client.grpc.GrpcClient    : [1777017534104_192.168.150.1_51462]Ignore complete event,isRunning:false,isAbandon=false
16:16:01:805  INFO 27904 --- [SpringApplicationShutdownHook] c.a.n.c.remote.client.grpc.GrpcClient    : Shutdown grpc executor java.util.concurrent.ThreadPoolExecutor@20d32afe[Running, pool size = 5, active threads = 0, queued tasks = 0, completed tasks = 223]
16:16:01:820  INFO 27904 --- [SpringApplicationShutdownHook] com.zaxxer.hikari.HikariDataSource       : HikariPool-1 - Shutdown initiated...
16:16:01:920  INFO 27904 --- [SpringApplicationShutdownHook] com.zaxxer.hikari.HikariDataSource       : HikariPool-1 - Shutdown completed.
16:16:10:039  INFO 12164 --- [main] com.hmall.cart.cartApplication           : Starting cartApplication using Java 11.0.31 on LAPTOP-16OT1L5F with PID 12164 (G:\hmall\backend\cart-service\target\classes started by 18071 in G:\hmall\backend)
16:16:10:040 DEBUG 12164 --- [main] com.hmall.cart.cartApplication           : Running with Spring Boot v2.7.12, Spring v5.3.27
16:16:10:040  INFO 12164 --- [main] com.hmall.cart.cartApplication           : The following 1 profile is active: "dev"
16:16:11:276  INFO 12164 --- [main] o.s.cloud.context.scope.GenericScope     : BeanFactory id=0e1baee2-d450-3668-bf79-8d0f8c86cbc8
16:16:11:754  INFO 12164 --- [main] o.s.b.w.embedded.tomcat.TomcatWebServer  : Tomcat initialized with port(s): 8082 (http)
16:16:11:768  INFO 12164 --- [main] o.apache.catalina.core.StandardService   : Starting service [Tomcat]
16:16:11:768  INFO 12164 --- [main] org.apache.catalina.core.StandardEngine  : Starting Servlet engine: [Apache Tomcat/9.0.75]
16:16:11:987  INFO 12164 --- [main] o.a.c.c.C.[Tomcat].[localhost].[/]       : Initializing Spring embedded WebApplicationContext
16:16:11:987  INFO 12164 --- [main] w.s.c.ServletWebServerApplicationContext : Root WebApplicationContext: initialization completed in 1893 ms
16:16:12:231  INFO 12164 --- [main] o.s.c.openfeign.FeignClientFactoryBean   : For 'item-service' URL not provided. Will try picking an instance via load-balancing.
16:16:16:819  INFO 12164 --- [main] pertySourcedRequestMappingHandlerMapping : Mapped URL path [/v2/api-docs] onto method [springfox.documentation.swagger2.web.Swagger2ControllerWebMvc#getDocumentation(String, HttpServletRequest)]
16:16:18:216  INFO 12164 --- [main] com.alibaba.nacos.common.remote.client   : [RpcClientFactory] create a new rpc client of d647d237-8f2b-42d3-9f0e-3cafe17ea9ac
16:16:18:270  INFO 12164 --- [main] org.reflections.Reflections              : Reflections took 26 ms to scan 1 urls, producing 3 keys and 6 values 
16:16:18:320  INFO 12164 --- [main] org.reflections.Reflections              : Reflections took 14 ms to scan 1 urls, producing 4 keys and 9 values 
16:16:18:341  INFO 12164 --- [main] org.reflections.Reflections              : Reflections took 15 ms to scan 1 urls, producing 3 keys and 10 values 
16:16:18:346  WARN 12164 --- [main] org.reflections.Reflections              : given scan urls are empty. set urls in the configuration
16:16:18:359  INFO 12164 --- [main] org.reflections.Reflections              : Reflections took 11 ms to scan 1 urls, producing 1 keys and 5 values 
16:16:18:378  INFO 12164 --- [main] org.reflections.Reflections              : Reflections took 14 ms to scan 1 urls, producing 1 keys and 7 values 
16:16:18:395  INFO 12164 --- [main] org.reflections.Reflections              : Reflections took 12 ms to scan 1 urls, producing 2 keys and 8 values 
16:16:18:400  WARN 12164 --- [main] org.reflections.Reflections              : given scan urls are empty. set urls in the configuration
16:16:18:402  INFO 12164 --- [main] com.alibaba.nacos.common.remote.client   : [d647d237-8f2b-42d3-9f0e-3cafe17ea9ac] RpcClient init label, labels = {module=naming, source=sdk}
16:16:18:406  INFO 12164 --- [main] com.alibaba.nacos.common.remote.client   : [d647d237-8f2b-42d3-9f0e-3cafe17ea9ac] RpcClient init, ServerListFactory = com.alibaba.nacos.client.naming.core.ServerListManager
16:16:18:407  INFO 12164 --- [main] com.alibaba.nacos.common.remote.client   : [d647d237-8f2b-42d3-9f0e-3cafe17ea9ac] Registry connection listener to current client:com.alibaba.nacos.client.naming.remote.gprc.redo.NamingGrpcRedoService
16:16:18:408  INFO 12164 --- [main] com.alibaba.nacos.common.remote.client   : [d647d237-8f2b-42d3-9f0e-3cafe17ea9ac] Register server push request handler:com.alibaba.nacos.client.naming.remote.gprc.NamingPushRequestHandler
16:16:18:410  INFO 12164 --- [main] com.alibaba.nacos.common.remote.client   : [d647d237-8f2b-42d3-9f0e-3cafe17ea9ac] Try to connect to server on start up, server: {serverIp = '192.168.150.102', server main port = 8848}
16:16:22:866  INFO 12164 --- [main] com.alibaba.nacos.common.remote.client   : [d647d237-8f2b-42d3-9f0e-3cafe17ea9ac] Success to connect to server [192.168.150.102:8848] on start up, connectionId = 1777018581683_192.168.150.1_53351
16:16:22:868  INFO 12164 --- [com.alibaba.nacos.client.remote.worker] com.alibaba.nacos.common.remote.client   : [d647d237-8f2b-42d3-9f0e-3cafe17ea9ac] Notify connected event to listeners.
16:16:22:869  INFO 12164 --- [main] com.alibaba.nacos.common.remote.client   : [d647d237-8f2b-42d3-9f0e-3cafe17ea9ac] Register server push request handler:com.alibaba.nacos.common.remote.client.RpcClient$ConnectResetRequestHandler
16:16:22:870  INFO 12164 --- [main] com.alibaba.nacos.common.remote.client   : [d647d237-8f2b-42d3-9f0e-3cafe17ea9ac] Register server push request handler:com.alibaba.nacos.common.remote.client.RpcClient$$Lambda$978/0x00000008006e4040
16:16:22:956  INFO 12164 --- [main] o.s.b.w.embedded.tomcat.TomcatWebServer  : Tomcat started on port(s): 8082 (http) with context path ''
16:16:22:970  INFO 12164 --- [main] c.a.c.n.registry.NacosServiceRegistry    : nacos registry, DEFAULT_GROUP cart-service 192.168.220.1:8082 register finished
16:16:23:472  INFO 12164 --- [nacos-grpc-client-executor-9] com.alibaba.nacos.common.remote.client   : [d647d237-8f2b-42d3-9f0e-3cafe17ea9ac] Receive server push request, request = NotifySubscriberRequest, requestId = 98
16:16:23:491  INFO 12164 --- [nacos-grpc-client-executor-9] com.alibaba.nacos.common.remote.client   : [d647d237-8f2b-42d3-9f0e-3cafe17ea9ac] Ack server push request, request = NotifySubscriberRequest, requestId = 98
16:16:24:040  INFO 12164 --- [main] d.s.w.p.DocumentationPluginsBootstrapper : Documentation plugins bootstrapped
16:16:24:045  INFO 12164 --- [main] d.s.w.p.DocumentationPluginsBootstrapper : Found 1 custom documentation plugin(s)
16:16:24:086  INFO 12164 --- [main] s.d.s.w.s.ApiListingReferenceScanner     : Scanning for api listing references
16:16:24:241  INFO 12164 --- [main] com.hmall.cart.cartApplication           : Started cartApplication in 15.633 seconds (JVM running for 17.187)
16:17:22:829  INFO 12164 --- [http-nio-8082-exec-1] o.a.c.c.C.[Tomcat].[localhost].[/]       : Initializing Spring DispatcherServlet 'dispatcherServlet'
16:17:22:829  INFO 12164 --- [http-nio-8082-exec-1] o.s.web.servlet.DispatcherServlet        : Initializing Servlet 'dispatcherServlet'
16:17:22:833  INFO 12164 --- [http-nio-8082-exec-1] o.s.web.servlet.DispatcherServlet        : Completed initialization in 4 ms
16:17:23:012  INFO 12164 --- [http-nio-8082-exec-1] com.zaxxer.hikari.HikariDataSource       : HikariPool-1 - Starting...
16:17:23:332  INFO 12164 --- [http-nio-8082-exec-1] com.zaxxer.hikari.HikariDataSource       : HikariPool-1 - Start completed.
16:17:23:341 DEBUG 12164 --- [http-nio-8082-exec-1] c.h.cart.mapper.CartMapper.selectList    : ==>  Preparing: SELECT id,user_id,item_id,num,name,spec,price,image,create_time,update_time FROM cart WHERE (user_id = ?)
16:17:23:371 DEBUG 12164 --- [http-nio-8082-exec-1] c.h.cart.mapper.CartMapper.selectList    : ==> Parameters: 1(Long)
16:17:23:399 DEBUG 12164 --- [http-nio-8082-exec-1] c.h.cart.mapper.CartMapper.selectList    : <==      Total: 0
16:19:01:466  WARN 12164 --- [Thread-4] c.a.nacos.common.notify.NotifyCenter     : [NotifyCenter] Start destroying Publisher
16:19:01:466  WARN 12164 --- [Thread-7] c.a.n.common.http.HttpClientBeanHolder   : [HttpClientBeanHolder] Start destroying common HttpClient
16:19:01:466  WARN 12164 --- [Thread-4] c.a.nacos.common.notify.NotifyCenter     : [NotifyCenter] Destruction of the end
16:19:01:468  WARN 12164 --- [Thread-7] c.a.n.common.http.HttpClientBeanHolder   : [HttpClientBeanHolder] Destruction of the end
16:19:02:198  INFO 12164 --- [SpringApplicationShutdownHook] c.a.c.n.registry.NacosServiceRegistry    : De-registering from Nacos Server now...
16:19:02:202  INFO 12164 --- [SpringApplicationShutdownHook] c.a.c.n.registry.NacosServiceRegistry    : De-registration finished.
16:19:02:530  INFO 12164 --- [SpringApplicationShutdownHook] com.alibaba.nacos.common.remote.client   : Shutdown rpc client, set status to shutdown
16:19:02:530  INFO 12164 --- [SpringApplicationShutdownHook] com.alibaba.nacos.common.remote.client   : Shutdown client event executor java.util.concurrent.ScheduledThreadPoolExecutor@792e245e[Running, pool size = 2, active threads = 2, queued tasks = 0, completed tasks = 0]
16:19:02:530  INFO 12164 --- [SpringApplicationShutdownHook] com.alibaba.nacos.common.remote.client   : Close current connection 1777018581683_192.168.150.1_53351
16:19:02:532  INFO 12164 --- [nacos-grpc-client-executor-43] c.a.n.c.remote.client.grpc.GrpcClient    : [1777018581683_192.168.150.1_53351]Ignore complete event,isRunning:false,isAbandon=false
16:19:02:542  INFO 12164 --- [SpringApplicationShutdownHook] c.a.n.c.remote.client.grpc.GrpcClient    : Shutdown grpc executor java.util.concurrent.ThreadPoolExecutor@2ef3da88[Running, pool size = 5, active threads = 0, queued tasks = 0, completed tasks = 44]
16:19:02:550  INFO 12164 --- [SpringApplicationShutdownHook] com.zaxxer.hikari.HikariDataSource       : HikariPool-1 - Shutdown initiated...
16:19:02:562  INFO 12164 --- [SpringApplicationShutdownHook] com.zaxxer.hikari.HikariDataSource       : HikariPool-1 - Shutdown completed.
19:22:11:004  INFO 24780 --- [main] com.hmall.cart.cartApplication           : Starting cartApplication using Java 11.0.31 on LAPTOP-16OT1L5F with PID 24780 (G:\hmall\backend\cart-service\target\classes started by 18071 in G:\hmall\backend)
19:22:11:006 DEBUG 24780 --- [main] com.hmall.cart.cartApplication           : Running with Spring Boot v2.7.12, Spring v5.3.27
19:22:11:007  INFO 24780 --- [main] com.hmall.cart.cartApplication           : The following 1 profile is active: "dev"
19:22:12:154  INFO 24780 --- [main] o.s.cloud.context.scope.GenericScope     : BeanFactory id=0e1baee2-d450-3668-bf79-8d0f8c86cbc8
19:22:12:482  INFO 24780 --- [main] o.s.b.w.embedded.tomcat.TomcatWebServer  : Tomcat initialized with port(s): 8082 (http)
19:22:12:490  INFO 24780 --- [main] o.apache.catalina.core.StandardService   : Starting service [Tomcat]
19:22:12:490  INFO 24780 --- [main] org.apache.catalina.core.StandardEngine  : Starting Servlet engine: [Apache Tomcat/9.0.75]
19:22:12:686  INFO 24780 --- [main] o.a.c.c.C.[Tomcat].[localhost].[/]       : Initializing Spring embedded WebApplicationContext
19:22:12:687  INFO 24780 --- [main] w.s.c.ServletWebServerApplicationContext : Root WebApplicationContext: initialization completed in 1639 ms
19:22:12:957  INFO 24780 --- [main] o.s.c.openfeign.FeignClientFactoryBean   : For 'item-service' URL not provided. Will try picking an instance via load-balancing.
19:22:17:166  INFO 24780 --- [main] pertySourcedRequestMappingHandlerMapping : Mapped URL path [/v2/api-docs] onto method [springfox.documentation.swagger2.web.Swagger2ControllerWebMvc#getDocumentation(String, HttpServletRequest)]
19:22:18:429  INFO 24780 --- [main] com.alibaba.nacos.common.remote.client   : [RpcClientFactory] create a new rpc client of 6a5f2b38-c125-4347-9216-90909befeae2
19:22:18:484  INFO 24780 --- [main] org.reflections.Reflections              : Reflections took 30 ms to scan 1 urls, producing 3 keys and 6 values 
19:22:18:513  INFO 24780 --- [main] org.reflections.Reflections              : Reflections took 10 ms to scan 1 urls, producing 4 keys and 9 values 
19:22:18:523  INFO 24780 --- [main] org.reflections.Reflections              : Reflections took 7 ms to scan 1 urls, producing 3 keys and 10 values 
19:22:18:526  WARN 24780 --- [main] org.reflections.Reflections              : given scan urls are empty. set urls in the configuration
19:22:18:535  INFO 24780 --- [main] org.reflections.Reflections              : Reflections took 9 ms to scan 1 urls, producing 1 keys and 5 values 
19:22:18:545  INFO 24780 --- [main] org.reflections.Reflections              : Reflections took 8 ms to scan 1 urls, producing 1 keys and 7 values 
19:22:18:567  INFO 24780 --- [main] org.reflections.Reflections              : Reflections took 18 ms to scan 1 urls, producing 2 keys and 8 values 
19:22:18:570  WARN 24780 --- [main] org.reflections.Reflections              : given scan urls are empty. set urls in the configuration
19:22:18:572  INFO 24780 --- [main] com.alibaba.nacos.common.remote.client   : [6a5f2b38-c125-4347-9216-90909befeae2] RpcClient init label, labels = {module=naming, source=sdk}
19:22:18:575  INFO 24780 --- [main] com.alibaba.nacos.common.remote.client   : [6a5f2b38-c125-4347-9216-90909befeae2] RpcClient init, ServerListFactory = com.alibaba.nacos.client.naming.core.ServerListManager
19:22:18:575  INFO 24780 --- [main] com.alibaba.nacos.common.remote.client   : [6a5f2b38-c125-4347-9216-90909befeae2] Registry connection listener to current client:com.alibaba.nacos.client.naming.remote.gprc.redo.NamingGrpcRedoService
19:22:18:576  INFO 24780 --- [main] com.alibaba.nacos.common.remote.client   : [6a5f2b38-c125-4347-9216-90909befeae2] Register server push request handler:com.alibaba.nacos.client.naming.remote.gprc.NamingPushRequestHandler
19:22:18:578  INFO 24780 --- [main] com.alibaba.nacos.common.remote.client   : [6a5f2b38-c125-4347-9216-90909befeae2] Try to connect to server on start up, server: {serverIp = '192.168.150.102', server main port = 8848}
19:22:23:051 ERROR 24780 --- [main] c.a.n.c.remote.client.grpc.GrpcClient    : Server check fail, please check server 192.168.150.102 ,port 9848 is available , error ={}

java.util.concurrent.TimeoutException: Waited 3000 milliseconds (plus 2 milliseconds, 241900 nanoseconds delay) for com.alibaba.nacos.shaded.io.grpc.stub.ClientCalls$GrpcFuture@3d5f08d4[status=PENDING, info=[GrpcFuture{clientCall={delegate={delegate=ClientCallImpl{method=MethodDescriptor{fullMethodName=Request/request, type=UNARY, idempotent=false, safe=false, sampledToLocalTracing=true, requestMarshaller=com.alibaba.nacos.shaded.io.grpc.protobuf.lite.ProtoLiteUtils$MessageMarshaller@6963b0bd, responseMarshaller=com.alibaba.nacos.shaded.io.grpc.protobuf.lite.ProtoLiteUtils$MessageMarshaller@68a94e58, schemaDescriptor=com.alibaba.nacos.api.grpc.auto.RequestGrpc$RequestMethodDescriptorSupplier@49741274}}}}}]]
	at com.alibaba.nacos.shaded.com.google.common.util.concurrent.AbstractFuture.get(AbstractFuture.java:508) ~[nacos-client-2.0.4.jar:na]
	at com.alibaba.nacos.common.remote.client.grpc.GrpcClient.serverCheck(GrpcClient.java:148) ~[nacos-client-2.0.4.jar:na]
	at com.alibaba.nacos.common.remote.client.grpc.GrpcClient.connectToServer(GrpcClient.java:264) ~[nacos-client-2.0.4.jar:na]
	at com.alibaba.nacos.common.remote.client.RpcClient.start(RpcClient.java:390) ~[nacos-client-2.0.4.jar:na]
	at com.alibaba.nacos.client.naming.remote.gprc.NamingGrpcClientProxy.start(NamingGrpcClientProxy.java:96) ~[nacos-client-2.0.4.jar:na]
	at com.alibaba.nacos.client.naming.remote.gprc.NamingGrpcClientProxy.<init>(NamingGrpcClientProxy.java:89) ~[nacos-client-2.0.4.jar:na]
	at com.alibaba.nacos.client.naming.remote.NamingClientProxyDelegate.<init>(NamingClientProxyDelegate.java:76) ~[nacos-client-2.0.4.jar:na]
	at com.alibaba.nacos.client.naming.NacosNamingService.init(NacosNamingService.java:95) ~[nacos-client-2.0.4.jar:na]
	at com.alibaba.nacos.client.naming.NacosNamingService.<init>(NacosNamingService.java:81) ~[nacos-client-2.0.4.jar:na]
	at java.base/jdk.internal.reflect.NativeConstructorAccessorImpl.newInstance0(Native Method) ~[na:na]
	at java.base/jdk.internal.reflect.NativeConstructorAccessorImpl.newInstance(NativeConstructorAccessorImpl.java:62) ~[na:na]
	at java.base/jdk.internal.reflect.DelegatingConstructorAccessorImpl.newInstance(DelegatingConstructorAccessorImpl.java:45) ~[na:na]
	at java.base/java.lang.reflect.Constructor.newInstance(Constructor.java:490) ~[na:na]
	at com.alibaba.nacos.api.naming.NamingFactory.createNamingService(NamingFactory.java:59) ~[nacos-client-2.0.4.jar:na]
	at com.alibaba.nacos.api.NacosFactory.createNamingService(NacosFactory.java:77) ~[nacos-client-2.0.4.jar:na]
	at com.alibaba.cloud.nacos.NacosServiceManager.createNewNamingService(NacosServiceManager.java:99) ~[spring-cloud-starter-alibaba-nacos-discovery-2021.0.4.0.jar:2021.0.4.0]
	at com.alibaba.cloud.nacos.NacosServiceManager.buildNamingService(NacosServiceManager.java:90) ~[spring-cloud-starter-alibaba-nacos-discovery-2021.0.4.0.jar:2021.0.4.0]
	at com.alibaba.cloud.nacos.NacosServiceManager.getNamingService(NacosServiceManager.java:46) ~[spring-cloud-starter-alibaba-nacos-discovery-2021.0.4.0.jar:2021.0.4.0]
	at com.alibaba.cloud.nacos.discovery.NacosWatch.start(NacosWatch.java:130) ~[spring-cloud-starter-alibaba-nacos-discovery-2021.0.4.0.jar:2021.0.4.0]
	at org.springframework.context.support.DefaultLifecycleProcessor.doStart(DefaultLifecycleProcessor.java:178) ~[spring-context-5.3.27.jar:5.3.27]
	at org.springframework.context.support.DefaultLifecycleProcessor.access$200(DefaultLifecycleProcessor.java:54) ~[spring-context-5.3.27.jar:5.3.27]
	at org.springframework.context.support.DefaultLifecycleProcessor$LifecycleGroup.start(DefaultLifecycleProcessor.java:356) ~[spring-context-5.3.27.jar:5.3.27]
	at java.base/java.lang.Iterable.forEach(Iterable.java:75) ~[na:na]
	at org.springframework.context.support.DefaultLifecycleProcessor.startBeans(DefaultLifecycleProcessor.java:155) ~[spring-context-5.3.27.jar:5.3.27]
	at org.springframework.context.support.DefaultLifecycleProcessor.onRefresh(DefaultLifecycleProcessor.java:123) ~[spring-context-5.3.27.jar:5.3.27]
	at org.springframework.context.support.AbstractApplicationContext.finishRefresh(AbstractApplicationContext.java:937) ~[spring-context-5.3.27.jar:5.3.27]
	at org.springframework.context.support.AbstractApplicationContext.refresh(AbstractApplicationContext.java:586) ~[spring-context-5.3.27.jar:5.3.27]
	at org.springframework.boot.web.servlet.context.ServletWebServerApplicationContext.refresh(ServletWebServerApplicationContext.java:147) ~[spring-boot-2.7.12.jar:2.7.12]
	at org.springframework.boot.SpringApplication.refresh(SpringApplication.java:731) ~[spring-boot-2.7.12.jar:2.7.12]
	at org.springframework.boot.SpringApplication.refreshContext(SpringApplication.java:408) ~[spring-boot-2.7.12.jar:2.7.12]
	at org.springframework.boot.SpringApplication.run(SpringApplication.java:307) ~[spring-boot-2.7.12.jar:2.7.12]
	at org.springframework.boot.SpringApplication.run(SpringApplication.java:1303) ~[spring-boot-2.7.12.jar:2.7.12]
	at org.springframework.boot.SpringApplication.run(SpringApplication.java:1292) ~[spring-boot-2.7.12.jar:2.7.12]
	at com.hmall.cart.cartApplication.main(cartApplication.java:20) ~[classes/:na]

19:22:23:060  INFO 24780 --- [main] com.alibaba.nacos.common.remote.client   : [6a5f2b38-c125-4347-9216-90909befeae2] Try to connect to server on start up, server: {serverIp = '192.168.150.102', server main port = 8848}
19:22:26:077 ERROR 24780 --- [main] c.a.n.c.remote.client.grpc.GrpcClient    : Server check fail, please check server 192.168.150.102 ,port 9848 is available , error ={}

java.util.concurrent.TimeoutException: Waited 3000 milliseconds (plus 14 milliseconds, 845400 nanoseconds delay) for com.alibaba.nacos.shaded.io.grpc.stub.ClientCalls$GrpcFuture@5c7e55a4[status=PENDING, info=[GrpcFuture{clientCall={delegate={delegate=ClientCallImpl{method=MethodDescriptor{fullMethodName=Request/request, type=UNARY, idempotent=false, safe=false, sampledToLocalTracing=true, requestMarshaller=com.alibaba.nacos.shaded.io.grpc.protobuf.lite.ProtoLiteUtils$MessageMarshaller@6963b0bd, responseMarshaller=com.alibaba.nacos.shaded.io.grpc.protobuf.lite.ProtoLiteUtils$MessageMarshaller@68a94e58, schemaDescriptor=com.alibaba.nacos.api.grpc.auto.RequestGrpc$RequestMethodDescriptorSupplier@49741274}}}}}]]
	at com.alibaba.nacos.shaded.com.google.common.util.concurrent.AbstractFuture.get(AbstractFuture.java:508) ~[nacos-client-2.0.4.jar:na]
	at com.alibaba.nacos.common.remote.client.grpc.GrpcClient.serverCheck(GrpcClient.java:148) ~[nacos-client-2.0.4.jar:na]
	at com.alibaba.nacos.common.remote.client.grpc.GrpcClient.connectToServer(GrpcClient.java:264) ~[nacos-client-2.0.4.jar:na]
	at com.alibaba.nacos.common.remote.client.RpcClient.start(RpcClient.java:390) ~[nacos-client-2.0.4.jar:na]
	at com.alibaba.nacos.client.naming.remote.gprc.NamingGrpcClientProxy.start(NamingGrpcClientProxy.java:96) ~[nacos-client-2.0.4.jar:na]
	at com.alibaba.nacos.client.naming.remote.gprc.NamingGrpcClientProxy.<init>(NamingGrpcClientProxy.java:89) ~[nacos-client-2.0.4.jar:na]
	at com.alibaba.nacos.client.naming.remote.NamingClientProxyDelegate.<init>(NamingClientProxyDelegate.java:76) ~[nacos-client-2.0.4.jar:na]
	at com.alibaba.nacos.client.naming.NacosNamingService.init(NacosNamingService.java:95) ~[nacos-client-2.0.4.jar:na]
	at com.alibaba.nacos.client.naming.NacosNamingService.<init>(NacosNamingService.java:81) ~[nacos-client-2.0.4.jar:na]
	at java.base/jdk.internal.reflect.NativeConstructorAccessorImpl.newInstance0(Native Method) ~[na:na]
	at java.base/jdk.internal.reflect.NativeConstructorAccessorImpl.newInstance(NativeConstructorAccessorImpl.java:62) ~[na:na]
	at java.base/jdk.internal.reflect.DelegatingConstructorAccessorImpl.newInstance(DelegatingConstructorAccessorImpl.java:45) ~[na:na]
	at java.base/java.lang.reflect.Constructor.newInstance(Constructor.java:490) ~[na:na]
	at com.alibaba.nacos.api.naming.NamingFactory.createNamingService(NamingFactory.java:59) ~[nacos-client-2.0.4.jar:na]
	at com.alibaba.nacos.api.NacosFactory.createNamingService(NacosFactory.java:77) ~[nacos-client-2.0.4.jar:na]
	at com.alibaba.cloud.nacos.NacosServiceManager.createNewNamingService(NacosServiceManager.java:99) ~[spring-cloud-starter-alibaba-nacos-discovery-2021.0.4.0.jar:2021.0.4.0]
	at com.alibaba.cloud.nacos.NacosServiceManager.buildNamingService(NacosServiceManager.java:90) ~[spring-cloud-starter-alibaba-nacos-discovery-2021.0.4.0.jar:2021.0.4.0]
	at com.alibaba.cloud.nacos.NacosServiceManager.getNamingService(NacosServiceManager.java:46) ~[spring-cloud-starter-alibaba-nacos-discovery-2021.0.4.0.jar:2021.0.4.0]
	at com.alibaba.cloud.nacos.discovery.NacosWatch.start(NacosWatch.java:130) ~[spring-cloud-starter-alibaba-nacos-discovery-2021.0.4.0.jar:2021.0.4.0]
	at org.springframework.context.support.DefaultLifecycleProcessor.doStart(DefaultLifecycleProcessor.java:178) ~[spring-context-5.3.27.jar:5.3.27]
	at org.springframework.context.support.DefaultLifecycleProcessor.access$200(DefaultLifecycleProcessor.java:54) ~[spring-context-5.3.27.jar:5.3.27]
	at org.springframework.context.support.DefaultLifecycleProcessor$LifecycleGroup.start(DefaultLifecycleProcessor.java:356) ~[spring-context-5.3.27.jar:5.3.27]
	at java.base/java.lang.Iterable.forEach(Iterable.java:75) ~[na:na]
	at org.springframework.context.support.DefaultLifecycleProcessor.startBeans(DefaultLifecycleProcessor.java:155) ~[spring-context-5.3.27.jar:5.3.27]
	at org.springframework.context.support.DefaultLifecycleProcessor.onRefresh(DefaultLifecycleProcessor.java:123) ~[spring-context-5.3.27.jar:5.3.27]
	at org.springframework.context.support.AbstractApplicationContext.finishRefresh(AbstractApplicationContext.java:937) ~[spring-context-5.3.27.jar:5.3.27]
	at org.springframework.context.support.AbstractApplicationContext.refresh(AbstractApplicationContext.java:586) ~[spring-context-5.3.27.jar:5.3.27]
	at org.springframework.boot.web.servlet.context.ServletWebServerApplicationContext.refresh(ServletWebServerApplicationContext.java:147) ~[spring-boot-2.7.12.jar:2.7.12]
	at org.springframework.boot.SpringApplication.refresh(SpringApplication.java:731) ~[spring-boot-2.7.12.jar:2.7.12]
	at org.springframework.boot.SpringApplication.refreshContext(SpringApplication.java:408) ~[spring-boot-2.7.12.jar:2.7.12]
	at org.springframework.boot.SpringApplication.run(SpringApplication.java:307) ~[spring-boot-2.7.12.jar:2.7.12]
	at org.springframework.boot.SpringApplication.run(SpringApplication.java:1303) ~[spring-boot-2.7.12.jar:2.7.12]
	at org.springframework.boot.SpringApplication.run(SpringApplication.java:1292) ~[spring-boot-2.7.12.jar:2.7.12]
	at com.hmall.cart.cartApplication.main(cartApplication.java:20) ~[classes/:na]

19:22:26:079  INFO 24780 --- [main] com.alibaba.nacos.common.remote.client   : [6a5f2b38-c125-4347-9216-90909befeae2] Try to connect to server on start up, server: {serverIp = '192.168.150.102', server main port = 8848}
19:22:29:095 ERROR 24780 --- [main] c.a.n.c.remote.client.grpc.GrpcClient    : Server check fail, please check server 192.168.150.102 ,port 9848 is available , error ={}

java.util.concurrent.TimeoutException: Waited 3000 milliseconds (plus 14 milliseconds, 7000 nanoseconds delay) for com.alibaba.nacos.shaded.io.grpc.stub.ClientCalls$GrpcFuture@1e14b269[status=PENDING, info=[GrpcFuture{clientCall={delegate={delegate=ClientCallImpl{method=MethodDescriptor{fullMethodName=Request/request, type=UNARY, idempotent=false, safe=false, sampledToLocalTracing=true, requestMarshaller=com.alibaba.nacos.shaded.io.grpc.protobuf.lite.ProtoLiteUtils$MessageMarshaller@6963b0bd, responseMarshaller=com.alibaba.nacos.shaded.io.grpc.protobuf.lite.ProtoLiteUtils$MessageMarshaller@68a94e58, schemaDescriptor=com.alibaba.nacos.api.grpc.auto.RequestGrpc$RequestMethodDescriptorSupplier@49741274}}}}}]]
	at com.alibaba.nacos.shaded.com.google.common.util.concurrent.AbstractFuture.get(AbstractFuture.java:508) ~[nacos-client-2.0.4.jar:na]
	at com.alibaba.nacos.common.remote.client.grpc.GrpcClient.serverCheck(GrpcClient.java:148) ~[nacos-client-2.0.4.jar:na]
	at com.alibaba.nacos.common.remote.client.grpc.GrpcClient.connectToServer(GrpcClient.java:264) ~[nacos-client-2.0.4.jar:na]
	at com.alibaba.nacos.common.remote.client.RpcClient.start(RpcClient.java:390) ~[nacos-client-2.0.4.jar:na]
	at com.alibaba.nacos.client.naming.remote.gprc.NamingGrpcClientProxy.start(NamingGrpcClientProxy.java:96) ~[nacos-client-2.0.4.jar:na]
	at com.alibaba.nacos.client.naming.remote.gprc.NamingGrpcClientProxy.<init>(NamingGrpcClientProxy.java:89) ~[nacos-client-2.0.4.jar:na]
	at com.alibaba.nacos.client.naming.remote.NamingClientProxyDelegate.<init>(NamingClientProxyDelegate.java:76) ~[nacos-client-2.0.4.jar:na]
	at com.alibaba.nacos.client.naming.NacosNamingService.init(NacosNamingService.java:95) ~[nacos-client-2.0.4.jar:na]
	at com.alibaba.nacos.client.naming.NacosNamingService.<init>(NacosNamingService.java:81) ~[nacos-client-2.0.4.jar:na]
	at java.base/jdk.internal.reflect.NativeConstructorAccessorImpl.newInstance0(Native Method) ~[na:na]
	at java.base/jdk.internal.reflect.NativeConstructorAccessorImpl.newInstance(NativeConstructorAccessorImpl.java:62) ~[na:na]
	at java.base/jdk.internal.reflect.DelegatingConstructorAccessorImpl.newInstance(DelegatingConstructorAccessorImpl.java:45) ~[na:na]
	at java.base/java.lang.reflect.Constructor.newInstance(Constructor.java:490) ~[na:na]
	at com.alibaba.nacos.api.naming.NamingFactory.createNamingService(NamingFactory.java:59) ~[nacos-client-2.0.4.jar:na]
	at com.alibaba.nacos.api.NacosFactory.createNamingService(NacosFactory.java:77) ~[nacos-client-2.0.4.jar:na]
	at com.alibaba.cloud.nacos.NacosServiceManager.createNewNamingService(NacosServiceManager.java:99) ~[spring-cloud-starter-alibaba-nacos-discovery-2021.0.4.0.jar:2021.0.4.0]
	at com.alibaba.cloud.nacos.NacosServiceManager.buildNamingService(NacosServiceManager.java:90) ~[spring-cloud-starter-alibaba-nacos-discovery-2021.0.4.0.jar:2021.0.4.0]
	at com.alibaba.cloud.nacos.NacosServiceManager.getNamingService(NacosServiceManager.java:46) ~[spring-cloud-starter-alibaba-nacos-discovery-2021.0.4.0.jar:2021.0.4.0]
	at com.alibaba.cloud.nacos.discovery.NacosWatch.start(NacosWatch.java:130) ~[spring-cloud-starter-alibaba-nacos-discovery-2021.0.4.0.jar:2021.0.4.0]
	at org.springframework.context.support.DefaultLifecycleProcessor.doStart(DefaultLifecycleProcessor.java:178) ~[spring-context-5.3.27.jar:5.3.27]
	at org.springframework.context.support.DefaultLifecycleProcessor.access$200(DefaultLifecycleProcessor.java:54) ~[spring-context-5.3.27.jar:5.3.27]
	at org.springframework.context.support.DefaultLifecycleProcessor$LifecycleGroup.start(DefaultLifecycleProcessor.java:356) ~[spring-context-5.3.27.jar:5.3.27]
	at java.base/java.lang.Iterable.forEach(Iterable.java:75) ~[na:na]
	at org.springframework.context.support.DefaultLifecycleProcessor.startBeans(DefaultLifecycleProcessor.java:155) ~[spring-context-5.3.27.jar:5.3.27]
	at org.springframework.context.support.DefaultLifecycleProcessor.onRefresh(DefaultLifecycleProcessor.java:123) ~[spring-context-5.3.27.jar:5.3.27]
	at org.springframework.context.support.AbstractApplicationContext.finishRefresh(AbstractApplicationContext.java:937) ~[spring-context-5.3.27.jar:5.3.27]
	at org.springframework.context.support.AbstractApplicationContext.refresh(AbstractApplicationContext.java:586) ~[spring-context-5.3.27.jar:5.3.27]
	at org.springframework.boot.web.servlet.context.ServletWebServerApplicationContext.refresh(ServletWebServerApplicationContext.java:147) ~[spring-boot-2.7.12.jar:2.7.12]
	at org.springframework.boot.SpringApplication.refresh(SpringApplication.java:731) ~[spring-boot-2.7.12.jar:2.7.12]
	at org.springframework.boot.SpringApplication.refreshContext(SpringApplication.java:408) ~[spring-boot-2.7.12.jar:2.7.12]
	at org.springframework.boot.SpringApplication.run(SpringApplication.java:307) ~[spring-boot-2.7.12.jar:2.7.12]
	at org.springframework.boot.SpringApplication.run(SpringApplication.java:1303) ~[spring-boot-2.7.12.jar:2.7.12]
	at org.springframework.boot.SpringApplication.run(SpringApplication.java:1292) ~[spring-boot-2.7.12.jar:2.7.12]
	at com.hmall.cart.cartApplication.main(cartApplication.java:20) ~[classes/:na]

19:22:29:097  INFO 24780 --- [com.alibaba.nacos.client.remote.worker] com.alibaba.nacos.common.remote.client   : [6a5f2b38-c125-4347-9216-90909befeae2] Try to reconnect to a new server, server is  not appointed, will choose a random server.
19:22:29:098  INFO 24780 --- [main] com.alibaba.nacos.common.remote.client   : [6a5f2b38-c125-4347-9216-90909befeae2] Register server push request handler:com.alibaba.nacos.common.remote.client.RpcClient$ConnectResetRequestHandler
19:22:29:098  INFO 24780 --- [main] com.alibaba.nacos.common.remote.client   : [6a5f2b38-c125-4347-9216-90909befeae2] Register server push request handler:com.alibaba.nacos.common.remote.client.RpcClient$$Lambda$978/0x0000000800734c40
19:22:29:221 ERROR 24780 --- [main] com.alibaba.nacos.common.remote.client   : Send request fail, request = SubscribeServiceRequest{headers={app=unknown}, requestId='null'}, retryTimes = 0, errorMessage = Client not connected, current status:STARTING
19:22:29:331 ERROR 24780 --- [main] com.alibaba.nacos.common.remote.client   : Send request fail, request = SubscribeServiceRequest{headers={app=unknown}, requestId='null'}, retryTimes = 1, errorMessage = Client not connected, current status:STARTING
19:22:29:441 ERROR 24780 --- [main] com.alibaba.nacos.common.remote.client   : Send request fail, request = SubscribeServiceRequest{headers={app=unknown}, requestId='null'}, retryTimes = 2, errorMessage = Client not connected, current status:STARTING
19:22:29:441 ERROR 24780 --- [main] c.a.cloud.nacos.discovery.NacosWatch     : namingService subscribe failed, properties:NacosDiscoveryProperties{serverAddr='192.168.150.102:8848', username='', password='', endpoint='', namespace='', watchDelay=30000, logName='', service='cart-service', weight=1.0, clusterName='DEFAULT', group='DEFAULT_GROUP', namingLoadCacheAtStart='false', metadata={preserved.register.source=SPRING_CLOUD}, registerEnabled=true, ip='192.168.220.1', networkInterface='', port=-1, secure=false, accessKey='', secretKey='', heartBeatInterval=null, heartBeatTimeout=null, ipDeleteTimeout=null, instanceEnabled=true, ephemeral=true, failureToleranceEnabled=false}, ipDeleteTimeout=null, failFast=true}

com.alibaba.nacos.api.exception.NacosException: Request nacos server failed: 
	at com.alibaba.nacos.client.naming.remote.gprc.NamingGrpcClientProxy.requestToServer(NamingGrpcClientProxy.java:290) ~[nacos-client-2.0.4.jar:na]
	at com.alibaba.nacos.client.naming.remote.gprc.NamingGrpcClientProxy.doSubscribe(NamingGrpcClientProxy.java:230) ~[nacos-client-2.0.4.jar:na]
	at com.alibaba.nacos.client.naming.remote.gprc.NamingGrpcClientProxy.subscribe(NamingGrpcClientProxy.java:215) ~[nacos-client-2.0.4.jar:na]
	at com.alibaba.nacos.client.naming.remote.NamingClientProxyDelegate.subscribe(NamingClientProxyDelegate.java:147) ~[nacos-client-2.0.4.jar:na]
	at com.alibaba.nacos.client.naming.NacosNamingService.subscribe(NacosNamingService.java:393) ~[nacos-client-2.0.4.jar:na]
	at com.alibaba.cloud.nacos.discovery.NacosWatch.start(NacosWatch.java:132) ~[spring-cloud-starter-alibaba-nacos-discovery-2021.0.4.0.jar:2021.0.4.0]
	at org.springframework.context.support.DefaultLifecycleProcessor.doStart(DefaultLifecycleProcessor.java:178) ~[spring-context-5.3.27.jar:5.3.27]
	at org.springframework.context.support.DefaultLifecycleProcessor.access$200(DefaultLifecycleProcessor.java:54) ~[spring-context-5.3.27.jar:5.3.27]
	at org.springframework.context.support.DefaultLifecycleProcessor$LifecycleGroup.start(DefaultLifecycleProcessor.java:356) ~[spring-context-5.3.27.jar:5.3.27]
	at java.base/java.lang.Iterable.forEach(Iterable.java:75) ~[na:na]
	at org.springframework.context.support.DefaultLifecycleProcessor.startBeans(DefaultLifecycleProcessor.java:155) ~[spring-context-5.3.27.jar:5.3.27]
	at org.springframework.context.support.DefaultLifecycleProcessor.onRefresh(DefaultLifecycleProcessor.java:123) ~[spring-context-5.3.27.jar:5.3.27]
	at org.springframework.context.support.AbstractApplicationContext.finishRefresh(AbstractApplicationContext.java:937) ~[spring-context-5.3.27.jar:5.3.27]
	at org.springframework.context.support.AbstractApplicationContext.refresh(AbstractApplicationContext.java:586) ~[spring-context-5.3.27.jar:5.3.27]
	at org.springframework.boot.web.servlet.context.ServletWebServerApplicationContext.refresh(ServletWebServerApplicationContext.java:147) ~[spring-boot-2.7.12.jar:2.7.12]
	at org.springframework.boot.SpringApplication.refresh(SpringApplication.java:731) ~[spring-boot-2.7.12.jar:2.7.12]
	at org.springframework.boot.SpringApplication.refreshContext(SpringApplication.java:408) ~[spring-boot-2.7.12.jar:2.7.12]
	at org.springframework.boot.SpringApplication.run(SpringApplication.java:307) ~[spring-boot-2.7.12.jar:2.7.12]
	at org.springframework.boot.SpringApplication.run(SpringApplication.java:1303) ~[spring-boot-2.7.12.jar:2.7.12]
	at org.springframework.boot.SpringApplication.run(SpringApplication.java:1292) ~[spring-boot-2.7.12.jar:2.7.12]
	at com.hmall.cart.cartApplication.main(cartApplication.java:20) ~[classes/:na]
Caused by: com.alibaba.nacos.api.exception.NacosException: Client not connected, current status:STARTING
	at com.alibaba.nacos.common.remote.client.RpcClient.request(RpcClient.java:650) ~[nacos-client-2.0.4.jar:na]
	at com.alibaba.nacos.common.remote.client.RpcClient.request(RpcClient.java:630) ~[nacos-client-2.0.4.jar:na]
	at com.alibaba.nacos.client.naming.remote.gprc.NamingGrpcClientProxy.requestToServer(NamingGrpcClientProxy.java:280) ~[nacos-client-2.0.4.jar:na]
	... 20 common frames omitted

19:22:29:457  INFO 24780 --- [main] o.s.b.w.embedded.tomcat.TomcatWebServer  : Tomcat started on port(s): 8082 (http) with context path ''
19:22:29:568 ERROR 24780 --- [main] com.alibaba.nacos.common.remote.client   : Send request fail, request = InstanceRequest{headers={app=unknown}, requestId='null'}, retryTimes = 0, errorMessage = Client not connected, current status:STARTING
19:22:29:678 ERROR 24780 --- [main] com.alibaba.nacos.common.remote.client   : Send request fail, request = InstanceRequest{headers={app=unknown}, requestId='null'}, retryTimes = 1, errorMessage = Client not connected, current status:STARTING
19:22:29:790 ERROR 24780 --- [main] com.alibaba.nacos.common.remote.client   : Send request fail, request = InstanceRequest{headers={app=unknown}, requestId='null'}, retryTimes = 2, errorMessage = Client not connected, current status:STARTING
19:22:29:790 ERROR 24780 --- [main] c.a.c.n.registry.NacosServiceRegistry    : nacos registry, cart-service register failed...NacosRegistration{nacosDiscoveryProperties=NacosDiscoveryProperties{serverAddr='192.168.150.102:8848', username='', password='', endpoint='', namespace='', watchDelay=30000, logName='', service='cart-service', weight=1.0, clusterName='DEFAULT', group='DEFAULT_GROUP', namingLoadCacheAtStart='false', metadata={preserved.register.source=SPRING_CLOUD}, registerEnabled=true, ip='192.168.220.1', networkInterface='', port=8082, secure=false, accessKey='', secretKey='', heartBeatInterval=null, heartBeatTimeout=null, ipDeleteTimeout=null, instanceEnabled=true, ephemeral=true, failureToleranceEnabled=false}, ipDeleteTimeout=null, failFast=true}},

com.alibaba.nacos.api.exception.NacosException: Request nacos server failed: 
	at com.alibaba.nacos.client.naming.remote.gprc.NamingGrpcClientProxy.requestToServer(NamingGrpcClientProxy.java:290) ~[nacos-client-2.0.4.jar:na]
	at com.alibaba.nacos.client.naming.remote.gprc.NamingGrpcClientProxy.doRegisterService(NamingGrpcClientProxy.java:129) ~[nacos-client-2.0.4.jar:na]
	at com.alibaba.nacos.client.naming.remote.gprc.NamingGrpcClientProxy.registerService(NamingGrpcClientProxy.java:115) ~[nacos-client-2.0.4.jar:na]
	at com.alibaba.nacos.client.naming.remote.NamingClientProxyDelegate.registerService(NamingClientProxyDelegate.java:94) ~[nacos-client-2.0.4.jar:na]
	at com.alibaba.nacos.client.naming.NacosNamingService.registerInstance(NacosNamingService.java:145) ~[nacos-client-2.0.4.jar:na]
	at com.alibaba.cloud.nacos.registry.NacosServiceRegistry.register(NacosServiceRegistry.java:74) ~[spring-cloud-starter-alibaba-nacos-discovery-2021.0.4.0.jar:2021.0.4.0]
	at org.springframework.cloud.client.serviceregistry.AbstractAutoServiceRegistration.register(AbstractAutoServiceRegistration.java:232) ~[spring-cloud-commons-3.1.3.jar:3.1.3]
	at com.alibaba.cloud.nacos.registry.NacosAutoServiceRegistration.register(NacosAutoServiceRegistration.java:78) ~[spring-cloud-starter-alibaba-nacos-discovery-2021.0.4.0.jar:2021.0.4.0]
	at org.springframework.cloud.client.serviceregistry.AbstractAutoServiceRegistration.start(AbstractAutoServiceRegistration.java:133) ~[spring-cloud-commons-3.1.3.jar:3.1.3]
	at org.springframework.cloud.client.serviceregistry.AbstractAutoServiceRegistration.bind(AbstractAutoServiceRegistration.java:98) ~[spring-cloud-commons-3.1.3.jar:3.1.3]
	at org.springframework.cloud.client.serviceregistry.AbstractAutoServiceRegistration.onApplicationEvent(AbstractAutoServiceRegistration.java:86) ~[spring-cloud-commons-3.1.3.jar:3.1.3]
	at org.springframework.cloud.client.serviceregistry.AbstractAutoServiceRegistration.onApplicationEvent(AbstractAutoServiceRegistration.java:47) ~[spring-cloud-commons-3.1.3.jar:3.1.3]
	at org.springframework.context.event.SimpleApplicationEventMulticaster.doInvokeListener(SimpleApplicationEventMulticaster.java:176) ~[spring-context-5.3.27.jar:5.3.27]
	at org.springframework.context.event.SimpleApplicationEventMulticaster.invokeListener(SimpleApplicationEventMulticaster.java:169) ~[spring-context-5.3.27.jar:5.3.27]
	at org.springframework.context.event.SimpleApplicationEventMulticaster.multicastEvent(SimpleApplicationEventMulticaster.java:143) ~[spring-context-5.3.27.jar:5.3.27]
	at org.springframework.context.support.AbstractApplicationContext.publishEvent(AbstractApplicationContext.java:421) ~[spring-context-5.3.27.jar:5.3.27]
	at org.springframework.context.support.AbstractApplicationContext.publishEvent(AbstractApplicationContext.java:378) ~[spring-context-5.3.27.jar:5.3.27]
	at org.springframework.boot.web.servlet.context.WebServerStartStopLifecycle.start(WebServerStartStopLifecycle.java:46) ~[spring-boot-2.7.12.jar:2.7.12]
	at org.springframework.context.support.DefaultLifecycleProcessor.doStart(DefaultLifecycleProcessor.java:178) ~[spring-context-5.3.27.jar:5.3.27]
	at org.springframework.context.support.DefaultLifecycleProcessor.access$200(DefaultLifecycleProcessor.java:54) ~[spring-context-5.3.27.jar:5.3.27]
	at org.springframework.context.support.DefaultLifecycleProcessor$LifecycleGroup.start(DefaultLifecycleProcessor.java:356) ~[spring-context-5.3.27.jar:5.3.27]
	at java.base/java.lang.Iterable.forEach(Iterable.java:75) ~[na:na]
	at org.springframework.context.support.DefaultLifecycleProcessor.startBeans(DefaultLifecycleProcessor.java:155) ~[spring-context-5.3.27.jar:5.3.27]
	at org.springframework.context.support.DefaultLifecycleProcessor.onRefresh(DefaultLifecycleProcessor.java:123) ~[spring-context-5.3.27.jar:5.3.27]
	at org.springframework.context.support.AbstractApplicationContext.finishRefresh(AbstractApplicationContext.java:937) ~[spring-context-5.3.27.jar:5.3.27]
	at org.springframework.context.support.AbstractApplicationContext.refresh(AbstractApplicationContext.java:586) ~[spring-context-5.3.27.jar:5.3.27]
	at org.springframework.boot.web.servlet.context.ServletWebServerApplicationContext.refresh(ServletWebServerApplicationContext.java:147) ~[spring-boot-2.7.12.jar:2.7.12]
	at org.springframework.boot.SpringApplication.refresh(SpringApplication.java:731) ~[spring-boot-2.7.12.jar:2.7.12]
	at org.springframework.boot.SpringApplication.refreshContext(SpringApplication.java:408) ~[spring-boot-2.7.12.jar:2.7.12]
	at org.springframework.boot.SpringApplication.run(SpringApplication.java:307) ~[spring-boot-2.7.12.jar:2.7.12]
	at org.springframework.boot.SpringApplication.run(SpringApplication.java:1303) ~[spring-boot-2.7.12.jar:2.7.12]
	at org.springframework.boot.SpringApplication.run(SpringApplication.java:1292) ~[spring-boot-2.7.12.jar:2.7.12]
	at com.hmall.cart.cartApplication.main(cartApplication.java:20) ~[classes/:na]
Caused by: com.alibaba.nacos.api.exception.NacosException: Client not connected, current status:STARTING
	at com.alibaba.nacos.common.remote.client.RpcClient.request(RpcClient.java:650) ~[nacos-client-2.0.4.jar:na]
	at com.alibaba.nacos.common.remote.client.RpcClient.request(RpcClient.java:630) ~[nacos-client-2.0.4.jar:na]
	at com.alibaba.nacos.client.naming.remote.gprc.NamingGrpcClientProxy.requestToServer(NamingGrpcClientProxy.java:280) ~[nacos-client-2.0.4.jar:na]
	... 32 common frames omitted

19:22:29:791  WARN 24780 --- [main] ConfigServletWebServerApplicationContext : Exception encountered during context initialization - cancelling refresh attempt: org.springframework.context.ApplicationContextException: Failed to start bean 'webServerStartStop'; nested exception is java.lang.reflect.UndeclaredThrowableException
19:22:30:119 ERROR 24780 --- [com.alibaba.nacos.client.naming.updater.0] com.alibaba.nacos.common.remote.client   : Send request fail, request = ServiceQueryRequest{headers={app=unknown}, requestId='null'}, retryTimes = 0, errorMessage = Client not connected, current status:STARTING
19:22:30:120  INFO 24780 --- [main] com.alibaba.nacos.common.remote.client   : Shutdown rpc client, set status to shutdown
19:22:30:120  INFO 24780 --- [main] com.alibaba.nacos.common.remote.client   : Shutdown client event executor java.util.concurrent.ScheduledThreadPoolExecutor@1331d6fd[Running, pool size = 2, active threads = 2, queued tasks = 0, completed tasks = 0]
19:22:30:120  INFO 24780 --- [main] c.a.n.c.remote.client.grpc.GrpcClient    : Shutdown grpc executor java.util.concurrent.ThreadPoolExecutor@6b6c0b7c[Running, pool size = 3, active threads = 0, queued tasks = 0, completed tasks = 3]
19:22:30:121 ERROR 24780 --- [com.alibaba.nacos.client.remote.worker] c.a.n.c.remote.client.grpc.GrpcClient    : Server check fail, please check server 192.168.150.102 ,port 9848 is available , error ={}

java.lang.InterruptedException: null
	at com.alibaba.nacos.shaded.com.google.common.util.concurrent.AbstractFuture.get(AbstractFuture.java:438) ~[nacos-client-2.0.4.jar:na]
	at com.alibaba.nacos.common.remote.client.grpc.GrpcClient.serverCheck(GrpcClient.java:148) ~[nacos-client-2.0.4.jar:na]
	at com.alibaba.nacos.common.remote.client.grpc.GrpcClient.connectToServer(GrpcClient.java:264) ~[nacos-client-2.0.4.jar:na]
	at com.alibaba.nacos.common.remote.client.RpcClient.reconnect(RpcClient.java:522) ~[nacos-client-2.0.4.jar:na]
	at com.alibaba.nacos.common.remote.client.RpcClient.lambda$start$2(RpcClient.java:370) ~[nacos-client-2.0.4.jar:na]
	at java.base/java.util.concurrent.Executors$RunnableAdapter.call(Executors.java:515) ~[na:na]
	at java.base/java.util.concurrent.FutureTask.run(FutureTask.java:264) ~[na:na]
	at java.base/java.util.concurrent.ScheduledThreadPoolExecutor$ScheduledFutureTask.run(ScheduledThreadPoolExecutor.java:304) ~[na:na]
	at java.base/java.util.concurrent.ThreadPoolExecutor.runWorker(ThreadPoolExecutor.java:1128) ~[na:na]
	at java.base/java.util.concurrent.ThreadPoolExecutor$Worker.run(ThreadPoolExecutor.java:628) ~[na:na]
	at java.base/java.lang.Thread.run(Thread.java:829) ~[na:na]

19:22:30:121 ERROR 24780 --- [com.alibaba.nacos.client.remote.worker] c.a.n.c.remote.client.grpc.GrpcClient    : [6a5f2b38-c125-4347-9216-90909befeae2]Fail to connect to server!,error={}

java.util.concurrent.RejectedExecutionException: Task com.alibaba.nacos.shaded.io.grpc.internal.SerializingExecutor@76166cee rejected from java.util.concurrent.ThreadPoolExecutor@6b6c0b7c[Terminated, pool size = 0, active threads = 0, queued tasks = 0, completed tasks = 3]
	at java.base/java.util.concurrent.ThreadPoolExecutor$AbortPolicy.rejectedExecution(ThreadPoolExecutor.java:2055) ~[na:na]
	at java.base/java.util.concurrent.ThreadPoolExecutor.reject(ThreadPoolExecutor.java:825) ~[na:na]
	at java.base/java.util.concurrent.ThreadPoolExecutor.execute(ThreadPoolExecutor.java:1355) ~[na:na]
	at com.alibaba.nacos.shaded.io.grpc.internal.SerializingExecutor.schedule(SerializingExecutor.java:93) ~[nacos-client-2.0.4.jar:na]
	at com.alibaba.nacos.shaded.io.grpc.internal.SerializingExecutor.execute(SerializingExecutor.java:86) ~[nacos-client-2.0.4.jar:na]
	at com.alibaba.nacos.shaded.io.grpc.internal.ClientCallImpl$ClientStreamListenerImpl.closedInternal(ClientCallImpl.java:696) ~[nacos-client-2.0.4.jar:na]
	at com.alibaba.nacos.shaded.io.grpc.internal.ClientCallImpl$ClientStreamListenerImpl.closed(ClientCallImpl.java:646) ~[nacos-client-2.0.4.jar:na]
	at com.alibaba.nacos.shaded.io.grpc.internal.ClientCallImpl$ClientStreamListenerImpl.closed(ClientCallImpl.java:639) ~[nacos-client-2.0.4.jar:na]
	at com.alibaba.nacos.shaded.io.grpc.internal.DelayedStream.cancel(DelayedStream.java:302) ~[nacos-client-2.0.4.jar:na]
	at com.alibaba.nacos.shaded.io.grpc.internal.DelayedClientTransport$PendingStream.cancel(DelayedClientTransport.java:363) ~[nacos-client-2.0.4.jar:na]
	at com.alibaba.nacos.shaded.io.grpc.internal.DelayedClientTransport.shutdownNow(DelayedClientTransport.java:241) ~[nacos-client-2.0.4.jar:na]
	at com.alibaba.nacos.shaded.io.grpc.internal.ManagedChannelImpl$UncommittedRetriableStreamsRegistry.onShutdownNow(ManagedChannelImpl.java:1021) ~[nacos-client-2.0.4.jar:na]
	at com.alibaba.nacos.shaded.io.grpc.internal.ManagedChannelImpl.shutdownNow(ManagedChannelImpl.java:752) ~[nacos-client-2.0.4.jar:na]
	at com.alibaba.nacos.shaded.io.grpc.internal.ManagedChannelImpl.shutdownNow(ManagedChannelImpl.java:105) ~[nacos-client-2.0.4.jar:na]
	at com.alibaba.nacos.shaded.io.grpc.internal.ForwardingManagedChannel.shutdownNow(ForwardingManagedChannel.java:52) ~[nacos-client-2.0.4.jar:na]
	at com.alibaba.nacos.shaded.io.grpc.internal.ManagedChannelOrphanWrapper.shutdownNow(ManagedChannelOrphanWrapper.java:66) ~[nacos-client-2.0.4.jar:na]
	at com.alibaba.nacos.common.remote.client.grpc.GrpcClient.shuntDownChannel(GrpcClient.java:130) ~[nacos-client-2.0.4.jar:na]
	at com.alibaba.nacos.common.remote.client.grpc.GrpcClient.connectToServer(GrpcClient.java:266) ~[nacos-client-2.0.4.jar:na]
	at com.alibaba.nacos.common.remote.client.RpcClient.reconnect(RpcClient.java:522) ~[nacos-client-2.0.4.jar:na]
	at com.alibaba.nacos.common.remote.client.RpcClient.lambda$start$2(RpcClient.java:370) ~[nacos-client-2.0.4.jar:na]
	at java.base/java.util.concurrent.Executors$RunnableAdapter.call(Executors.java:515) ~[na:na]
	at java.base/java.util.concurrent.FutureTask.run(FutureTask.java:264) ~[na:na]
	at java.base/java.util.concurrent.ScheduledThreadPoolExecutor$ScheduledFutureTask.run(ScheduledThreadPoolExecutor.java:304) ~[na:na]
	at java.base/java.util.concurrent.ThreadPoolExecutor.runWorker(ThreadPoolExecutor.java:1128) ~[na:na]
	at java.base/java.util.concurrent.ThreadPoolExecutor$Worker.run(ThreadPoolExecutor.java:628) ~[na:na]
	at java.base/java.lang.Thread.run(Thread.java:829) ~[na:na]

19:22:30:122  INFO 24780 --- [main] com.alibaba.nacos.common.remote.client   : [RpcClientFactory] create a new rpc client of fe1dd7c4-941a-480a-b1b5-22f0226cb73f
19:22:30:122  INFO 24780 --- [main] com.alibaba.nacos.common.remote.client   : [fe1dd7c4-941a-480a-b1b5-22f0226cb73f] RpcClient init label, labels = {module=naming, source=sdk}
19:22:30:122  INFO 24780 --- [main] com.alibaba.nacos.common.remote.client   : [fe1dd7c4-941a-480a-b1b5-22f0226cb73f] RpcClient init, ServerListFactory = com.alibaba.nacos.client.naming.core.ServerListManager
19:22:30:122  INFO 24780 --- [main] com.alibaba.nacos.common.remote.client   : [fe1dd7c4-941a-480a-b1b5-22f0226cb73f] Registry connection listener to current client:com.alibaba.nacos.client.naming.remote.gprc.redo.NamingGrpcRedoService
19:22:30:123  INFO 24780 --- [main] com.alibaba.nacos.common.remote.client   : [fe1dd7c4-941a-480a-b1b5-22f0226cb73f] Register server push request handler:com.alibaba.nacos.client.naming.remote.gprc.NamingPushRequestHandler
19:22:30:123  INFO 24780 --- [main] com.alibaba.nacos.common.remote.client   : [fe1dd7c4-941a-480a-b1b5-22f0226cb73f] Try to connect to server on start up, server: {serverIp = '192.168.150.102', server main port = 8848}
19:22:30:230  INFO 24780 --- [com.alibaba.nacos.client.remote.worker] com.alibaba.nacos.common.remote.client   : [6a5f2b38-c125-4347-9216-90909befeae2] Client is shutdown, stop reconnect to server
19:22:30:230 ERROR 24780 --- [com.alibaba.nacos.client.naming.updater.0] com.alibaba.nacos.common.remote.client   : Send request fail, request = ServiceQueryRequest{headers={app=unknown}, requestId='null'}, retryTimes = 1, errorMessage = Client not connected, current status:STARTING
19:22:30:340 ERROR 24780 --- [com.alibaba.nacos.client.naming.updater.0] com.alibaba.nacos.common.remote.client   : Send request fail, request = ServiceQueryRequest{headers={app=unknown}, requestId='null'}, retryTimes = 2, errorMessage = Client not connected, current status:SHUTDOWN
19:22:33:134 ERROR 24780 --- [main] c.a.n.c.remote.client.grpc.GrpcClient    : Server check fail, please check server 192.168.150.102 ,port 9848 is available , error ={}

java.util.concurrent.TimeoutException: Waited 3000 milliseconds (plus 9 milliseconds, 649300 nanoseconds delay) for com.alibaba.nacos.shaded.io.grpc.stub.ClientCalls$GrpcFuture@14ba7f15[status=PENDING, info=[GrpcFuture{clientCall={delegate={delegate=ClientCallImpl{method=MethodDescriptor{fullMethodName=Request/request, type=UNARY, idempotent=false, safe=false, sampledToLocalTracing=true, requestMarshaller=com.alibaba.nacos.shaded.io.grpc.protobuf.lite.ProtoLiteUtils$MessageMarshaller@6963b0bd, responseMarshaller=com.alibaba.nacos.shaded.io.grpc.protobuf.lite.ProtoLiteUtils$MessageMarshaller@68a94e58, schemaDescriptor=com.alibaba.nacos.api.grpc.auto.RequestGrpc$RequestMethodDescriptorSupplier@49741274}}}}}]]
	at com.alibaba.nacos.shaded.com.google.common.util.concurrent.AbstractFuture.get(AbstractFuture.java:508) ~[nacos-client-2.0.4.jar:na]
	at com.alibaba.nacos.common.remote.client.grpc.GrpcClient.serverCheck(GrpcClient.java:148) ~[nacos-client-2.0.4.jar:na]
	at com.alibaba.nacos.common.remote.client.grpc.GrpcClient.connectToServer(GrpcClient.java:264) ~[nacos-client-2.0.4.jar:na]
	at com.alibaba.nacos.common.remote.client.RpcClient.start(RpcClient.java:390) ~[nacos-client-2.0.4.jar:na]
	at com.alibaba.nacos.client.naming.remote.gprc.NamingGrpcClientProxy.start(NamingGrpcClientProxy.java:96) ~[nacos-client-2.0.4.jar:na]
	at com.alibaba.nacos.client.naming.remote.gprc.NamingGrpcClientProxy.<init>(NamingGrpcClientProxy.java:89) ~[nacos-client-2.0.4.jar:na]
	at com.alibaba.nacos.client.naming.remote.NamingClientProxyDelegate.<init>(NamingClientProxyDelegate.java:76) ~[nacos-client-2.0.4.jar:na]
	at com.alibaba.nacos.client.naming.NacosNamingService.init(NacosNamingService.java:95) ~[nacos-client-2.0.4.jar:na]
	at com.alibaba.nacos.client.naming.NacosNamingService.<init>(NacosNamingService.java:81) ~[nacos-client-2.0.4.jar:na]
	at java.base/jdk.internal.reflect.NativeConstructorAccessorImpl.newInstance0(Native Method) ~[na:na]
	at java.base/jdk.internal.reflect.NativeConstructorAccessorImpl.newInstance(NativeConstructorAccessorImpl.java:62) ~[na:na]
	at java.base/jdk.internal.reflect.DelegatingConstructorAccessorImpl.newInstance(DelegatingConstructorAccessorImpl.java:45) ~[na:na]
	at java.base/java.lang.reflect.Constructor.newInstance(Constructor.java:490) ~[na:na]
	at com.alibaba.nacos.api.naming.NamingFactory.createNamingService(NamingFactory.java:59) ~[nacos-client-2.0.4.jar:na]
	at com.alibaba.nacos.api.NacosFactory.createNamingService(NacosFactory.java:77) ~[nacos-client-2.0.4.jar:na]
	at com.alibaba.cloud.nacos.NacosServiceManager.createNewNamingService(NacosServiceManager.java:99) ~[spring-cloud-starter-alibaba-nacos-discovery-2021.0.4.0.jar:2021.0.4.0]
	at com.alibaba.cloud.nacos.NacosServiceManager.buildNamingService(NacosServiceManager.java:90) ~[spring-cloud-starter-alibaba-nacos-discovery-2021.0.4.0.jar:2021.0.4.0]
	at com.alibaba.cloud.nacos.NacosServiceManager.getNamingService(NacosServiceManager.java:46) ~[spring-cloud-starter-alibaba-nacos-discovery-2021.0.4.0.jar:2021.0.4.0]
	at com.alibaba.cloud.nacos.discovery.NacosWatch.stop(NacosWatch.java:173) ~[spring-cloud-starter-alibaba-nacos-discovery-2021.0.4.0.jar:2021.0.4.0]
	at com.alibaba.cloud.nacos.discovery.NacosWatch.destroy(NacosWatch.java:204) ~[spring-cloud-starter-alibaba-nacos-discovery-2021.0.4.0.jar:2021.0.4.0]
	at org.springframework.beans.factory.support.DisposableBeanAdapter.destroy(DisposableBeanAdapter.java:213) ~[spring-beans-5.3.27.jar:5.3.27]
	at org.springframework.beans.factory.support.DefaultSingletonBeanRegistry.destroyBean(DefaultSingletonBeanRegistry.java:587) ~[spring-beans-5.3.27.jar:5.3.27]
	at org.springframework.beans.factory.support.DefaultSingletonBeanRegistry.destroySingleton(DefaultSingletonBeanRegistry.java:559) ~[spring-beans-5.3.27.jar:5.3.27]
	at org.springframework.beans.factory.support.DefaultListableBeanFactory.destroySingleton(DefaultListableBeanFactory.java:1163) ~[spring-beans-5.3.27.jar:5.3.27]
	at org.springframework.beans.factory.support.DefaultSingletonBeanRegistry.destroySingletons(DefaultSingletonBeanRegistry.java:520) ~[spring-beans-5.3.27.jar:5.3.27]
	at org.springframework.beans.factory.support.DefaultListableBeanFactory.destroySingletons(DefaultListableBeanFactory.java:1156) ~[spring-beans-5.3.27.jar:5.3.27]
	at org.springframework.context.support.AbstractApplicationContext.destroyBeans(AbstractApplicationContext.java:1108) ~[spring-context-5.3.27.jar:5.3.27]
	at org.springframework.context.support.AbstractApplicationContext.refresh(AbstractApplicationContext.java:596) ~[spring-context-5.3.27.jar:5.3.27]
	at org.springframework.boot.web.servlet.context.ServletWebServerApplicationContext.refresh(ServletWebServerApplicationContext.java:147) ~[spring-boot-2.7.12.jar:2.7.12]
	at org.springframework.boot.SpringApplication.refresh(SpringApplication.java:731) ~[spring-boot-2.7.12.jar:2.7.12]
	at org.springframework.boot.SpringApplication.refreshContext(SpringApplication.java:408) ~[spring-boot-2.7.12.jar:2.7.12]
	at org.springframework.boot.SpringApplication.run(SpringApplication.java:307) ~[spring-boot-2.7.12.jar:2.7.12]
	at org.springframework.boot.SpringApplication.run(SpringApplication.java:1303) ~[spring-boot-2.7.12.jar:2.7.12]
	at org.springframework.boot.SpringApplication.run(SpringApplication.java:1292) ~[spring-boot-2.7.12.jar:2.7.12]
	at com.hmall.cart.cartApplication.main(cartApplication.java:20) ~[classes/:na]

19:22:33:135  INFO 24780 --- [main] com.alibaba.nacos.common.remote.client   : [fe1dd7c4-941a-480a-b1b5-22f0226cb73f] Try to connect to server on start up, server: {serverIp = '192.168.150.102', server main port = 8848}
19:22:36:139 ERROR 24780 --- [main] c.a.n.c.remote.client.grpc.GrpcClient    : Server check fail, please check server 192.168.150.102 ,port 9848 is available , error ={}

java.util.concurrent.TimeoutException: Waited 3000 milliseconds (plus 2 milliseconds, 761200 nanoseconds delay) for com.alibaba.nacos.shaded.io.grpc.stub.ClientCalls$GrpcFuture@71d2261e[status=PENDING, info=[GrpcFuture{clientCall={delegate={delegate=ClientCallImpl{method=MethodDescriptor{fullMethodName=Request/request, type=UNARY, idempotent=false, safe=false, sampledToLocalTracing=true, requestMarshaller=com.alibaba.nacos.shaded.io.grpc.protobuf.lite.ProtoLiteUtils$MessageMarshaller@6963b0bd, responseMarshaller=com.alibaba.nacos.shaded.io.grpc.protobuf.lite.ProtoLiteUtils$MessageMarshaller@68a94e58, schemaDescriptor=com.alibaba.nacos.api.grpc.auto.RequestGrpc$RequestMethodDescriptorSupplier@49741274}}}}}]]
	at com.alibaba.nacos.shaded.com.google.common.util.concurrent.AbstractFuture.get(AbstractFuture.java:508) ~[nacos-client-2.0.4.jar:na]
	at com.alibaba.nacos.common.remote.client.grpc.GrpcClient.serverCheck(GrpcClient.java:148) ~[nacos-client-2.0.4.jar:na]
	at com.alibaba.nacos.common.remote.client.grpc.GrpcClient.connectToServer(GrpcClient.java:264) ~[nacos-client-2.0.4.jar:na]
	at com.alibaba.nacos.common.remote.client.RpcClient.start(RpcClient.java:390) ~[nacos-client-2.0.4.jar:na]
	at com.alibaba.nacos.client.naming.remote.gprc.NamingGrpcClientProxy.start(NamingGrpcClientProxy.java:96) ~[nacos-client-2.0.4.jar:na]
	at com.alibaba.nacos.client.naming.remote.gprc.NamingGrpcClientProxy.<init>(NamingGrpcClientProxy.java:89) ~[nacos-client-2.0.4.jar:na]
	at com.alibaba.nacos.client.naming.remote.NamingClientProxyDelegate.<init>(NamingClientProxyDelegate.java:76) ~[nacos-client-2.0.4.jar:na]
	at com.alibaba.nacos.client.naming.NacosNamingService.init(NacosNamingService.java:95) ~[nacos-client-2.0.4.jar:na]
	at com.alibaba.nacos.client.naming.NacosNamingService.<init>(NacosNamingService.java:81) ~[nacos-client-2.0.4.jar:na]
	at java.base/jdk.internal.reflect.NativeConstructorAccessorImpl.newInstance0(Native Method) ~[na:na]
	at java.base/jdk.internal.reflect.NativeConstructorAccessorImpl.newInstance(NativeConstructorAccessorImpl.java:62) ~[na:na]
	at java.base/jdk.internal.reflect.DelegatingConstructorAccessorImpl.newInstance(DelegatingConstructorAccessorImpl.java:45) ~[na:na]
	at java.base/java.lang.reflect.Constructor.newInstance(Constructor.java:490) ~[na:na]
	at com.alibaba.nacos.api.naming.NamingFactory.createNamingService(NamingFactory.java:59) ~[nacos-client-2.0.4.jar:na]
	at com.alibaba.nacos.api.NacosFactory.createNamingService(NacosFactory.java:77) ~[nacos-client-2.0.4.jar:na]
	at com.alibaba.cloud.nacos.NacosServiceManager.createNewNamingService(NacosServiceManager.java:99) ~[spring-cloud-starter-alibaba-nacos-discovery-2021.0.4.0.jar:2021.0.4.0]
	at com.alibaba.cloud.nacos.NacosServiceManager.buildNamingService(NacosServiceManager.java:90) ~[spring-cloud-starter-alibaba-nacos-discovery-2021.0.4.0.jar:2021.0.4.0]
	at com.alibaba.cloud.nacos.NacosServiceManager.getNamingService(NacosServiceManager.java:46) ~[spring-cloud-starter-alibaba-nacos-discovery-2021.0.4.0.jar:2021.0.4.0]
	at com.alibaba.cloud.nacos.discovery.NacosWatch.stop(NacosWatch.java:173) ~[spring-cloud-starter-alibaba-nacos-discovery-2021.0.4.0.jar:2021.0.4.0]
	at com.alibaba.cloud.nacos.discovery.NacosWatch.destroy(NacosWatch.java:204) ~[spring-cloud-starter-alibaba-nacos-discovery-2021.0.4.0.jar:2021.0.4.0]
	at org.springframework.beans.factory.support.DisposableBeanAdapter.destroy(DisposableBeanAdapter.java:213) ~[spring-beans-5.3.27.jar:5.3.27]
	at org.springframework.beans.factory.support.DefaultSingletonBeanRegistry.destroyBean(DefaultSingletonBeanRegistry.java:587) ~[spring-beans-5.3.27.jar:5.3.27]
	at org.springframework.beans.factory.support.DefaultSingletonBeanRegistry.destroySingleton(DefaultSingletonBeanRegistry.java:559) ~[spring-beans-5.3.27.jar:5.3.27]
	at org.springframework.beans.factory.support.DefaultListableBeanFactory.destroySingleton(DefaultListableBeanFactory.java:1163) ~[spring-beans-5.3.27.jar:5.3.27]
	at org.springframework.beans.factory.support.DefaultSingletonBeanRegistry.destroySingletons(DefaultSingletonBeanRegistry.java:520) ~[spring-beans-5.3.27.jar:5.3.27]
	at org.springframework.beans.factory.support.DefaultListableBeanFactory.destroySingletons(DefaultListableBeanFactory.java:1156) ~[spring-beans-5.3.27.jar:5.3.27]
	at org.springframework.context.support.AbstractApplicationContext.destroyBeans(AbstractApplicationContext.java:1108) ~[spring-context-5.3.27.jar:5.3.27]
	at org.springframework.context.support.AbstractApplicationContext.refresh(AbstractApplicationContext.java:596) ~[spring-context-5.3.27.jar:5.3.27]
	at org.springframework.boot.web.servlet.context.ServletWebServerApplicationContext.refresh(ServletWebServerApplicationContext.java:147) ~[spring-boot-2.7.12.jar:2.7.12]
	at org.springframework.boot.SpringApplication.refresh(SpringApplication.java:731) ~[spring-boot-2.7.12.jar:2.7.12]
	at org.springframework.boot.SpringApplication.refreshContext(SpringApplication.java:408) ~[spring-boot-2.7.12.jar:2.7.12]
	at org.springframework.boot.SpringApplication.run(SpringApplication.java:307) ~[spring-boot-2.7.12.jar:2.7.12]
	at org.springframework.boot.SpringApplication.run(SpringApplication.java:1303) ~[spring-boot-2.7.12.jar:2.7.12]
	at org.springframework.boot.SpringApplication.run(SpringApplication.java:1292) ~[spring-boot-2.7.12.jar:2.7.12]
	at com.hmall.cart.cartApplication.main(cartApplication.java:20) ~[classes/:na]

19:22:36:140  INFO 24780 --- [main] com.alibaba.nacos.common.remote.client   : [fe1dd7c4-941a-480a-b1b5-22f0226cb73f] Try to connect to server on start up, server: {serverIp = '192.168.150.102', server main port = 8848}
19:22:39:156 ERROR 24780 --- [main] c.a.n.c.remote.client.grpc.GrpcClient    : Server check fail, please check server 192.168.150.102 ,port 9848 is available , error ={}

java.util.concurrent.TimeoutException: Waited 3000 milliseconds (plus 14 milliseconds, 348800 nanoseconds delay) for com.alibaba.nacos.shaded.io.grpc.stub.ClientCalls$GrpcFuture@6f2bf657[status=PENDING, info=[GrpcFuture{clientCall={delegate={delegate=ClientCallImpl{method=MethodDescriptor{fullMethodName=Request/request, type=UNARY, idempotent=false, safe=false, sampledToLocalTracing=true, requestMarshaller=com.alibaba.nacos.shaded.io.grpc.protobuf.lite.ProtoLiteUtils$MessageMarshaller@6963b0bd, responseMarshaller=com.alibaba.nacos.shaded.io.grpc.protobuf.lite.ProtoLiteUtils$MessageMarshaller@68a94e58, schemaDescriptor=com.alibaba.nacos.api.grpc.auto.RequestGrpc$RequestMethodDescriptorSupplier@49741274}}}}}]]
	at com.alibaba.nacos.shaded.com.google.common.util.concurrent.AbstractFuture.get(AbstractFuture.java:508) ~[nacos-client-2.0.4.jar:na]
	at com.alibaba.nacos.common.remote.client.grpc.GrpcClient.serverCheck(GrpcClient.java:148) ~[nacos-client-2.0.4.jar:na]
	at com.alibaba.nacos.common.remote.client.grpc.GrpcClient.connectToServer(GrpcClient.java:264) ~[nacos-client-2.0.4.jar:na]
	at com.alibaba.nacos.common.remote.client.RpcClient.start(RpcClient.java:390) ~[nacos-client-2.0.4.jar:na]
	at com.alibaba.nacos.client.naming.remote.gprc.NamingGrpcClientProxy.start(NamingGrpcClientProxy.java:96) ~[nacos-client-2.0.4.jar:na]
	at com.alibaba.nacos.client.naming.remote.gprc.NamingGrpcClientProxy.<init>(NamingGrpcClientProxy.java:89) ~[nacos-client-2.0.4.jar:na]
	at com.alibaba.nacos.client.naming.remote.NamingClientProxyDelegate.<init>(NamingClientProxyDelegate.java:76) ~[nacos-client-2.0.4.jar:na]
	at com.alibaba.nacos.client.naming.NacosNamingService.init(NacosNamingService.java:95) ~[nacos-client-2.0.4.jar:na]
	at com.alibaba.nacos.client.naming.NacosNamingService.<init>(NacosNamingService.java:81) ~[nacos-client-2.0.4.jar:na]
	at java.base/jdk.internal.reflect.NativeConstructorAccessorImpl.newInstance0(Native Method) ~[na:na]
	at java.base/jdk.internal.reflect.NativeConstructorAccessorImpl.newInstance(NativeConstructorAccessorImpl.java:62) ~[na:na]
	at java.base/jdk.internal.reflect.DelegatingConstructorAccessorImpl.newInstance(DelegatingConstructorAccessorImpl.java:45) ~[na:na]
	at java.base/java.lang.reflect.Constructor.newInstance(Constructor.java:490) ~[na:na]
	at com.alibaba.nacos.api.naming.NamingFactory.createNamingService(NamingFactory.java:59) ~[nacos-client-2.0.4.jar:na]
	at com.alibaba.nacos.api.NacosFactory.createNamingService(NacosFactory.java:77) ~[nacos-client-2.0.4.jar:na]
	at com.alibaba.cloud.nacos.NacosServiceManager.createNewNamingService(NacosServiceManager.java:99) ~[spring-cloud-starter-alibaba-nacos-discovery-2021.0.4.0.jar:2021.0.4.0]
	at com.alibaba.cloud.nacos.NacosServiceManager.buildNamingService(NacosServiceManager.java:90) ~[spring-cloud-starter-alibaba-nacos-discovery-2021.0.4.0.jar:2021.0.4.0]
	at com.alibaba.cloud.nacos.NacosServiceManager.getNamingService(NacosServiceManager.java:46) ~[spring-cloud-starter-alibaba-nacos-discovery-2021.0.4.0.jar:2021.0.4.0]
	at com.alibaba.cloud.nacos.discovery.NacosWatch.stop(NacosWatch.java:173) ~[spring-cloud-starter-alibaba-nacos-discovery-2021.0.4.0.jar:2021.0.4.0]
	at com.alibaba.cloud.nacos.discovery.NacosWatch.destroy(NacosWatch.java:204) ~[spring-cloud-starter-alibaba-nacos-discovery-2021.0.4.0.jar:2021.0.4.0]
	at org.springframework.beans.factory.support.DisposableBeanAdapter.destroy(DisposableBeanAdapter.java:213) ~[spring-beans-5.3.27.jar:5.3.27]
	at org.springframework.beans.factory.support.DefaultSingletonBeanRegistry.destroyBean(DefaultSingletonBeanRegistry.java:587) ~[spring-beans-5.3.27.jar:5.3.27]
	at org.springframework.beans.factory.support.DefaultSingletonBeanRegistry.destroySingleton(DefaultSingletonBeanRegistry.java:559) ~[spring-beans-5.3.27.jar:5.3.27]
	at org.springframework.beans.factory.support.DefaultListableBeanFactory.destroySingleton(DefaultListableBeanFactory.java:1163) ~[spring-beans-5.3.27.jar:5.3.27]
	at org.springframework.beans.factory.support.DefaultSingletonBeanRegistry.destroySingletons(DefaultSingletonBeanRegistry.java:520) ~[spring-beans-5.3.27.jar:5.3.27]
	at org.springframework.beans.factory.support.DefaultListableBeanFactory.destroySingletons(DefaultListableBeanFactory.java:1156) ~[spring-beans-5.3.27.jar:5.3.27]
	at org.springframework.context.support.AbstractApplicationContext.destroyBeans(AbstractApplicationContext.java:1108) ~[spring-context-5.3.27.jar:5.3.27]
	at org.springframework.context.support.AbstractApplicationContext.refresh(AbstractApplicationContext.java:596) ~[spring-context-5.3.27.jar:5.3.27]
	at org.springframework.boot.web.servlet.context.ServletWebServerApplicationContext.refresh(ServletWebServerApplicationContext.java:147) ~[spring-boot-2.7.12.jar:2.7.12]
	at org.springframework.boot.SpringApplication.refresh(SpringApplication.java:731) ~[spring-boot-2.7.12.jar:2.7.12]
	at org.springframework.boot.SpringApplication.refreshContext(SpringApplication.java:408) ~[spring-boot-2.7.12.jar:2.7.12]
	at org.springframework.boot.SpringApplication.run(SpringApplication.java:307) ~[spring-boot-2.7.12.jar:2.7.12]
	at org.springframework.boot.SpringApplication.run(SpringApplication.java:1303) ~[spring-boot-2.7.12.jar:2.7.12]
	at org.springframework.boot.SpringApplication.run(SpringApplication.java:1292) ~[spring-boot-2.7.12.jar:2.7.12]
	at com.hmall.cart.cartApplication.main(cartApplication.java:20) ~[classes/:na]

19:22:39:157  INFO 24780 --- [main] com.alibaba.nacos.common.remote.client   : [fe1dd7c4-941a-480a-b1b5-22f0226cb73f] Register server push request handler:com.alibaba.nacos.common.remote.client.RpcClient$ConnectResetRequestHandler
19:22:39:157  INFO 24780 --- [com.alibaba.nacos.client.remote.worker] com.alibaba.nacos.common.remote.client   : [fe1dd7c4-941a-480a-b1b5-22f0226cb73f] Try to reconnect to a new server, server is  not appointed, will choose a random server.
19:22:39:157  INFO 24780 --- [main] com.alibaba.nacos.common.remote.client   : [fe1dd7c4-941a-480a-b1b5-22f0226cb73f] Register server push request handler:com.alibaba.nacos.common.remote.client.RpcClient$$Lambda$978/0x0000000800734c40
19:22:39:266 ERROR 24780 --- [main] com.alibaba.nacos.common.remote.client   : Send request fail, request = SubscribeServiceRequest{headers={app=unknown}, requestId='null'}, retryTimes = 0, errorMessage = Client not connected, current status:STARTING
19:22:39:377 ERROR 24780 --- [main] com.alibaba.nacos.common.remote.client   : Send request fail, request = SubscribeServiceRequest{headers={app=unknown}, requestId='null'}, retryTimes = 1, errorMessage = Client not connected, current status:STARTING
19:22:39:488 ERROR 24780 --- [main] com.alibaba.nacos.common.remote.client   : Send request fail, request = SubscribeServiceRequest{headers={app=unknown}, requestId='null'}, retryTimes = 2, errorMessage = Client not connected, current status:STARTING
19:22:39:489 ERROR 24780 --- [main] c.a.cloud.nacos.discovery.NacosWatch     : namingService unsubscribe failed, properties:NacosDiscoveryProperties{serverAddr='192.168.150.102:8848', username='', password='', endpoint='', namespace='', watchDelay=30000, logName='', service='cart-service', weight=1.0, clusterName='DEFAULT', group='DEFAULT_GROUP', namingLoadCacheAtStart='false', metadata={preserved.register.source=SPRING_CLOUD}, registerEnabled=true, ip='192.168.220.1', networkInterface='', port=8082, secure=false, accessKey='', secretKey='', heartBeatInterval=null, heartBeatTimeout=null, ipDeleteTimeout=null, instanceEnabled=true, ephemeral=true, failureToleranceEnabled=false}, ipDeleteTimeout=null, failFast=true}

com.alibaba.nacos.api.exception.NacosException: Request nacos server failed: 
	at com.alibaba.nacos.client.naming.remote.gprc.NamingGrpcClientProxy.requestToServer(NamingGrpcClientProxy.java:290) ~[nacos-client-2.0.4.jar:na]
	at com.alibaba.nacos.client.naming.remote.gprc.NamingGrpcClientProxy.doUnsubscribe(NamingGrpcClientProxy.java:260) ~[nacos-client-2.0.4.jar:na]
	at com.alibaba.nacos.client.naming.remote.gprc.NamingGrpcClientProxy.unsubscribe(NamingGrpcClientProxy.java:241) ~[nacos-client-2.0.4.jar:na]
	at com.alibaba.nacos.client.naming.remote.NamingClientProxyDelegate.unsubscribe(NamingClientProxyDelegate.java:157) ~[nacos-client-2.0.4.jar:na]
	at com.alibaba.nacos.client.naming.NacosNamingService.unsubscribe(NacosNamingService.java:417) ~[nacos-client-2.0.4.jar:na]
	at com.alibaba.cloud.nacos.discovery.NacosWatch.stop(NacosWatch.java:174) ~[spring-cloud-starter-alibaba-nacos-discovery-2021.0.4.0.jar:2021.0.4.0]
	at com.alibaba.cloud.nacos.discovery.NacosWatch.destroy(NacosWatch.java:204) ~[spring-cloud-starter-alibaba-nacos-discovery-2021.0.4.0.jar:2021.0.4.0]
	at org.springframework.beans.factory.support.DisposableBeanAdapter.destroy(DisposableBeanAdapter.java:213) ~[spring-beans-5.3.27.jar:5.3.27]
	at org.springframework.beans.factory.support.DefaultSingletonBeanRegistry.destroyBean(DefaultSingletonBeanRegistry.java:587) ~[spring-beans-5.3.27.jar:5.3.27]
	at org.springframework.beans.factory.support.DefaultSingletonBeanRegistry.destroySingleton(DefaultSingletonBeanRegistry.java:559) ~[spring-beans-5.3.27.jar:5.3.27]
	at org.springframework.beans.factory.support.DefaultListableBeanFactory.destroySingleton(DefaultListableBeanFactory.java:1163) ~[spring-beans-5.3.27.jar:5.3.27]
	at org.springframework.beans.factory.support.DefaultSingletonBeanRegistry.destroySingletons(DefaultSingletonBeanRegistry.java:520) ~[spring-beans-5.3.27.jar:5.3.27]
	at org.springframework.beans.factory.support.DefaultListableBeanFactory.destroySingletons(DefaultListableBeanFactory.java:1156) ~[spring-beans-5.3.27.jar:5.3.27]
	at org.springframework.context.support.AbstractApplicationContext.destroyBeans(AbstractApplicationContext.java:1108) ~[spring-context-5.3.27.jar:5.3.27]
	at org.springframework.context.support.AbstractApplicationContext.refresh(AbstractApplicationContext.java:596) ~[spring-context-5.3.27.jar:5.3.27]
	at org.springframework.boot.web.servlet.context.ServletWebServerApplicationContext.refresh(ServletWebServerApplicationContext.java:147) ~[spring-boot-2.7.12.jar:2.7.12]
	at org.springframework.boot.SpringApplication.refresh(SpringApplication.java:731) ~[spring-boot-2.7.12.jar:2.7.12]
	at org.springframework.boot.SpringApplication.refreshContext(SpringApplication.java:408) ~[spring-boot-2.7.12.jar:2.7.12]
	at org.springframework.boot.SpringApplication.run(SpringApplication.java:307) ~[spring-boot-2.7.12.jar:2.7.12]
	at org.springframework.boot.SpringApplication.run(SpringApplication.java:1303) ~[spring-boot-2.7.12.jar:2.7.12]
	at org.springframework.boot.SpringApplication.run(SpringApplication.java:1292) ~[spring-boot-2.7.12.jar:2.7.12]
	at com.hmall.cart.cartApplication.main(cartApplication.java:20) ~[classes/:na]
Caused by: com.alibaba.nacos.api.exception.NacosException: Client not connected, current status:STARTING
	at com.alibaba.nacos.common.remote.client.RpcClient.request(RpcClient.java:650) ~[nacos-client-2.0.4.jar:na]
	at com.alibaba.nacos.common.remote.client.RpcClient.request(RpcClient.java:630) ~[nacos-client-2.0.4.jar:na]
	at com.alibaba.nacos.client.naming.remote.gprc.NamingGrpcClientProxy.requestToServer(NamingGrpcClientProxy.java:280) ~[nacos-client-2.0.4.jar:na]
	... 21 common frames omitted

19:22:39:803  INFO 24780 --- [main] o.apache.catalina.core.StandardService   : Stopping service [Tomcat]
19:22:39:815  INFO 24780 --- [main] ConditionEvaluationReportLoggingListener : 

Error starting ApplicationContext. To display the conditions report re-run your application with 'debug' enabled.
19:22:39:831 ERROR 24780 --- [main] o.s.boot.SpringApplication               : Application run failed

org.springframework.context.ApplicationContextException: Failed to start bean 'webServerStartStop'; nested exception is java.lang.reflect.UndeclaredThrowableException
	at org.springframework.context.support.DefaultLifecycleProcessor.doStart(DefaultLifecycleProcessor.java:181) ~[spring-context-5.3.27.jar:5.3.27]
	at org.springframework.context.support.DefaultLifecycleProcessor.access$200(DefaultLifecycleProcessor.java:54) ~[spring-context-5.3.27.jar:5.3.27]
	at org.springframework.context.support.DefaultLifecycleProcessor$LifecycleGroup.start(DefaultLifecycleProcessor.java:356) ~[spring-context-5.3.27.jar:5.3.27]
	at java.base/java.lang.Iterable.forEach(Iterable.java:75) ~[na:na]
	at org.springframework.context.support.DefaultLifecycleProcessor.startBeans(DefaultLifecycleProcessor.java:155) ~[spring-context-5.3.27.jar:5.3.27]
	at org.springframework.context.support.DefaultLifecycleProcessor.onRefresh(DefaultLifecycleProcessor.java:123) ~[spring-context-5.3.27.jar:5.3.27]
	at org.springframework.context.support.AbstractApplicationContext.finishRefresh(AbstractApplicationContext.java:937) ~[spring-context-5.3.27.jar:5.3.27]
	at org.springframework.context.support.AbstractApplicationContext.refresh(AbstractApplicationContext.java:586) ~[spring-context-5.3.27.jar:5.3.27]
	at org.springframework.boot.web.servlet.context.ServletWebServerApplicationContext.refresh(ServletWebServerApplicationContext.java:147) ~[spring-boot-2.7.12.jar:2.7.12]
	at org.springframework.boot.SpringApplication.refresh(SpringApplication.java:731) ~[spring-boot-2.7.12.jar:2.7.12]
	at org.springframework.boot.SpringApplication.refreshContext(SpringApplication.java:408) ~[spring-boot-2.7.12.jar:2.7.12]
	at org.springframework.boot.SpringApplication.run(SpringApplication.java:307) ~[spring-boot-2.7.12.jar:2.7.12]
	at org.springframework.boot.SpringApplication.run(SpringApplication.java:1303) ~[spring-boot-2.7.12.jar:2.7.12]
	at org.springframework.boot.SpringApplication.run(SpringApplication.java:1292) ~[spring-boot-2.7.12.jar:2.7.12]
	at com.hmall.cart.cartApplication.main(cartApplication.java:20) ~[classes/:na]
Caused by: java.lang.reflect.UndeclaredThrowableException: null
	at org.springframework.util.ReflectionUtils.rethrowRuntimeException(ReflectionUtils.java:147) ~[spring-core-5.3.27.jar:5.3.27]
	at com.alibaba.cloud.nacos.registry.NacosServiceRegistry.register(NacosServiceRegistry.java:82) ~[spring-cloud-starter-alibaba-nacos-discovery-2021.0.4.0.jar:2021.0.4.0]
	at org.springframework.cloud.client.serviceregistry.AbstractAutoServiceRegistration.register(AbstractAutoServiceRegistration.java:232) ~[spring-cloud-commons-3.1.3.jar:3.1.3]
	at com.alibaba.cloud.nacos.registry.NacosAutoServiceRegistration.register(NacosAutoServiceRegistration.java:78) ~[spring-cloud-starter-alibaba-nacos-discovery-2021.0.4.0.jar:2021.0.4.0]
	at org.springframework.cloud.client.serviceregistry.AbstractAutoServiceRegistration.start(AbstractAutoServiceRegistration.java:133) ~[spring-cloud-commons-3.1.3.jar:3.1.3]
	at org.springframework.cloud.client.serviceregistry.AbstractAutoServiceRegistration.bind(AbstractAutoServiceRegistration.java:98) ~[spring-cloud-commons-3.1.3.jar:3.1.3]
	at org.springframework.cloud.client.serviceregistry.AbstractAutoServiceRegistration.onApplicationEvent(AbstractAutoServiceRegistration.java:86) ~[spring-cloud-commons-3.1.3.jar:3.1.3]
	at org.springframework.cloud.client.serviceregistry.AbstractAutoServiceRegistration.onApplicationEvent(AbstractAutoServiceRegistration.java:47) ~[spring-cloud-commons-3.1.3.jar:3.1.3]
	at org.springframework.context.event.SimpleApplicationEventMulticaster.doInvokeListener(SimpleApplicationEventMulticaster.java:176) ~[spring-context-5.3.27.jar:5.3.27]
	at org.springframework.context.event.SimpleApplicationEventMulticaster.invokeListener(SimpleApplicationEventMulticaster.java:169) ~[spring-context-5.3.27.jar:5.3.27]
	at org.springframework.context.event.SimpleApplicationEventMulticaster.multicastEvent(SimpleApplicationEventMulticaster.java:143) ~[spring-context-5.3.27.jar:5.3.27]
	at org.springframework.context.support.AbstractApplicationContext.publishEvent(AbstractApplicationContext.java:421) ~[spring-context-5.3.27.jar:5.3.27]
	at org.springframework.context.support.AbstractApplicationContext.publishEvent(AbstractApplicationContext.java:378) ~[spring-context-5.3.27.jar:5.3.27]
	at org.springframework.boot.web.servlet.context.WebServerStartStopLifecycle.start(WebServerStartStopLifecycle.java:46) ~[spring-boot-2.7.12.jar:2.7.12]
	at org.springframework.context.support.DefaultLifecycleProcessor.doStart(DefaultLifecycleProcessor.java:178) ~[spring-context-5.3.27.jar:5.3.27]
	... 14 common frames omitted
Caused by: com.alibaba.nacos.api.exception.NacosException: Request nacos server failed: 
	at com.alibaba.nacos.client.naming.remote.gprc.NamingGrpcClientProxy.requestToServer(NamingGrpcClientProxy.java:290) ~[nacos-client-2.0.4.jar:na]
	at com.alibaba.nacos.client.naming.remote.gprc.NamingGrpcClientProxy.doRegisterService(NamingGrpcClientProxy.java:129) ~[nacos-client-2.0.4.jar:na]
	at com.alibaba.nacos.client.naming.remote.gprc.NamingGrpcClientProxy.registerService(NamingGrpcClientProxy.java:115) ~[nacos-client-2.0.4.jar:na]
	at com.alibaba.nacos.client.naming.remote.NamingClientProxyDelegate.registerService(NamingClientProxyDelegate.java:94) ~[nacos-client-2.0.4.jar:na]
	at com.alibaba.nacos.client.naming.NacosNamingService.registerInstance(NacosNamingService.java:145) ~[nacos-client-2.0.4.jar:na]
	at com.alibaba.cloud.nacos.registry.NacosServiceRegistry.register(NacosServiceRegistry.java:74) ~[spring-cloud-starter-alibaba-nacos-discovery-2021.0.4.0.jar:2021.0.4.0]
	... 27 common frames omitted
Caused by: com.alibaba.nacos.api.exception.NacosException: Client not connected, current status:STARTING
	at com.alibaba.nacos.common.remote.client.RpcClient.request(RpcClient.java:650) ~[nacos-client-2.0.4.jar:na]
	at com.alibaba.nacos.common.remote.client.RpcClient.request(RpcClient.java:630) ~[nacos-client-2.0.4.jar:na]
	at com.alibaba.nacos.client.naming.remote.gprc.NamingGrpcClientProxy.requestToServer(NamingGrpcClientProxy.java:280) ~[nacos-client-2.0.4.jar:na]
	... 32 common frames omitted

19:22:39:832  WARN 24780 --- [Thread-4] c.a.nacos.common.notify.NotifyCenter     : [NotifyCenter] Start destroying Publisher
19:22:39:832  WARN 24780 --- [Thread-7] c.a.n.common.http.HttpClientBeanHolder   : [HttpClientBeanHolder] Start destroying common HttpClient
19:22:39:832  WARN 24780 --- [Thread-4] c.a.nacos.common.notify.NotifyCenter     : [NotifyCenter] Destruction of the end
19:22:39:833  WARN 24780 --- [Thread-7] c.a.n.common.http.HttpClientBeanHolder   : [HttpClientBeanHolder] Destruction of the end
19:54:45:706  INFO 21592 --- [main] com.hmall.cart.cartApplication           : Starting cartApplication using Java 11.0.31 on LAPTOP-16OT1L5F with PID 21592 (G:\hmall\backend\cart-service\target\classes started by 18071 in G:\hmall\backend)
19:54:45:708 DEBUG 21592 --- [main] com.hmall.cart.cartApplication           : Running with Spring Boot v2.7.12, Spring v5.3.27
19:54:45:708  INFO 21592 --- [main] com.hmall.cart.cartApplication           : The following 1 profile is active: "dev"
19:54:46:648  INFO 21592 --- [main] o.s.cloud.context.scope.GenericScope     : BeanFactory id=0e1baee2-d450-3668-bf79-8d0f8c86cbc8
19:54:46:963  INFO 21592 --- [main] o.s.b.w.embedded.tomcat.TomcatWebServer  : Tomcat initialized with port(s): 8082 (http)
19:54:46:973  INFO 21592 --- [main] o.apache.catalina.core.StandardService   : Starting service [Tomcat]
19:54:46:973  INFO 21592 --- [main] org.apache.catalina.core.StandardEngine  : Starting Servlet engine: [Apache Tomcat/9.0.75]
19:54:47:128  INFO 21592 --- [main] o.a.c.c.C.[Tomcat].[localhost].[/]       : Initializing Spring embedded WebApplicationContext
19:54:47:128  INFO 21592 --- [main] w.s.c.ServletWebServerApplicationContext : Root WebApplicationContext: initialization completed in 1380 ms
19:54:47:362  INFO 21592 --- [main] o.s.c.openfeign.FeignClientFactoryBean   : For 'item-service' URL not provided. Will try picking an instance via load-balancing.
19:54:50:662  INFO 21592 --- [main] pertySourcedRequestMappingHandlerMapping : Mapped URL path [/v2/api-docs] onto method [springfox.documentation.swagger2.web.Swagger2ControllerWebMvc#getDocumentation(String, HttpServletRequest)]
19:54:51:793  INFO 21592 --- [main] com.alibaba.nacos.common.remote.client   : [RpcClientFactory] create a new rpc client of 84e8e7e5-b5c8-4dd5-b5fd-074d7269f643
19:54:51:856  INFO 21592 --- [main] org.reflections.Reflections              : Reflections took 32 ms to scan 1 urls, producing 3 keys and 6 values 
19:54:51:904  INFO 21592 --- [main] org.reflections.Reflections              : Reflections took 16 ms to scan 1 urls, producing 4 keys and 9 values 
19:54:51:917  INFO 21592 --- [main] org.reflections.Reflections              : Reflections took 9 ms to scan 1 urls, producing 3 keys and 10 values 
19:54:51:922  WARN 21592 --- [main] org.reflections.Reflections              : given scan urls are empty. set urls in the configuration
19:54:51:932  INFO 21592 --- [main] org.reflections.Reflections              : Reflections took 10 ms to scan 1 urls, producing 1 keys and 5 values 
19:54:51:954  INFO 21592 --- [main] org.reflections.Reflections              : Reflections took 18 ms to scan 1 urls, producing 1 keys and 7 values 
19:54:51:968  INFO 21592 --- [main] org.reflections.Reflections              : Reflections took 11 ms to scan 1 urls, producing 2 keys and 8 values 
19:54:51:972  WARN 21592 --- [main] org.reflections.Reflections              : given scan urls are empty. set urls in the configuration
19:54:51:973  INFO 21592 --- [main] com.alibaba.nacos.common.remote.client   : [84e8e7e5-b5c8-4dd5-b5fd-074d7269f643] RpcClient init label, labels = {module=naming, source=sdk}
19:54:51:975  INFO 21592 --- [main] com.alibaba.nacos.common.remote.client   : [84e8e7e5-b5c8-4dd5-b5fd-074d7269f643] RpcClient init, ServerListFactory = com.alibaba.nacos.client.naming.core.ServerListManager
19:54:51:975  INFO 21592 --- [main] com.alibaba.nacos.common.remote.client   : [84e8e7e5-b5c8-4dd5-b5fd-074d7269f643] Registry connection listener to current client:com.alibaba.nacos.client.naming.remote.gprc.redo.NamingGrpcRedoService
19:54:51:976  INFO 21592 --- [main] com.alibaba.nacos.common.remote.client   : [84e8e7e5-b5c8-4dd5-b5fd-074d7269f643] Register server push request handler:com.alibaba.nacos.client.naming.remote.gprc.NamingPushRequestHandler
19:54:51:978  INFO 21592 --- [main] com.alibaba.nacos.common.remote.client   : [84e8e7e5-b5c8-4dd5-b5fd-074d7269f643] Try to connect to server on start up, server: {serverIp = '192.168.150.102', server main port = 8848}
19:54:56:353 ERROR 21592 --- [main] c.a.n.c.remote.client.grpc.GrpcClient    : Server check fail, please check server 192.168.150.102 ,port 9848 is available , error ={}

java.util.concurrent.TimeoutException: Waited 3000 milliseconds (plus 15 milliseconds, 398300 nanoseconds delay) for com.alibaba.nacos.shaded.io.grpc.stub.ClientCalls$GrpcFuture@f453129[status=PENDING, info=[GrpcFuture{clientCall={delegate={delegate=ClientCallImpl{method=MethodDescriptor{fullMethodName=Request/request, type=UNARY, idempotent=false, safe=false, sampledToLocalTracing=true, requestMarshaller=com.alibaba.nacos.shaded.io.grpc.protobuf.lite.ProtoLiteUtils$MessageMarshaller@5fd31df7, responseMarshaller=com.alibaba.nacos.shaded.io.grpc.protobuf.lite.ProtoLiteUtils$MessageMarshaller@61d150af, schemaDescriptor=com.alibaba.nacos.api.grpc.auto.RequestGrpc$RequestMethodDescriptorSupplier@2c8f65da}}}}}]]
	at com.alibaba.nacos.shaded.com.google.common.util.concurrent.AbstractFuture.get(AbstractFuture.java:508) ~[nacos-client-2.0.4.jar:na]
	at com.alibaba.nacos.common.remote.client.grpc.GrpcClient.serverCheck(GrpcClient.java:148) ~[nacos-client-2.0.4.jar:na]
	at com.alibaba.nacos.common.remote.client.grpc.GrpcClient.connectToServer(GrpcClient.java:264) ~[nacos-client-2.0.4.jar:na]
	at com.alibaba.nacos.common.remote.client.RpcClient.start(RpcClient.java:390) ~[nacos-client-2.0.4.jar:na]
	at com.alibaba.nacos.client.naming.remote.gprc.NamingGrpcClientProxy.start(NamingGrpcClientProxy.java:96) ~[nacos-client-2.0.4.jar:na]
	at com.alibaba.nacos.client.naming.remote.gprc.NamingGrpcClientProxy.<init>(NamingGrpcClientProxy.java:89) ~[nacos-client-2.0.4.jar:na]
	at com.alibaba.nacos.client.naming.remote.NamingClientProxyDelegate.<init>(NamingClientProxyDelegate.java:76) ~[nacos-client-2.0.4.jar:na]
	at com.alibaba.nacos.client.naming.NacosNamingService.init(NacosNamingService.java:95) ~[nacos-client-2.0.4.jar:na]
	at com.alibaba.nacos.client.naming.NacosNamingService.<init>(NacosNamingService.java:81) ~[nacos-client-2.0.4.jar:na]
	at java.base/jdk.internal.reflect.NativeConstructorAccessorImpl.newInstance0(Native Method) ~[na:na]
	at java.base/jdk.internal.reflect.NativeConstructorAccessorImpl.newInstance(NativeConstructorAccessorImpl.java:62) ~[na:na]
	at java.base/jdk.internal.reflect.DelegatingConstructorAccessorImpl.newInstance(DelegatingConstructorAccessorImpl.java:45) ~[na:na]
	at java.base/java.lang.reflect.Constructor.newInstance(Constructor.java:490) ~[na:na]
	at com.alibaba.nacos.api.naming.NamingFactory.createNamingService(NamingFactory.java:59) ~[nacos-client-2.0.4.jar:na]
	at com.alibaba.nacos.api.NacosFactory.createNamingService(NacosFactory.java:77) ~[nacos-client-2.0.4.jar:na]
	at com.alibaba.cloud.nacos.NacosServiceManager.createNewNamingService(NacosServiceManager.java:99) ~[spring-cloud-starter-alibaba-nacos-discovery-2021.0.4.0.jar:2021.0.4.0]
	at com.alibaba.cloud.nacos.NacosServiceManager.buildNamingService(NacosServiceManager.java:90) ~[spring-cloud-starter-alibaba-nacos-discovery-2021.0.4.0.jar:2021.0.4.0]
	at com.alibaba.cloud.nacos.NacosServiceManager.getNamingService(NacosServiceManager.java:46) ~[spring-cloud-starter-alibaba-nacos-discovery-2021.0.4.0.jar:2021.0.4.0]
	at com.alibaba.cloud.nacos.discovery.NacosWatch.start(NacosWatch.java:130) ~[spring-cloud-starter-alibaba-nacos-discovery-2021.0.4.0.jar:2021.0.4.0]
	at org.springframework.context.support.DefaultLifecycleProcessor.doStart(DefaultLifecycleProcessor.java:178) ~[spring-context-5.3.27.jar:5.3.27]
	at org.springframework.context.support.DefaultLifecycleProcessor.access$200(DefaultLifecycleProcessor.java:54) ~[spring-context-5.3.27.jar:5.3.27]
	at org.springframework.context.support.DefaultLifecycleProcessor$LifecycleGroup.start(DefaultLifecycleProcessor.java:356) ~[spring-context-5.3.27.jar:5.3.27]
	at java.base/java.lang.Iterable.forEach(Iterable.java:75) ~[na:na]
	at org.springframework.context.support.DefaultLifecycleProcessor.startBeans(DefaultLifecycleProcessor.java:155) ~[spring-context-5.3.27.jar:5.3.27]
	at org.springframework.context.support.DefaultLifecycleProcessor.onRefresh(DefaultLifecycleProcessor.java:123) ~[spring-context-5.3.27.jar:5.3.27]
	at org.springframework.context.support.AbstractApplicationContext.finishRefresh(AbstractApplicationContext.java:937) ~[spring-context-5.3.27.jar:5.3.27]
	at org.springframework.context.support.AbstractApplicationContext.refresh(AbstractApplicationContext.java:586) ~[spring-context-5.3.27.jar:5.3.27]
	at org.springframework.boot.web.servlet.context.ServletWebServerApplicationContext.refresh(ServletWebServerApplicationContext.java:147) ~[spring-boot-2.7.12.jar:2.7.12]
	at org.springframework.boot.SpringApplication.refresh(SpringApplication.java:731) ~[spring-boot-2.7.12.jar:2.7.12]
	at org.springframework.boot.SpringApplication.refreshContext(SpringApplication.java:408) ~[spring-boot-2.7.12.jar:2.7.12]
	at org.springframework.boot.SpringApplication.run(SpringApplication.java:307) ~[spring-boot-2.7.12.jar:2.7.12]
	at org.springframework.boot.SpringApplication.run(SpringApplication.java:1303) ~[spring-boot-2.7.12.jar:2.7.12]
	at org.springframework.boot.SpringApplication.run(SpringApplication.java:1292) ~[spring-boot-2.7.12.jar:2.7.12]
	at com.hmall.cart.cartApplication.main(cartApplication.java:20) ~[classes/:na]

19:54:56:377  INFO 21592 --- [main] com.alibaba.nacos.common.remote.client   : [84e8e7e5-b5c8-4dd5-b5fd-074d7269f643] Try to connect to server on start up, server: {serverIp = '192.168.150.102', server main port = 8848}
19:54:59:392 ERROR 21592 --- [main] c.a.n.c.remote.client.grpc.GrpcClient    : Server check fail, please check server 192.168.150.102 ,port 9848 is available , error ={}

java.util.concurrent.TimeoutException: Waited 3000 milliseconds (plus 13 milliseconds, 371000 nanoseconds delay) for com.alibaba.nacos.shaded.io.grpc.stub.ClientCalls$GrpcFuture@21f479cd[status=PENDING, info=[GrpcFuture{clientCall={delegate={delegate=ClientCallImpl{method=MethodDescriptor{fullMethodName=Request/request, type=UNARY, idempotent=false, safe=false, sampledToLocalTracing=true, requestMarshaller=com.alibaba.nacos.shaded.io.grpc.protobuf.lite.ProtoLiteUtils$MessageMarshaller@5fd31df7, responseMarshaller=com.alibaba.nacos.shaded.io.grpc.protobuf.lite.ProtoLiteUtils$MessageMarshaller@61d150af, schemaDescriptor=com.alibaba.nacos.api.grpc.auto.RequestGrpc$RequestMethodDescriptorSupplier@2c8f65da}}}}}]]
	at com.alibaba.nacos.shaded.com.google.common.util.concurrent.AbstractFuture.get(AbstractFuture.java:508) ~[nacos-client-2.0.4.jar:na]
	at com.alibaba.nacos.common.remote.client.grpc.GrpcClient.serverCheck(GrpcClient.java:148) ~[nacos-client-2.0.4.jar:na]
	at com.alibaba.nacos.common.remote.client.grpc.GrpcClient.connectToServer(GrpcClient.java:264) ~[nacos-client-2.0.4.jar:na]
	at com.alibaba.nacos.common.remote.client.RpcClient.start(RpcClient.java:390) ~[nacos-client-2.0.4.jar:na]
	at com.alibaba.nacos.client.naming.remote.gprc.NamingGrpcClientProxy.start(NamingGrpcClientProxy.java:96) ~[nacos-client-2.0.4.jar:na]
	at com.alibaba.nacos.client.naming.remote.gprc.NamingGrpcClientProxy.<init>(NamingGrpcClientProxy.java:89) ~[nacos-client-2.0.4.jar:na]
	at com.alibaba.nacos.client.naming.remote.NamingClientProxyDelegate.<init>(NamingClientProxyDelegate.java:76) ~[nacos-client-2.0.4.jar:na]
	at com.alibaba.nacos.client.naming.NacosNamingService.init(NacosNamingService.java:95) ~[nacos-client-2.0.4.jar:na]
	at com.alibaba.nacos.client.naming.NacosNamingService.<init>(NacosNamingService.java:81) ~[nacos-client-2.0.4.jar:na]
	at java.base/jdk.internal.reflect.NativeConstructorAccessorImpl.newInstance0(Native Method) ~[na:na]
	at java.base/jdk.internal.reflect.NativeConstructorAccessorImpl.newInstance(NativeConstructorAccessorImpl.java:62) ~[na:na]
	at java.base/jdk.internal.reflect.DelegatingConstructorAccessorImpl.newInstance(DelegatingConstructorAccessorImpl.java:45) ~[na:na]
	at java.base/java.lang.reflect.Constructor.newInstance(Constructor.java:490) ~[na:na]
	at com.alibaba.nacos.api.naming.NamingFactory.createNamingService(NamingFactory.java:59) ~[nacos-client-2.0.4.jar:na]
	at com.alibaba.nacos.api.NacosFactory.createNamingService(NacosFactory.java:77) ~[nacos-client-2.0.4.jar:na]
	at com.alibaba.cloud.nacos.NacosServiceManager.createNewNamingService(NacosServiceManager.java:99) ~[spring-cloud-starter-alibaba-nacos-discovery-2021.0.4.0.jar:2021.0.4.0]
	at com.alibaba.cloud.nacos.NacosServiceManager.buildNamingService(NacosServiceManager.java:90) ~[spring-cloud-starter-alibaba-nacos-discovery-2021.0.4.0.jar:2021.0.4.0]
	at com.alibaba.cloud.nacos.NacosServiceManager.getNamingService(NacosServiceManager.java:46) ~[spring-cloud-starter-alibaba-nacos-discovery-2021.0.4.0.jar:2021.0.4.0]
	at com.alibaba.cloud.nacos.discovery.NacosWatch.start(NacosWatch.java:130) ~[spring-cloud-starter-alibaba-nacos-discovery-2021.0.4.0.jar:2021.0.4.0]
	at org.springframework.context.support.DefaultLifecycleProcessor.doStart(DefaultLifecycleProcessor.java:178) ~[spring-context-5.3.27.jar:5.3.27]
	at org.springframework.context.support.DefaultLifecycleProcessor.access$200(DefaultLifecycleProcessor.java:54) ~[spring-context-5.3.27.jar:5.3.27]
	at org.springframework.context.support.DefaultLifecycleProcessor$LifecycleGroup.start(DefaultLifecycleProcessor.java:356) ~[spring-context-5.3.27.jar:5.3.27]
	at java.base/java.lang.Iterable.forEach(Iterable.java:75) ~[na:na]
	at org.springframework.context.support.DefaultLifecycleProcessor.startBeans(DefaultLifecycleProcessor.java:155) ~[spring-context-5.3.27.jar:5.3.27]
	at org.springframework.context.support.DefaultLifecycleProcessor.onRefresh(DefaultLifecycleProcessor.java:123) ~[spring-context-5.3.27.jar:5.3.27]
	at org.springframework.context.support.AbstractApplicationContext.finishRefresh(AbstractApplicationContext.java:937) ~[spring-context-5.3.27.jar:5.3.27]
	at org.springframework.context.support.AbstractApplicationContext.refresh(AbstractApplicationContext.java:586) ~[spring-context-5.3.27.jar:5.3.27]
	at org.springframework.boot.web.servlet.context.ServletWebServerApplicationContext.refresh(ServletWebServerApplicationContext.java:147) ~[spring-boot-2.7.12.jar:2.7.12]
	at org.springframework.boot.SpringApplication.refresh(SpringApplication.java:731) ~[spring-boot-2.7.12.jar:2.7.12]
	at org.springframework.boot.SpringApplication.refreshContext(SpringApplication.java:408) ~[spring-boot-2.7.12.jar:2.7.12]
	at org.springframework.boot.SpringApplication.run(SpringApplication.java:307) ~[spring-boot-2.7.12.jar:2.7.12]
	at org.springframework.boot.SpringApplication.run(SpringApplication.java:1303) ~[spring-boot-2.7.12.jar:2.7.12]
	at org.springframework.boot.SpringApplication.run(SpringApplication.java:1292) ~[spring-boot-2.7.12.jar:2.7.12]
	at com.hmall.cart.cartApplication.main(cartApplication.java:20) ~[classes/:na]

19:54:59:393  INFO 21592 --- [main] com.alibaba.nacos.common.remote.client   : [84e8e7e5-b5c8-4dd5-b5fd-074d7269f643] Try to connect to server on start up, server: {serverIp = '192.168.150.102', server main port = 8848}
19:55:02:406 ERROR 21592 --- [main] c.a.n.c.remote.client.grpc.GrpcClient    : Server check fail, please check server 192.168.150.102 ,port 9848 is available , error ={}

java.util.concurrent.TimeoutException: Waited 3000 milliseconds (plus 9 milliseconds, 800100 nanoseconds delay) for com.alibaba.nacos.shaded.io.grpc.stub.ClientCalls$GrpcFuture@2cbc2db2[status=PENDING, info=[GrpcFuture{clientCall={delegate={delegate=ClientCallImpl{method=MethodDescriptor{fullMethodName=Request/request, type=UNARY, idempotent=false, safe=false, sampledToLocalTracing=true, requestMarshaller=com.alibaba.nacos.shaded.io.grpc.protobuf.lite.ProtoLiteUtils$MessageMarshaller@5fd31df7, responseMarshaller=com.alibaba.nacos.shaded.io.grpc.protobuf.lite.ProtoLiteUtils$MessageMarshaller@61d150af, schemaDescriptor=com.alibaba.nacos.api.grpc.auto.RequestGrpc$RequestMethodDescriptorSupplier@2c8f65da}}}}}]]
	at com.alibaba.nacos.shaded.com.google.common.util.concurrent.AbstractFuture.get(AbstractFuture.java:508) ~[nacos-client-2.0.4.jar:na]
	at com.alibaba.nacos.common.remote.client.grpc.GrpcClient.serverCheck(GrpcClient.java:148) ~[nacos-client-2.0.4.jar:na]
	at com.alibaba.nacos.common.remote.client.grpc.GrpcClient.connectToServer(GrpcClient.java:264) ~[nacos-client-2.0.4.jar:na]
	at com.alibaba.nacos.common.remote.client.RpcClient.start(RpcClient.java:390) ~[nacos-client-2.0.4.jar:na]
	at com.alibaba.nacos.client.naming.remote.gprc.NamingGrpcClientProxy.start(NamingGrpcClientProxy.java:96) ~[nacos-client-2.0.4.jar:na]
	at com.alibaba.nacos.client.naming.remote.gprc.NamingGrpcClientProxy.<init>(NamingGrpcClientProxy.java:89) ~[nacos-client-2.0.4.jar:na]
	at com.alibaba.nacos.client.naming.remote.NamingClientProxyDelegate.<init>(NamingClientProxyDelegate.java:76) ~[nacos-client-2.0.4.jar:na]
	at com.alibaba.nacos.client.naming.NacosNamingService.init(NacosNamingService.java:95) ~[nacos-client-2.0.4.jar:na]
	at com.alibaba.nacos.client.naming.NacosNamingService.<init>(NacosNamingService.java:81) ~[nacos-client-2.0.4.jar:na]
	at java.base/jdk.internal.reflect.NativeConstructorAccessorImpl.newInstance0(Native Method) ~[na:na]
	at java.base/jdk.internal.reflect.NativeConstructorAccessorImpl.newInstance(NativeConstructorAccessorImpl.java:62) ~[na:na]
	at java.base/jdk.internal.reflect.DelegatingConstructorAccessorImpl.newInstance(DelegatingConstructorAccessorImpl.java:45) ~[na:na]
	at java.base/java.lang.reflect.Constructor.newInstance(Constructor.java:490) ~[na:na]
	at com.alibaba.nacos.api.naming.NamingFactory.createNamingService(NamingFactory.java:59) ~[nacos-client-2.0.4.jar:na]
	at com.alibaba.nacos.api.NacosFactory.createNamingService(NacosFactory.java:77) ~[nacos-client-2.0.4.jar:na]
	at com.alibaba.cloud.nacos.NacosServiceManager.createNewNamingService(NacosServiceManager.java:99) ~[spring-cloud-starter-alibaba-nacos-discovery-2021.0.4.0.jar:2021.0.4.0]
	at com.alibaba.cloud.nacos.NacosServiceManager.buildNamingService(NacosServiceManager.java:90) ~[spring-cloud-starter-alibaba-nacos-discovery-2021.0.4.0.jar:2021.0.4.0]
	at com.alibaba.cloud.nacos.NacosServiceManager.getNamingService(NacosServiceManager.java:46) ~[spring-cloud-starter-alibaba-nacos-discovery-2021.0.4.0.jar:2021.0.4.0]
	at com.alibaba.cloud.nacos.discovery.NacosWatch.start(NacosWatch.java:130) ~[spring-cloud-starter-alibaba-nacos-discovery-2021.0.4.0.jar:2021.0.4.0]
	at org.springframework.context.support.DefaultLifecycleProcessor.doStart(DefaultLifecycleProcessor.java:178) ~[spring-context-5.3.27.jar:5.3.27]
	at org.springframework.context.support.DefaultLifecycleProcessor.access$200(DefaultLifecycleProcessor.java:54) ~[spring-context-5.3.27.jar:5.3.27]
	at org.springframework.context.support.DefaultLifecycleProcessor$LifecycleGroup.start(DefaultLifecycleProcessor.java:356) ~[spring-context-5.3.27.jar:5.3.27]
	at java.base/java.lang.Iterable.forEach(Iterable.java:75) ~[na:na]
	at org.springframework.context.support.DefaultLifecycleProcessor.startBeans(DefaultLifecycleProcessor.java:155) ~[spring-context-5.3.27.jar:5.3.27]
	at org.springframework.context.support.DefaultLifecycleProcessor.onRefresh(DefaultLifecycleProcessor.java:123) ~[spring-context-5.3.27.jar:5.3.27]
	at org.springframework.context.support.AbstractApplicationContext.finishRefresh(AbstractApplicationContext.java:937) ~[spring-context-5.3.27.jar:5.3.27]
	at org.springframework.context.support.AbstractApplicationContext.refresh(AbstractApplicationContext.java:586) ~[spring-context-5.3.27.jar:5.3.27]
	at org.springframework.boot.web.servlet.context.ServletWebServerApplicationContext.refresh(ServletWebServerApplicationContext.java:147) ~[spring-boot-2.7.12.jar:2.7.12]
	at org.springframework.boot.SpringApplication.refresh(SpringApplication.java:731) ~[spring-boot-2.7.12.jar:2.7.12]
	at org.springframework.boot.SpringApplication.refreshContext(SpringApplication.java:408) ~[spring-boot-2.7.12.jar:2.7.12]
	at org.springframework.boot.SpringApplication.run(SpringApplication.java:307) ~[spring-boot-2.7.12.jar:2.7.12]
	at org.springframework.boot.SpringApplication.run(SpringApplication.java:1303) ~[spring-boot-2.7.12.jar:2.7.12]
	at org.springframework.boot.SpringApplication.run(SpringApplication.java:1292) ~[spring-boot-2.7.12.jar:2.7.12]
	at com.hmall.cart.cartApplication.main(cartApplication.java:20) ~[classes/:na]

19:55:02:408  INFO 21592 --- [com.alibaba.nacos.client.remote.worker] com.alibaba.nacos.common.remote.client   : [84e8e7e5-b5c8-4dd5-b5fd-074d7269f643] Try to reconnect to a new server, server is  not appointed, will choose a random server.
19:55:02:409  INFO 21592 --- [main] com.alibaba.nacos.common.remote.client   : [84e8e7e5-b5c8-4dd5-b5fd-074d7269f643] Register server push request handler:com.alibaba.nacos.common.remote.client.RpcClient$ConnectResetRequestHandler
19:55:02:410  INFO 21592 --- [main] com.alibaba.nacos.common.remote.client   : [84e8e7e5-b5c8-4dd5-b5fd-074d7269f643] Register server push request handler:com.alibaba.nacos.common.remote.client.RpcClient$$Lambda$978/0x0000000800734c40
19:55:02:533 ERROR 21592 --- [main] com.alibaba.nacos.common.remote.client   : Send request fail, request = SubscribeServiceRequest{headers={app=unknown}, requestId='null'}, retryTimes = 0, errorMessage = Client not connected, current status:STARTING
19:55:02:644 ERROR 21592 --- [main] com.alibaba.nacos.common.remote.client   : Send request fail, request = SubscribeServiceRequest{headers={app=unknown}, requestId='null'}, retryTimes = 1, errorMessage = Client not connected, current status:STARTING
19:55:02:756 ERROR 21592 --- [main] com.alibaba.nacos.common.remote.client   : Send request fail, request = SubscribeServiceRequest{headers={app=unknown}, requestId='null'}, retryTimes = 2, errorMessage = Client not connected, current status:STARTING
19:55:02:756 ERROR 21592 --- [main] c.a.cloud.nacos.discovery.NacosWatch     : namingService subscribe failed, properties:NacosDiscoveryProperties{serverAddr='192.168.150.102:8848', username='', password='', endpoint='', namespace='', watchDelay=30000, logName='', service='cart-service', weight=1.0, clusterName='DEFAULT', group='DEFAULT_GROUP', namingLoadCacheAtStart='false', metadata={preserved.register.source=SPRING_CLOUD}, registerEnabled=true, ip='192.168.220.1', networkInterface='', port=-1, secure=false, accessKey='', secretKey='', heartBeatInterval=null, heartBeatTimeout=null, ipDeleteTimeout=null, instanceEnabled=true, ephemeral=true, failureToleranceEnabled=false}, ipDeleteTimeout=null, failFast=true}

com.alibaba.nacos.api.exception.NacosException: Request nacos server failed: 
	at com.alibaba.nacos.client.naming.remote.gprc.NamingGrpcClientProxy.requestToServer(NamingGrpcClientProxy.java:290) ~[nacos-client-2.0.4.jar:na]
	at com.alibaba.nacos.client.naming.remote.gprc.NamingGrpcClientProxy.doSubscribe(NamingGrpcClientProxy.java:230) ~[nacos-client-2.0.4.jar:na]
	at com.alibaba.nacos.client.naming.remote.gprc.NamingGrpcClientProxy.subscribe(NamingGrpcClientProxy.java:215) ~[nacos-client-2.0.4.jar:na]
	at com.alibaba.nacos.client.naming.remote.NamingClientProxyDelegate.subscribe(NamingClientProxyDelegate.java:147) ~[nacos-client-2.0.4.jar:na]
	at com.alibaba.nacos.client.naming.NacosNamingService.subscribe(NacosNamingService.java:393) ~[nacos-client-2.0.4.jar:na]
	at com.alibaba.cloud.nacos.discovery.NacosWatch.start(NacosWatch.java:132) ~[spring-cloud-starter-alibaba-nacos-discovery-2021.0.4.0.jar:2021.0.4.0]
	at org.springframework.context.support.DefaultLifecycleProcessor.doStart(DefaultLifecycleProcessor.java:178) ~[spring-context-5.3.27.jar:5.3.27]
	at org.springframework.context.support.DefaultLifecycleProcessor.access$200(DefaultLifecycleProcessor.java:54) ~[spring-context-5.3.27.jar:5.3.27]
	at org.springframework.context.support.DefaultLifecycleProcessor$LifecycleGroup.start(DefaultLifecycleProcessor.java:356) ~[spring-context-5.3.27.jar:5.3.27]
	at java.base/java.lang.Iterable.forEach(Iterable.java:75) ~[na:na]
	at org.springframework.context.support.DefaultLifecycleProcessor.startBeans(DefaultLifecycleProcessor.java:155) ~[spring-context-5.3.27.jar:5.3.27]
	at org.springframework.context.support.DefaultLifecycleProcessor.onRefresh(DefaultLifecycleProcessor.java:123) ~[spring-context-5.3.27.jar:5.3.27]
	at org.springframework.context.support.AbstractApplicationContext.finishRefresh(AbstractApplicationContext.java:937) ~[spring-context-5.3.27.jar:5.3.27]
	at org.springframework.context.support.AbstractApplicationContext.refresh(AbstractApplicationContext.java:586) ~[spring-context-5.3.27.jar:5.3.27]
	at org.springframework.boot.web.servlet.context.ServletWebServerApplicationContext.refresh(ServletWebServerApplicationContext.java:147) ~[spring-boot-2.7.12.jar:2.7.12]
	at org.springframework.boot.SpringApplication.refresh(SpringApplication.java:731) ~[spring-boot-2.7.12.jar:2.7.12]
	at org.springframework.boot.SpringApplication.refreshContext(SpringApplication.java:408) ~[spring-boot-2.7.12.jar:2.7.12]
	at org.springframework.boot.SpringApplication.run(SpringApplication.java:307) ~[spring-boot-2.7.12.jar:2.7.12]
	at org.springframework.boot.SpringApplication.run(SpringApplication.java:1303) ~[spring-boot-2.7.12.jar:2.7.12]
	at org.springframework.boot.SpringApplication.run(SpringApplication.java:1292) ~[spring-boot-2.7.12.jar:2.7.12]
	at com.hmall.cart.cartApplication.main(cartApplication.java:20) ~[classes/:na]
Caused by: com.alibaba.nacos.api.exception.NacosException: Client not connected, current status:STARTING
	at com.alibaba.nacos.common.remote.client.RpcClient.request(RpcClient.java:650) ~[nacos-client-2.0.4.jar:na]
	at com.alibaba.nacos.common.remote.client.RpcClient.request(RpcClient.java:630) ~[nacos-client-2.0.4.jar:na]
	at com.alibaba.nacos.client.naming.remote.gprc.NamingGrpcClientProxy.requestToServer(NamingGrpcClientProxy.java:280) ~[nacos-client-2.0.4.jar:na]
	... 20 common frames omitted

19:55:02:776  INFO 21592 --- [main] o.s.b.w.embedded.tomcat.TomcatWebServer  : Tomcat started on port(s): 8082 (http) with context path ''
19:55:02:882 ERROR 21592 --- [main] com.alibaba.nacos.common.remote.client   : Send request fail, request = InstanceRequest{headers={app=unknown}, requestId='null'}, retryTimes = 0, errorMessage = Client not connected, current status:STARTING
19:55:02:992 ERROR 21592 --- [main] com.alibaba.nacos.common.remote.client   : Send request fail, request = InstanceRequest{headers={app=unknown}, requestId='null'}, retryTimes = 1, errorMessage = Client not connected, current status:STARTING
19:55:03:103 ERROR 21592 --- [main] com.alibaba.nacos.common.remote.client   : Send request fail, request = InstanceRequest{headers={app=unknown}, requestId='null'}, retryTimes = 2, errorMessage = Client not connected, current status:STARTING
19:55:03:104 ERROR 21592 --- [main] c.a.c.n.registry.NacosServiceRegistry    : nacos registry, cart-service register failed...NacosRegistration{nacosDiscoveryProperties=NacosDiscoveryProperties{serverAddr='192.168.150.102:8848', username='', password='', endpoint='', namespace='', watchDelay=30000, logName='', service='cart-service', weight=1.0, clusterName='DEFAULT', group='DEFAULT_GROUP', namingLoadCacheAtStart='false', metadata={preserved.register.source=SPRING_CLOUD}, registerEnabled=true, ip='192.168.220.1', networkInterface='', port=8082, secure=false, accessKey='', secretKey='', heartBeatInterval=null, heartBeatTimeout=null, ipDeleteTimeout=null, instanceEnabled=true, ephemeral=true, failureToleranceEnabled=false}, ipDeleteTimeout=null, failFast=true}},

com.alibaba.nacos.api.exception.NacosException: Request nacos server failed: 
	at com.alibaba.nacos.client.naming.remote.gprc.NamingGrpcClientProxy.requestToServer(NamingGrpcClientProxy.java:290) ~[nacos-client-2.0.4.jar:na]
	at com.alibaba.nacos.client.naming.remote.gprc.NamingGrpcClientProxy.doRegisterService(NamingGrpcClientProxy.java:129) ~[nacos-client-2.0.4.jar:na]
	at com.alibaba.nacos.client.naming.remote.gprc.NamingGrpcClientProxy.registerService(NamingGrpcClientProxy.java:115) ~[nacos-client-2.0.4.jar:na]
	at com.alibaba.nacos.client.naming.remote.NamingClientProxyDelegate.registerService(NamingClientProxyDelegate.java:94) ~[nacos-client-2.0.4.jar:na]
	at com.alibaba.nacos.client.naming.NacosNamingService.registerInstance(NacosNamingService.java:145) ~[nacos-client-2.0.4.jar:na]
	at com.alibaba.cloud.nacos.registry.NacosServiceRegistry.register(NacosServiceRegistry.java:74) ~[spring-cloud-starter-alibaba-nacos-discovery-2021.0.4.0.jar:2021.0.4.0]
	at org.springframework.cloud.client.serviceregistry.AbstractAutoServiceRegistration.register(AbstractAutoServiceRegistration.java:232) ~[spring-cloud-commons-3.1.3.jar:3.1.3]
	at com.alibaba.cloud.nacos.registry.NacosAutoServiceRegistration.register(NacosAutoServiceRegistration.java:78) ~[spring-cloud-starter-alibaba-nacos-discovery-2021.0.4.0.jar:2021.0.4.0]
	at org.springframework.cloud.client.serviceregistry.AbstractAutoServiceRegistration.start(AbstractAutoServiceRegistration.java:133) ~[spring-cloud-commons-3.1.3.jar:3.1.3]
	at org.springframework.cloud.client.serviceregistry.AbstractAutoServiceRegistration.bind(AbstractAutoServiceRegistration.java:98) ~[spring-cloud-commons-3.1.3.jar:3.1.3]
	at org.springframework.cloud.client.serviceregistry.AbstractAutoServiceRegistration.onApplicationEvent(AbstractAutoServiceRegistration.java:86) ~[spring-cloud-commons-3.1.3.jar:3.1.3]
	at org.springframework.cloud.client.serviceregistry.AbstractAutoServiceRegistration.onApplicationEvent(AbstractAutoServiceRegistration.java:47) ~[spring-cloud-commons-3.1.3.jar:3.1.3]
	at org.springframework.context.event.SimpleApplicationEventMulticaster.doInvokeListener(SimpleApplicationEventMulticaster.java:176) ~[spring-context-5.3.27.jar:5.3.27]
	at org.springframework.context.event.SimpleApplicationEventMulticaster.invokeListener(SimpleApplicationEventMulticaster.java:169) ~[spring-context-5.3.27.jar:5.3.27]
	at org.springframework.context.event.SimpleApplicationEventMulticaster.multicastEvent(SimpleApplicationEventMulticaster.java:143) ~[spring-context-5.3.27.jar:5.3.27]
	at org.springframework.context.support.AbstractApplicationContext.publishEvent(AbstractApplicationContext.java:421) ~[spring-context-5.3.27.jar:5.3.27]
	at org.springframework.context.support.AbstractApplicationContext.publishEvent(AbstractApplicationContext.java:378) ~[spring-context-5.3.27.jar:5.3.27]
	at org.springframework.boot.web.servlet.context.WebServerStartStopLifecycle.start(WebServerStartStopLifecycle.java:46) ~[spring-boot-2.7.12.jar:2.7.12]
	at org.springframework.context.support.DefaultLifecycleProcessor.doStart(DefaultLifecycleProcessor.java:178) ~[spring-context-5.3.27.jar:5.3.27]
	at org.springframework.context.support.DefaultLifecycleProcessor.access$200(DefaultLifecycleProcessor.java:54) ~[spring-context-5.3.27.jar:5.3.27]
	at org.springframework.context.support.DefaultLifecycleProcessor$LifecycleGroup.start(DefaultLifecycleProcessor.java:356) ~[spring-context-5.3.27.jar:5.3.27]
	at java.base/java.lang.Iterable.forEach(Iterable.java:75) ~[na:na]
	at org.springframework.context.support.DefaultLifecycleProcessor.startBeans(DefaultLifecycleProcessor.java:155) ~[spring-context-5.3.27.jar:5.3.27]
	at org.springframework.context.support.DefaultLifecycleProcessor.onRefresh(DefaultLifecycleProcessor.java:123) ~[spring-context-5.3.27.jar:5.3.27]
	at org.springframework.context.support.AbstractApplicationContext.finishRefresh(AbstractApplicationContext.java:937) ~[spring-context-5.3.27.jar:5.3.27]
	at org.springframework.context.support.AbstractApplicationContext.refresh(AbstractApplicationContext.java:586) ~[spring-context-5.3.27.jar:5.3.27]
	at org.springframework.boot.web.servlet.context.ServletWebServerApplicationContext.refresh(ServletWebServerApplicationContext.java:147) ~[spring-boot-2.7.12.jar:2.7.12]
	at org.springframework.boot.SpringApplication.refresh(SpringApplication.java:731) ~[spring-boot-2.7.12.jar:2.7.12]
	at org.springframework.boot.SpringApplication.refreshContext(SpringApplication.java:408) ~[spring-boot-2.7.12.jar:2.7.12]
	at org.springframework.boot.SpringApplication.run(SpringApplication.java:307) ~[spring-boot-2.7.12.jar:2.7.12]
	at org.springframework.boot.SpringApplication.run(SpringApplication.java:1303) ~[spring-boot-2.7.12.jar:2.7.12]
	at org.springframework.boot.SpringApplication.run(SpringApplication.java:1292) ~[spring-boot-2.7.12.jar:2.7.12]
	at com.hmall.cart.cartApplication.main(cartApplication.java:20) ~[classes/:na]
Caused by: com.alibaba.nacos.api.exception.NacosException: Client not connected, current status:STARTING
	at com.alibaba.nacos.common.remote.client.RpcClient.request(RpcClient.java:650) ~[nacos-client-2.0.4.jar:na]
	at com.alibaba.nacos.common.remote.client.RpcClient.request(RpcClient.java:630) ~[nacos-client-2.0.4.jar:na]
	at com.alibaba.nacos.client.naming.remote.gprc.NamingGrpcClientProxy.requestToServer(NamingGrpcClientProxy.java:280) ~[nacos-client-2.0.4.jar:na]
	... 32 common frames omitted

19:55:03:104  WARN 21592 --- [main] ConfigServletWebServerApplicationContext : Exception encountered during context initialization - cancelling refresh attempt: org.springframework.context.ApplicationContextException: Failed to start bean 'webServerStartStop'; nested exception is java.lang.reflect.UndeclaredThrowableException
19:55:03:431  INFO 21592 --- [main] com.alibaba.nacos.common.remote.client   : Shutdown rpc client, set status to shutdown
19:55:03:432  INFO 21592 --- [main] com.alibaba.nacos.common.remote.client   : Shutdown client event executor java.util.concurrent.ScheduledThreadPoolExecutor@55cb3b7[Running, pool size = 2, active threads = 2, queued tasks = 0, completed tasks = 0]
19:55:03:432  INFO 21592 --- [main] c.a.n.c.remote.client.grpc.GrpcClient    : Shutdown grpc executor java.util.concurrent.ThreadPoolExecutor@497fd334[Running, pool size = 3, active threads = 0, queued tasks = 0, completed tasks = 3]
19:55:03:432 ERROR 21592 --- [com.alibaba.nacos.client.remote.worker] c.a.n.c.remote.client.grpc.GrpcClient    : Server check fail, please check server 192.168.150.102 ,port 9848 is available , error ={}

java.lang.InterruptedException: null
	at com.alibaba.nacos.shaded.com.google.common.util.concurrent.AbstractFuture.get(AbstractFuture.java:438) ~[nacos-client-2.0.4.jar:na]
	at com.alibaba.nacos.common.remote.client.grpc.GrpcClient.serverCheck(GrpcClient.java:148) ~[nacos-client-2.0.4.jar:na]
	at com.alibaba.nacos.common.remote.client.grpc.GrpcClient.connectToServer(GrpcClient.java:264) ~[nacos-client-2.0.4.jar:na]
	at com.alibaba.nacos.common.remote.client.RpcClient.reconnect(RpcClient.java:522) ~[nacos-client-2.0.4.jar:na]
	at com.alibaba.nacos.common.remote.client.RpcClient.lambda$start$2(RpcClient.java:370) ~[nacos-client-2.0.4.jar:na]
	at java.base/java.util.concurrent.Executors$RunnableAdapter.call(Executors.java:515) ~[na:na]
	at java.base/java.util.concurrent.FutureTask.run(FutureTask.java:264) ~[na:na]
	at java.base/java.util.concurrent.ScheduledThreadPoolExecutor$ScheduledFutureTask.run(ScheduledThreadPoolExecutor.java:304) ~[na:na]
	at java.base/java.util.concurrent.ThreadPoolExecutor.runWorker(ThreadPoolExecutor.java:1128) ~[na:na]
	at java.base/java.util.concurrent.ThreadPoolExecutor$Worker.run(ThreadPoolExecutor.java:628) ~[na:na]
	at java.base/java.lang.Thread.run(Thread.java:829) ~[na:na]

19:55:03:433 ERROR 21592 --- [com.alibaba.nacos.client.remote.worker] c.a.n.c.remote.client.grpc.GrpcClient    : [84e8e7e5-b5c8-4dd5-b5fd-074d7269f643]Fail to connect to server!,error={}

java.util.concurrent.RejectedExecutionException: Task com.alibaba.nacos.shaded.io.grpc.internal.SerializingExecutor@11cafeb1 rejected from java.util.concurrent.ThreadPoolExecutor@497fd334[Terminated, pool size = 0, active threads = 0, queued tasks = 0, completed tasks = 3]
	at java.base/java.util.concurrent.ThreadPoolExecutor$AbortPolicy.rejectedExecution(ThreadPoolExecutor.java:2055) ~[na:na]
	at java.base/java.util.concurrent.ThreadPoolExecutor.reject(ThreadPoolExecutor.java:825) ~[na:na]
	at java.base/java.util.concurrent.ThreadPoolExecutor.execute(ThreadPoolExecutor.java:1355) ~[na:na]
	at com.alibaba.nacos.shaded.io.grpc.internal.SerializingExecutor.schedule(SerializingExecutor.java:93) ~[nacos-client-2.0.4.jar:na]
	at com.alibaba.nacos.shaded.io.grpc.internal.SerializingExecutor.execute(SerializingExecutor.java:86) ~[nacos-client-2.0.4.jar:na]
	at com.alibaba.nacos.shaded.io.grpc.internal.ClientCallImpl$ClientStreamListenerImpl.closedInternal(ClientCallImpl.java:696) ~[nacos-client-2.0.4.jar:na]
	at com.alibaba.nacos.shaded.io.grpc.internal.ClientCallImpl$ClientStreamListenerImpl.closed(ClientCallImpl.java:646) ~[nacos-client-2.0.4.jar:na]
	at com.alibaba.nacos.shaded.io.grpc.internal.ClientCallImpl$ClientStreamListenerImpl.closed(ClientCallImpl.java:639) ~[nacos-client-2.0.4.jar:na]
	at com.alibaba.nacos.shaded.io.grpc.internal.DelayedStream.cancel(DelayedStream.java:302) ~[nacos-client-2.0.4.jar:na]
	at com.alibaba.nacos.shaded.io.grpc.internal.DelayedClientTransport$PendingStream.cancel(DelayedClientTransport.java:363) ~[nacos-client-2.0.4.jar:na]
	at com.alibaba.nacos.shaded.io.grpc.internal.DelayedClientTransport.shutdownNow(DelayedClientTransport.java:241) ~[nacos-client-2.0.4.jar:na]
	at com.alibaba.nacos.shaded.io.grpc.internal.ManagedChannelImpl$UncommittedRetriableStreamsRegistry.onShutdownNow(ManagedChannelImpl.java:1021) ~[nacos-client-2.0.4.jar:na]
	at com.alibaba.nacos.shaded.io.grpc.internal.ManagedChannelImpl.shutdownNow(ManagedChannelImpl.java:752) ~[nacos-client-2.0.4.jar:na]
	at com.alibaba.nacos.shaded.io.grpc.internal.ManagedChannelImpl.shutdownNow(ManagedChannelImpl.java:105) ~[nacos-client-2.0.4.jar:na]
	at com.alibaba.nacos.shaded.io.grpc.internal.ForwardingManagedChannel.shutdownNow(ForwardingManagedChannel.java:52) ~[nacos-client-2.0.4.jar:na]
	at com.alibaba.nacos.shaded.io.grpc.internal.ManagedChannelOrphanWrapper.shutdownNow(ManagedChannelOrphanWrapper.java:66) ~[nacos-client-2.0.4.jar:na]
	at com.alibaba.nacos.common.remote.client.grpc.GrpcClient.shuntDownChannel(GrpcClient.java:130) ~[nacos-client-2.0.4.jar:na]
	at com.alibaba.nacos.common.remote.client.grpc.GrpcClient.connectToServer(GrpcClient.java:266) ~[nacos-client-2.0.4.jar:na]
	at com.alibaba.nacos.common.remote.client.RpcClient.reconnect(RpcClient.java:522) ~[nacos-client-2.0.4.jar:na]
	at com.alibaba.nacos.common.remote.client.RpcClient.lambda$start$2(RpcClient.java:370) ~[nacos-client-2.0.4.jar:na]
	at java.base/java.util.concurrent.Executors$RunnableAdapter.call(Executors.java:515) ~[na:na]
	at java.base/java.util.concurrent.FutureTask.run(FutureTask.java:264) ~[na:na]
	at java.base/java.util.concurrent.ScheduledThreadPoolExecutor$ScheduledFutureTask.run(ScheduledThreadPoolExecutor.java:304) ~[na:na]
	at java.base/java.util.concurrent.ThreadPoolExecutor.runWorker(ThreadPoolExecutor.java:1128) ~[na:na]
	at java.base/java.util.concurrent.ThreadPoolExecutor$Worker.run(ThreadPoolExecutor.java:628) ~[na:na]
	at java.base/java.lang.Thread.run(Thread.java:829) ~[na:na]

19:55:03:434  INFO 21592 --- [main] com.alibaba.nacos.common.remote.client   : [RpcClientFactory] create a new rpc client of 370a7e0d-0d33-4897-b914-32b31c6a1bed
19:55:03:434  INFO 21592 --- [main] com.alibaba.nacos.common.remote.client   : [370a7e0d-0d33-4897-b914-32b31c6a1bed] RpcClient init label, labels = {module=naming, source=sdk}
19:55:03:434  INFO 21592 --- [main] com.alibaba.nacos.common.remote.client   : [370a7e0d-0d33-4897-b914-32b31c6a1bed] RpcClient init, ServerListFactory = com.alibaba.nacos.client.naming.core.ServerListManager
19:55:03:434  INFO 21592 --- [main] com.alibaba.nacos.common.remote.client   : [370a7e0d-0d33-4897-b914-32b31c6a1bed] Registry connection listener to current client:com.alibaba.nacos.client.naming.remote.gprc.redo.NamingGrpcRedoService
19:55:03:434  INFO 21592 --- [main] com.alibaba.nacos.common.remote.client   : [370a7e0d-0d33-4897-b914-32b31c6a1bed] Register server push request handler:com.alibaba.nacos.client.naming.remote.gprc.NamingPushRequestHandler
19:55:03:435  INFO 21592 --- [main] com.alibaba.nacos.common.remote.client   : [370a7e0d-0d33-4897-b914-32b31c6a1bed] Try to connect to server on start up, server: {serverIp = '192.168.150.102', server main port = 8848}
19:55:03:540  INFO 21592 --- [com.alibaba.nacos.client.remote.worker] com.alibaba.nacos.common.remote.client   : [84e8e7e5-b5c8-4dd5-b5fd-074d7269f643] Client is shutdown, stop reconnect to server
19:55:06:446 ERROR 21592 --- [main] c.a.n.c.remote.client.grpc.GrpcClient    : Server check fail, please check server 192.168.150.102 ,port 9848 is available , error ={}

java.util.concurrent.TimeoutException: Waited 3000 milliseconds (plus 9 milliseconds, 515700 nanoseconds delay) for com.alibaba.nacos.shaded.io.grpc.stub.ClientCalls$GrpcFuture@5bf1b528[status=PENDING, info=[GrpcFuture{clientCall={delegate={delegate=ClientCallImpl{method=MethodDescriptor{fullMethodName=Request/request, type=UNARY, idempotent=false, safe=false, sampledToLocalTracing=true, requestMarshaller=com.alibaba.nacos.shaded.io.grpc.protobuf.lite.ProtoLiteUtils$MessageMarshaller@5fd31df7, responseMarshaller=com.alibaba.nacos.shaded.io.grpc.protobuf.lite.ProtoLiteUtils$MessageMarshaller@61d150af, schemaDescriptor=com.alibaba.nacos.api.grpc.auto.RequestGrpc$RequestMethodDescriptorSupplier@2c8f65da}}}}}]]
	at com.alibaba.nacos.shaded.com.google.common.util.concurrent.AbstractFuture.get(AbstractFuture.java:508) ~[nacos-client-2.0.4.jar:na]
	at com.alibaba.nacos.common.remote.client.grpc.GrpcClient.serverCheck(GrpcClient.java:148) ~[nacos-client-2.0.4.jar:na]
	at com.alibaba.nacos.common.remote.client.grpc.GrpcClient.connectToServer(GrpcClient.java:264) ~[nacos-client-2.0.4.jar:na]
	at com.alibaba.nacos.common.remote.client.RpcClient.start(RpcClient.java:390) ~[nacos-client-2.0.4.jar:na]
	at com.alibaba.nacos.client.naming.remote.gprc.NamingGrpcClientProxy.start(NamingGrpcClientProxy.java:96) ~[nacos-client-2.0.4.jar:na]
	at com.alibaba.nacos.client.naming.remote.gprc.NamingGrpcClientProxy.<init>(NamingGrpcClientProxy.java:89) ~[nacos-client-2.0.4.jar:na]
	at com.alibaba.nacos.client.naming.remote.NamingClientProxyDelegate.<init>(NamingClientProxyDelegate.java:76) ~[nacos-client-2.0.4.jar:na]
	at com.alibaba.nacos.client.naming.NacosNamingService.init(NacosNamingService.java:95) ~[nacos-client-2.0.4.jar:na]
	at com.alibaba.nacos.client.naming.NacosNamingService.<init>(NacosNamingService.java:81) ~[nacos-client-2.0.4.jar:na]
	at java.base/jdk.internal.reflect.NativeConstructorAccessorImpl.newInstance0(Native Method) ~[na:na]
	at java.base/jdk.internal.reflect.NativeConstructorAccessorImpl.newInstance(NativeConstructorAccessorImpl.java:62) ~[na:na]
	at java.base/jdk.internal.reflect.DelegatingConstructorAccessorImpl.newInstance(DelegatingConstructorAccessorImpl.java:45) ~[na:na]
	at java.base/java.lang.reflect.Constructor.newInstance(Constructor.java:490) ~[na:na]
	at com.alibaba.nacos.api.naming.NamingFactory.createNamingService(NamingFactory.java:59) ~[nacos-client-2.0.4.jar:na]
	at com.alibaba.nacos.api.NacosFactory.createNamingService(NacosFactory.java:77) ~[nacos-client-2.0.4.jar:na]
	at com.alibaba.cloud.nacos.NacosServiceManager.createNewNamingService(NacosServiceManager.java:99) ~[spring-cloud-starter-alibaba-nacos-discovery-2021.0.4.0.jar:2021.0.4.0]
	at com.alibaba.cloud.nacos.NacosServiceManager.buildNamingService(NacosServiceManager.java:90) ~[spring-cloud-starter-alibaba-nacos-discovery-2021.0.4.0.jar:2021.0.4.0]
	at com.alibaba.cloud.nacos.NacosServiceManager.getNamingService(NacosServiceManager.java:46) ~[spring-cloud-starter-alibaba-nacos-discovery-2021.0.4.0.jar:2021.0.4.0]
	at com.alibaba.cloud.nacos.discovery.NacosWatch.stop(NacosWatch.java:173) ~[spring-cloud-starter-alibaba-nacos-discovery-2021.0.4.0.jar:2021.0.4.0]
	at com.alibaba.cloud.nacos.discovery.NacosWatch.destroy(NacosWatch.java:204) ~[spring-cloud-starter-alibaba-nacos-discovery-2021.0.4.0.jar:2021.0.4.0]
	at org.springframework.beans.factory.support.DisposableBeanAdapter.destroy(DisposableBeanAdapter.java:213) ~[spring-beans-5.3.27.jar:5.3.27]
	at org.springframework.beans.factory.support.DefaultSingletonBeanRegistry.destroyBean(DefaultSingletonBeanRegistry.java:587) ~[spring-beans-5.3.27.jar:5.3.27]
	at org.springframework.beans.factory.support.DefaultSingletonBeanRegistry.destroySingleton(DefaultSingletonBeanRegistry.java:559) ~[spring-beans-5.3.27.jar:5.3.27]
	at org.springframework.beans.factory.support.DefaultListableBeanFactory.destroySingleton(DefaultListableBeanFactory.java:1163) ~[spring-beans-5.3.27.jar:5.3.27]
	at org.springframework.beans.factory.support.DefaultSingletonBeanRegistry.destroySingletons(DefaultSingletonBeanRegistry.java:520) ~[spring-beans-5.3.27.jar:5.3.27]
	at org.springframework.beans.factory.support.DefaultListableBeanFactory.destroySingletons(DefaultListableBeanFactory.java:1156) ~[spring-beans-5.3.27.jar:5.3.27]
	at org.springframework.context.support.AbstractApplicationContext.destroyBeans(AbstractApplicationContext.java:1108) ~[spring-context-5.3.27.jar:5.3.27]
	at org.springframework.context.support.AbstractApplicationContext.refresh(AbstractApplicationContext.java:596) ~[spring-context-5.3.27.jar:5.3.27]
	at org.springframework.boot.web.servlet.context.ServletWebServerApplicationContext.refresh(ServletWebServerApplicationContext.java:147) ~[spring-boot-2.7.12.jar:2.7.12]
	at org.springframework.boot.SpringApplication.refresh(SpringApplication.java:731) ~[spring-boot-2.7.12.jar:2.7.12]
	at org.springframework.boot.SpringApplication.refreshContext(SpringApplication.java:408) ~[spring-boot-2.7.12.jar:2.7.12]
	at org.springframework.boot.SpringApplication.run(SpringApplication.java:307) ~[spring-boot-2.7.12.jar:2.7.12]
	at org.springframework.boot.SpringApplication.run(SpringApplication.java:1303) ~[spring-boot-2.7.12.jar:2.7.12]
	at org.springframework.boot.SpringApplication.run(SpringApplication.java:1292) ~[spring-boot-2.7.12.jar:2.7.12]
	at com.hmall.cart.cartApplication.main(cartApplication.java:20) ~[classes/:na]

19:55:06:447  INFO 21592 --- [main] com.alibaba.nacos.common.remote.client   : [370a7e0d-0d33-4897-b914-32b31c6a1bed] Try to connect to server on start up, server: {serverIp = '192.168.150.102', server main port = 8848}
19:55:09:459 ERROR 21592 --- [main] c.a.n.c.remote.client.grpc.GrpcClient    : Server check fail, please check server 192.168.150.102 ,port 9848 is available , error ={}

java.util.concurrent.TimeoutException: Waited 3000 milliseconds (plus 10 milliseconds, 458600 nanoseconds delay) for com.alibaba.nacos.shaded.io.grpc.stub.ClientCalls$GrpcFuture@49c4118b[status=PENDING, info=[GrpcFuture{clientCall={delegate={delegate=ClientCallImpl{method=MethodDescriptor{fullMethodName=Request/request, type=UNARY, idempotent=false, safe=false, sampledToLocalTracing=true, requestMarshaller=com.alibaba.nacos.shaded.io.grpc.protobuf.lite.ProtoLiteUtils$MessageMarshaller@5fd31df7, responseMarshaller=com.alibaba.nacos.shaded.io.grpc.protobuf.lite.ProtoLiteUtils$MessageMarshaller@61d150af, schemaDescriptor=com.alibaba.nacos.api.grpc.auto.RequestGrpc$RequestMethodDescriptorSupplier@2c8f65da}}}}}]]
	at com.alibaba.nacos.shaded.com.google.common.util.concurrent.AbstractFuture.get(AbstractFuture.java:508) ~[nacos-client-2.0.4.jar:na]
	at com.alibaba.nacos.common.remote.client.grpc.GrpcClient.serverCheck(GrpcClient.java:148) ~[nacos-client-2.0.4.jar:na]
	at com.alibaba.nacos.common.remote.client.grpc.GrpcClient.connectToServer(GrpcClient.java:264) ~[nacos-client-2.0.4.jar:na]
	at com.alibaba.nacos.common.remote.client.RpcClient.start(RpcClient.java:390) ~[nacos-client-2.0.4.jar:na]
	at com.alibaba.nacos.client.naming.remote.gprc.NamingGrpcClientProxy.start(NamingGrpcClientProxy.java:96) ~[nacos-client-2.0.4.jar:na]
	at com.alibaba.nacos.client.naming.remote.gprc.NamingGrpcClientProxy.<init>(NamingGrpcClientProxy.java:89) ~[nacos-client-2.0.4.jar:na]
	at com.alibaba.nacos.client.naming.remote.NamingClientProxyDelegate.<init>(NamingClientProxyDelegate.java:76) ~[nacos-client-2.0.4.jar:na]
	at com.alibaba.nacos.client.naming.NacosNamingService.init(NacosNamingService.java:95) ~[nacos-client-2.0.4.jar:na]
	at com.alibaba.nacos.client.naming.NacosNamingService.<init>(NacosNamingService.java:81) ~[nacos-client-2.0.4.jar:na]
	at java.base/jdk.internal.reflect.NativeConstructorAccessorImpl.newInstance0(Native Method) ~[na:na]
	at java.base/jdk.internal.reflect.NativeConstructorAccessorImpl.newInstance(NativeConstructorAccessorImpl.java:62) ~[na:na]
	at java.base/jdk.internal.reflect.DelegatingConstructorAccessorImpl.newInstance(DelegatingConstructorAccessorImpl.java:45) ~[na:na]
	at java.base/java.lang.reflect.Constructor.newInstance(Constructor.java:490) ~[na:na]
	at com.alibaba.nacos.api.naming.NamingFactory.createNamingService(NamingFactory.java:59) ~[nacos-client-2.0.4.jar:na]
	at com.alibaba.nacos.api.NacosFactory.createNamingService(NacosFactory.java:77) ~[nacos-client-2.0.4.jar:na]
	at com.alibaba.cloud.nacos.NacosServiceManager.createNewNamingService(NacosServiceManager.java:99) ~[spring-cloud-starter-alibaba-nacos-discovery-2021.0.4.0.jar:2021.0.4.0]
	at com.alibaba.cloud.nacos.NacosServiceManager.buildNamingService(NacosServiceManager.java:90) ~[spring-cloud-starter-alibaba-nacos-discovery-2021.0.4.0.jar:2021.0.4.0]
	at com.alibaba.cloud.nacos.NacosServiceManager.getNamingService(NacosServiceManager.java:46) ~[spring-cloud-starter-alibaba-nacos-discovery-2021.0.4.0.jar:2021.0.4.0]
	at com.alibaba.cloud.nacos.discovery.NacosWatch.stop(NacosWatch.java:173) ~[spring-cloud-starter-alibaba-nacos-discovery-2021.0.4.0.jar:2021.0.4.0]
	at com.alibaba.cloud.nacos.discovery.NacosWatch.destroy(NacosWatch.java:204) ~[spring-cloud-starter-alibaba-nacos-discovery-2021.0.4.0.jar:2021.0.4.0]
	at org.springframework.beans.factory.support.DisposableBeanAdapter.destroy(DisposableBeanAdapter.java:213) ~[spring-beans-5.3.27.jar:5.3.27]
	at org.springframework.beans.factory.support.DefaultSingletonBeanRegistry.destroyBean(DefaultSingletonBeanRegistry.java:587) ~[spring-beans-5.3.27.jar:5.3.27]
	at org.springframework.beans.factory.support.DefaultSingletonBeanRegistry.destroySingleton(DefaultSingletonBeanRegistry.java:559) ~[spring-beans-5.3.27.jar:5.3.27]
	at org.springframework.beans.factory.support.DefaultListableBeanFactory.destroySingleton(DefaultListableBeanFactory.java:1163) ~[spring-beans-5.3.27.jar:5.3.27]
	at org.springframework.beans.factory.support.DefaultSingletonBeanRegistry.destroySingletons(DefaultSingletonBeanRegistry.java:520) ~[spring-beans-5.3.27.jar:5.3.27]
	at org.springframework.beans.factory.support.DefaultListableBeanFactory.destroySingletons(DefaultListableBeanFactory.java:1156) ~[spring-beans-5.3.27.jar:5.3.27]
	at org.springframework.context.support.AbstractApplicationContext.destroyBeans(AbstractApplicationContext.java:1108) ~[spring-context-5.3.27.jar:5.3.27]
	at org.springframework.context.support.AbstractApplicationContext.refresh(AbstractApplicationContext.java:596) ~[spring-context-5.3.27.jar:5.3.27]
	at org.springframework.boot.web.servlet.context.ServletWebServerApplicationContext.refresh(ServletWebServerApplicationContext.java:147) ~[spring-boot-2.7.12.jar:2.7.12]
	at org.springframework.boot.SpringApplication.refresh(SpringApplication.java:731) ~[spring-boot-2.7.12.jar:2.7.12]
	at org.springframework.boot.SpringApplication.refreshContext(SpringApplication.java:408) ~[spring-boot-2.7.12.jar:2.7.12]
	at org.springframework.boot.SpringApplication.run(SpringApplication.java:307) ~[spring-boot-2.7.12.jar:2.7.12]
	at org.springframework.boot.SpringApplication.run(SpringApplication.java:1303) ~[spring-boot-2.7.12.jar:2.7.12]
	at org.springframework.boot.SpringApplication.run(SpringApplication.java:1292) ~[spring-boot-2.7.12.jar:2.7.12]
	at com.hmall.cart.cartApplication.main(cartApplication.java:20) ~[classes/:na]

19:55:09:460  INFO 21592 --- [main] com.alibaba.nacos.common.remote.client   : [370a7e0d-0d33-4897-b914-32b31c6a1bed] Try to connect to server on start up, server: {serverIp = '192.168.150.102', server main port = 8848}
19:55:12:473 ERROR 21592 --- [main] c.a.n.c.remote.client.grpc.GrpcClient    : Server check fail, please check server 192.168.150.102 ,port 9848 is available , error ={}

java.util.concurrent.TimeoutException: Waited 3000 milliseconds (plus 11 milliseconds, 106200 nanoseconds delay) for com.alibaba.nacos.shaded.io.grpc.stub.ClientCalls$GrpcFuture@35b58254[status=PENDING, info=[GrpcFuture{clientCall={delegate={delegate=ClientCallImpl{method=MethodDescriptor{fullMethodName=Request/request, type=UNARY, idempotent=false, safe=false, sampledToLocalTracing=true, requestMarshaller=com.alibaba.nacos.shaded.io.grpc.protobuf.lite.ProtoLiteUtils$MessageMarshaller@5fd31df7, responseMarshaller=com.alibaba.nacos.shaded.io.grpc.protobuf.lite.ProtoLiteUtils$MessageMarshaller@61d150af, schemaDescriptor=com.alibaba.nacos.api.grpc.auto.RequestGrpc$RequestMethodDescriptorSupplier@2c8f65da}}}}}]]
	at com.alibaba.nacos.shaded.com.google.common.util.concurrent.AbstractFuture.get(AbstractFuture.java:508) ~[nacos-client-2.0.4.jar:na]
	at com.alibaba.nacos.common.remote.client.grpc.GrpcClient.serverCheck(GrpcClient.java:148) ~[nacos-client-2.0.4.jar:na]
	at com.alibaba.nacos.common.remote.client.grpc.GrpcClient.connectToServer(GrpcClient.java:264) ~[nacos-client-2.0.4.jar:na]
	at com.alibaba.nacos.common.remote.client.RpcClient.start(RpcClient.java:390) ~[nacos-client-2.0.4.jar:na]
	at com.alibaba.nacos.client.naming.remote.gprc.NamingGrpcClientProxy.start(NamingGrpcClientProxy.java:96) ~[nacos-client-2.0.4.jar:na]
	at com.alibaba.nacos.client.naming.remote.gprc.NamingGrpcClientProxy.<init>(NamingGrpcClientProxy.java:89) ~[nacos-client-2.0.4.jar:na]
	at com.alibaba.nacos.client.naming.remote.NamingClientProxyDelegate.<init>(NamingClientProxyDelegate.java:76) ~[nacos-client-2.0.4.jar:na]
	at com.alibaba.nacos.client.naming.NacosNamingService.init(NacosNamingService.java:95) ~[nacos-client-2.0.4.jar:na]
	at com.alibaba.nacos.client.naming.NacosNamingService.<init>(NacosNamingService.java:81) ~[nacos-client-2.0.4.jar:na]
	at java.base/jdk.internal.reflect.NativeConstructorAccessorImpl.newInstance0(Native Method) ~[na:na]
	at java.base/jdk.internal.reflect.NativeConstructorAccessorImpl.newInstance(NativeConstructorAccessorImpl.java:62) ~[na:na]
	at java.base/jdk.internal.reflect.DelegatingConstructorAccessorImpl.newInstance(DelegatingConstructorAccessorImpl.java:45) ~[na:na]
	at java.base/java.lang.reflect.Constructor.newInstance(Constructor.java:490) ~[na:na]
	at com.alibaba.nacos.api.naming.NamingFactory.createNamingService(NamingFactory.java:59) ~[nacos-client-2.0.4.jar:na]
	at com.alibaba.nacos.api.NacosFactory.createNamingService(NacosFactory.java:77) ~[nacos-client-2.0.4.jar:na]
	at com.alibaba.cloud.nacos.NacosServiceManager.createNewNamingService(NacosServiceManager.java:99) ~[spring-cloud-starter-alibaba-nacos-discovery-2021.0.4.0.jar:2021.0.4.0]
	at com.alibaba.cloud.nacos.NacosServiceManager.buildNamingService(NacosServiceManager.java:90) ~[spring-cloud-starter-alibaba-nacos-discovery-2021.0.4.0.jar:2021.0.4.0]
	at com.alibaba.cloud.nacos.NacosServiceManager.getNamingService(NacosServiceManager.java:46) ~[spring-cloud-starter-alibaba-nacos-discovery-2021.0.4.0.jar:2021.0.4.0]
	at com.alibaba.cloud.nacos.discovery.NacosWatch.stop(NacosWatch.java:173) ~[spring-cloud-starter-alibaba-nacos-discovery-2021.0.4.0.jar:2021.0.4.0]
	at com.alibaba.cloud.nacos.discovery.NacosWatch.destroy(NacosWatch.java:204) ~[spring-cloud-starter-alibaba-nacos-discovery-2021.0.4.0.jar:2021.0.4.0]
	at org.springframework.beans.factory.support.DisposableBeanAdapter.destroy(DisposableBeanAdapter.java:213) ~[spring-beans-5.3.27.jar:5.3.27]
	at org.springframework.beans.factory.support.DefaultSingletonBeanRegistry.destroyBean(DefaultSingletonBeanRegistry.java:587) ~[spring-beans-5.3.27.jar:5.3.27]
	at org.springframework.beans.factory.support.DefaultSingletonBeanRegistry.destroySingleton(DefaultSingletonBeanRegistry.java:559) ~[spring-beans-5.3.27.jar:5.3.27]
	at org.springframework.beans.factory.support.DefaultListableBeanFactory.destroySingleton(DefaultListableBeanFactory.java:1163) ~[spring-beans-5.3.27.jar:5.3.27]
	at org.springframework.beans.factory.support.DefaultSingletonBeanRegistry.destroySingletons(DefaultSingletonBeanRegistry.java:520) ~[spring-beans-5.3.27.jar:5.3.27]
	at org.springframework.beans.factory.support.DefaultListableBeanFactory.destroySingletons(DefaultListableBeanFactory.java:1156) ~[spring-beans-5.3.27.jar:5.3.27]
	at org.springframework.context.support.AbstractApplicationContext.destroyBeans(AbstractApplicationContext.java:1108) ~[spring-context-5.3.27.jar:5.3.27]
	at org.springframework.context.support.AbstractApplicationContext.refresh(AbstractApplicationContext.java:596) ~[spring-context-5.3.27.jar:5.3.27]
	at org.springframework.boot.web.servlet.context.ServletWebServerApplicationContext.refresh(ServletWebServerApplicationContext.java:147) ~[spring-boot-2.7.12.jar:2.7.12]
	at org.springframework.boot.SpringApplication.refresh(SpringApplication.java:731) ~[spring-boot-2.7.12.jar:2.7.12]
	at org.springframework.boot.SpringApplication.refreshContext(SpringApplication.java:408) ~[spring-boot-2.7.12.jar:2.7.12]
	at org.springframework.boot.SpringApplication.run(SpringApplication.java:307) ~[spring-boot-2.7.12.jar:2.7.12]
	at org.springframework.boot.SpringApplication.run(SpringApplication.java:1303) ~[spring-boot-2.7.12.jar:2.7.12]
	at org.springframework.boot.SpringApplication.run(SpringApplication.java:1292) ~[spring-boot-2.7.12.jar:2.7.12]
	at com.hmall.cart.cartApplication.main(cartApplication.java:20) ~[classes/:na]

19:55:12:474  INFO 21592 --- [main] com.alibaba.nacos.common.remote.client   : [370a7e0d-0d33-4897-b914-32b31c6a1bed] Register server push request handler:com.alibaba.nacos.common.remote.client.RpcClient$ConnectResetRequestHandler
19:55:12:474  INFO 21592 --- [com.alibaba.nacos.client.remote.worker] com.alibaba.nacos.common.remote.client   : [370a7e0d-0d33-4897-b914-32b31c6a1bed] Try to reconnect to a new server, server is  not appointed, will choose a random server.
19:55:12:474  INFO 21592 --- [main] com.alibaba.nacos.common.remote.client   : [370a7e0d-0d33-4897-b914-32b31c6a1bed] Register server push request handler:com.alibaba.nacos.common.remote.client.RpcClient$$Lambda$978/0x0000000800734c40
19:55:12:582 ERROR 21592 --- [main] com.alibaba.nacos.common.remote.client   : Send request fail, request = SubscribeServiceRequest{headers={app=unknown}, requestId='null'}, retryTimes = 0, errorMessage = Client not connected, current status:STARTING
19:55:12:691 ERROR 21592 --- [main] com.alibaba.nacos.common.remote.client   : Send request fail, request = SubscribeServiceRequest{headers={app=unknown}, requestId='null'}, retryTimes = 1, errorMessage = Client not connected, current status:STARTING
19:55:12:803 ERROR 21592 --- [main] com.alibaba.nacos.common.remote.client   : Send request fail, request = SubscribeServiceRequest{headers={app=unknown}, requestId='null'}, retryTimes = 2, errorMessage = Client not connected, current status:STARTING
19:55:12:803 ERROR 21592 --- [main] c.a.cloud.nacos.discovery.NacosWatch     : namingService unsubscribe failed, properties:NacosDiscoveryProperties{serverAddr='192.168.150.102:8848', username='', password='', endpoint='', namespace='', watchDelay=30000, logName='', service='cart-service', weight=1.0, clusterName='DEFAULT', group='DEFAULT_GROUP', namingLoadCacheAtStart='false', metadata={preserved.register.source=SPRING_CLOUD}, registerEnabled=true, ip='192.168.220.1', networkInterface='', port=8082, secure=false, accessKey='', secretKey='', heartBeatInterval=null, heartBeatTimeout=null, ipDeleteTimeout=null, instanceEnabled=true, ephemeral=true, failureToleranceEnabled=false}, ipDeleteTimeout=null, failFast=true}

com.alibaba.nacos.api.exception.NacosException: Request nacos server failed: 
	at com.alibaba.nacos.client.naming.remote.gprc.NamingGrpcClientProxy.requestToServer(NamingGrpcClientProxy.java:290) ~[nacos-client-2.0.4.jar:na]
	at com.alibaba.nacos.client.naming.remote.gprc.NamingGrpcClientProxy.doUnsubscribe(NamingGrpcClientProxy.java:260) ~[nacos-client-2.0.4.jar:na]
	at com.alibaba.nacos.client.naming.remote.gprc.NamingGrpcClientProxy.unsubscribe(NamingGrpcClientProxy.java:241) ~[nacos-client-2.0.4.jar:na]
	at com.alibaba.nacos.client.naming.remote.NamingClientProxyDelegate.unsubscribe(NamingClientProxyDelegate.java:157) ~[nacos-client-2.0.4.jar:na]
	at com.alibaba.nacos.client.naming.NacosNamingService.unsubscribe(NacosNamingService.java:417) ~[nacos-client-2.0.4.jar:na]
	at com.alibaba.cloud.nacos.discovery.NacosWatch.stop(NacosWatch.java:174) ~[spring-cloud-starter-alibaba-nacos-discovery-2021.0.4.0.jar:2021.0.4.0]
	at com.alibaba.cloud.nacos.discovery.NacosWatch.destroy(NacosWatch.java:204) ~[spring-cloud-starter-alibaba-nacos-discovery-2021.0.4.0.jar:2021.0.4.0]
	at org.springframework.beans.factory.support.DisposableBeanAdapter.destroy(DisposableBeanAdapter.java:213) ~[spring-beans-5.3.27.jar:5.3.27]
	at org.springframework.beans.factory.support.DefaultSingletonBeanRegistry.destroyBean(DefaultSingletonBeanRegistry.java:587) ~[spring-beans-5.3.27.jar:5.3.27]
	at org.springframework.beans.factory.support.DefaultSingletonBeanRegistry.destroySingleton(DefaultSingletonBeanRegistry.java:559) ~[spring-beans-5.3.27.jar:5.3.27]
	at org.springframework.beans.factory.support.DefaultListableBeanFactory.destroySingleton(DefaultListableBeanFactory.java:1163) ~[spring-beans-5.3.27.jar:5.3.27]
	at org.springframework.beans.factory.support.DefaultSingletonBeanRegistry.destroySingletons(DefaultSingletonBeanRegistry.java:520) ~[spring-beans-5.3.27.jar:5.3.27]
	at org.springframework.beans.factory.support.DefaultListableBeanFactory.destroySingletons(DefaultListableBeanFactory.java:1156) ~[spring-beans-5.3.27.jar:5.3.27]
	at org.springframework.context.support.AbstractApplicationContext.destroyBeans(AbstractApplicationContext.java:1108) ~[spring-context-5.3.27.jar:5.3.27]
	at org.springframework.context.support.AbstractApplicationContext.refresh(AbstractApplicationContext.java:596) ~[spring-context-5.3.27.jar:5.3.27]
	at org.springframework.boot.web.servlet.context.ServletWebServerApplicationContext.refresh(ServletWebServerApplicationContext.java:147) ~[spring-boot-2.7.12.jar:2.7.12]
	at org.springframework.boot.SpringApplication.refresh(SpringApplication.java:731) ~[spring-boot-2.7.12.jar:2.7.12]
	at org.springframework.boot.SpringApplication.refreshContext(SpringApplication.java:408) ~[spring-boot-2.7.12.jar:2.7.12]
	at org.springframework.boot.SpringApplication.run(SpringApplication.java:307) ~[spring-boot-2.7.12.jar:2.7.12]
	at org.springframework.boot.SpringApplication.run(SpringApplication.java:1303) ~[spring-boot-2.7.12.jar:2.7.12]
	at org.springframework.boot.SpringApplication.run(SpringApplication.java:1292) ~[spring-boot-2.7.12.jar:2.7.12]
	at com.hmall.cart.cartApplication.main(cartApplication.java:20) ~[classes/:na]
Caused by: com.alibaba.nacos.api.exception.NacosException: Client not connected, current status:STARTING
	at com.alibaba.nacos.common.remote.client.RpcClient.request(RpcClient.java:650) ~[nacos-client-2.0.4.jar:na]
	at com.alibaba.nacos.common.remote.client.RpcClient.request(RpcClient.java:630) ~[nacos-client-2.0.4.jar:na]
	at com.alibaba.nacos.client.naming.remote.gprc.NamingGrpcClientProxy.requestToServer(NamingGrpcClientProxy.java:280) ~[nacos-client-2.0.4.jar:na]
	... 21 common frames omitted

19:55:13:133  INFO 21592 --- [main] o.apache.catalina.core.StandardService   : Stopping service [Tomcat]
19:55:13:152  INFO 21592 --- [main] ConditionEvaluationReportLoggingListener : 

Error starting ApplicationContext. To display the conditions report re-run your application with 'debug' enabled.
19:55:13:173 ERROR 21592 --- [main] o.s.boot.SpringApplication               : Application run failed

org.springframework.context.ApplicationContextException: Failed to start bean 'webServerStartStop'; nested exception is java.lang.reflect.UndeclaredThrowableException
	at org.springframework.context.support.DefaultLifecycleProcessor.doStart(DefaultLifecycleProcessor.java:181) ~[spring-context-5.3.27.jar:5.3.27]
	at org.springframework.context.support.DefaultLifecycleProcessor.access$200(DefaultLifecycleProcessor.java:54) ~[spring-context-5.3.27.jar:5.3.27]
	at org.springframework.context.support.DefaultLifecycleProcessor$LifecycleGroup.start(DefaultLifecycleProcessor.java:356) ~[spring-context-5.3.27.jar:5.3.27]
	at java.base/java.lang.Iterable.forEach(Iterable.java:75) ~[na:na]
	at org.springframework.context.support.DefaultLifecycleProcessor.startBeans(DefaultLifecycleProcessor.java:155) ~[spring-context-5.3.27.jar:5.3.27]
	at org.springframework.context.support.DefaultLifecycleProcessor.onRefresh(DefaultLifecycleProcessor.java:123) ~[spring-context-5.3.27.jar:5.3.27]
	at org.springframework.context.support.AbstractApplicationContext.finishRefresh(AbstractApplicationContext.java:937) ~[spring-context-5.3.27.jar:5.3.27]
	at org.springframework.context.support.AbstractApplicationContext.refresh(AbstractApplicationContext.java:586) ~[spring-context-5.3.27.jar:5.3.27]
	at org.springframework.boot.web.servlet.context.ServletWebServerApplicationContext.refresh(ServletWebServerApplicationContext.java:147) ~[spring-boot-2.7.12.jar:2.7.12]
	at org.springframework.boot.SpringApplication.refresh(SpringApplication.java:731) ~[spring-boot-2.7.12.jar:2.7.12]
	at org.springframework.boot.SpringApplication.refreshContext(SpringApplication.java:408) ~[spring-boot-2.7.12.jar:2.7.12]
	at org.springframework.boot.SpringApplication.run(SpringApplication.java:307) ~[spring-boot-2.7.12.jar:2.7.12]
	at org.springframework.boot.SpringApplication.run(SpringApplication.java:1303) ~[spring-boot-2.7.12.jar:2.7.12]
	at org.springframework.boot.SpringApplication.run(SpringApplication.java:1292) ~[spring-boot-2.7.12.jar:2.7.12]
	at com.hmall.cart.cartApplication.main(cartApplication.java:20) ~[classes/:na]
Caused by: java.lang.reflect.UndeclaredThrowableException: null
	at org.springframework.util.ReflectionUtils.rethrowRuntimeException(ReflectionUtils.java:147) ~[spring-core-5.3.27.jar:5.3.27]
	at com.alibaba.cloud.nacos.registry.NacosServiceRegistry.register(NacosServiceRegistry.java:82) ~[spring-cloud-starter-alibaba-nacos-discovery-2021.0.4.0.jar:2021.0.4.0]
	at org.springframework.cloud.client.serviceregistry.AbstractAutoServiceRegistration.register(AbstractAutoServiceRegistration.java:232) ~[spring-cloud-commons-3.1.3.jar:3.1.3]
	at com.alibaba.cloud.nacos.registry.NacosAutoServiceRegistration.register(NacosAutoServiceRegistration.java:78) ~[spring-cloud-starter-alibaba-nacos-discovery-2021.0.4.0.jar:2021.0.4.0]
	at org.springframework.cloud.client.serviceregistry.AbstractAutoServiceRegistration.start(AbstractAutoServiceRegistration.java:133) ~[spring-cloud-commons-3.1.3.jar:3.1.3]
	at org.springframework.cloud.client.serviceregistry.AbstractAutoServiceRegistration.bind(AbstractAutoServiceRegistration.java:98) ~[spring-cloud-commons-3.1.3.jar:3.1.3]
	at org.springframework.cloud.client.serviceregistry.AbstractAutoServiceRegistration.onApplicationEvent(AbstractAutoServiceRegistration.java:86) ~[spring-cloud-commons-3.1.3.jar:3.1.3]
	at org.springframework.cloud.client.serviceregistry.AbstractAutoServiceRegistration.onApplicationEvent(AbstractAutoServiceRegistration.java:47) ~[spring-cloud-commons-3.1.3.jar:3.1.3]
	at org.springframework.context.event.SimpleApplicationEventMulticaster.doInvokeListener(SimpleApplicationEventMulticaster.java:176) ~[spring-context-5.3.27.jar:5.3.27]
	at org.springframework.context.event.SimpleApplicationEventMulticaster.invokeListener(SimpleApplicationEventMulticaster.java:169) ~[spring-context-5.3.27.jar:5.3.27]
	at org.springframework.context.event.SimpleApplicationEventMulticaster.multicastEvent(SimpleApplicationEventMulticaster.java:143) ~[spring-context-5.3.27.jar:5.3.27]
	at org.springframework.context.support.AbstractApplicationContext.publishEvent(AbstractApplicationContext.java:421) ~[spring-context-5.3.27.jar:5.3.27]
	at org.springframework.context.support.AbstractApplicationContext.publishEvent(AbstractApplicationContext.java:378) ~[spring-context-5.3.27.jar:5.3.27]
	at org.springframework.boot.web.servlet.context.WebServerStartStopLifecycle.start(WebServerStartStopLifecycle.java:46) ~[spring-boot-2.7.12.jar:2.7.12]
	at org.springframework.context.support.DefaultLifecycleProcessor.doStart(DefaultLifecycleProcessor.java:178) ~[spring-context-5.3.27.jar:5.3.27]
	... 14 common frames omitted
Caused by: com.alibaba.nacos.api.exception.NacosException: Request nacos server failed: 
	at com.alibaba.nacos.client.naming.remote.gprc.NamingGrpcClientProxy.requestToServer(NamingGrpcClientProxy.java:290) ~[nacos-client-2.0.4.jar:na]
	at com.alibaba.nacos.client.naming.remote.gprc.NamingGrpcClientProxy.doRegisterService(NamingGrpcClientProxy.java:129) ~[nacos-client-2.0.4.jar:na]
	at com.alibaba.nacos.client.naming.remote.gprc.NamingGrpcClientProxy.registerService(NamingGrpcClientProxy.java:115) ~[nacos-client-2.0.4.jar:na]
	at com.alibaba.nacos.client.naming.remote.NamingClientProxyDelegate.registerService(NamingClientProxyDelegate.java:94) ~[nacos-client-2.0.4.jar:na]
	at com.alibaba.nacos.client.naming.NacosNamingService.registerInstance(NacosNamingService.java:145) ~[nacos-client-2.0.4.jar:na]
	at com.alibaba.cloud.nacos.registry.NacosServiceRegistry.register(NacosServiceRegistry.java:74) ~[spring-cloud-starter-alibaba-nacos-discovery-2021.0.4.0.jar:2021.0.4.0]
	... 27 common frames omitted
Caused by: com.alibaba.nacos.api.exception.NacosException: Client not connected, current status:STARTING
	at com.alibaba.nacos.common.remote.client.RpcClient.request(RpcClient.java:650) ~[nacos-client-2.0.4.jar:na]
	at com.alibaba.nacos.common.remote.client.RpcClient.request(RpcClient.java:630) ~[nacos-client-2.0.4.jar:na]
	at com.alibaba.nacos.client.naming.remote.gprc.NamingGrpcClientProxy.requestToServer(NamingGrpcClientProxy.java:280) ~[nacos-client-2.0.4.jar:na]
	... 32 common frames omitted

19:55:13:174  WARN 21592 --- [Thread-4] c.a.nacos.common.notify.NotifyCenter     : [NotifyCenter] Start destroying Publisher
19:55:13:175  WARN 21592 --- [Thread-7] c.a.n.common.http.HttpClientBeanHolder   : [HttpClientBeanHolder] Start destroying common HttpClient
19:55:13:175  WARN 21592 --- [Thread-4] c.a.nacos.common.notify.NotifyCenter     : [NotifyCenter] Destruction of the end
19:57:18:524  INFO 26516 --- [main] com.hmall.cart.cartApplication           : Starting cartApplication using Java 11.0.31 on LAPTOP-16OT1L5F with PID 26516 (G:\hmall\backend\cart-service\target\classes started by 18071 in G:\hmall\backend)
19:57:18:526 DEBUG 26516 --- [main] com.hmall.cart.cartApplication           : Running with Spring Boot v2.7.12, Spring v5.3.27
19:57:18:527  INFO 26516 --- [main] com.hmall.cart.cartApplication           : The following 1 profile is active: "dev"
19:57:19:753  INFO 26516 --- [main] o.s.cloud.context.scope.GenericScope     : BeanFactory id=0e1baee2-d450-3668-bf79-8d0f8c86cbc8
19:57:20:094  INFO 26516 --- [main] o.s.b.w.embedded.tomcat.TomcatWebServer  : Tomcat initialized with port(s): 8082 (http)
19:57:20:107  INFO 26516 --- [main] o.apache.catalina.core.StandardService   : Starting service [Tomcat]
19:57:20:108  INFO 26516 --- [main] org.apache.catalina.core.StandardEngine  : Starting Servlet engine: [Apache Tomcat/9.0.75]
19:57:20:304  INFO 26516 --- [main] o.a.c.c.C.[Tomcat].[localhost].[/]       : Initializing Spring embedded WebApplicationContext
19:57:20:304  INFO 26516 --- [main] w.s.c.ServletWebServerApplicationContext : Root WebApplicationContext: initialization completed in 1731 ms
19:57:20:531  INFO 26516 --- [main] o.s.c.openfeign.FeignClientFactoryBean   : For 'item-service' URL not provided. Will try picking an instance via load-balancing.
19:57:24:037  INFO 26516 --- [main] pertySourcedRequestMappingHandlerMapping : Mapped URL path [/v2/api-docs] onto method [springfox.documentation.swagger2.web.Swagger2ControllerWebMvc#getDocumentation(String, HttpServletRequest)]
19:57:25:230  INFO 26516 --- [main] com.alibaba.nacos.common.remote.client   : [RpcClientFactory] create a new rpc client of d4171dd3-76be-424e-81ad-dfb418d2a3e8
19:57:25:303  INFO 26516 --- [main] org.reflections.Reflections              : Reflections took 38 ms to scan 1 urls, producing 3 keys and 6 values 
19:57:25:337  INFO 26516 --- [main] org.reflections.Reflections              : Reflections took 10 ms to scan 1 urls, producing 4 keys and 9 values 
19:57:25:351  INFO 26516 --- [main] org.reflections.Reflections              : Reflections took 10 ms to scan 1 urls, producing 3 keys and 10 values 
19:57:25:356  WARN 26516 --- [main] org.reflections.Reflections              : given scan urls are empty. set urls in the configuration
19:57:25:368  INFO 26516 --- [main] org.reflections.Reflections              : Reflections took 11 ms to scan 1 urls, producing 1 keys and 5 values 
19:57:25:380  INFO 26516 --- [main] org.reflections.Reflections              : Reflections took 9 ms to scan 1 urls, producing 1 keys and 7 values 
19:57:25:405  INFO 26516 --- [main] org.reflections.Reflections              : Reflections took 21 ms to scan 1 urls, producing 2 keys and 8 values 
19:57:25:409  WARN 26516 --- [main] org.reflections.Reflections              : given scan urls are empty. set urls in the configuration
19:57:25:411  INFO 26516 --- [main] com.alibaba.nacos.common.remote.client   : [d4171dd3-76be-424e-81ad-dfb418d2a3e8] RpcClient init label, labels = {module=naming, source=sdk}
19:57:25:415  INFO 26516 --- [main] com.alibaba.nacos.common.remote.client   : [d4171dd3-76be-424e-81ad-dfb418d2a3e8] RpcClient init, ServerListFactory = com.alibaba.nacos.client.naming.core.ServerListManager
19:57:25:415  INFO 26516 --- [main] com.alibaba.nacos.common.remote.client   : [d4171dd3-76be-424e-81ad-dfb418d2a3e8] Registry connection listener to current client:com.alibaba.nacos.client.naming.remote.gprc.redo.NamingGrpcRedoService
19:57:25:416  INFO 26516 --- [main] com.alibaba.nacos.common.remote.client   : [d4171dd3-76be-424e-81ad-dfb418d2a3e8] Register server push request handler:com.alibaba.nacos.client.naming.remote.gprc.NamingPushRequestHandler
19:57:25:419  INFO 26516 --- [main] com.alibaba.nacos.common.remote.client   : [d4171dd3-76be-424e-81ad-dfb418d2a3e8] Try to connect to server on start up, server: {serverIp = '192.168.150.102', server main port = 8848}
19:57:29:928 ERROR 26516 --- [main] c.a.n.c.remote.client.grpc.GrpcClient    : Server check fail, please check server 192.168.150.102 ,port 9848 is available , error ={}

java.util.concurrent.TimeoutException: Waited 3000 milliseconds (plus 15 milliseconds, 677200 nanoseconds delay) for com.alibaba.nacos.shaded.io.grpc.stub.ClientCalls$GrpcFuture@b2e1df3[status=PENDING, info=[GrpcFuture{clientCall={delegate={delegate=ClientCallImpl{method=MethodDescriptor{fullMethodName=Request/request, type=UNARY, idempotent=false, safe=false, sampledToLocalTracing=true, requestMarshaller=com.alibaba.nacos.shaded.io.grpc.protobuf.lite.ProtoLiteUtils$MessageMarshaller@3ba96967, responseMarshaller=com.alibaba.nacos.shaded.io.grpc.protobuf.lite.ProtoLiteUtils$MessageMarshaller@5764d421, schemaDescriptor=com.alibaba.nacos.api.grpc.auto.RequestGrpc$RequestMethodDescriptorSupplier@1237cade}}}}}]]
	at com.alibaba.nacos.shaded.com.google.common.util.concurrent.AbstractFuture.get(AbstractFuture.java:508) ~[nacos-client-2.0.4.jar:na]
	at com.alibaba.nacos.common.remote.client.grpc.GrpcClient.serverCheck(GrpcClient.java:148) ~[nacos-client-2.0.4.jar:na]
	at com.alibaba.nacos.common.remote.client.grpc.GrpcClient.connectToServer(GrpcClient.java:264) ~[nacos-client-2.0.4.jar:na]
	at com.alibaba.nacos.common.remote.client.RpcClient.start(RpcClient.java:390) ~[nacos-client-2.0.4.jar:na]
	at com.alibaba.nacos.client.naming.remote.gprc.NamingGrpcClientProxy.start(NamingGrpcClientProxy.java:96) ~[nacos-client-2.0.4.jar:na]
	at com.alibaba.nacos.client.naming.remote.gprc.NamingGrpcClientProxy.<init>(NamingGrpcClientProxy.java:89) ~[nacos-client-2.0.4.jar:na]
	at com.alibaba.nacos.client.naming.remote.NamingClientProxyDelegate.<init>(NamingClientProxyDelegate.java:76) ~[nacos-client-2.0.4.jar:na]
	at com.alibaba.nacos.client.naming.NacosNamingService.init(NacosNamingService.java:95) ~[nacos-client-2.0.4.jar:na]
	at com.alibaba.nacos.client.naming.NacosNamingService.<init>(NacosNamingService.java:81) ~[nacos-client-2.0.4.jar:na]
	at java.base/jdk.internal.reflect.NativeConstructorAccessorImpl.newInstance0(Native Method) ~[na:na]
	at java.base/jdk.internal.reflect.NativeConstructorAccessorImpl.newInstance(NativeConstructorAccessorImpl.java:62) ~[na:na]
	at java.base/jdk.internal.reflect.DelegatingConstructorAccessorImpl.newInstance(DelegatingConstructorAccessorImpl.java:45) ~[na:na]
	at java.base/java.lang.reflect.Constructor.newInstance(Constructor.java:490) ~[na:na]
	at com.alibaba.nacos.api.naming.NamingFactory.createNamingService(NamingFactory.java:59) ~[nacos-client-2.0.4.jar:na]
	at com.alibaba.nacos.api.NacosFactory.createNamingService(NacosFactory.java:77) ~[nacos-client-2.0.4.jar:na]
	at com.alibaba.cloud.nacos.NacosServiceManager.createNewNamingService(NacosServiceManager.java:99) ~[spring-cloud-starter-alibaba-nacos-discovery-2021.0.4.0.jar:2021.0.4.0]
	at com.alibaba.cloud.nacos.NacosServiceManager.buildNamingService(NacosServiceManager.java:90) ~[spring-cloud-starter-alibaba-nacos-discovery-2021.0.4.0.jar:2021.0.4.0]
	at com.alibaba.cloud.nacos.NacosServiceManager.getNamingService(NacosServiceManager.java:46) ~[spring-cloud-starter-alibaba-nacos-discovery-2021.0.4.0.jar:2021.0.4.0]
	at com.alibaba.cloud.nacos.discovery.NacosWatch.start(NacosWatch.java:130) ~[spring-cloud-starter-alibaba-nacos-discovery-2021.0.4.0.jar:2021.0.4.0]
	at org.springframework.context.support.DefaultLifecycleProcessor.doStart(DefaultLifecycleProcessor.java:178) ~[spring-context-5.3.27.jar:5.3.27]
	at org.springframework.context.support.DefaultLifecycleProcessor.access$200(DefaultLifecycleProcessor.java:54) ~[spring-context-5.3.27.jar:5.3.27]
	at org.springframework.context.support.DefaultLifecycleProcessor$LifecycleGroup.start(DefaultLifecycleProcessor.java:356) ~[spring-context-5.3.27.jar:5.3.27]
	at java.base/java.lang.Iterable.forEach(Iterable.java:75) ~[na:na]
	at org.springframework.context.support.DefaultLifecycleProcessor.startBeans(DefaultLifecycleProcessor.java:155) ~[spring-context-5.3.27.jar:5.3.27]
	at org.springframework.context.support.DefaultLifecycleProcessor.onRefresh(DefaultLifecycleProcessor.java:123) ~[spring-context-5.3.27.jar:5.3.27]
	at org.springframework.context.support.AbstractApplicationContext.finishRefresh(AbstractApplicationContext.java:937) ~[spring-context-5.3.27.jar:5.3.27]
	at org.springframework.context.support.AbstractApplicationContext.refresh(AbstractApplicationContext.java:586) ~[spring-context-5.3.27.jar:5.3.27]
	at org.springframework.boot.web.servlet.context.ServletWebServerApplicationContext.refresh(ServletWebServerApplicationContext.java:147) ~[spring-boot-2.7.12.jar:2.7.12]
	at org.springframework.boot.SpringApplication.refresh(SpringApplication.java:731) ~[spring-boot-2.7.12.jar:2.7.12]
	at org.springframework.boot.SpringApplication.refreshContext(SpringApplication.java:408) ~[spring-boot-2.7.12.jar:2.7.12]
	at org.springframework.boot.SpringApplication.run(SpringApplication.java:307) ~[spring-boot-2.7.12.jar:2.7.12]
	at org.springframework.boot.SpringApplication.run(SpringApplication.java:1303) ~[spring-boot-2.7.12.jar:2.7.12]
	at org.springframework.boot.SpringApplication.run(SpringApplication.java:1292) ~[spring-boot-2.7.12.jar:2.7.12]
	at com.hmall.cart.cartApplication.main(cartApplication.java:20) ~[classes/:na]

19:57:29:948  INFO 26516 --- [main] com.alibaba.nacos.common.remote.client   : [d4171dd3-76be-424e-81ad-dfb418d2a3e8] Try to connect to server on start up, server: {serverIp = '192.168.150.102', server main port = 8848}
19:57:30:218  INFO 26516 --- [main] com.alibaba.nacos.common.remote.client   : [d4171dd3-76be-424e-81ad-dfb418d2a3e8] Success to connect to server [192.168.150.102:8848] on start up, connectionId = 1777031849107_192.168.150.1_54406
19:57:30:219  INFO 26516 --- [com.alibaba.nacos.client.remote.worker] com.alibaba.nacos.common.remote.client   : [d4171dd3-76be-424e-81ad-dfb418d2a3e8] Notify connected event to listeners.
19:57:30:220  INFO 26516 --- [main] com.alibaba.nacos.common.remote.client   : [d4171dd3-76be-424e-81ad-dfb418d2a3e8] Register server push request handler:com.alibaba.nacos.common.remote.client.RpcClient$ConnectResetRequestHandler
19:57:30:221  INFO 26516 --- [main] com.alibaba.nacos.common.remote.client   : [d4171dd3-76be-424e-81ad-dfb418d2a3e8] Register server push request handler:com.alibaba.nacos.common.remote.client.RpcClient$$Lambda$977/0x0000000800735440
19:57:30:310  INFO 26516 --- [main] o.s.b.w.embedded.tomcat.TomcatWebServer  : Tomcat started on port(s): 8082 (http) with context path ''
19:57:30:325  INFO 26516 --- [main] c.a.c.n.registry.NacosServiceRegistry    : nacos registry, DEFAULT_GROUP cart-service 192.168.220.1:8082 register finished
19:57:30:854  INFO 26516 --- [nacos-grpc-client-executor-8] com.alibaba.nacos.common.remote.client   : [d4171dd3-76be-424e-81ad-dfb418d2a3e8] Receive server push request, request = NotifySubscriberRequest, requestId = 120
19:57:30:869  INFO 26516 --- [nacos-grpc-client-executor-8] com.alibaba.nacos.common.remote.client   : [d4171dd3-76be-424e-81ad-dfb418d2a3e8] Ack server push request, request = NotifySubscriberRequest, requestId = 120
19:57:31:605  INFO 26516 --- [main] d.s.w.p.DocumentationPluginsBootstrapper : Documentation plugins bootstrapped
19:57:31:608  INFO 26516 --- [main] d.s.w.p.DocumentationPluginsBootstrapper : Found 1 custom documentation plugin(s)
19:57:31:635  INFO 26516 --- [main] s.d.s.w.s.ApiListingReferenceScanner     : Scanning for api listing references
19:57:31:748  INFO 26516 --- [main] com.hmall.cart.cartApplication           : Started cartApplication in 14.457 seconds (JVM running for 15.761)
19:59:13:153  INFO 26516 --- [http-nio-8082-exec-1] o.a.c.c.C.[Tomcat].[localhost].[/]       : Initializing Spring DispatcherServlet 'dispatcherServlet'
19:59:13:154  INFO 26516 --- [http-nio-8082-exec-1] o.s.web.servlet.DispatcherServlet        : Initializing Servlet 'dispatcherServlet'
19:59:13:159  INFO 26516 --- [http-nio-8082-exec-1] o.s.web.servlet.DispatcherServlet        : Completed initialization in 5 ms
19:59:13:291  INFO 26516 --- [http-nio-8082-exec-1] com.zaxxer.hikari.HikariDataSource       : HikariPool-1 - Starting...
19:59:13:828  INFO 26516 --- [http-nio-8082-exec-1] com.zaxxer.hikari.HikariDataSource       : HikariPool-1 - Start completed.
19:59:13:838 DEBUG 26516 --- [http-nio-8082-exec-1] c.h.cart.mapper.CartMapper.selectList    : ==>  Preparing: SELECT id,user_id,item_id,num,name,spec,price,image,create_time,update_time FROM cart WHERE (user_id = ?)
19:59:13:858 DEBUG 26516 --- [http-nio-8082-exec-1] c.h.cart.mapper.CartMapper.selectList    : ==> Parameters: 1(Long)
19:59:13:877 DEBUG 26516 --- [http-nio-8082-exec-1] c.h.cart.mapper.CartMapper.selectList    : <==      Total: 0
19:59:18:078 DEBUG 26516 --- [http-nio-8082-exec-2] c.h.cart.mapper.CartMapper.selectCount   : ==>  Preparing: SELECT COUNT( * ) FROM cart WHERE (user_id = ? AND item_id = ?)
19:59:18:078 DEBUG 26516 --- [http-nio-8082-exec-2] c.h.cart.mapper.CartMapper.selectCount   : ==> Parameters: 1(Long), 2120808(Long)
19:59:18:080 DEBUG 26516 --- [http-nio-8082-exec-2] c.h.cart.mapper.CartMapper.selectCount   : <==      Total: 1
19:59:18:082 DEBUG 26516 --- [http-nio-8082-exec-2] c.h.cart.mapper.CartMapper.selectCount   : ==>  Preparing: SELECT COUNT( * ) FROM cart WHERE (user_id = ?)
19:59:18:083 DEBUG 26516 --- [http-nio-8082-exec-2] c.h.cart.mapper.CartMapper.selectCount   : ==> Parameters: 1(Long)
19:59:18:083 DEBUG 26516 --- [http-nio-8082-exec-2] c.h.cart.mapper.CartMapper.selectCount   : <==      Total: 1
19:59:18:120 DEBUG 26516 --- [http-nio-8082-exec-2] com.hmall.cart.mapper.CartMapper.insert  : ==>  Preparing: INSERT INTO cart ( user_id, item_id, name, spec, price, image ) VALUES ( ?, ?, ?, ?, ?, ? )
19:59:18:121 DEBUG 26516 --- [http-nio-8082-exec-2] com.hmall.cart.mapper.CartMapper.insert  : ==> Parameters: 1(Long), 2120808(Long), 姬龙雪 guy laroche女包 GL经典手提包女牛皮大容量单肩包女欧美时尚包包女包GS1210001-06杏色(String), {}(String), 71800(Integer), https://m.360buyimg.com/mobilecms/s720x720_jfs/t30694/267/398774087/90954/6fc143cf/5bf25358N14dadbf7.jpg!q70.jpg.webp(String)
19:59:18:142 DEBUG 26516 --- [http-nio-8082-exec-2] com.hmall.cart.mapper.CartMapper.insert  : <==    Updates: 1
19:59:18:191 DEBUG 26516 --- [http-nio-8082-exec-3] c.h.cart.mapper.CartMapper.selectList    : ==>  Preparing: SELECT id,user_id,item_id,num,name,spec,price,image,create_time,update_time FROM cart WHERE (user_id = ?)
19:59:18:192 DEBUG 26516 --- [http-nio-8082-exec-3] c.h.cart.mapper.CartMapper.selectList    : ==> Parameters: 1(Long)
19:59:18:197 DEBUG 26516 --- [http-nio-8082-exec-3] c.h.cart.mapper.CartMapper.selectList    : <==      Total: 1
19:59:18:835  INFO 26516 --- [nacos-grpc-client-executor-33] com.alibaba.nacos.common.remote.client   : [d4171dd3-76be-424e-81ad-dfb418d2a3e8] Receive server push request, request = NotifySubscriberRequest, requestId = 129
19:59:18:835  INFO 26516 --- [nacos-grpc-client-executor-33] com.alibaba.nacos.common.remote.client   : [d4171dd3-76be-424e-81ad-dfb418d2a3e8] Ack server push request, request = NotifySubscriberRequest, requestId = 129
19:59:22:142 DEBUG 26516 --- [http-nio-8082-exec-5] com.hmall.cart.mapper.CartMapper.delete  : ==>  Preparing: DELETE FROM cart WHERE (user_id = ? AND item_id IN (?))
19:59:22:143 DEBUG 26516 --- [http-nio-8082-exec-5] com.hmall.cart.mapper.CartMapper.delete  : ==> Parameters: 1(Long), 2120808(Long)
19:59:22:145 DEBUG 26516 --- [http-nio-8082-exec-5] com.hmall.cart.mapper.CartMapper.delete  : <==    Updates: 1
20:03:07:796 DEBUG 26516 --- [http-nio-8082-exec-7] c.h.cart.mapper.CartMapper.selectList    : ==>  Preparing: SELECT id,user_id,item_id,num,name,spec,price,image,create_time,update_time FROM cart WHERE (user_id = ?)
20:03:07:797 DEBUG 26516 --- [http-nio-8082-exec-7] c.h.cart.mapper.CartMapper.selectList    : ==> Parameters: 1(Long)
20:03:07:798 DEBUG 26516 --- [http-nio-8082-exec-7] c.h.cart.mapper.CartMapper.selectList    : <==      Total: 0
20:09:11:750 DEBUG 26516 --- [http-nio-8082-exec-9] c.h.cart.mapper.CartMapper.selectList    : ==>  Preparing: SELECT id,user_id,item_id,num,name,spec,price,image,create_time,update_time FROM cart WHERE (user_id = ?)
20:09:11:751 DEBUG 26516 --- [http-nio-8082-exec-9] c.h.cart.mapper.CartMapper.selectList    : ==> Parameters: 1(Long)
20:09:11:752 DEBUG 26516 --- [http-nio-8082-exec-9] c.h.cart.mapper.CartMapper.selectList    : <==      Total: 0
20:09:15:787 DEBUG 26516 --- [http-nio-8082-exec-10] c.h.cart.mapper.CartMapper.selectCount   : ==>  Preparing: SELECT COUNT( * ) FROM cart WHERE (user_id = ? AND item_id = ?)
20:09:15:788 DEBUG 26516 --- [http-nio-8082-exec-10] c.h.cart.mapper.CartMapper.selectCount   : ==> Parameters: 1(Long), 100000004580(Long)
20:09:15:789 DEBUG 26516 --- [http-nio-8082-exec-10] c.h.cart.mapper.CartMapper.selectCount   : <==      Total: 1
20:09:15:791 DEBUG 26516 --- [http-nio-8082-exec-10] c.h.cart.mapper.CartMapper.selectCount   : ==>  Preparing: SELECT COUNT( * ) FROM cart WHERE (user_id = ?)
20:09:15:792 DEBUG 26516 --- [http-nio-8082-exec-10] c.h.cart.mapper.CartMapper.selectCount   : ==> Parameters: 1(Long)
20:09:15:792 DEBUG 26516 --- [http-nio-8082-exec-10] c.h.cart.mapper.CartMapper.selectCount   : <==      Total: 1
20:09:15:795 DEBUG 26516 --- [http-nio-8082-exec-10] com.hmall.cart.mapper.CartMapper.insert  : ==>  Preparing: INSERT INTO cart ( user_id, item_id, name, spec, price, image ) VALUES ( ?, ?, ?, ?, ?, ? )
20:09:15:798 DEBUG 26516 --- [http-nio-8082-exec-10] com.hmall.cart.mapper.CartMapper.insert  : ==> Parameters: 1(Long), 100000004580(Long), 薇妮(viney)女士单肩包 时尚牛皮女包百搭斜挎包女士手提大包(经典黑)(String), {"颜色": "黑色"}(String), 87900(Integer), https://m.360buyimg.com/mobilecms/s720x720_jfs/t5590/64/5811657380/234462/5398e856/5965e173N34179777.jpg!q70.jpg.webp(String)
20:09:15:805 DEBUG 26516 --- [http-nio-8082-exec-10] com.hmall.cart.mapper.CartMapper.insert  : <==    Updates: 1
20:09:15:873 DEBUG 26516 --- [http-nio-8082-exec-1] c.h.cart.mapper.CartMapper.selectList    : ==>  Preparing: SELECT id,user_id,item_id,num,name,spec,price,image,create_time,update_time FROM cart WHERE (user_id = ?)
20:09:15:873 DEBUG 26516 --- [http-nio-8082-exec-1] c.h.cart.mapper.CartMapper.selectList    : ==> Parameters: 1(Long)
20:09:15:876 DEBUG 26516 --- [http-nio-8082-exec-1] c.h.cart.mapper.CartMapper.selectList    : <==      Total: 1
20:09:19:808 DEBUG 26516 --- [http-nio-8082-exec-2] com.hmall.cart.mapper.CartMapper.delete  : ==>  Preparing: DELETE FROM cart WHERE (user_id = ? AND item_id IN (?))
20:09:19:808 DEBUG 26516 --- [http-nio-8082-exec-2] com.hmall.cart.mapper.CartMapper.delete  : ==> Parameters: 1(Long), 100000004580(Long)
20:09:19:810 DEBUG 26516 --- [http-nio-8082-exec-2] com.hmall.cart.mapper.CartMapper.delete  : <==    Updates: 1
20:20:28:805 DEBUG 26516 --- [http-nio-8082-exec-4] c.h.cart.mapper.CartMapper.selectList    : ==>  Preparing: SELECT id,user_id,item_id,num,name,spec,price,image,create_time,update_time FROM cart WHERE (user_id = ?)
20:20:28:809 DEBUG 26516 --- [http-nio-8082-exec-4] c.h.cart.mapper.CartMapper.selectList    : ==> Parameters: 1(Long)
20:20:28:817 DEBUG 26516 --- [http-nio-8082-exec-4] c.h.cart.mapper.CartMapper.selectList    : <==      Total: 0
20:20:55:127  WARN 26516 --- [Thread-4] c.a.nacos.common.notify.NotifyCenter     : [NotifyCenter] Start destroying Publisher
20:20:55:127  WARN 26516 --- [Thread-7] c.a.n.common.http.HttpClientBeanHolder   : [HttpClientBeanHolder] Start destroying common HttpClient
20:20:55:129  WARN 26516 --- [Thread-4] c.a.nacos.common.notify.NotifyCenter     : [NotifyCenter] Destruction of the end
20:20:55:135  WARN 26516 --- [Thread-7] c.a.n.common.http.HttpClientBeanHolder   : [HttpClientBeanHolder] Destruction of the end
20:20:56:109  INFO 26516 --- [SpringApplicationShutdownHook] c.a.c.n.registry.NacosServiceRegistry    : De-registering from Nacos Server now...
20:20:56:115  INFO 26516 --- [SpringApplicationShutdownHook] c.a.c.n.registry.NacosServiceRegistry    : De-registration finished.
20:20:56:451  INFO 26516 --- [SpringApplicationShutdownHook] com.alibaba.nacos.common.remote.client   : Shutdown rpc client, set status to shutdown
20:20:56:452  INFO 26516 --- [SpringApplicationShutdownHook] com.alibaba.nacos.common.remote.client   : Shutdown client event executor java.util.concurrent.ScheduledThreadPoolExecutor@4254433[Running, pool size = 2, active threads = 2, queued tasks = 0, completed tasks = 0]
20:20:56:453  INFO 26516 --- [SpringApplicationShutdownHook] com.alibaba.nacos.common.remote.client   : Close current connection 1777031849107_192.168.150.1_54406
20:20:56:456  INFO 26516 --- [nacos-grpc-client-executor-300] c.a.n.c.remote.client.grpc.GrpcClient    : [1777031849107_192.168.150.1_54406]Ignore complete event,isRunning:false,isAbandon=false
20:20:56:457  INFO 26516 --- [SpringApplicationShutdownHook] c.a.n.c.remote.client.grpc.GrpcClient    : Shutdown grpc executor java.util.concurrent.ThreadPoolExecutor@2ca0528b[Running, pool size = 5, active threads = 0, queued tasks = 0, completed tasks = 301]
20:20:56:470  INFO 26516 --- [SpringApplicationShutdownHook] com.zaxxer.hikari.HikariDataSource       : HikariPool-1 - Shutdown initiated...
20:20:56:510  INFO 26516 --- [SpringApplicationShutdownHook] com.zaxxer.hikari.HikariDataSource       : HikariPool-1 - Shutdown completed.
