14:31:14:518  INFO 26128 --- [main] com.hmall.trade.TradeApplication         : Starting TradeApplication using Java 11.0.31 on LAPTOP-16OT1L5F with PID 26128 (G:\hmall\backend\trade-service\target\classes started by 18071 in G:\hmall\backend)
14:31:14:523 DEBUG 26128 --- [main] com.hmall.trade.TradeApplication         : Running with Spring Boot v2.7.12, Spring v5.3.27
14:31:14:523  INFO 26128 --- [main] com.hmall.trade.TradeApplication         : The following 1 profile is active: "dev"
14:31:15:568  INFO 26128 --- [main] o.s.cloud.context.scope.GenericScope     : BeanFactory id=020f0478-fef7-32c1-9836-19d509b1bb73
14:31:16:086  INFO 26128 --- [main] o.s.b.w.embedded.tomcat.TomcatWebServer  : Tomcat initialized with port(s): 8085 (http)
14:31:16:099  INFO 26128 --- [main] o.apache.catalina.core.StandardService   : Starting service [Tomcat]
14:31:16:099  INFO 26128 --- [main] org.apache.catalina.core.StandardEngine  : Starting Servlet engine: [Apache Tomcat/9.0.75]
14:31:16:316  INFO 26128 --- [main] o.a.c.c.C.[Tomcat].[localhost].[/]       : Initializing Spring embedded WebApplicationContext
14:31:16:316  INFO 26128 --- [main] w.s.c.ServletWebServerApplicationContext : Root WebApplicationContext: initialization completed in 1740 ms
14:31:16:612  INFO 26128 --- [main] o.s.c.openfeign.FeignClientFactoryBean   : For 'item-service' URL not provided. Will try picking an instance via load-balancing.
14:31:18:849  INFO 26128 --- [main] o.s.c.openfeign.FeignClientFactoryBean   : For 'cart-service' URL not provided. Will try picking an instance via load-balancing.
14:31:20:456  INFO 26128 --- [main] pertySourcedRequestMappingHandlerMapping : Mapped URL path [/v2/api-docs] onto method [springfox.documentation.swagger2.web.Swagger2ControllerWebMvc#getDocumentation(String, HttpServletRequest)]
14:31:21:898  INFO 26128 --- [main] com.alibaba.nacos.common.remote.client   : [RpcClientFactory] create a new rpc client of 20f32c01-087d-4f0b-8ad9-477eb656f274
14:31:21:958  INFO 26128 --- [main] org.reflections.Reflections              : Reflections took 27 ms to scan 1 urls, producing 3 keys and 6 values 
14:31:21:991  INFO 26128 --- [main] org.reflections.Reflections              : Reflections took 12 ms to scan 1 urls, producing 4 keys and 9 values 
14:31:22:004  INFO 26128 --- [main] org.reflections.Reflections              : Reflections took 10 ms to scan 1 urls, producing 3 keys and 10 values 
14:31:22:007  WARN 26128 --- [main] org.reflections.Reflections              : given scan urls are empty. set urls in the configuration
14:31:22:026  INFO 26128 --- [main] org.reflections.Reflections              : Reflections took 18 ms to scan 1 urls, producing 1 keys and 5 values 
14:31:22:036  INFO 26128 --- [main] org.reflections.Reflections              : Reflections took 8 ms to scan 1 urls, producing 1 keys and 7 values 
14:31:22:046  INFO 26128 --- [main] org.reflections.Reflections              : Reflections took 7 ms to scan 1 urls, producing 2 keys and 8 values 
14:31:22:049  WARN 26128 --- [main] org.reflections.Reflections              : given scan urls are empty. set urls in the configuration
14:31:22:050  INFO 26128 --- [main] com.alibaba.nacos.common.remote.client   : [20f32c01-087d-4f0b-8ad9-477eb656f274] RpcClient init label, labels = {module=naming, source=sdk}
14:31:22:052  INFO 26128 --- [main] com.alibaba.nacos.common.remote.client   : [20f32c01-087d-4f0b-8ad9-477eb656f274] RpcClient init, ServerListFactory = com.alibaba.nacos.client.naming.core.ServerListManager
14:31:22:052  INFO 26128 --- [main] com.alibaba.nacos.common.remote.client   : [20f32c01-087d-4f0b-8ad9-477eb656f274] Registry connection listener to current client:com.alibaba.nacos.client.naming.remote.gprc.redo.NamingGrpcRedoService
14:31:22:053  INFO 26128 --- [main] com.alibaba.nacos.common.remote.client   : [20f32c01-087d-4f0b-8ad9-477eb656f274] Register server push request handler:com.alibaba.nacos.client.naming.remote.gprc.NamingPushRequestHandler
14:31:22:055  INFO 26128 --- [main] com.alibaba.nacos.common.remote.client   : [20f32c01-087d-4f0b-8ad9-477eb656f274] Try to connect to server on start up, server: {serverIp = '192.168.150.102', server main port = 8848}
14:31:25:391  INFO 26128 --- [main] com.alibaba.nacos.common.remote.client   : [20f32c01-087d-4f0b-8ad9-477eb656f274] Success to connect to server [192.168.150.102:8848] on start up, connectionId = 1777012284183_192.168.150.1_50586
14:31:25:392  INFO 26128 --- [com.alibaba.nacos.client.remote.worker] com.alibaba.nacos.common.remote.client   : [20f32c01-087d-4f0b-8ad9-477eb656f274] Notify connected event to listeners.
14:31:25:393  INFO 26128 --- [main] com.alibaba.nacos.common.remote.client   : [20f32c01-087d-4f0b-8ad9-477eb656f274] Register server push request handler:com.alibaba.nacos.common.remote.client.RpcClient$ConnectResetRequestHandler
14:31:25:393  INFO 26128 --- [main] com.alibaba.nacos.common.remote.client   : [20f32c01-087d-4f0b-8ad9-477eb656f274] Register server push request handler:com.alibaba.nacos.common.remote.client.RpcClient$$Lambda$973/0x0000000800735c40
14:31:25:466  INFO 26128 --- [main] o.s.b.w.embedded.tomcat.TomcatWebServer  : Tomcat started on port(s): 8085 (http) with context path ''
14:31:25:478  INFO 26128 --- [main] c.a.c.n.registry.NacosServiceRegistry    : nacos registry, DEFAULT_GROUP trade-service 192.168.220.1:8085 register finished
14:31:25:938  INFO 26128 --- [nacos-grpc-client-executor-10] com.alibaba.nacos.common.remote.client   : [20f32c01-087d-4f0b-8ad9-477eb656f274] Receive server push request, request = NotifySubscriberRequest, requestId = 6
14:31:25:955  INFO 26128 --- [nacos-grpc-client-executor-10] com.alibaba.nacos.common.remote.client   : [20f32c01-087d-4f0b-8ad9-477eb656f274] Ack server push request, request = NotifySubscriberRequest, requestId = 6
14:31:26:308  INFO 26128 --- [main] d.s.w.p.DocumentationPluginsBootstrapper : Documentation plugins bootstrapped
14:31:26:313  INFO 26128 --- [main] d.s.w.p.DocumentationPluginsBootstrapper : Found 1 custom documentation plugin(s)
14:31:26:345  INFO 26128 --- [main] s.d.s.w.s.ApiListingReferenceScanner     : Scanning for api listing references
14:31:26:464  INFO 26128 --- [main] com.hmall.trade.TradeApplication         : Started TradeApplication in 13.375 seconds (JVM running for 14.777)
14:32:52:804  WARN 26128 --- [Thread-7] c.a.n.common.http.HttpClientBeanHolder   : [HttpClientBeanHolder] Start destroying common HttpClient
14:32:52:805  WARN 26128 --- [Thread-4] c.a.nacos.common.notify.NotifyCenter     : [NotifyCenter] Start destroying Publisher
14:32:52:805  WARN 26128 --- [Thread-7] c.a.n.common.http.HttpClientBeanHolder   : [HttpClientBeanHolder] Destruction of the end
14:32:52:807  WARN 26128 --- [Thread-4] c.a.nacos.common.notify.NotifyCenter     : [NotifyCenter] Destruction of the end
14:32:53:796  INFO 26128 --- [SpringApplicationShutdownHook] c.a.c.n.registry.NacosServiceRegistry    : De-registering from Nacos Server now...
14:32:53:801  INFO 26128 --- [SpringApplicationShutdownHook] c.a.c.n.registry.NacosServiceRegistry    : De-registration finished.
14:32:54:124  INFO 26128 --- [SpringApplicationShutdownHook] com.alibaba.nacos.common.remote.client   : Shutdown rpc client, set status to shutdown
14:32:54:124  INFO 26128 --- [SpringApplicationShutdownHook] com.alibaba.nacos.common.remote.client   : Shutdown client event executor java.util.concurrent.ScheduledThreadPoolExecutor@6bef2e3f[Running, pool size = 2, active threads = 2, queued tasks = 0, completed tasks = 0]
14:32:54:124  INFO 26128 --- [SpringApplicationShutdownHook] com.alibaba.nacos.common.remote.client   : Close current connection 1777012284183_192.168.150.1_50586
14:32:54:127  INFO 26128 --- [nacos-grpc-client-executor-42] c.a.n.c.remote.client.grpc.GrpcClient    : [1777012284183_192.168.150.1_50586]Ignore complete event,isRunning:false,isAbandon=false
14:32:54:135  INFO 26128 --- [SpringApplicationShutdownHook] c.a.n.c.remote.client.grpc.GrpcClient    : Shutdown grpc executor java.util.concurrent.ThreadPoolExecutor@94a12a5[Running, pool size = 6, active threads = 0, queued tasks = 0, completed tasks = 43]
15:20:56:257  INFO 11468 --- [main] com.hmall.trade.TradeApplication         : Starting TradeApplication using Java 11.0.31 on LAPTOP-16OT1L5F with PID 11468 (G:\hmall\backend\trade-service\target\classes started by 18071 in G:\hmall\backend)
15:20:56:260 DEBUG 11468 --- [main] com.hmall.trade.TradeApplication         : Running with Spring Boot v2.7.12, Spring v5.3.27
15:20:56:261  INFO 11468 --- [main] com.hmall.trade.TradeApplication         : The following 1 profile is active: "dev"
15:20:57:635  INFO 11468 --- [main] o.s.cloud.context.scope.GenericScope     : BeanFactory id=020f0478-fef7-32c1-9836-19d509b1bb73
15:20:58:078  INFO 11468 --- [main] o.s.b.w.embedded.tomcat.TomcatWebServer  : Tomcat initialized with port(s): 8085 (http)
15:20:58:090  INFO 11468 --- [main] o.apache.catalina.core.StandardService   : Starting service [Tomcat]
15:20:58:090  INFO 11468 --- [main] org.apache.catalina.core.StandardEngine  : Starting Servlet engine: [Apache Tomcat/9.0.75]
15:20:58:249  INFO 11468 --- [main] o.a.c.c.C.[Tomcat].[localhost].[/]       : Initializing Spring embedded WebApplicationContext
15:20:58:249  INFO 11468 --- [main] w.s.c.ServletWebServerApplicationContext : Root WebApplicationContext: initialization completed in 1935 ms
15:20:58:476  INFO 11468 --- [main] o.s.c.openfeign.FeignClientFactoryBean   : For 'item-service' URL not provided. Will try picking an instance via load-balancing.
15:21:01:563  INFO 11468 --- [main] o.s.c.openfeign.FeignClientFactoryBean   : For 'cart-service' URL not provided. Will try picking an instance via load-balancing.
15:21:03:324  INFO 11468 --- [main] pertySourcedRequestMappingHandlerMapping : Mapped URL path [/v2/api-docs] onto method [springfox.documentation.swagger2.web.Swagger2ControllerWebMvc#getDocumentation(String, HttpServletRequest)]
15:21:04:795  INFO 11468 --- [main] com.alibaba.nacos.common.remote.client   : [RpcClientFactory] create a new rpc client of cafcc0dc-6428-4618-9350-4f4516545a86
15:21:04:853  INFO 11468 --- [main] org.reflections.Reflections              : Reflections took 29 ms to scan 1 urls, producing 3 keys and 6 values 
15:21:04:887  INFO 11468 --- [main] org.reflections.Reflections              : Reflections took 11 ms to scan 1 urls, producing 4 keys and 9 values 
15:21:04:910  INFO 11468 --- [main] org.reflections.Reflections              : Reflections took 19 ms to scan 1 urls, producing 3 keys and 10 values 
15:21:04:915  WARN 11468 --- [main] org.reflections.Reflections              : given scan urls are empty. set urls in the configuration
15:21:04:924  INFO 11468 --- [main] org.reflections.Reflections              : Reflections took 8 ms to scan 1 urls, producing 1 keys and 5 values 
15:21:04:937  INFO 11468 --- [main] org.reflections.Reflections              : Reflections took 10 ms to scan 1 urls, producing 1 keys and 7 values 
15:21:04:952  INFO 11468 --- [main] org.reflections.Reflections              : Reflections took 11 ms to scan 1 urls, producing 2 keys and 8 values 
15:21:04:955  WARN 11468 --- [main] org.reflections.Reflections              : given scan urls are empty. set urls in the configuration
15:21:04:956  INFO 11468 --- [main] com.alibaba.nacos.common.remote.client   : [cafcc0dc-6428-4618-9350-4f4516545a86] RpcClient init label, labels = {module=naming, source=sdk}
15:21:04:959  INFO 11468 --- [main] com.alibaba.nacos.common.remote.client   : [cafcc0dc-6428-4618-9350-4f4516545a86] RpcClient init, ServerListFactory = com.alibaba.nacos.client.naming.core.ServerListManager
15:21:04:959  INFO 11468 --- [main] com.alibaba.nacos.common.remote.client   : [cafcc0dc-6428-4618-9350-4f4516545a86] Registry connection listener to current client:com.alibaba.nacos.client.naming.remote.gprc.redo.NamingGrpcRedoService
15:21:04:960  INFO 11468 --- [main] com.alibaba.nacos.common.remote.client   : [cafcc0dc-6428-4618-9350-4f4516545a86] Register server push request handler:com.alibaba.nacos.client.naming.remote.gprc.NamingPushRequestHandler
15:21:04:962  INFO 11468 --- [main] com.alibaba.nacos.common.remote.client   : [cafcc0dc-6428-4618-9350-4f4516545a86] Try to connect to server on start up, server: {serverIp = '192.168.150.102', server main port = 8848}
15:21:08:687  INFO 11468 --- [main] com.alibaba.nacos.common.remote.client   : [cafcc0dc-6428-4618-9350-4f4516545a86] Success to connect to server [192.168.150.102:8848] on start up, connectionId = 1777015267554_192.168.150.1_64087
15:21:08:688  INFO 11468 --- [com.alibaba.nacos.client.remote.worker] com.alibaba.nacos.common.remote.client   : [cafcc0dc-6428-4618-9350-4f4516545a86] Notify connected event to listeners.
15:21:08:689  INFO 11468 --- [main] com.alibaba.nacos.common.remote.client   : [cafcc0dc-6428-4618-9350-4f4516545a86] Register server push request handler:com.alibaba.nacos.common.remote.client.RpcClient$ConnectResetRequestHandler
15:21:08:690  INFO 11468 --- [main] com.alibaba.nacos.common.remote.client   : [cafcc0dc-6428-4618-9350-4f4516545a86] Register server push request handler:com.alibaba.nacos.common.remote.client.RpcClient$$Lambda$974/0x00000008006fd040
15:21:08:756  INFO 11468 --- [main] o.s.b.w.embedded.tomcat.TomcatWebServer  : Tomcat started on port(s): 8085 (http) with context path ''
15:21:08:766  INFO 11468 --- [main] c.a.c.n.registry.NacosServiceRegistry    : nacos registry, DEFAULT_GROUP trade-service 192.168.220.1:8085 register finished
15:21:09:257  INFO 11468 --- [nacos-grpc-client-executor-9] com.alibaba.nacos.common.remote.client   : [cafcc0dc-6428-4618-9350-4f4516545a86] Receive server push request, request = NotifySubscriberRequest, requestId = 13
15:21:09:270  INFO 11468 --- [nacos-grpc-client-executor-9] com.alibaba.nacos.common.remote.client   : [cafcc0dc-6428-4618-9350-4f4516545a86] Ack server push request, request = NotifySubscriberRequest, requestId = 13
15:21:09:561  INFO 11468 --- [main] d.s.w.p.DocumentationPluginsBootstrapper : Documentation plugins bootstrapped
15:21:09:564  INFO 11468 --- [main] d.s.w.p.DocumentationPluginsBootstrapper : Found 1 custom documentation plugin(s)
15:21:09:585  INFO 11468 --- [main] s.d.s.w.s.ApiListingReferenceScanner     : Scanning for api listing references
15:21:09:664  INFO 11468 --- [main] com.hmall.trade.TradeApplication         : Started TradeApplication in 15.019 seconds (JVM running for 16.363)
15:23:36:793  INFO 11468 --- [http-nio-8085-exec-1] o.a.c.c.C.[Tomcat].[localhost].[/]       : Initializing Spring DispatcherServlet 'dispatcherServlet'
15:23:36:795  INFO 11468 --- [http-nio-8085-exec-1] o.s.web.servlet.DispatcherServlet        : Initializing Servlet 'dispatcherServlet'
15:23:36:806  INFO 11468 --- [http-nio-8085-exec-1] o.s.web.servlet.DispatcherServlet        : Completed initialization in 11 ms
15:23:36:869  INFO 11468 --- [http-nio-8085-exec-1] com.zaxxer.hikari.HikariDataSource       : HikariPool-1 - Starting...
15:23:37:145  INFO 11468 --- [http-nio-8085-exec-1] com.zaxxer.hikari.HikariDataSource       : HikariPool-1 - Start completed.
15:23:37:315 DEBUG 11468 --- [http-nio-8085-exec-1] c.hmall.trade.mapper.OrderMapper.insert  : ==>  Preparing: INSERT INTO `order` ( id, total_fee, payment_type, user_id, status ) VALUES ( ?, ?, ?, ?, ? )
15:23:37:335 DEBUG 11468 --- [http-nio-8085-exec-1] c.hmall.trade.mapper.OrderMapper.insert  : ==> Parameters: 2047577183329198082(Long), 87900(Integer), 3(Integer), 1(Long), 1(Integer)
15:23:37:343 DEBUG 11468 --- [http-nio-8085-exec-1] c.hmall.trade.mapper.OrderMapper.insert  : <==    Updates: 1
15:23:37:350 DEBUG 11468 --- [http-nio-8085-exec-1] c.h.t.mapper.OrderDetailMapper.insert    : ==>  Preparing: INSERT INTO order_detail ( order_id, item_id, num, name, spec, price, image ) VALUES ( ?, ?, ?, ?, ?, ?, ? )
15:23:37:352 DEBUG 11468 --- [http-nio-8085-exec-1] c.h.t.mapper.OrderDetailMapper.insert    : ==> Parameters: 2047577183329198082(Long), 100000004580(Long), 1(Integer), 薇妮(viney)女士单肩包 时尚牛皮女包百搭斜挎包女士手提大包(经典黑)(String), {"颜色": "黑色"}(String), 87900(Integer), https://m.360buyimg.com/mobilecms/s720x720_jfs/t5590/64/5811657380/234462/5398e856/5965e173N34179777.jpg!q70.jpg.webp(String)
15:23:37:506 DEBUG 11468 --- [http-nio-8085-exec-2] c.h.trade.mapper.OrderMapper.selectById  : ==>  Preparing: SELECT id,total_fee,payment_type,user_id,status,create_time,pay_time,consign_time,end_time,close_time,comment_time,update_time FROM `order` WHERE id=?
15:23:37:507 DEBUG 11468 --- [http-nio-8085-exec-2] c.h.trade.mapper.OrderMapper.selectById  : ==> Parameters: 2047577183329198082(Long)
15:23:37:520 DEBUG 11468 --- [http-nio-8085-exec-2] c.h.trade.mapper.OrderMapper.selectById  : <==      Total: 1
15:23:37:738  INFO 11468 --- [nacos-grpc-client-executor-53] com.alibaba.nacos.common.remote.client   : [cafcc0dc-6428-4618-9350-4f4516545a86] Receive server push request, request = NotifySubscriberRequest, requestId = 22
15:23:37:740  INFO 11468 --- [nacos-grpc-client-executor-53] com.alibaba.nacos.common.remote.client   : [cafcc0dc-6428-4618-9350-4f4516545a86] Ack server push request, request = NotifySubscriberRequest, requestId = 22
15:23:37:938  INFO 11468 --- [nacos-grpc-client-executor-54] com.alibaba.nacos.common.remote.client   : [cafcc0dc-6428-4618-9350-4f4516545a86] Receive server push request, request = NotifySubscriberRequest, requestId = 23
15:23:37:938  INFO 11468 --- [nacos-grpc-client-executor-54] com.alibaba.nacos.common.remote.client   : [cafcc0dc-6428-4618-9350-4f4516545a86] Ack server push request, request = NotifySubscriberRequest, requestId = 23
15:54:12:079  WARN 11468 --- [Thread-4] c.a.nacos.common.notify.NotifyCenter     : [NotifyCenter] Start destroying Publisher
15:54:12:079  WARN 11468 --- [Thread-7] c.a.n.common.http.HttpClientBeanHolder   : [HttpClientBeanHolder] Start destroying common HttpClient
15:54:12:142  WARN 11468 --- [Thread-4] c.a.nacos.common.notify.NotifyCenter     : [NotifyCenter] Destruction of the end
15:54:12:159  WARN 11468 --- [Thread-7] c.a.n.common.http.HttpClientBeanHolder   : [HttpClientBeanHolder] Destruction of the end
15:54:13:435  INFO 11468 --- [SpringApplicationShutdownHook] c.a.c.n.registry.NacosServiceRegistry    : De-registering from Nacos Server now...
15:54:13:446  INFO 11468 --- [SpringApplicationShutdownHook] c.a.c.n.registry.NacosServiceRegistry    : De-registration finished.
15:54:13:779  INFO 11468 --- [SpringApplicationShutdownHook] com.alibaba.nacos.common.remote.client   : Shutdown rpc client, set status to shutdown
15:54:13:779  INFO 11468 --- [SpringApplicationShutdownHook] com.alibaba.nacos.common.remote.client   : Shutdown client event executor java.util.concurrent.ScheduledThreadPoolExecutor@7d3df429[Running, pool size = 2, active threads = 2, queued tasks = 0, completed tasks = 0]
15:54:13:780  INFO 11468 --- [SpringApplicationShutdownHook] com.alibaba.nacos.common.remote.client   : Close current connection 1777015267554_192.168.150.1_64087
15:54:13:783  INFO 11468 --- [nacos-grpc-client-executor-469] c.a.n.c.remote.client.grpc.GrpcClient    : [1777015267554_192.168.150.1_64087]Ignore complete event,isRunning:false,isAbandon=false
15:54:13:802  INFO 11468 --- [SpringApplicationShutdownHook] c.a.n.c.remote.client.grpc.GrpcClient    : Shutdown grpc executor java.util.concurrent.ThreadPoolExecutor@5d5d3343[Running, pool size = 5, active threads = 0, queued tasks = 0, completed tasks = 470]
15:54:13:824  INFO 11468 --- [SpringApplicationShutdownHook] com.zaxxer.hikari.HikariDataSource       : HikariPool-1 - Shutdown initiated...
15:54:13:874  INFO 11468 --- [SpringApplicationShutdownHook] com.zaxxer.hikari.HikariDataSource       : HikariPool-1 - Shutdown completed.
15:54:36:239  INFO 23420 --- [main] com.hmall.trade.TradeApplication         : Starting TradeApplication using Java 11.0.31 on LAPTOP-16OT1L5F with PID 23420 (G:\hmall\backend\trade-service\target\classes started by 18071 in G:\hmall\backend)
15:54:36:240 DEBUG 23420 --- [main] com.hmall.trade.TradeApplication         : Running with Spring Boot v2.7.12, Spring v5.3.27
15:54:36:241  INFO 23420 --- [main] com.hmall.trade.TradeApplication         : The following 1 profile is active: "dev"
15:54:37:593  INFO 23420 --- [main] o.s.cloud.context.scope.GenericScope     : BeanFactory id=020f0478-fef7-32c1-9836-19d509b1bb73
15:54:38:134  INFO 23420 --- [main] o.s.b.w.embedded.tomcat.TomcatWebServer  : Tomcat initialized with port(s): 8085 (http)
15:54:38:149  INFO 23420 --- [main] o.apache.catalina.core.StandardService   : Starting service [Tomcat]
15:54:38:149  INFO 23420 --- [main] org.apache.catalina.core.StandardEngine  : Starting Servlet engine: [Apache Tomcat/9.0.75]
15:54:38:395  INFO 23420 --- [main] o.a.c.c.C.[Tomcat].[localhost].[/]       : Initializing Spring embedded WebApplicationContext
15:54:38:395  INFO 23420 --- [main] w.s.c.ServletWebServerApplicationContext : Root WebApplicationContext: initialization completed in 2093 ms
15:54:38:653  INFO 23420 --- [main] o.s.c.openfeign.FeignClientFactoryBean   : For 'item-service' URL not provided. Will try picking an instance via load-balancing.
15:54:40:737  INFO 23420 --- [main] o.s.c.openfeign.FeignClientFactoryBean   : For 'cart-service' URL not provided. Will try picking an instance via load-balancing.
15:54:42:434  INFO 23420 --- [main] pertySourcedRequestMappingHandlerMapping : Mapped URL path [/v2/api-docs] onto method [springfox.documentation.swagger2.web.Swagger2ControllerWebMvc#getDocumentation(String, HttpServletRequest)]
15:54:43:807  INFO 23420 --- [main] com.alibaba.nacos.common.remote.client   : [RpcClientFactory] create a new rpc client of e0b56fcb-3911-4ecc-8031-de05c4a5344a
15:54:43:874  INFO 23420 --- [main] org.reflections.Reflections              : Reflections took 43 ms to scan 1 urls, producing 3 keys and 6 values 
15:54:43:914  INFO 23420 --- [main] org.reflections.Reflections              : Reflections took 17 ms to scan 1 urls, producing 4 keys and 9 values 
15:54:43:927  INFO 23420 --- [main] org.reflections.Reflections              : Reflections took 9 ms to scan 1 urls, producing 3 keys and 10 values 
15:54:43:931  WARN 23420 --- [main] org.reflections.Reflections              : given scan urls are empty. set urls in the configuration
15:54:43:942  INFO 23420 --- [main] org.reflections.Reflections              : Reflections took 10 ms to scan 1 urls, producing 1 keys and 5 values 
15:54:43:953  INFO 23420 --- [main] org.reflections.Reflections              : Reflections took 8 ms to scan 1 urls, producing 1 keys and 7 values 
15:54:43:966  INFO 23420 --- [main] org.reflections.Reflections              : Reflections took 10 ms to scan 1 urls, producing 2 keys and 8 values 
15:54:43:969  WARN 23420 --- [main] org.reflections.Reflections              : given scan urls are empty. set urls in the configuration
15:54:43:970  INFO 23420 --- [main] com.alibaba.nacos.common.remote.client   : [e0b56fcb-3911-4ecc-8031-de05c4a5344a] RpcClient init label, labels = {module=naming, source=sdk}
15:54:43:973  INFO 23420 --- [main] com.alibaba.nacos.common.remote.client   : [e0b56fcb-3911-4ecc-8031-de05c4a5344a] RpcClient init, ServerListFactory = com.alibaba.nacos.client.naming.core.ServerListManager
15:54:43:973  INFO 23420 --- [main] com.alibaba.nacos.common.remote.client   : [e0b56fcb-3911-4ecc-8031-de05c4a5344a] Registry connection listener to current client:com.alibaba.nacos.client.naming.remote.gprc.redo.NamingGrpcRedoService
15:54:43:974  INFO 23420 --- [main] com.alibaba.nacos.common.remote.client   : [e0b56fcb-3911-4ecc-8031-de05c4a5344a] Register server push request handler:com.alibaba.nacos.client.naming.remote.gprc.NamingPushRequestHandler
15:54:43:976  INFO 23420 --- [main] com.alibaba.nacos.common.remote.client   : [e0b56fcb-3911-4ecc-8031-de05c4a5344a] Try to connect to server on start up, server: {serverIp = '192.168.150.102', server main port = 8848}
15:54:47:209  INFO 23420 --- [main] com.alibaba.nacos.common.remote.client   : [e0b56fcb-3911-4ecc-8031-de05c4a5344a] Success to connect to server [192.168.150.102:8848] on start up, connectionId = 1777017286035_192.168.150.1_50511
15:54:47:210  INFO 23420 --- [com.alibaba.nacos.client.remote.worker] com.alibaba.nacos.common.remote.client   : [e0b56fcb-3911-4ecc-8031-de05c4a5344a] Notify connected event to listeners.
15:54:47:211  INFO 23420 --- [main] com.alibaba.nacos.common.remote.client   : [e0b56fcb-3911-4ecc-8031-de05c4a5344a] Register server push request handler:com.alibaba.nacos.common.remote.client.RpcClient$ConnectResetRequestHandler
15:54:47:212  INFO 23420 --- [main] com.alibaba.nacos.common.remote.client   : [e0b56fcb-3911-4ecc-8031-de05c4a5344a] Register server push request handler:com.alibaba.nacos.common.remote.client.RpcClient$$Lambda$973/0x0000000800705c40
15:54:47:305  INFO 23420 --- [main] o.s.b.w.embedded.tomcat.TomcatWebServer  : Tomcat started on port(s): 8085 (http) with context path ''
15:54:47:318  INFO 23420 --- [main] c.a.c.n.registry.NacosServiceRegistry    : nacos registry, DEFAULT_GROUP trade-service 192.168.220.1:8085 register finished
15:54:47:827  INFO 23420 --- [nacos-grpc-client-executor-8] com.alibaba.nacos.common.remote.client   : [e0b56fcb-3911-4ecc-8031-de05c4a5344a] Receive server push request, request = NotifySubscriberRequest, requestId = 61
15:54:47:844  INFO 23420 --- [nacos-grpc-client-executor-8] com.alibaba.nacos.common.remote.client   : [e0b56fcb-3911-4ecc-8031-de05c4a5344a] Ack server push request, request = NotifySubscriberRequest, requestId = 61
15:54:48:922  INFO 23420 --- [main] d.s.w.p.DocumentationPluginsBootstrapper : Documentation plugins bootstrapped
15:54:48:926  INFO 23420 --- [main] d.s.w.p.DocumentationPluginsBootstrapper : Found 1 custom documentation plugin(s)
15:54:48:947  INFO 23420 --- [main] s.d.s.w.s.ApiListingReferenceScanner     : Scanning for api listing references
15:54:49:022  INFO 23420 --- [main] com.hmall.trade.TradeApplication         : Started TradeApplication in 14.451 seconds (JVM running for 16.682)
15:56:10:226  WARN 23420 --- [Thread-7] c.a.n.common.http.HttpClientBeanHolder   : [HttpClientBeanHolder] Start destroying common HttpClient
15:56:10:226  WARN 23420 --- [Thread-4] c.a.nacos.common.notify.NotifyCenter     : [NotifyCenter] Start destroying Publisher
15:56:10:229  WARN 23420 --- [Thread-4] c.a.nacos.common.notify.NotifyCenter     : [NotifyCenter] Destruction of the end
15:56:10:236  WARN 23420 --- [Thread-7] c.a.n.common.http.HttpClientBeanHolder   : [HttpClientBeanHolder] Destruction of the end
15:56:11:229  INFO 23420 --- [SpringApplicationShutdownHook] c.a.c.n.registry.NacosServiceRegistry    : De-registering from Nacos Server now...
15:56:11:234  INFO 23420 --- [SpringApplicationShutdownHook] c.a.c.n.registry.NacosServiceRegistry    : De-registration finished.
15:56:11:573  INFO 23420 --- [SpringApplicationShutdownHook] com.alibaba.nacos.common.remote.client   : Shutdown rpc client, set status to shutdown
15:56:11:573  INFO 23420 --- [SpringApplicationShutdownHook] com.alibaba.nacos.common.remote.client   : Shutdown client event executor java.util.concurrent.ScheduledThreadPoolExecutor@2727336c[Running, pool size = 2, active threads = 2, queued tasks = 0, completed tasks = 0]
15:56:11:574  INFO 23420 --- [SpringApplicationShutdownHook] com.alibaba.nacos.common.remote.client   : Close current connection 1777017286035_192.168.150.1_50511
15:56:11:577  INFO 23420 --- [nacos-grpc-client-executor-30] c.a.n.c.remote.client.grpc.GrpcClient    : [1777017286035_192.168.150.1_50511]Ignore complete event,isRunning:false,isAbandon=false
15:56:11:585  INFO 23420 --- [SpringApplicationShutdownHook] c.a.n.c.remote.client.grpc.GrpcClient    : Shutdown grpc executor java.util.concurrent.ThreadPoolExecutor@5765a912[Running, pool size = 5, active threads = 0, queued tasks = 0, completed tasks = 31]
15:57:17:351  INFO 14276 --- [main] com.hmall.trade.TradeApplication         : Starting TradeApplication using Java 11.0.31 on LAPTOP-16OT1L5F with PID 14276 (G:\hmall\backend\trade-service\target\classes started by 18071 in G:\hmall\backend)
15:57:17:354 DEBUG 14276 --- [main] com.hmall.trade.TradeApplication         : Running with Spring Boot v2.7.12, Spring v5.3.27
15:57:17:355  INFO 14276 --- [main] com.hmall.trade.TradeApplication         : The following 1 profile is active: "dev"
15:57:18:708  INFO 14276 --- [main] o.s.cloud.context.scope.GenericScope     : BeanFactory id=020f0478-fef7-32c1-9836-19d509b1bb73
15:57:19:067  INFO 14276 --- [main] o.s.b.w.embedded.tomcat.TomcatWebServer  : Tomcat initialized with port(s): 8085 (http)
15:57:19:078  INFO 14276 --- [main] o.apache.catalina.core.StandardService   : Starting service [Tomcat]
15:57:19:078  INFO 14276 --- [main] org.apache.catalina.core.StandardEngine  : Starting Servlet engine: [Apache Tomcat/9.0.75]
15:57:19:277  INFO 14276 --- [main] o.a.c.c.C.[Tomcat].[localhost].[/]       : Initializing Spring embedded WebApplicationContext
15:57:19:278  INFO 14276 --- [main] w.s.c.ServletWebServerApplicationContext : Root WebApplicationContext: initialization completed in 1856 ms
15:57:19:605  INFO 14276 --- [main] o.s.c.openfeign.FeignClientFactoryBean   : For 'item-service' URL not provided. Will try picking an instance via load-balancing.
15:57:23:333  INFO 14276 --- [main] o.s.c.openfeign.FeignClientFactoryBean   : For 'cart-service' URL not provided. Will try picking an instance via load-balancing.
15:57:26:190  INFO 14276 --- [main] pertySourcedRequestMappingHandlerMapping : Mapped URL path [/v2/api-docs] onto method [springfox.documentation.swagger2.web.Swagger2ControllerWebMvc#getDocumentation(String, HttpServletRequest)]
15:57:28:248  INFO 14276 --- [main] com.alibaba.nacos.common.remote.client   : [RpcClientFactory] create a new rpc client of 64446ac9-f292-4d18-9b48-5e146b76a14c
15:57:28:305  INFO 14276 --- [main] org.reflections.Reflections              : Reflections took 32 ms to scan 1 urls, producing 3 keys and 6 values 
15:57:28:344  INFO 14276 --- [main] org.reflections.Reflections              : Reflections took 11 ms to scan 1 urls, producing 4 keys and 9 values 
15:57:28:356  INFO 14276 --- [main] org.reflections.Reflections              : Reflections took 7 ms to scan 1 urls, producing 3 keys and 10 values 
15:57:28:361  WARN 14276 --- [main] org.reflections.Reflections              : given scan urls are empty. set urls in the configuration
15:57:28:381  INFO 14276 --- [main] org.reflections.Reflections              : Reflections took 20 ms to scan 1 urls, producing 1 keys and 5 values 
15:57:28:396  INFO 14276 --- [main] org.reflections.Reflections              : Reflections took 11 ms to scan 1 urls, producing 1 keys and 7 values 
15:57:28:410  INFO 14276 --- [main] org.reflections.Reflections              : Reflections took 9 ms to scan 1 urls, producing 2 keys and 8 values 
15:57:28:414  WARN 14276 --- [main] org.reflections.Reflections              : given scan urls are empty. set urls in the configuration
15:57:28:415  INFO 14276 --- [main] com.alibaba.nacos.common.remote.client   : [64446ac9-f292-4d18-9b48-5e146b76a14c] RpcClient init label, labels = {module=naming, source=sdk}
15:57:28:418  INFO 14276 --- [main] com.alibaba.nacos.common.remote.client   : [64446ac9-f292-4d18-9b48-5e146b76a14c] RpcClient init, ServerListFactory = com.alibaba.nacos.client.naming.core.ServerListManager
15:57:28:419  INFO 14276 --- [main] com.alibaba.nacos.common.remote.client   : [64446ac9-f292-4d18-9b48-5e146b76a14c] Registry connection listener to current client:com.alibaba.nacos.client.naming.remote.gprc.redo.NamingGrpcRedoService
15:57:28:420  INFO 14276 --- [main] com.alibaba.nacos.common.remote.client   : [64446ac9-f292-4d18-9b48-5e146b76a14c] Register server push request handler:com.alibaba.nacos.client.naming.remote.gprc.NamingPushRequestHandler
15:57:28:422  INFO 14276 --- [main] com.alibaba.nacos.common.remote.client   : [64446ac9-f292-4d18-9b48-5e146b76a14c] Try to connect to server on start up, server: {serverIp = '192.168.150.102', server main port = 8848}
15:57:31:460  INFO 14276 --- [main] com.alibaba.nacos.common.remote.client   : [64446ac9-f292-4d18-9b48-5e146b76a14c] Success to connect to server [192.168.150.102:8848] on start up, connectionId = 1777017450356_192.168.150.1_51105
15:57:31:460  INFO 14276 --- [com.alibaba.nacos.client.remote.worker] com.alibaba.nacos.common.remote.client   : [64446ac9-f292-4d18-9b48-5e146b76a14c] Notify connected event to listeners.
15:57:31:461  INFO 14276 --- [main] com.alibaba.nacos.common.remote.client   : [64446ac9-f292-4d18-9b48-5e146b76a14c] Register server push request handler:com.alibaba.nacos.common.remote.client.RpcClient$ConnectResetRequestHandler
15:57:31:461  INFO 14276 --- [main] com.alibaba.nacos.common.remote.client   : [64446ac9-f292-4d18-9b48-5e146b76a14c] Register server push request handler:com.alibaba.nacos.common.remote.client.RpcClient$$Lambda$974/0x0000000800705040
15:57:31:523  INFO 14276 --- [main] o.s.b.w.embedded.tomcat.TomcatWebServer  : Tomcat started on port(s): 8085 (http) with context path ''
15:57:31:533  INFO 14276 --- [main] c.a.c.n.registry.NacosServiceRegistry    : nacos registry, DEFAULT_GROUP trade-service 192.168.220.1:8085 register finished
15:57:32:069  INFO 14276 --- [nacos-grpc-client-executor-9] com.alibaba.nacos.common.remote.client   : [64446ac9-f292-4d18-9b48-5e146b76a14c] Receive server push request, request = NotifySubscriberRequest, requestId = 68
15:57:32:081  INFO 14276 --- [nacos-grpc-client-executor-9] com.alibaba.nacos.common.remote.client   : [64446ac9-f292-4d18-9b48-5e146b76a14c] Ack server push request, request = NotifySubscriberRequest, requestId = 68
15:57:32:390  INFO 14276 --- [main] d.s.w.p.DocumentationPluginsBootstrapper : Documentation plugins bootstrapped
15:57:32:393  INFO 14276 --- [main] d.s.w.p.DocumentationPluginsBootstrapper : Found 1 custom documentation plugin(s)
15:57:32:411  INFO 14276 --- [main] s.d.s.w.s.ApiListingReferenceScanner     : Scanning for api listing references
15:57:32:500  INFO 14276 --- [main] com.hmall.trade.TradeApplication         : Started TradeApplication in 16.968 seconds (JVM running for 18.555)
15:57:52:720  INFO 14276 --- [http-nio-8085-exec-1] o.a.c.c.C.[Tomcat].[localhost].[/]       : Initializing Spring DispatcherServlet 'dispatcherServlet'
15:57:52:720  INFO 14276 --- [http-nio-8085-exec-1] o.s.web.servlet.DispatcherServlet        : Initializing Servlet 'dispatcherServlet'
15:57:52:721  INFO 14276 --- [http-nio-8085-exec-1] o.s.web.servlet.DispatcherServlet        : Completed initialization in 0 ms
15:57:52:763  INFO 14276 --- [http-nio-8085-exec-1] com.zaxxer.hikari.HikariDataSource       : HikariPool-1 - Starting...
15:57:52:979  INFO 14276 --- [http-nio-8085-exec-1] com.zaxxer.hikari.HikariDataSource       : HikariPool-1 - Start completed.
15:57:53:540 DEBUG 14276 --- [http-nio-8085-exec-1] c.hmall.trade.mapper.OrderMapper.insert  : ==>  Preparing: INSERT INTO `order` ( id, total_fee, payment_type, user_id, status ) VALUES ( ?, ?, ?, ?, ? )
15:57:53:559 DEBUG 14276 --- [http-nio-8085-exec-1] c.hmall.trade.mapper.OrderMapper.insert  : ==> Parameters: 2047585807766233089(Long), 87900(Integer), 3(Integer), 1(Long), 1(Integer)
15:57:53:579 DEBUG 14276 --- [http-nio-8085-exec-1] c.hmall.trade.mapper.OrderMapper.insert  : <==    Updates: 1
15:57:53:586 DEBUG 14276 --- [http-nio-8085-exec-1] c.h.t.mapper.OrderDetailMapper.insert    : ==>  Preparing: INSERT INTO order_detail ( order_id, item_id, num, name, spec, price, image ) VALUES ( ?, ?, ?, ?, ?, ?, ? )
15:57:53:587 DEBUG 14276 --- [http-nio-8085-exec-1] c.h.t.mapper.OrderDetailMapper.insert    : ==> Parameters: 2047585807766233089(Long), 100000004580(Long), 1(Integer), 薇妮(viney)女士单肩包 时尚牛皮女包百搭斜挎包女士手提大包(经典黑)(String), {"颜色": "黑色"}(String), 87900(Integer), https://m.360buyimg.com/mobilecms/s720x720_jfs/t5590/64/5811657380/234462/5398e856/5965e173N34179777.jpg!q70.jpg.webp(String)
15:57:53:651  INFO 14276 --- [nacos-grpc-client-executor-19] com.alibaba.nacos.common.remote.client   : [64446ac9-f292-4d18-9b48-5e146b76a14c] Receive server push request, request = NotifySubscriberRequest, requestId = 73
15:57:53:652  INFO 14276 --- [nacos-grpc-client-executor-19] com.alibaba.nacos.common.remote.client   : [64446ac9-f292-4d18-9b48-5e146b76a14c] Ack server push request, request = NotifySubscriberRequest, requestId = 73
15:57:54:154  INFO 14276 --- [nacos-grpc-client-executor-21] com.alibaba.nacos.common.remote.client   : [64446ac9-f292-4d18-9b48-5e146b76a14c] Receive server push request, request = NotifySubscriberRequest, requestId = 74
15:57:54:156  INFO 14276 --- [nacos-grpc-client-executor-21] com.alibaba.nacos.common.remote.client   : [64446ac9-f292-4d18-9b48-5e146b76a14c] Ack server push request, request = NotifySubscriberRequest, requestId = 74
15:57:54:276 DEBUG 14276 --- [http-nio-8085-exec-2] c.h.trade.mapper.OrderMapper.selectById  : ==>  Preparing: SELECT id,total_fee,payment_type,user_id,status,create_time,pay_time,consign_time,end_time,close_time,comment_time,update_time FROM `order` WHERE id=?
15:57:54:277 DEBUG 14276 --- [http-nio-8085-exec-2] c.h.trade.mapper.OrderMapper.selectById  : ==> Parameters: 2047585807766233089(Long)
15:57:54:288 DEBUG 14276 --- [http-nio-8085-exec-2] c.h.trade.mapper.OrderMapper.selectById  : <==      Total: 1
15:57:57:865  WARN 14276 --- [http-nio-8085-exec-3] .w.s.m.s.DefaultHandlerExceptionResolver : Resolved [org.springframework.web.HttpRequestMethodNotSupportedException: Request method 'PUT' not supported]
15:58:34:057  WARN 14276 --- [http-nio-8085-exec-4] .w.s.m.s.DefaultHandlerExceptionResolver : Resolved [org.springframework.web.HttpRequestMethodNotSupportedException: Request method 'PUT' not supported]
15:58:37:534  WARN 14276 --- [Thread-4] c.a.nacos.common.notify.NotifyCenter     : [NotifyCenter] Start destroying Publisher
15:58:37:534  WARN 14276 --- [Thread-4] c.a.nacos.common.notify.NotifyCenter     : [NotifyCenter] Destruction of the end
15:58:37:536  WARN 14276 --- [Thread-7] c.a.n.common.http.HttpClientBeanHolder   : [HttpClientBeanHolder] Start destroying common HttpClient
15:58:37:538  WARN 14276 --- [Thread-7] c.a.n.common.http.HttpClientBeanHolder   : [HttpClientBeanHolder] Destruction of the end
15:58:38:521  INFO 14276 --- [SpringApplicationShutdownHook] c.a.c.n.registry.NacosServiceRegistry    : De-registering from Nacos Server now...
15:58:38:526  INFO 14276 --- [SpringApplicationShutdownHook] c.a.c.n.registry.NacosServiceRegistry    : De-registration finished.
15:58:38:854  INFO 14276 --- [SpringApplicationShutdownHook] com.alibaba.nacos.common.remote.client   : Shutdown rpc client, set status to shutdown
15:58:38:854  INFO 14276 --- [SpringApplicationShutdownHook] com.alibaba.nacos.common.remote.client   : Shutdown client event executor java.util.concurrent.ScheduledThreadPoolExecutor@27126526[Running, pool size = 2, active threads = 2, queued tasks = 0, completed tasks = 0]
15:58:38:855  INFO 14276 --- [SpringApplicationShutdownHook] com.alibaba.nacos.common.remote.client   : Close current connection 1777017450356_192.168.150.1_51105
15:58:38:857  INFO 14276 --- [nacos-grpc-client-executor-32] c.a.n.c.remote.client.grpc.GrpcClient    : [1777017450356_192.168.150.1_51105]Ignore complete event,isRunning:false,isAbandon=false
15:58:38:864  INFO 14276 --- [SpringApplicationShutdownHook] c.a.n.c.remote.client.grpc.GrpcClient    : Shutdown grpc executor java.util.concurrent.ThreadPoolExecutor@5486ade[Running, pool size = 4, active threads = 0, queued tasks = 0, completed tasks = 33]
15:58:38:871  INFO 14276 --- [SpringApplicationShutdownHook] com.zaxxer.hikari.HikariDataSource       : HikariPool-1 - Shutdown initiated...
15:58:38:883  INFO 14276 --- [SpringApplicationShutdownHook] com.zaxxer.hikari.HikariDataSource       : HikariPool-1 - Shutdown completed.
15:58:53:922  INFO 5592 --- [main] com.hmall.trade.TradeApplication         : Starting TradeApplication using Java 11.0.31 on LAPTOP-16OT1L5F with PID 5592 (G:\hmall\backend\trade-service\target\classes started by 18071 in G:\hmall\backend)
15:58:53:923 DEBUG 5592 --- [main] com.hmall.trade.TradeApplication         : Running with Spring Boot v2.7.12, Spring v5.3.27
15:58:53:924  INFO 5592 --- [main] com.hmall.trade.TradeApplication         : The following 1 profile is active: "dev"
15:58:55:353  INFO 5592 --- [main] o.s.cloud.context.scope.GenericScope     : BeanFactory id=020f0478-fef7-32c1-9836-19d509b1bb73
15:58:55:807  INFO 5592 --- [main] o.s.b.w.embedded.tomcat.TomcatWebServer  : Tomcat initialized with port(s): 8085 (http)
15:58:55:821  INFO 5592 --- [main] o.apache.catalina.core.StandardService   : Starting service [Tomcat]
15:58:55:821  INFO 5592 --- [main] org.apache.catalina.core.StandardEngine  : Starting Servlet engine: [Apache Tomcat/9.0.75]
15:58:56:019  INFO 5592 --- [main] o.a.c.c.C.[Tomcat].[localhost].[/]       : Initializing Spring embedded WebApplicationContext
15:58:56:020  INFO 5592 --- [main] w.s.c.ServletWebServerApplicationContext : Root WebApplicationContext: initialization completed in 2046 ms
15:58:56:314  INFO 5592 --- [main] o.s.c.openfeign.FeignClientFactoryBean   : For 'item-service' URL not provided. Will try picking an instance via load-balancing.
15:58:59:689  INFO 5592 --- [main] o.s.c.openfeign.FeignClientFactoryBean   : For 'cart-service' URL not provided. Will try picking an instance via load-balancing.
15:59:01:683  INFO 5592 --- [main] pertySourcedRequestMappingHandlerMapping : Mapped URL path [/v2/api-docs] onto method [springfox.documentation.swagger2.web.Swagger2ControllerWebMvc#getDocumentation(String, HttpServletRequest)]
15:59:03:241  INFO 5592 --- [main] com.alibaba.nacos.common.remote.client   : [RpcClientFactory] create a new rpc client of 1b5e18ee-c3e3-45d2-ac97-8e8533e456bb
15:59:03:350  INFO 5592 --- [main] org.reflections.Reflections              : Reflections took 50 ms to scan 1 urls, producing 3 keys and 6 values 
15:59:03:426  INFO 5592 --- [main] org.reflections.Reflections              : Reflections took 28 ms to scan 1 urls, producing 4 keys and 9 values 
15:59:03:453  INFO 5592 --- [main] org.reflections.Reflections              : Reflections took 19 ms to scan 1 urls, producing 3 keys and 10 values 
15:59:03:463  WARN 5592 --- [main] org.reflections.Reflections              : given scan urls are empty. set urls in the configuration
15:59:03:480  INFO 5592 --- [main] org.reflections.Reflections              : Reflections took 15 ms to scan 1 urls, producing 1 keys and 5 values 
15:59:03:513  INFO 5592 --- [main] org.reflections.Reflections              : Reflections took 26 ms to scan 1 urls, producing 1 keys and 7 values 
15:59:03:537  INFO 5592 --- [main] org.reflections.Reflections              : Reflections took 15 ms to scan 1 urls, producing 2 keys and 8 values 
15:59:03:557  WARN 5592 --- [main] org.reflections.Reflections              : given scan urls are empty. set urls in the configuration
15:59:03:563  INFO 5592 --- [main] com.alibaba.nacos.common.remote.client   : [1b5e18ee-c3e3-45d2-ac97-8e8533e456bb] RpcClient init label, labels = {module=naming, source=sdk}
15:59:03:578  INFO 5592 --- [main] com.alibaba.nacos.common.remote.client   : [1b5e18ee-c3e3-45d2-ac97-8e8533e456bb] RpcClient init, ServerListFactory = com.alibaba.nacos.client.naming.core.ServerListManager
15:59:03:578  INFO 5592 --- [main] com.alibaba.nacos.common.remote.client   : [1b5e18ee-c3e3-45d2-ac97-8e8533e456bb] Registry connection listener to current client:com.alibaba.nacos.client.naming.remote.gprc.redo.NamingGrpcRedoService
15:59:03:586  INFO 5592 --- [main] com.alibaba.nacos.common.remote.client   : [1b5e18ee-c3e3-45d2-ac97-8e8533e456bb] Register server push request handler:com.alibaba.nacos.client.naming.remote.gprc.NamingPushRequestHandler
15:59:03:599  INFO 5592 --- [main] com.alibaba.nacos.common.remote.client   : [1b5e18ee-c3e3-45d2-ac97-8e8533e456bb] Try to connect to server on start up, server: {serverIp = '192.168.150.102', server main port = 8848}
15:59:08:521  INFO 5592 --- [main] com.alibaba.nacos.common.remote.client   : [1b5e18ee-c3e3-45d2-ac97-8e8533e456bb] Success to connect to server [192.168.150.102:8848] on start up, connectionId = 1777017547343_192.168.150.1_51671
15:59:08:522  INFO 5592 --- [com.alibaba.nacos.client.remote.worker] com.alibaba.nacos.common.remote.client   : [1b5e18ee-c3e3-45d2-ac97-8e8533e456bb] Notify connected event to listeners.
15:59:08:524  INFO 5592 --- [main] com.alibaba.nacos.common.remote.client   : [1b5e18ee-c3e3-45d2-ac97-8e8533e456bb] Register server push request handler:com.alibaba.nacos.common.remote.client.RpcClient$ConnectResetRequestHandler
15:59:08:524  INFO 5592 --- [main] com.alibaba.nacos.common.remote.client   : [1b5e18ee-c3e3-45d2-ac97-8e8533e456bb] Register server push request handler:com.alibaba.nacos.common.remote.client.RpcClient$$Lambda$974/0x0000000800705040
15:59:08:624  INFO 5592 --- [main] o.s.b.w.embedded.tomcat.TomcatWebServer  : Tomcat started on port(s): 8085 (http) with context path ''
15:59:08:638  INFO 5592 --- [main] c.a.c.n.registry.NacosServiceRegistry    : nacos registry, DEFAULT_GROUP trade-service 192.168.220.1:8085 register finished
15:59:09:118  INFO 5592 --- [nacos-grpc-client-executor-9] com.alibaba.nacos.common.remote.client   : [1b5e18ee-c3e3-45d2-ac97-8e8533e456bb] Receive server push request, request = NotifySubscriberRequest, requestId = 82
15:59:09:142  INFO 5592 --- [nacos-grpc-client-executor-9] com.alibaba.nacos.common.remote.client   : [1b5e18ee-c3e3-45d2-ac97-8e8533e456bb] Ack server push request, request = NotifySubscriberRequest, requestId = 82
15:59:09:566  INFO 5592 --- [main] d.s.w.p.DocumentationPluginsBootstrapper : Documentation plugins bootstrapped
15:59:09:570  INFO 5592 --- [main] d.s.w.p.DocumentationPluginsBootstrapper : Found 1 custom documentation plugin(s)
15:59:09:603  INFO 5592 --- [main] s.d.s.w.s.ApiListingReferenceScanner     : Scanning for api listing references
15:59:09:733  INFO 5592 --- [main] com.hmall.trade.TradeApplication         : Started TradeApplication in 17.639 seconds (JVM running for 19.281)
16:01:54:509  INFO 5592 --- [http-nio-8085-exec-1] o.a.c.c.C.[Tomcat].[localhost].[/]       : Initializing Spring DispatcherServlet 'dispatcherServlet'
16:01:54:509  INFO 5592 --- [http-nio-8085-exec-1] o.s.web.servlet.DispatcherServlet        : Initializing Servlet 'dispatcherServlet'
16:01:54:522  INFO 5592 --- [http-nio-8085-exec-1] o.s.web.servlet.DispatcherServlet        : Completed initialization in 13 ms
16:01:54:636  INFO 5592 --- [http-nio-8085-exec-1] com.zaxxer.hikari.HikariDataSource       : HikariPool-1 - Starting...
16:01:55:019  INFO 5592 --- [http-nio-8085-exec-1] com.zaxxer.hikari.HikariDataSource       : HikariPool-1 - Start completed.
16:01:55:029 DEBUG 5592 --- [http-nio-8085-exec-1] c.h.trade.mapper.OrderMapper.selectById  : ==>  Preparing: SELECT id,total_fee,payment_type,user_id,status,create_time,pay_time,consign_time,end_time,close_time,comment_time,update_time FROM `order` WHERE id=?
16:01:55:058 DEBUG 5592 --- [http-nio-8085-exec-1] c.h.trade.mapper.OrderMapper.selectById  : ==> Parameters: 2047585807766233089(Long)
16:01:55:090 DEBUG 5592 --- [http-nio-8085-exec-1] c.h.trade.mapper.OrderMapper.selectById  : <==      Total: 1
16:16:00:500  WARN 5592 --- [Thread-4] c.a.nacos.common.notify.NotifyCenter     : [NotifyCenter] Start destroying Publisher
16:16:00:500  WARN 5592 --- [Thread-7] c.a.n.common.http.HttpClientBeanHolder   : [HttpClientBeanHolder] Start destroying common HttpClient
16:16:00:551  WARN 5592 --- [Thread-4] c.a.nacos.common.notify.NotifyCenter     : [NotifyCenter] Destruction of the end
16:16:00:571  WARN 5592 --- [Thread-7] c.a.n.common.http.HttpClientBeanHolder   : [HttpClientBeanHolder] Destruction of the end
16:16:01:615  INFO 5592 --- [SpringApplicationShutdownHook] c.a.c.n.registry.NacosServiceRegistry    : De-registering from Nacos Server now...
16:16:01:622  INFO 5592 --- [SpringApplicationShutdownHook] c.a.c.n.registry.NacosServiceRegistry    : De-registration finished.
16:16:01:963  INFO 5592 --- [SpringApplicationShutdownHook] com.alibaba.nacos.common.remote.client   : Shutdown rpc client, set status to shutdown
16:16:01:965  INFO 5592 --- [SpringApplicationShutdownHook] com.alibaba.nacos.common.remote.client   : Shutdown client event executor java.util.concurrent.ScheduledThreadPoolExecutor@5d046ce8[Running, pool size = 2, active threads = 2, queued tasks = 0, completed tasks = 0]
16:16:01:966  INFO 5592 --- [SpringApplicationShutdownHook] com.alibaba.nacos.common.remote.client   : Close current connection 1777017547343_192.168.150.1_51671
16:16:01:969  INFO 5592 --- [nacos-grpc-client-executor-217] c.a.n.c.remote.client.grpc.GrpcClient    : [1777017547343_192.168.150.1_51671]Ignore complete event,isRunning:false,isAbandon=false
16:16:02:007  INFO 5592 --- [SpringApplicationShutdownHook] c.a.n.c.remote.client.grpc.GrpcClient    : Shutdown grpc executor java.util.concurrent.ThreadPoolExecutor@52adc70f[Running, pool size = 5, active threads = 0, queued tasks = 0, completed tasks = 218]
16:16:02:026  INFO 5592 --- [SpringApplicationShutdownHook] com.zaxxer.hikari.HikariDataSource       : HikariPool-1 - Shutdown initiated...
16:16:02:148  INFO 5592 --- [SpringApplicationShutdownHook] com.zaxxer.hikari.HikariDataSource       : HikariPool-1 - Shutdown completed.
16:16:23:104  INFO 27732 --- [main] com.hmall.trade.TradeApplication         : Starting TradeApplication using Java 11.0.31 on LAPTOP-16OT1L5F with PID 27732 (G:\hmall\backend\trade-service\target\classes started by 18071 in G:\hmall\backend)
16:16:23:105 DEBUG 27732 --- [main] com.hmall.trade.TradeApplication         : Running with Spring Boot v2.7.12, Spring v5.3.27
16:16:23:106  INFO 27732 --- [main] com.hmall.trade.TradeApplication         : The following 1 profile is active: "dev"
16:16:24:809  INFO 27732 --- [main] o.s.cloud.context.scope.GenericScope     : BeanFactory id=020f0478-fef7-32c1-9836-19d509b1bb73
16:16:25:355  INFO 27732 --- [main] o.s.b.w.embedded.tomcat.TomcatWebServer  : Tomcat initialized with port(s): 8085 (http)
16:16:25:369  INFO 27732 --- [main] o.apache.catalina.core.StandardService   : Starting service [Tomcat]
16:16:25:370  INFO 27732 --- [main] org.apache.catalina.core.StandardEngine  : Starting Servlet engine: [Apache Tomcat/9.0.75]
16:16:25:572  INFO 27732 --- [main] o.a.c.c.C.[Tomcat].[localhost].[/]       : Initializing Spring embedded WebApplicationContext
16:16:25:572  INFO 27732 --- [main] w.s.c.ServletWebServerApplicationContext : Root WebApplicationContext: initialization completed in 2406 ms
16:16:25:821  INFO 27732 --- [main] o.s.c.openfeign.FeignClientFactoryBean   : For 'item-service' URL not provided. Will try picking an instance via load-balancing.
16:16:28:896  INFO 27732 --- [main] o.s.c.openfeign.FeignClientFactoryBean   : For 'cart-service' URL not provided. Will try picking an instance via load-balancing.
16:16:30:390  INFO 27732 --- [main] pertySourcedRequestMappingHandlerMapping : Mapped URL path [/v2/api-docs] onto method [springfox.documentation.swagger2.web.Swagger2ControllerWebMvc#getDocumentation(String, HttpServletRequest)]
16:16:31:470  INFO 27732 --- [main] com.alibaba.nacos.common.remote.client   : [RpcClientFactory] create a new rpc client of c84f3111-cbe7-4756-b212-f5adae8161ee
16:16:31:513  INFO 27732 --- [main] org.reflections.Reflections              : Reflections took 21 ms to scan 1 urls, producing 3 keys and 6 values 
16:16:31:539  INFO 27732 --- [main] org.reflections.Reflections              : Reflections took 8 ms to scan 1 urls, producing 4 keys and 9 values 
16:16:31:549  INFO 27732 --- [main] org.reflections.Reflections              : Reflections took 6 ms to scan 1 urls, producing 3 keys and 10 values 
16:16:31:554  WARN 27732 --- [main] org.reflections.Reflections              : given scan urls are empty. set urls in the configuration
16:16:31:560  INFO 27732 --- [main] org.reflections.Reflections              : Reflections took 6 ms to scan 1 urls, producing 1 keys and 5 values 
16:16:31:571  INFO 27732 --- [main] org.reflections.Reflections              : Reflections took 9 ms to scan 1 urls, producing 1 keys and 7 values 
16:16:31:582  INFO 27732 --- [main] org.reflections.Reflections              : Reflections took 8 ms to scan 1 urls, producing 2 keys and 8 values 
16:16:31:585  WARN 27732 --- [main] org.reflections.Reflections              : given scan urls are empty. set urls in the configuration
16:16:31:587  INFO 27732 --- [main] com.alibaba.nacos.common.remote.client   : [c84f3111-cbe7-4756-b212-f5adae8161ee] RpcClient init label, labels = {module=naming, source=sdk}
16:16:31:589  INFO 27732 --- [main] com.alibaba.nacos.common.remote.client   : [c84f3111-cbe7-4756-b212-f5adae8161ee] RpcClient init, ServerListFactory = com.alibaba.nacos.client.naming.core.ServerListManager
16:16:31:589  INFO 27732 --- [main] com.alibaba.nacos.common.remote.client   : [c84f3111-cbe7-4756-b212-f5adae8161ee] Registry connection listener to current client:com.alibaba.nacos.client.naming.remote.gprc.redo.NamingGrpcRedoService
16:16:31:590  INFO 27732 --- [main] com.alibaba.nacos.common.remote.client   : [c84f3111-cbe7-4756-b212-f5adae8161ee] Register server push request handler:com.alibaba.nacos.client.naming.remote.gprc.NamingPushRequestHandler
16:16:31:592  INFO 27732 --- [main] com.alibaba.nacos.common.remote.client   : [c84f3111-cbe7-4756-b212-f5adae8161ee] Try to connect to server on start up, server: {serverIp = '192.168.150.102', server main port = 8848}
16:16:34:121  INFO 27732 --- [main] com.alibaba.nacos.common.remote.client   : [c84f3111-cbe7-4756-b212-f5adae8161ee] Success to connect to server [192.168.150.102:8848] on start up, connectionId = 1777018592965_192.168.150.1_53550
16:16:34:122  INFO 27732 --- [com.alibaba.nacos.client.remote.worker] com.alibaba.nacos.common.remote.client   : [c84f3111-cbe7-4756-b212-f5adae8161ee] Notify connected event to listeners.
16:16:34:124  INFO 27732 --- [main] com.alibaba.nacos.common.remote.client   : [c84f3111-cbe7-4756-b212-f5adae8161ee] Register server push request handler:com.alibaba.nacos.common.remote.client.RpcClient$ConnectResetRequestHandler
16:16:34:124  INFO 27732 --- [main] com.alibaba.nacos.common.remote.client   : [c84f3111-cbe7-4756-b212-f5adae8161ee] Register server push request handler:com.alibaba.nacos.common.remote.client.RpcClient$$Lambda$973/0x0000000800705c40
16:16:34:192  INFO 27732 --- [main] o.s.b.w.embedded.tomcat.TomcatWebServer  : Tomcat started on port(s): 8085 (http) with context path ''
16:16:34:202  INFO 27732 --- [main] c.a.c.n.registry.NacosServiceRegistry    : nacos registry, DEFAULT_GROUP trade-service 192.168.220.1:8085 register finished
16:16:34:722  INFO 27732 --- [nacos-grpc-client-executor-10] com.alibaba.nacos.common.remote.client   : [c84f3111-cbe7-4756-b212-f5adae8161ee] Receive server push request, request = NotifySubscriberRequest, requestId = 102
16:16:34:736  INFO 27732 --- [nacos-grpc-client-executor-10] com.alibaba.nacos.common.remote.client   : [c84f3111-cbe7-4756-b212-f5adae8161ee] Ack server push request, request = NotifySubscriberRequest, requestId = 102
16:16:34:847  INFO 27732 --- [main] d.s.w.p.DocumentationPluginsBootstrapper : Documentation plugins bootstrapped
16:16:34:850  INFO 27732 --- [main] d.s.w.p.DocumentationPluginsBootstrapper : Found 1 custom documentation plugin(s)
16:16:34:871  INFO 27732 --- [main] s.d.s.w.s.ApiListingReferenceScanner     : Scanning for api listing references
16:16:34:973  INFO 27732 --- [main] com.hmall.trade.TradeApplication         : Started TradeApplication in 13.998 seconds (JVM running for 16.492)
16:19:01:468  WARN 27732 --- [Thread-4] c.a.nacos.common.notify.NotifyCenter     : [NotifyCenter] Start destroying Publisher
16:19:01:468  WARN 27732 --- [Thread-7] c.a.n.common.http.HttpClientBeanHolder   : [HttpClientBeanHolder] Start destroying common HttpClient
16:19:01:475  WARN 27732 --- [Thread-4] c.a.nacos.common.notify.NotifyCenter     : [NotifyCenter] Destruction of the end
16:19:01:476  WARN 27732 --- [Thread-7] c.a.n.common.http.HttpClientBeanHolder   : [HttpClientBeanHolder] Destruction of the end
16:19:02:289  INFO 27732 --- [SpringApplicationShutdownHook] c.a.c.n.registry.NacosServiceRegistry    : De-registering from Nacos Server now...
16:19:02:294  INFO 27732 --- [SpringApplicationShutdownHook] c.a.c.n.registry.NacosServiceRegistry    : De-registration finished.
16:19:02:625  INFO 27732 --- [SpringApplicationShutdownHook] com.alibaba.nacos.common.remote.client   : Shutdown rpc client, set status to shutdown
16:19:02:625  INFO 27732 --- [SpringApplicationShutdownHook] com.alibaba.nacos.common.remote.client   : Shutdown client event executor java.util.concurrent.ScheduledThreadPoolExecutor@21735b60[Running, pool size = 2, active threads = 2, queued tasks = 0, completed tasks = 0]
16:19:02:625  INFO 27732 --- [SpringApplicationShutdownHook] com.alibaba.nacos.common.remote.client   : Close current connection 1777018592965_192.168.150.1_53550
16:19:02:627  INFO 27732 --- [nacos-grpc-client-executor-44] c.a.n.c.remote.client.grpc.GrpcClient    : [1777018592965_192.168.150.1_53550]Ignore complete event,isRunning:false,isAbandon=false
16:19:02:636  INFO 27732 --- [SpringApplicationShutdownHook] c.a.n.c.remote.client.grpc.GrpcClient    : Shutdown grpc executor java.util.concurrent.ThreadPoolExecutor@36d59428[Running, pool size = 5, active threads = 0, queued tasks = 0, completed tasks = 45]
19:22:21:941  INFO 20240 --- [main] com.hmall.trade.TradeApplication         : Starting TradeApplication using Java 11.0.31 on LAPTOP-16OT1L5F with PID 20240 (G:\hmall\backend\trade-service\target\classes started by 18071 in G:\hmall\backend)
19:22:21:944 DEBUG 20240 --- [main] com.hmall.trade.TradeApplication         : Running with Spring Boot v2.7.12, Spring v5.3.27
19:22:21:945  INFO 20240 --- [main] com.hmall.trade.TradeApplication         : The following 1 profile is active: "dev"
19:22:23:129  INFO 20240 --- [main] o.s.cloud.context.scope.GenericScope     : BeanFactory id=020f0478-fef7-32c1-9836-19d509b1bb73
19:22:23:518  INFO 20240 --- [main] o.s.b.w.embedded.tomcat.TomcatWebServer  : Tomcat initialized with port(s): 8085 (http)
19:22:23:533  INFO 20240 --- [main] o.apache.catalina.core.StandardService   : Starting service [Tomcat]
19:22:23:533  INFO 20240 --- [main] org.apache.catalina.core.StandardEngine  : Starting Servlet engine: [Apache Tomcat/9.0.75]
19:22:23:717  INFO 20240 --- [main] o.a.c.c.C.[Tomcat].[localhost].[/]       : Initializing Spring embedded WebApplicationContext
19:22:23:718  INFO 20240 --- [main] w.s.c.ServletWebServerApplicationContext : Root WebApplicationContext: initialization completed in 1723 ms
19:22:23:971  INFO 20240 --- [main] o.s.c.openfeign.FeignClientFactoryBean   : For 'item-service' URL not provided. Will try picking an instance via load-balancing.
19:22:26:454  INFO 20240 --- [main] o.s.c.openfeign.FeignClientFactoryBean   : For 'cart-service' URL not provided. Will try picking an instance via load-balancing.
19:22:27:796  INFO 20240 --- [main] pertySourcedRequestMappingHandlerMapping : Mapped URL path [/v2/api-docs] onto method [springfox.documentation.swagger2.web.Swagger2ControllerWebMvc#getDocumentation(String, HttpServletRequest)]
19:22:28:748  INFO 20240 --- [main] com.alibaba.nacos.common.remote.client   : [RpcClientFactory] create a new rpc client of ee4a52ac-2f3d-4b70-a67e-6c99d206c874
19:22:28:785  INFO 20240 --- [main] org.reflections.Reflections              : Reflections took 19 ms to scan 1 urls, producing 3 keys and 6 values 
19:22:28:807  INFO 20240 --- [main] org.reflections.Reflections              : Reflections took 8 ms to scan 1 urls, producing 4 keys and 9 values 
19:22:28:820  INFO 20240 --- [main] org.reflections.Reflections              : Reflections took 10 ms to scan 1 urls, producing 3 keys and 10 values 
19:22:28:825  WARN 20240 --- [main] org.reflections.Reflections              : given scan urls are empty. set urls in the configuration
19:22:28:844  INFO 20240 --- [main] org.reflections.Reflections              : Reflections took 19 ms to scan 1 urls, producing 1 keys and 5 values 
19:22:28:853  INFO 20240 --- [main] org.reflections.Reflections              : Reflections took 7 ms to scan 1 urls, producing 1 keys and 7 values 
19:22:28:862  INFO 20240 --- [main] org.reflections.Reflections              : Reflections took 7 ms to scan 1 urls, producing 2 keys and 8 values 
19:22:28:864  WARN 20240 --- [main] org.reflections.Reflections              : given scan urls are empty. set urls in the configuration
19:22:28:865  INFO 20240 --- [main] com.alibaba.nacos.common.remote.client   : [ee4a52ac-2f3d-4b70-a67e-6c99d206c874] RpcClient init label, labels = {module=naming, source=sdk}
19:22:28:867  INFO 20240 --- [main] com.alibaba.nacos.common.remote.client   : [ee4a52ac-2f3d-4b70-a67e-6c99d206c874] RpcClient init, ServerListFactory = com.alibaba.nacos.client.naming.core.ServerListManager
19:22:28:867  INFO 20240 --- [main] com.alibaba.nacos.common.remote.client   : [ee4a52ac-2f3d-4b70-a67e-6c99d206c874] Registry connection listener to current client:com.alibaba.nacos.client.naming.remote.gprc.redo.NamingGrpcRedoService
19:22:28:867  INFO 20240 --- [main] com.alibaba.nacos.common.remote.client   : [ee4a52ac-2f3d-4b70-a67e-6c99d206c874] Register server push request handler:com.alibaba.nacos.client.naming.remote.gprc.NamingPushRequestHandler
19:22:28:869  INFO 20240 --- [main] com.alibaba.nacos.common.remote.client   : [ee4a52ac-2f3d-4b70-a67e-6c99d206c874] Try to connect to server on start up, server: {serverIp = '192.168.150.102', server main port = 8848}
19:22:32:726 ERROR 20240 --- [main] c.a.n.c.remote.client.grpc.GrpcClient    : Server check fail, please check server 192.168.150.102 ,port 9848 is available , error ={}

java.util.concurrent.TimeoutException: Waited 3000 milliseconds (plus 4 milliseconds, 978500 nanoseconds delay) for com.alibaba.nacos.shaded.io.grpc.stub.ClientCalls$GrpcFuture@55c341d0[status=PENDING, info=[GrpcFuture{clientCall={delegate={delegate=ClientCallImpl{method=MethodDescriptor{fullMethodName=Request/request, type=UNARY, idempotent=false, safe=false, sampledToLocalTracing=true, requestMarshaller=com.alibaba.nacos.shaded.io.grpc.protobuf.lite.ProtoLiteUtils$MessageMarshaller@c96c497, responseMarshaller=com.alibaba.nacos.shaded.io.grpc.protobuf.lite.ProtoLiteUtils$MessageMarshaller@6e337ba1, schemaDescriptor=com.alibaba.nacos.api.grpc.auto.RequestGrpc$RequestMethodDescriptorSupplier@53a16dd6}}}}}]]
	at com.alibaba.nacos.shaded.com.google.common.util.concurrent.AbstractFuture.get(AbstractFuture.java:508) ~[nacos-client-2.0.4.jar:na]
	at com.alibaba.nacos.common.remote.client.grpc.GrpcClient.serverCheck(GrpcClient.java:148) ~[nacos-client-2.0.4.jar:na]
	at com.alibaba.nacos.common.remote.client.grpc.GrpcClient.connectToServer(GrpcClient.java:264) ~[nacos-client-2.0.4.jar:na]
	at com.alibaba.nacos.common.remote.client.RpcClient.start(RpcClient.java:390) ~[nacos-client-2.0.4.jar:na]
	at com.alibaba.nacos.client.naming.remote.gprc.NamingGrpcClientProxy.start(NamingGrpcClientProxy.java:96) ~[nacos-client-2.0.4.jar:na]
	at com.alibaba.nacos.client.naming.remote.gprc.NamingGrpcClientProxy.<init>(NamingGrpcClientProxy.java:89) ~[nacos-client-2.0.4.jar:na]
	at com.alibaba.nacos.client.naming.remote.NamingClientProxyDelegate.<init>(NamingClientProxyDelegate.java:76) ~[nacos-client-2.0.4.jar:na]
	at com.alibaba.nacos.client.naming.NacosNamingService.init(NacosNamingService.java:95) ~[nacos-client-2.0.4.jar:na]
	at com.alibaba.nacos.client.naming.NacosNamingService.<init>(NacosNamingService.java:81) ~[nacos-client-2.0.4.jar:na]
	at java.base/jdk.internal.reflect.NativeConstructorAccessorImpl.newInstance0(Native Method) ~[na:na]
	at java.base/jdk.internal.reflect.NativeConstructorAccessorImpl.newInstance(NativeConstructorAccessorImpl.java:62) ~[na:na]
	at java.base/jdk.internal.reflect.DelegatingConstructorAccessorImpl.newInstance(DelegatingConstructorAccessorImpl.java:45) ~[na:na]
	at java.base/java.lang.reflect.Constructor.newInstance(Constructor.java:490) ~[na:na]
	at com.alibaba.nacos.api.naming.NamingFactory.createNamingService(NamingFactory.java:59) ~[nacos-client-2.0.4.jar:na]
	at com.alibaba.nacos.api.NacosFactory.createNamingService(NacosFactory.java:77) ~[nacos-client-2.0.4.jar:na]
	at com.alibaba.cloud.nacos.NacosServiceManager.createNewNamingService(NacosServiceManager.java:99) ~[spring-cloud-starter-alibaba-nacos-discovery-2021.0.4.0.jar:2021.0.4.0]
	at com.alibaba.cloud.nacos.NacosServiceManager.buildNamingService(NacosServiceManager.java:90) ~[spring-cloud-starter-alibaba-nacos-discovery-2021.0.4.0.jar:2021.0.4.0]
	at com.alibaba.cloud.nacos.NacosServiceManager.getNamingService(NacosServiceManager.java:46) ~[spring-cloud-starter-alibaba-nacos-discovery-2021.0.4.0.jar:2021.0.4.0]
	at com.alibaba.cloud.nacos.discovery.NacosWatch.start(NacosWatch.java:130) ~[spring-cloud-starter-alibaba-nacos-discovery-2021.0.4.0.jar:2021.0.4.0]
	at org.springframework.context.support.DefaultLifecycleProcessor.doStart(DefaultLifecycleProcessor.java:178) ~[spring-context-5.3.27.jar:5.3.27]
	at org.springframework.context.support.DefaultLifecycleProcessor.access$200(DefaultLifecycleProcessor.java:54) ~[spring-context-5.3.27.jar:5.3.27]
	at org.springframework.context.support.DefaultLifecycleProcessor$LifecycleGroup.start(DefaultLifecycleProcessor.java:356) ~[spring-context-5.3.27.jar:5.3.27]
	at java.base/java.lang.Iterable.forEach(Iterable.java:75) ~[na:na]
	at org.springframework.context.support.DefaultLifecycleProcessor.startBeans(DefaultLifecycleProcessor.java:155) ~[spring-context-5.3.27.jar:5.3.27]
	at org.springframework.context.support.DefaultLifecycleProcessor.onRefresh(DefaultLifecycleProcessor.java:123) ~[spring-context-5.3.27.jar:5.3.27]
	at org.springframework.context.support.AbstractApplicationContext.finishRefresh(AbstractApplicationContext.java:937) ~[spring-context-5.3.27.jar:5.3.27]
	at org.springframework.context.support.AbstractApplicationContext.refresh(AbstractApplicationContext.java:586) ~[spring-context-5.3.27.jar:5.3.27]
	at org.springframework.boot.web.servlet.context.ServletWebServerApplicationContext.refresh(ServletWebServerApplicationContext.java:147) ~[spring-boot-2.7.12.jar:2.7.12]
	at org.springframework.boot.SpringApplication.refresh(SpringApplication.java:731) ~[spring-boot-2.7.12.jar:2.7.12]
	at org.springframework.boot.SpringApplication.refreshContext(SpringApplication.java:408) ~[spring-boot-2.7.12.jar:2.7.12]
	at org.springframework.boot.SpringApplication.run(SpringApplication.java:307) ~[spring-boot-2.7.12.jar:2.7.12]
	at org.springframework.boot.SpringApplication.run(SpringApplication.java:1303) ~[spring-boot-2.7.12.jar:2.7.12]
	at org.springframework.boot.SpringApplication.run(SpringApplication.java:1292) ~[spring-boot-2.7.12.jar:2.7.12]
	at com.hmall.trade.TradeApplication.main(TradeApplication.java:14) ~[classes/:na]

19:22:32:732  INFO 20240 --- [main] com.alibaba.nacos.common.remote.client   : [ee4a52ac-2f3d-4b70-a67e-6c99d206c874] Try to connect to server on start up, server: {serverIp = '192.168.150.102', server main port = 8848}
19:22:35:748 ERROR 20240 --- [main] c.a.n.c.remote.client.grpc.GrpcClient    : Server check fail, please check server 192.168.150.102 ,port 9848 is available , error ={}

java.util.concurrent.TimeoutException: Waited 3000 milliseconds (plus 14 milliseconds, 376900 nanoseconds delay) for com.alibaba.nacos.shaded.io.grpc.stub.ClientCalls$GrpcFuture@46590dd0[status=PENDING, info=[GrpcFuture{clientCall={delegate={delegate=ClientCallImpl{method=MethodDescriptor{fullMethodName=Request/request, type=UNARY, idempotent=false, safe=false, sampledToLocalTracing=true, requestMarshaller=com.alibaba.nacos.shaded.io.grpc.protobuf.lite.ProtoLiteUtils$MessageMarshaller@c96c497, responseMarshaller=com.alibaba.nacos.shaded.io.grpc.protobuf.lite.ProtoLiteUtils$MessageMarshaller@6e337ba1, schemaDescriptor=com.alibaba.nacos.api.grpc.auto.RequestGrpc$RequestMethodDescriptorSupplier@53a16dd6}}}}}]]
	at com.alibaba.nacos.shaded.com.google.common.util.concurrent.AbstractFuture.get(AbstractFuture.java:508) ~[nacos-client-2.0.4.jar:na]
	at com.alibaba.nacos.common.remote.client.grpc.GrpcClient.serverCheck(GrpcClient.java:148) ~[nacos-client-2.0.4.jar:na]
	at com.alibaba.nacos.common.remote.client.grpc.GrpcClient.connectToServer(GrpcClient.java:264) ~[nacos-client-2.0.4.jar:na]
	at com.alibaba.nacos.common.remote.client.RpcClient.start(RpcClient.java:390) ~[nacos-client-2.0.4.jar:na]
	at com.alibaba.nacos.client.naming.remote.gprc.NamingGrpcClientProxy.start(NamingGrpcClientProxy.java:96) ~[nacos-client-2.0.4.jar:na]
	at com.alibaba.nacos.client.naming.remote.gprc.NamingGrpcClientProxy.<init>(NamingGrpcClientProxy.java:89) ~[nacos-client-2.0.4.jar:na]
	at com.alibaba.nacos.client.naming.remote.NamingClientProxyDelegate.<init>(NamingClientProxyDelegate.java:76) ~[nacos-client-2.0.4.jar:na]
	at com.alibaba.nacos.client.naming.NacosNamingService.init(NacosNamingService.java:95) ~[nacos-client-2.0.4.jar:na]
	at com.alibaba.nacos.client.naming.NacosNamingService.<init>(NacosNamingService.java:81) ~[nacos-client-2.0.4.jar:na]
	at java.base/jdk.internal.reflect.NativeConstructorAccessorImpl.newInstance0(Native Method) ~[na:na]
	at java.base/jdk.internal.reflect.NativeConstructorAccessorImpl.newInstance(NativeConstructorAccessorImpl.java:62) ~[na:na]
	at java.base/jdk.internal.reflect.DelegatingConstructorAccessorImpl.newInstance(DelegatingConstructorAccessorImpl.java:45) ~[na:na]
	at java.base/java.lang.reflect.Constructor.newInstance(Constructor.java:490) ~[na:na]
	at com.alibaba.nacos.api.naming.NamingFactory.createNamingService(NamingFactory.java:59) ~[nacos-client-2.0.4.jar:na]
	at com.alibaba.nacos.api.NacosFactory.createNamingService(NacosFactory.java:77) ~[nacos-client-2.0.4.jar:na]
	at com.alibaba.cloud.nacos.NacosServiceManager.createNewNamingService(NacosServiceManager.java:99) ~[spring-cloud-starter-alibaba-nacos-discovery-2021.0.4.0.jar:2021.0.4.0]
	at com.alibaba.cloud.nacos.NacosServiceManager.buildNamingService(NacosServiceManager.java:90) ~[spring-cloud-starter-alibaba-nacos-discovery-2021.0.4.0.jar:2021.0.4.0]
	at com.alibaba.cloud.nacos.NacosServiceManager.getNamingService(NacosServiceManager.java:46) ~[spring-cloud-starter-alibaba-nacos-discovery-2021.0.4.0.jar:2021.0.4.0]
	at com.alibaba.cloud.nacos.discovery.NacosWatch.start(NacosWatch.java:130) ~[spring-cloud-starter-alibaba-nacos-discovery-2021.0.4.0.jar:2021.0.4.0]
	at org.springframework.context.support.DefaultLifecycleProcessor.doStart(DefaultLifecycleProcessor.java:178) ~[spring-context-5.3.27.jar:5.3.27]
	at org.springframework.context.support.DefaultLifecycleProcessor.access$200(DefaultLifecycleProcessor.java:54) ~[spring-context-5.3.27.jar:5.3.27]
	at org.springframework.context.support.DefaultLifecycleProcessor$LifecycleGroup.start(DefaultLifecycleProcessor.java:356) ~[spring-context-5.3.27.jar:5.3.27]
	at java.base/java.lang.Iterable.forEach(Iterable.java:75) ~[na:na]
	at org.springframework.context.support.DefaultLifecycleProcessor.startBeans(DefaultLifecycleProcessor.java:155) ~[spring-context-5.3.27.jar:5.3.27]
	at org.springframework.context.support.DefaultLifecycleProcessor.onRefresh(DefaultLifecycleProcessor.java:123) ~[spring-context-5.3.27.jar:5.3.27]
	at org.springframework.context.support.AbstractApplicationContext.finishRefresh(AbstractApplicationContext.java:937) ~[spring-context-5.3.27.jar:5.3.27]
	at org.springframework.context.support.AbstractApplicationContext.refresh(AbstractApplicationContext.java:586) ~[spring-context-5.3.27.jar:5.3.27]
	at org.springframework.boot.web.servlet.context.ServletWebServerApplicationContext.refresh(ServletWebServerApplicationContext.java:147) ~[spring-boot-2.7.12.jar:2.7.12]
	at org.springframework.boot.SpringApplication.refresh(SpringApplication.java:731) ~[spring-boot-2.7.12.jar:2.7.12]
	at org.springframework.boot.SpringApplication.refreshContext(SpringApplication.java:408) ~[spring-boot-2.7.12.jar:2.7.12]
	at org.springframework.boot.SpringApplication.run(SpringApplication.java:307) ~[spring-boot-2.7.12.jar:2.7.12]
	at org.springframework.boot.SpringApplication.run(SpringApplication.java:1303) ~[spring-boot-2.7.12.jar:2.7.12]
	at org.springframework.boot.SpringApplication.run(SpringApplication.java:1292) ~[spring-boot-2.7.12.jar:2.7.12]
	at com.hmall.trade.TradeApplication.main(TradeApplication.java:14) ~[classes/:na]

19:22:35:749  INFO 20240 --- [main] com.alibaba.nacos.common.remote.client   : [ee4a52ac-2f3d-4b70-a67e-6c99d206c874] Try to connect to server on start up, server: {serverIp = '192.168.150.102', server main port = 8848}
19:22:38:761 ERROR 20240 --- [main] c.a.n.c.remote.client.grpc.GrpcClient    : Server check fail, please check server 192.168.150.102 ,port 9848 is available , error ={}

java.util.concurrent.TimeoutException: Waited 3000 milliseconds (plus 10 milliseconds, 405600 nanoseconds delay) for com.alibaba.nacos.shaded.io.grpc.stub.ClientCalls$GrpcFuture@a4dcede[status=PENDING, info=[GrpcFuture{clientCall={delegate={delegate=ClientCallImpl{method=MethodDescriptor{fullMethodName=Request/request, type=UNARY, idempotent=false, safe=false, sampledToLocalTracing=true, requestMarshaller=com.alibaba.nacos.shaded.io.grpc.protobuf.lite.ProtoLiteUtils$MessageMarshaller@c96c497, responseMarshaller=com.alibaba.nacos.shaded.io.grpc.protobuf.lite.ProtoLiteUtils$MessageMarshaller@6e337ba1, schemaDescriptor=com.alibaba.nacos.api.grpc.auto.RequestGrpc$RequestMethodDescriptorSupplier@53a16dd6}}}}}]]
	at com.alibaba.nacos.shaded.com.google.common.util.concurrent.AbstractFuture.get(AbstractFuture.java:508) ~[nacos-client-2.0.4.jar:na]
	at com.alibaba.nacos.common.remote.client.grpc.GrpcClient.serverCheck(GrpcClient.java:148) ~[nacos-client-2.0.4.jar:na]
	at com.alibaba.nacos.common.remote.client.grpc.GrpcClient.connectToServer(GrpcClient.java:264) ~[nacos-client-2.0.4.jar:na]
	at com.alibaba.nacos.common.remote.client.RpcClient.start(RpcClient.java:390) ~[nacos-client-2.0.4.jar:na]
	at com.alibaba.nacos.client.naming.remote.gprc.NamingGrpcClientProxy.start(NamingGrpcClientProxy.java:96) ~[nacos-client-2.0.4.jar:na]
	at com.alibaba.nacos.client.naming.remote.gprc.NamingGrpcClientProxy.<init>(NamingGrpcClientProxy.java:89) ~[nacos-client-2.0.4.jar:na]
	at com.alibaba.nacos.client.naming.remote.NamingClientProxyDelegate.<init>(NamingClientProxyDelegate.java:76) ~[nacos-client-2.0.4.jar:na]
	at com.alibaba.nacos.client.naming.NacosNamingService.init(NacosNamingService.java:95) ~[nacos-client-2.0.4.jar:na]
	at com.alibaba.nacos.client.naming.NacosNamingService.<init>(NacosNamingService.java:81) ~[nacos-client-2.0.4.jar:na]
	at java.base/jdk.internal.reflect.NativeConstructorAccessorImpl.newInstance0(Native Method) ~[na:na]
	at java.base/jdk.internal.reflect.NativeConstructorAccessorImpl.newInstance(NativeConstructorAccessorImpl.java:62) ~[na:na]
	at java.base/jdk.internal.reflect.DelegatingConstructorAccessorImpl.newInstance(DelegatingConstructorAccessorImpl.java:45) ~[na:na]
	at java.base/java.lang.reflect.Constructor.newInstance(Constructor.java:490) ~[na:na]
	at com.alibaba.nacos.api.naming.NamingFactory.createNamingService(NamingFactory.java:59) ~[nacos-client-2.0.4.jar:na]
	at com.alibaba.nacos.api.NacosFactory.createNamingService(NacosFactory.java:77) ~[nacos-client-2.0.4.jar:na]
	at com.alibaba.cloud.nacos.NacosServiceManager.createNewNamingService(NacosServiceManager.java:99) ~[spring-cloud-starter-alibaba-nacos-discovery-2021.0.4.0.jar:2021.0.4.0]
	at com.alibaba.cloud.nacos.NacosServiceManager.buildNamingService(NacosServiceManager.java:90) ~[spring-cloud-starter-alibaba-nacos-discovery-2021.0.4.0.jar:2021.0.4.0]
	at com.alibaba.cloud.nacos.NacosServiceManager.getNamingService(NacosServiceManager.java:46) ~[spring-cloud-starter-alibaba-nacos-discovery-2021.0.4.0.jar:2021.0.4.0]
	at com.alibaba.cloud.nacos.discovery.NacosWatch.start(NacosWatch.java:130) ~[spring-cloud-starter-alibaba-nacos-discovery-2021.0.4.0.jar:2021.0.4.0]
	at org.springframework.context.support.DefaultLifecycleProcessor.doStart(DefaultLifecycleProcessor.java:178) ~[spring-context-5.3.27.jar:5.3.27]
	at org.springframework.context.support.DefaultLifecycleProcessor.access$200(DefaultLifecycleProcessor.java:54) ~[spring-context-5.3.27.jar:5.3.27]
	at org.springframework.context.support.DefaultLifecycleProcessor$LifecycleGroup.start(DefaultLifecycleProcessor.java:356) ~[spring-context-5.3.27.jar:5.3.27]
	at java.base/java.lang.Iterable.forEach(Iterable.java:75) ~[na:na]
	at org.springframework.context.support.DefaultLifecycleProcessor.startBeans(DefaultLifecycleProcessor.java:155) ~[spring-context-5.3.27.jar:5.3.27]
	at org.springframework.context.support.DefaultLifecycleProcessor.onRefresh(DefaultLifecycleProcessor.java:123) ~[spring-context-5.3.27.jar:5.3.27]
	at org.springframework.context.support.AbstractApplicationContext.finishRefresh(AbstractApplicationContext.java:937) ~[spring-context-5.3.27.jar:5.3.27]
	at org.springframework.context.support.AbstractApplicationContext.refresh(AbstractApplicationContext.java:586) ~[spring-context-5.3.27.jar:5.3.27]
	at org.springframework.boot.web.servlet.context.ServletWebServerApplicationContext.refresh(ServletWebServerApplicationContext.java:147) ~[spring-boot-2.7.12.jar:2.7.12]
	at org.springframework.boot.SpringApplication.refresh(SpringApplication.java:731) ~[spring-boot-2.7.12.jar:2.7.12]
	at org.springframework.boot.SpringApplication.refreshContext(SpringApplication.java:408) ~[spring-boot-2.7.12.jar:2.7.12]
	at org.springframework.boot.SpringApplication.run(SpringApplication.java:307) ~[spring-boot-2.7.12.jar:2.7.12]
	at org.springframework.boot.SpringApplication.run(SpringApplication.java:1303) ~[spring-boot-2.7.12.jar:2.7.12]
	at org.springframework.boot.SpringApplication.run(SpringApplication.java:1292) ~[spring-boot-2.7.12.jar:2.7.12]
	at com.hmall.trade.TradeApplication.main(TradeApplication.java:14) ~[classes/:na]

19:22:38:762  INFO 20240 --- [com.alibaba.nacos.client.remote.worker] com.alibaba.nacos.common.remote.client   : [ee4a52ac-2f3d-4b70-a67e-6c99d206c874] Try to reconnect to a new server, server is  not appointed, will choose a random server.
19:22:38:763  INFO 20240 --- [main] com.alibaba.nacos.common.remote.client   : [ee4a52ac-2f3d-4b70-a67e-6c99d206c874] Register server push request handler:com.alibaba.nacos.common.remote.client.RpcClient$ConnectResetRequestHandler
19:22:38:764  INFO 20240 --- [main] com.alibaba.nacos.common.remote.client   : [ee4a52ac-2f3d-4b70-a67e-6c99d206c874] Register server push request handler:com.alibaba.nacos.common.remote.client.RpcClient$$Lambda$974/0x0000000800705440
19:22:38:873 ERROR 20240 --- [main] com.alibaba.nacos.common.remote.client   : Send request fail, request = SubscribeServiceRequest{headers={app=unknown}, requestId='null'}, retryTimes = 0, errorMessage = Client not connected, current status:STARTING
19:22:38:982 ERROR 20240 --- [main] com.alibaba.nacos.common.remote.client   : Send request fail, request = SubscribeServiceRequest{headers={app=unknown}, requestId='null'}, retryTimes = 1, errorMessage = Client not connected, current status:STARTING
19:22:39:092 ERROR 20240 --- [main] com.alibaba.nacos.common.remote.client   : Send request fail, request = SubscribeServiceRequest{headers={app=unknown}, requestId='null'}, retryTimes = 2, errorMessage = Client not connected, current status:STARTING
19:22:39:092 ERROR 20240 --- [main] c.a.cloud.nacos.discovery.NacosWatch     : namingService subscribe failed, properties:NacosDiscoveryProperties{serverAddr='192.168.150.102', username='', password='', endpoint='', namespace='', watchDelay=30000, logName='', service='trade-service', weight=1.0, clusterName='DEFAULT', group='DEFAULT_GROUP', namingLoadCacheAtStart='false', metadata={preserved.register.source=SPRING_CLOUD}, registerEnabled=true, ip='192.168.220.1', networkInterface='', port=-1, secure=false, accessKey='', secretKey='', heartBeatInterval=null, heartBeatTimeout=null, ipDeleteTimeout=null, instanceEnabled=true, ephemeral=true, failureToleranceEnabled=false}, ipDeleteTimeout=null, failFast=true}

com.alibaba.nacos.api.exception.NacosException: Request nacos server failed: 
	at com.alibaba.nacos.client.naming.remote.gprc.NamingGrpcClientProxy.requestToServer(NamingGrpcClientProxy.java:290) ~[nacos-client-2.0.4.jar:na]
	at com.alibaba.nacos.client.naming.remote.gprc.NamingGrpcClientProxy.doSubscribe(NamingGrpcClientProxy.java:230) ~[nacos-client-2.0.4.jar:na]
	at com.alibaba.nacos.client.naming.remote.gprc.NamingGrpcClientProxy.subscribe(NamingGrpcClientProxy.java:215) ~[nacos-client-2.0.4.jar:na]
	at com.alibaba.nacos.client.naming.remote.NamingClientProxyDelegate.subscribe(NamingClientProxyDelegate.java:147) ~[nacos-client-2.0.4.jar:na]
	at com.alibaba.nacos.client.naming.NacosNamingService.subscribe(NacosNamingService.java:393) ~[nacos-client-2.0.4.jar:na]
	at com.alibaba.cloud.nacos.discovery.NacosWatch.start(NacosWatch.java:132) ~[spring-cloud-starter-alibaba-nacos-discovery-2021.0.4.0.jar:2021.0.4.0]
	at org.springframework.context.support.DefaultLifecycleProcessor.doStart(DefaultLifecycleProcessor.java:178) ~[spring-context-5.3.27.jar:5.3.27]
	at org.springframework.context.support.DefaultLifecycleProcessor.access$200(DefaultLifecycleProcessor.java:54) ~[spring-context-5.3.27.jar:5.3.27]
	at org.springframework.context.support.DefaultLifecycleProcessor$LifecycleGroup.start(DefaultLifecycleProcessor.java:356) ~[spring-context-5.3.27.jar:5.3.27]
	at java.base/java.lang.Iterable.forEach(Iterable.java:75) ~[na:na]
	at org.springframework.context.support.DefaultLifecycleProcessor.startBeans(DefaultLifecycleProcessor.java:155) ~[spring-context-5.3.27.jar:5.3.27]
	at org.springframework.context.support.DefaultLifecycleProcessor.onRefresh(DefaultLifecycleProcessor.java:123) ~[spring-context-5.3.27.jar:5.3.27]
	at org.springframework.context.support.AbstractApplicationContext.finishRefresh(AbstractApplicationContext.java:937) ~[spring-context-5.3.27.jar:5.3.27]
	at org.springframework.context.support.AbstractApplicationContext.refresh(AbstractApplicationContext.java:586) ~[spring-context-5.3.27.jar:5.3.27]
	at org.springframework.boot.web.servlet.context.ServletWebServerApplicationContext.refresh(ServletWebServerApplicationContext.java:147) ~[spring-boot-2.7.12.jar:2.7.12]
	at org.springframework.boot.SpringApplication.refresh(SpringApplication.java:731) ~[spring-boot-2.7.12.jar:2.7.12]
	at org.springframework.boot.SpringApplication.refreshContext(SpringApplication.java:408) ~[spring-boot-2.7.12.jar:2.7.12]
	at org.springframework.boot.SpringApplication.run(SpringApplication.java:307) ~[spring-boot-2.7.12.jar:2.7.12]
	at org.springframework.boot.SpringApplication.run(SpringApplication.java:1303) ~[spring-boot-2.7.12.jar:2.7.12]
	at org.springframework.boot.SpringApplication.run(SpringApplication.java:1292) ~[spring-boot-2.7.12.jar:2.7.12]
	at com.hmall.trade.TradeApplication.main(TradeApplication.java:14) ~[classes/:na]
Caused by: com.alibaba.nacos.api.exception.NacosException: Client not connected, current status:STARTING
	at com.alibaba.nacos.common.remote.client.RpcClient.request(RpcClient.java:650) ~[nacos-client-2.0.4.jar:na]
	at com.alibaba.nacos.common.remote.client.RpcClient.request(RpcClient.java:630) ~[nacos-client-2.0.4.jar:na]
	at com.alibaba.nacos.client.naming.remote.gprc.NamingGrpcClientProxy.requestToServer(NamingGrpcClientProxy.java:280) ~[nacos-client-2.0.4.jar:na]
	... 20 common frames omitted

19:22:39:104  INFO 20240 --- [main] o.s.b.w.embedded.tomcat.TomcatWebServer  : Tomcat started on port(s): 8085 (http) with context path ''
19:22:39:220 ERROR 20240 --- [main] com.alibaba.nacos.common.remote.client   : Send request fail, request = InstanceRequest{headers={app=unknown}, requestId='null'}, retryTimes = 0, errorMessage = Client not connected, current status:STARTING
19:22:39:329 ERROR 20240 --- [main] com.alibaba.nacos.common.remote.client   : Send request fail, request = InstanceRequest{headers={app=unknown}, requestId='null'}, retryTimes = 1, errorMessage = Client not connected, current status:STARTING
19:22:39:441 ERROR 20240 --- [main] com.alibaba.nacos.common.remote.client   : Send request fail, request = InstanceRequest{headers={app=unknown}, requestId='null'}, retryTimes = 2, errorMessage = Client not connected, current status:STARTING
19:22:39:441 ERROR 20240 --- [main] c.a.c.n.registry.NacosServiceRegistry    : nacos registry, trade-service register failed...NacosRegistration{nacosDiscoveryProperties=NacosDiscoveryProperties{serverAddr='192.168.150.102', username='', password='', endpoint='', namespace='', watchDelay=30000, logName='', service='trade-service', weight=1.0, clusterName='DEFAULT', group='DEFAULT_GROUP', namingLoadCacheAtStart='false', metadata={preserved.register.source=SPRING_CLOUD}, registerEnabled=true, ip='192.168.220.1', networkInterface='', port=8085, secure=false, accessKey='', secretKey='', heartBeatInterval=null, heartBeatTimeout=null, ipDeleteTimeout=null, instanceEnabled=true, ephemeral=true, failureToleranceEnabled=false}, ipDeleteTimeout=null, failFast=true}},

com.alibaba.nacos.api.exception.NacosException: Request nacos server failed: 
	at com.alibaba.nacos.client.naming.remote.gprc.NamingGrpcClientProxy.requestToServer(NamingGrpcClientProxy.java:290) ~[nacos-client-2.0.4.jar:na]
	at com.alibaba.nacos.client.naming.remote.gprc.NamingGrpcClientProxy.doRegisterService(NamingGrpcClientProxy.java:129) ~[nacos-client-2.0.4.jar:na]
	at com.alibaba.nacos.client.naming.remote.gprc.NamingGrpcClientProxy.registerService(NamingGrpcClientProxy.java:115) ~[nacos-client-2.0.4.jar:na]
	at com.alibaba.nacos.client.naming.remote.NamingClientProxyDelegate.registerService(NamingClientProxyDelegate.java:94) ~[nacos-client-2.0.4.jar:na]
	at com.alibaba.nacos.client.naming.NacosNamingService.registerInstance(NacosNamingService.java:145) ~[nacos-client-2.0.4.jar:na]
	at com.alibaba.cloud.nacos.registry.NacosServiceRegistry.register(NacosServiceRegistry.java:74) ~[spring-cloud-starter-alibaba-nacos-discovery-2021.0.4.0.jar:2021.0.4.0]
	at org.springframework.cloud.client.serviceregistry.AbstractAutoServiceRegistration.register(AbstractAutoServiceRegistration.java:232) ~[spring-cloud-commons-3.1.3.jar:3.1.3]
	at com.alibaba.cloud.nacos.registry.NacosAutoServiceRegistration.register(NacosAutoServiceRegistration.java:78) ~[spring-cloud-starter-alibaba-nacos-discovery-2021.0.4.0.jar:2021.0.4.0]
	at org.springframework.cloud.client.serviceregistry.AbstractAutoServiceRegistration.start(AbstractAutoServiceRegistration.java:133) ~[spring-cloud-commons-3.1.3.jar:3.1.3]
	at org.springframework.cloud.client.serviceregistry.AbstractAutoServiceRegistration.bind(AbstractAutoServiceRegistration.java:98) ~[spring-cloud-commons-3.1.3.jar:3.1.3]
	at org.springframework.cloud.client.serviceregistry.AbstractAutoServiceRegistration.onApplicationEvent(AbstractAutoServiceRegistration.java:86) ~[spring-cloud-commons-3.1.3.jar:3.1.3]
	at org.springframework.cloud.client.serviceregistry.AbstractAutoServiceRegistration.onApplicationEvent(AbstractAutoServiceRegistration.java:47) ~[spring-cloud-commons-3.1.3.jar:3.1.3]
	at org.springframework.context.event.SimpleApplicationEventMulticaster.doInvokeListener(SimpleApplicationEventMulticaster.java:176) ~[spring-context-5.3.27.jar:5.3.27]
	at org.springframework.context.event.SimpleApplicationEventMulticaster.invokeListener(SimpleApplicationEventMulticaster.java:169) ~[spring-context-5.3.27.jar:5.3.27]
	at org.springframework.context.event.SimpleApplicationEventMulticaster.multicastEvent(SimpleApplicationEventMulticaster.java:143) ~[spring-context-5.3.27.jar:5.3.27]
	at org.springframework.context.support.AbstractApplicationContext.publishEvent(AbstractApplicationContext.java:421) ~[spring-context-5.3.27.jar:5.3.27]
	at org.springframework.context.support.AbstractApplicationContext.publishEvent(AbstractApplicationContext.java:378) ~[spring-context-5.3.27.jar:5.3.27]
	at org.springframework.boot.web.servlet.context.WebServerStartStopLifecycle.start(WebServerStartStopLifecycle.java:46) ~[spring-boot-2.7.12.jar:2.7.12]
	at org.springframework.context.support.DefaultLifecycleProcessor.doStart(DefaultLifecycleProcessor.java:178) ~[spring-context-5.3.27.jar:5.3.27]
	at org.springframework.context.support.DefaultLifecycleProcessor.access$200(DefaultLifecycleProcessor.java:54) ~[spring-context-5.3.27.jar:5.3.27]
	at org.springframework.context.support.DefaultLifecycleProcessor$LifecycleGroup.start(DefaultLifecycleProcessor.java:356) ~[spring-context-5.3.27.jar:5.3.27]
	at java.base/java.lang.Iterable.forEach(Iterable.java:75) ~[na:na]
	at org.springframework.context.support.DefaultLifecycleProcessor.startBeans(DefaultLifecycleProcessor.java:155) ~[spring-context-5.3.27.jar:5.3.27]
	at org.springframework.context.support.DefaultLifecycleProcessor.onRefresh(DefaultLifecycleProcessor.java:123) ~[spring-context-5.3.27.jar:5.3.27]
	at org.springframework.context.support.AbstractApplicationContext.finishRefresh(AbstractApplicationContext.java:937) ~[spring-context-5.3.27.jar:5.3.27]
	at org.springframework.context.support.AbstractApplicationContext.refresh(AbstractApplicationContext.java:586) ~[spring-context-5.3.27.jar:5.3.27]
	at org.springframework.boot.web.servlet.context.ServletWebServerApplicationContext.refresh(ServletWebServerApplicationContext.java:147) ~[spring-boot-2.7.12.jar:2.7.12]
	at org.springframework.boot.SpringApplication.refresh(SpringApplication.java:731) ~[spring-boot-2.7.12.jar:2.7.12]
	at org.springframework.boot.SpringApplication.refreshContext(SpringApplication.java:408) ~[spring-boot-2.7.12.jar:2.7.12]
	at org.springframework.boot.SpringApplication.run(SpringApplication.java:307) ~[spring-boot-2.7.12.jar:2.7.12]
	at org.springframework.boot.SpringApplication.run(SpringApplication.java:1303) ~[spring-boot-2.7.12.jar:2.7.12]
	at org.springframework.boot.SpringApplication.run(SpringApplication.java:1292) ~[spring-boot-2.7.12.jar:2.7.12]
	at com.hmall.trade.TradeApplication.main(TradeApplication.java:14) ~[classes/:na]
Caused by: com.alibaba.nacos.api.exception.NacosException: Client not connected, current status:STARTING
	at com.alibaba.nacos.common.remote.client.RpcClient.request(RpcClient.java:650) ~[nacos-client-2.0.4.jar:na]
	at com.alibaba.nacos.common.remote.client.RpcClient.request(RpcClient.java:630) ~[nacos-client-2.0.4.jar:na]
	at com.alibaba.nacos.client.naming.remote.gprc.NamingGrpcClientProxy.requestToServer(NamingGrpcClientProxy.java:280) ~[nacos-client-2.0.4.jar:na]
	... 32 common frames omitted

19:22:39:442  WARN 20240 --- [main] ConfigServletWebServerApplicationContext : Exception encountered during context initialization - cancelling refresh attempt: org.springframework.context.ApplicationContextException: Failed to start bean 'webServerStartStop'; nested exception is java.lang.reflect.UndeclaredThrowableException
19:22:39:775 ERROR 20240 --- [com.alibaba.nacos.client.naming.updater.0] com.alibaba.nacos.common.remote.client   : Send request fail, request = ServiceQueryRequest{headers={app=unknown}, requestId='null'}, retryTimes = 0, errorMessage = Client not connected, current status:STARTING
19:22:39:776  INFO 20240 --- [main] com.alibaba.nacos.common.remote.client   : Shutdown rpc client, set status to shutdown
19:22:39:776  INFO 20240 --- [main] com.alibaba.nacos.common.remote.client   : Shutdown client event executor java.util.concurrent.ScheduledThreadPoolExecutor@38856d6e[Running, pool size = 2, active threads = 2, queued tasks = 0, completed tasks = 0]
19:22:39:776  INFO 20240 --- [main] c.a.n.c.remote.client.grpc.GrpcClient    : Shutdown grpc executor java.util.concurrent.ThreadPoolExecutor@299ea986[Running, pool size = 3, active threads = 0, queued tasks = 0, completed tasks = 3]
19:22:39:777 ERROR 20240 --- [com.alibaba.nacos.client.remote.worker] c.a.n.c.remote.client.grpc.GrpcClient    : Server check fail, please check server 192.168.150.102 ,port 9848 is available , error ={}

java.lang.InterruptedException: null
	at com.alibaba.nacos.shaded.com.google.common.util.concurrent.AbstractFuture.get(AbstractFuture.java:438) ~[nacos-client-2.0.4.jar:na]
	at com.alibaba.nacos.common.remote.client.grpc.GrpcClient.serverCheck(GrpcClient.java:148) ~[nacos-client-2.0.4.jar:na]
	at com.alibaba.nacos.common.remote.client.grpc.GrpcClient.connectToServer(GrpcClient.java:264) ~[nacos-client-2.0.4.jar:na]
	at com.alibaba.nacos.common.remote.client.RpcClient.reconnect(RpcClient.java:522) ~[nacos-client-2.0.4.jar:na]
	at com.alibaba.nacos.common.remote.client.RpcClient.lambda$start$2(RpcClient.java:370) ~[nacos-client-2.0.4.jar:na]
	at java.base/java.util.concurrent.Executors$RunnableAdapter.call(Executors.java:515) ~[na:na]
	at java.base/java.util.concurrent.FutureTask.run(FutureTask.java:264) ~[na:na]
	at java.base/java.util.concurrent.ScheduledThreadPoolExecutor$ScheduledFutureTask.run(ScheduledThreadPoolExecutor.java:304) ~[na:na]
	at java.base/java.util.concurrent.ThreadPoolExecutor.runWorker(ThreadPoolExecutor.java:1128) ~[na:na]
	at java.base/java.util.concurrent.ThreadPoolExecutor$Worker.run(ThreadPoolExecutor.java:628) ~[na:na]
	at java.base/java.lang.Thread.run(Thread.java:829) ~[na:na]

19:22:39:777 ERROR 20240 --- [com.alibaba.nacos.client.remote.worker] c.a.n.c.remote.client.grpc.GrpcClient    : [ee4a52ac-2f3d-4b70-a67e-6c99d206c874]Fail to connect to server!,error={}

java.util.concurrent.RejectedExecutionException: Task com.alibaba.nacos.shaded.io.grpc.internal.SerializingExecutor@5542b142 rejected from java.util.concurrent.ThreadPoolExecutor@299ea986[Terminated, pool size = 0, active threads = 0, queued tasks = 0, completed tasks = 3]
	at java.base/java.util.concurrent.ThreadPoolExecutor$AbortPolicy.rejectedExecution(ThreadPoolExecutor.java:2055) ~[na:na]
	at java.base/java.util.concurrent.ThreadPoolExecutor.reject(ThreadPoolExecutor.java:825) ~[na:na]
	at java.base/java.util.concurrent.ThreadPoolExecutor.execute(ThreadPoolExecutor.java:1355) ~[na:na]
	at com.alibaba.nacos.shaded.io.grpc.internal.SerializingExecutor.schedule(SerializingExecutor.java:93) ~[nacos-client-2.0.4.jar:na]
	at com.alibaba.nacos.shaded.io.grpc.internal.SerializingExecutor.execute(SerializingExecutor.java:86) ~[nacos-client-2.0.4.jar:na]
	at com.alibaba.nacos.shaded.io.grpc.internal.ClientCallImpl$ClientStreamListenerImpl.closedInternal(ClientCallImpl.java:696) ~[nacos-client-2.0.4.jar:na]
	at com.alibaba.nacos.shaded.io.grpc.internal.ClientCallImpl$ClientStreamListenerImpl.closed(ClientCallImpl.java:646) ~[nacos-client-2.0.4.jar:na]
	at com.alibaba.nacos.shaded.io.grpc.internal.ClientCallImpl$ClientStreamListenerImpl.closed(ClientCallImpl.java:639) ~[nacos-client-2.0.4.jar:na]
	at com.alibaba.nacos.shaded.io.grpc.internal.DelayedStream.cancel(DelayedStream.java:302) ~[nacos-client-2.0.4.jar:na]
	at com.alibaba.nacos.shaded.io.grpc.internal.DelayedClientTransport$PendingStream.cancel(DelayedClientTransport.java:363) ~[nacos-client-2.0.4.jar:na]
	at com.alibaba.nacos.shaded.io.grpc.internal.DelayedClientTransport.shutdownNow(DelayedClientTransport.java:241) ~[nacos-client-2.0.4.jar:na]
	at com.alibaba.nacos.shaded.io.grpc.internal.ManagedChannelImpl$UncommittedRetriableStreamsRegistry.onShutdownNow(ManagedChannelImpl.java:1021) ~[nacos-client-2.0.4.jar:na]
	at com.alibaba.nacos.shaded.io.grpc.internal.ManagedChannelImpl.shutdownNow(ManagedChannelImpl.java:752) ~[nacos-client-2.0.4.jar:na]
	at com.alibaba.nacos.shaded.io.grpc.internal.ManagedChannelImpl.shutdownNow(ManagedChannelImpl.java:105) ~[nacos-client-2.0.4.jar:na]
	at com.alibaba.nacos.shaded.io.grpc.internal.ForwardingManagedChannel.shutdownNow(ForwardingManagedChannel.java:52) ~[nacos-client-2.0.4.jar:na]
	at com.alibaba.nacos.shaded.io.grpc.internal.ManagedChannelOrphanWrapper.shutdownNow(ManagedChannelOrphanWrapper.java:66) ~[nacos-client-2.0.4.jar:na]
	at com.alibaba.nacos.common.remote.client.grpc.GrpcClient.shuntDownChannel(GrpcClient.java:130) ~[nacos-client-2.0.4.jar:na]
	at com.alibaba.nacos.common.remote.client.grpc.GrpcClient.connectToServer(GrpcClient.java:266) ~[nacos-client-2.0.4.jar:na]
	at com.alibaba.nacos.common.remote.client.RpcClient.reconnect(RpcClient.java:522) ~[nacos-client-2.0.4.jar:na]
	at com.alibaba.nacos.common.remote.client.RpcClient.lambda$start$2(RpcClient.java:370) ~[nacos-client-2.0.4.jar:na]
	at java.base/java.util.concurrent.Executors$RunnableAdapter.call(Executors.java:515) ~[na:na]
	at java.base/java.util.concurrent.FutureTask.run(FutureTask.java:264) ~[na:na]
	at java.base/java.util.concurrent.ScheduledThreadPoolExecutor$ScheduledFutureTask.run(ScheduledThreadPoolExecutor.java:304) ~[na:na]
	at java.base/java.util.concurrent.ThreadPoolExecutor.runWorker(ThreadPoolExecutor.java:1128) ~[na:na]
	at java.base/java.util.concurrent.ThreadPoolExecutor$Worker.run(ThreadPoolExecutor.java:628) ~[na:na]
	at java.base/java.lang.Thread.run(Thread.java:829) ~[na:na]

19:22:39:778  INFO 20240 --- [main] com.alibaba.nacos.common.remote.client   : [RpcClientFactory] create a new rpc client of 34849dcd-ca73-442d-a553-71ae17b79685
19:22:39:778  INFO 20240 --- [main] com.alibaba.nacos.common.remote.client   : [34849dcd-ca73-442d-a553-71ae17b79685] RpcClient init label, labels = {module=naming, source=sdk}
19:22:39:778  INFO 20240 --- [main] com.alibaba.nacos.common.remote.client   : [34849dcd-ca73-442d-a553-71ae17b79685] RpcClient init, ServerListFactory = com.alibaba.nacos.client.naming.core.ServerListManager
19:22:39:778  INFO 20240 --- [main] com.alibaba.nacos.common.remote.client   : [34849dcd-ca73-442d-a553-71ae17b79685] Registry connection listener to current client:com.alibaba.nacos.client.naming.remote.gprc.redo.NamingGrpcRedoService
19:22:39:778  INFO 20240 --- [main] com.alibaba.nacos.common.remote.client   : [34849dcd-ca73-442d-a553-71ae17b79685] Register server push request handler:com.alibaba.nacos.client.naming.remote.gprc.NamingPushRequestHandler
19:22:39:779  INFO 20240 --- [main] com.alibaba.nacos.common.remote.client   : [34849dcd-ca73-442d-a553-71ae17b79685] Try to connect to server on start up, server: {serverIp = '192.168.150.102', server main port = 8848}
19:22:39:885 ERROR 20240 --- [com.alibaba.nacos.client.naming.updater.0] com.alibaba.nacos.common.remote.client   : Send request fail, request = ServiceQueryRequest{headers={app=unknown}, requestId='null'}, retryTimes = 1, errorMessage = Client not connected, current status:STARTING
19:22:39:885  INFO 20240 --- [com.alibaba.nacos.client.remote.worker] com.alibaba.nacos.common.remote.client   : [ee4a52ac-2f3d-4b70-a67e-6c99d206c874] Client is shutdown, stop reconnect to server
19:22:39:997 ERROR 20240 --- [com.alibaba.nacos.client.naming.updater.0] com.alibaba.nacos.common.remote.client   : Send request fail, request = ServiceQueryRequest{headers={app=unknown}, requestId='null'}, retryTimes = 2, errorMessage = Client not connected, current status:SHUTDOWN
19:22:42:795 ERROR 20240 --- [main] c.a.n.c.remote.client.grpc.GrpcClient    : Server check fail, please check server 192.168.150.102 ,port 9848 is available , error ={}

java.util.concurrent.TimeoutException: Waited 3000 milliseconds (plus 14 milliseconds, 976600 nanoseconds delay) for com.alibaba.nacos.shaded.io.grpc.stub.ClientCalls$GrpcFuture@25e8a111[status=PENDING, info=[GrpcFuture{clientCall={delegate={delegate=ClientCallImpl{method=MethodDescriptor{fullMethodName=Request/request, type=UNARY, idempotent=false, safe=false, sampledToLocalTracing=true, requestMarshaller=com.alibaba.nacos.shaded.io.grpc.protobuf.lite.ProtoLiteUtils$MessageMarshaller@c96c497, responseMarshaller=com.alibaba.nacos.shaded.io.grpc.protobuf.lite.ProtoLiteUtils$MessageMarshaller@6e337ba1, schemaDescriptor=com.alibaba.nacos.api.grpc.auto.RequestGrpc$RequestMethodDescriptorSupplier@53a16dd6}}}}}]]
	at com.alibaba.nacos.shaded.com.google.common.util.concurrent.AbstractFuture.get(AbstractFuture.java:508) ~[nacos-client-2.0.4.jar:na]
	at com.alibaba.nacos.common.remote.client.grpc.GrpcClient.serverCheck(GrpcClient.java:148) ~[nacos-client-2.0.4.jar:na]
	at com.alibaba.nacos.common.remote.client.grpc.GrpcClient.connectToServer(GrpcClient.java:264) ~[nacos-client-2.0.4.jar:na]
	at com.alibaba.nacos.common.remote.client.RpcClient.start(RpcClient.java:390) ~[nacos-client-2.0.4.jar:na]
	at com.alibaba.nacos.client.naming.remote.gprc.NamingGrpcClientProxy.start(NamingGrpcClientProxy.java:96) ~[nacos-client-2.0.4.jar:na]
	at com.alibaba.nacos.client.naming.remote.gprc.NamingGrpcClientProxy.<init>(NamingGrpcClientProxy.java:89) ~[nacos-client-2.0.4.jar:na]
	at com.alibaba.nacos.client.naming.remote.NamingClientProxyDelegate.<init>(NamingClientProxyDelegate.java:76) ~[nacos-client-2.0.4.jar:na]
	at com.alibaba.nacos.client.naming.NacosNamingService.init(NacosNamingService.java:95) ~[nacos-client-2.0.4.jar:na]
	at com.alibaba.nacos.client.naming.NacosNamingService.<init>(NacosNamingService.java:81) ~[nacos-client-2.0.4.jar:na]
	at java.base/jdk.internal.reflect.NativeConstructorAccessorImpl.newInstance0(Native Method) ~[na:na]
	at java.base/jdk.internal.reflect.NativeConstructorAccessorImpl.newInstance(NativeConstructorAccessorImpl.java:62) ~[na:na]
	at java.base/jdk.internal.reflect.DelegatingConstructorAccessorImpl.newInstance(DelegatingConstructorAccessorImpl.java:45) ~[na:na]
	at java.base/java.lang.reflect.Constructor.newInstance(Constructor.java:490) ~[na:na]
	at com.alibaba.nacos.api.naming.NamingFactory.createNamingService(NamingFactory.java:59) ~[nacos-client-2.0.4.jar:na]
	at com.alibaba.nacos.api.NacosFactory.createNamingService(NacosFactory.java:77) ~[nacos-client-2.0.4.jar:na]
	at com.alibaba.cloud.nacos.NacosServiceManager.createNewNamingService(NacosServiceManager.java:99) ~[spring-cloud-starter-alibaba-nacos-discovery-2021.0.4.0.jar:2021.0.4.0]
	at com.alibaba.cloud.nacos.NacosServiceManager.buildNamingService(NacosServiceManager.java:90) ~[spring-cloud-starter-alibaba-nacos-discovery-2021.0.4.0.jar:2021.0.4.0]
	at com.alibaba.cloud.nacos.NacosServiceManager.getNamingService(NacosServiceManager.java:46) ~[spring-cloud-starter-alibaba-nacos-discovery-2021.0.4.0.jar:2021.0.4.0]
	at com.alibaba.cloud.nacos.discovery.NacosWatch.stop(NacosWatch.java:173) ~[spring-cloud-starter-alibaba-nacos-discovery-2021.0.4.0.jar:2021.0.4.0]
	at com.alibaba.cloud.nacos.discovery.NacosWatch.destroy(NacosWatch.java:204) ~[spring-cloud-starter-alibaba-nacos-discovery-2021.0.4.0.jar:2021.0.4.0]
	at org.springframework.beans.factory.support.DisposableBeanAdapter.destroy(DisposableBeanAdapter.java:213) ~[spring-beans-5.3.27.jar:5.3.27]
	at org.springframework.beans.factory.support.DefaultSingletonBeanRegistry.destroyBean(DefaultSingletonBeanRegistry.java:587) ~[spring-beans-5.3.27.jar:5.3.27]
	at org.springframework.beans.factory.support.DefaultSingletonBeanRegistry.destroySingleton(DefaultSingletonBeanRegistry.java:559) ~[spring-beans-5.3.27.jar:5.3.27]
	at org.springframework.beans.factory.support.DefaultListableBeanFactory.destroySingleton(DefaultListableBeanFactory.java:1163) ~[spring-beans-5.3.27.jar:5.3.27]
	at org.springframework.beans.factory.support.DefaultSingletonBeanRegistry.destroySingletons(DefaultSingletonBeanRegistry.java:520) ~[spring-beans-5.3.27.jar:5.3.27]
	at org.springframework.beans.factory.support.DefaultListableBeanFactory.destroySingletons(DefaultListableBeanFactory.java:1156) ~[spring-beans-5.3.27.jar:5.3.27]
	at org.springframework.context.support.AbstractApplicationContext.destroyBeans(AbstractApplicationContext.java:1108) ~[spring-context-5.3.27.jar:5.3.27]
	at org.springframework.context.support.AbstractApplicationContext.refresh(AbstractApplicationContext.java:596) ~[spring-context-5.3.27.jar:5.3.27]
	at org.springframework.boot.web.servlet.context.ServletWebServerApplicationContext.refresh(ServletWebServerApplicationContext.java:147) ~[spring-boot-2.7.12.jar:2.7.12]
	at org.springframework.boot.SpringApplication.refresh(SpringApplication.java:731) ~[spring-boot-2.7.12.jar:2.7.12]
	at org.springframework.boot.SpringApplication.refreshContext(SpringApplication.java:408) ~[spring-boot-2.7.12.jar:2.7.12]
	at org.springframework.boot.SpringApplication.run(SpringApplication.java:307) ~[spring-boot-2.7.12.jar:2.7.12]
	at org.springframework.boot.SpringApplication.run(SpringApplication.java:1303) ~[spring-boot-2.7.12.jar:2.7.12]
	at org.springframework.boot.SpringApplication.run(SpringApplication.java:1292) ~[spring-boot-2.7.12.jar:2.7.12]
	at com.hmall.trade.TradeApplication.main(TradeApplication.java:14) ~[classes/:na]

19:22:42:796  INFO 20240 --- [main] com.alibaba.nacos.common.remote.client   : [34849dcd-ca73-442d-a553-71ae17b79685] Try to connect to server on start up, server: {serverIp = '192.168.150.102', server main port = 8848}
19:22:43:754  WARN 20240 --- [Thread-4] c.a.nacos.common.notify.NotifyCenter     : [NotifyCenter] Start destroying Publisher
19:22:43:754  WARN 20240 --- [Thread-7] c.a.n.common.http.HttpClientBeanHolder   : [HttpClientBeanHolder] Start destroying common HttpClient
19:22:43:754  WARN 20240 --- [Thread-4] c.a.nacos.common.notify.NotifyCenter     : [NotifyCenter] Destruction of the end
19:22:43:754  WARN 20240 --- [Thread-7] c.a.n.common.http.HttpClientBeanHolder   : [HttpClientBeanHolder] Destruction of the end
19:22:45:809 ERROR 20240 --- [main] c.a.n.c.remote.client.grpc.GrpcClient    : Server check fail, please check server 192.168.150.102 ,port 9848 is available , error ={}

java.util.concurrent.TimeoutException: Waited 3000 milliseconds (plus 11 milliseconds, 649400 nanoseconds delay) for com.alibaba.nacos.shaded.io.grpc.stub.ClientCalls$GrpcFuture@21780905[status=PENDING, info=[GrpcFuture{clientCall={delegate={delegate=ClientCallImpl{method=MethodDescriptor{fullMethodName=Request/request, type=UNARY, idempotent=false, safe=false, sampledToLocalTracing=true, requestMarshaller=com.alibaba.nacos.shaded.io.grpc.protobuf.lite.ProtoLiteUtils$MessageMarshaller@c96c497, responseMarshaller=com.alibaba.nacos.shaded.io.grpc.protobuf.lite.ProtoLiteUtils$MessageMarshaller@6e337ba1, schemaDescriptor=com.alibaba.nacos.api.grpc.auto.RequestGrpc$RequestMethodDescriptorSupplier@53a16dd6}}}}}]]
	at com.alibaba.nacos.shaded.com.google.common.util.concurrent.AbstractFuture.get(AbstractFuture.java:508) ~[nacos-client-2.0.4.jar:na]
	at com.alibaba.nacos.common.remote.client.grpc.GrpcClient.serverCheck(GrpcClient.java:148) ~[nacos-client-2.0.4.jar:na]
	at com.alibaba.nacos.common.remote.client.grpc.GrpcClient.connectToServer(GrpcClient.java:264) ~[nacos-client-2.0.4.jar:na]
	at com.alibaba.nacos.common.remote.client.RpcClient.start(RpcClient.java:390) ~[nacos-client-2.0.4.jar:na]
	at com.alibaba.nacos.client.naming.remote.gprc.NamingGrpcClientProxy.start(NamingGrpcClientProxy.java:96) ~[nacos-client-2.0.4.jar:na]
	at com.alibaba.nacos.client.naming.remote.gprc.NamingGrpcClientProxy.<init>(NamingGrpcClientProxy.java:89) ~[nacos-client-2.0.4.jar:na]
	at com.alibaba.nacos.client.naming.remote.NamingClientProxyDelegate.<init>(NamingClientProxyDelegate.java:76) ~[nacos-client-2.0.4.jar:na]
	at com.alibaba.nacos.client.naming.NacosNamingService.init(NacosNamingService.java:95) ~[nacos-client-2.0.4.jar:na]
	at com.alibaba.nacos.client.naming.NacosNamingService.<init>(NacosNamingService.java:81) ~[nacos-client-2.0.4.jar:na]
	at java.base/jdk.internal.reflect.NativeConstructorAccessorImpl.newInstance0(Native Method) ~[na:na]
	at java.base/jdk.internal.reflect.NativeConstructorAccessorImpl.newInstance(NativeConstructorAccessorImpl.java:62) ~[na:na]
	at java.base/jdk.internal.reflect.DelegatingConstructorAccessorImpl.newInstance(DelegatingConstructorAccessorImpl.java:45) ~[na:na]
	at java.base/java.lang.reflect.Constructor.newInstance(Constructor.java:490) ~[na:na]
	at com.alibaba.nacos.api.naming.NamingFactory.createNamingService(NamingFactory.java:59) ~[nacos-client-2.0.4.jar:na]
	at com.alibaba.nacos.api.NacosFactory.createNamingService(NacosFactory.java:77) ~[nacos-client-2.0.4.jar:na]
	at com.alibaba.cloud.nacos.NacosServiceManager.createNewNamingService(NacosServiceManager.java:99) ~[spring-cloud-starter-alibaba-nacos-discovery-2021.0.4.0.jar:2021.0.4.0]
	at com.alibaba.cloud.nacos.NacosServiceManager.buildNamingService(NacosServiceManager.java:90) ~[spring-cloud-starter-alibaba-nacos-discovery-2021.0.4.0.jar:2021.0.4.0]
	at com.alibaba.cloud.nacos.NacosServiceManager.getNamingService(NacosServiceManager.java:46) ~[spring-cloud-starter-alibaba-nacos-discovery-2021.0.4.0.jar:2021.0.4.0]
	at com.alibaba.cloud.nacos.discovery.NacosWatch.stop(NacosWatch.java:173) ~[spring-cloud-starter-alibaba-nacos-discovery-2021.0.4.0.jar:2021.0.4.0]
	at com.alibaba.cloud.nacos.discovery.NacosWatch.destroy(NacosWatch.java:204) ~[spring-cloud-starter-alibaba-nacos-discovery-2021.0.4.0.jar:2021.0.4.0]
	at org.springframework.beans.factory.support.DisposableBeanAdapter.destroy(DisposableBeanAdapter.java:213) ~[spring-beans-5.3.27.jar:5.3.27]
	at org.springframework.beans.factory.support.DefaultSingletonBeanRegistry.destroyBean(DefaultSingletonBeanRegistry.java:587) ~[spring-beans-5.3.27.jar:5.3.27]
	at org.springframework.beans.factory.support.DefaultSingletonBeanRegistry.destroySingleton(DefaultSingletonBeanRegistry.java:559) ~[spring-beans-5.3.27.jar:5.3.27]
	at org.springframework.beans.factory.support.DefaultListableBeanFactory.destroySingleton(DefaultListableBeanFactory.java:1163) ~[spring-beans-5.3.27.jar:5.3.27]
	at org.springframework.beans.factory.support.DefaultSingletonBeanRegistry.destroySingletons(DefaultSingletonBeanRegistry.java:520) ~[spring-beans-5.3.27.jar:5.3.27]
	at org.springframework.beans.factory.support.DefaultListableBeanFactory.destroySingletons(DefaultListableBeanFactory.java:1156) ~[spring-beans-5.3.27.jar:5.3.27]
	at org.springframework.context.support.AbstractApplicationContext.destroyBeans(AbstractApplicationContext.java:1108) ~[spring-context-5.3.27.jar:5.3.27]
	at org.springframework.context.support.AbstractApplicationContext.refresh(AbstractApplicationContext.java:596) ~[spring-context-5.3.27.jar:5.3.27]
	at org.springframework.boot.web.servlet.context.ServletWebServerApplicationContext.refresh(ServletWebServerApplicationContext.java:147) ~[spring-boot-2.7.12.jar:2.7.12]
	at org.springframework.boot.SpringApplication.refresh(SpringApplication.java:731) ~[spring-boot-2.7.12.jar:2.7.12]
	at org.springframework.boot.SpringApplication.refreshContext(SpringApplication.java:408) ~[spring-boot-2.7.12.jar:2.7.12]
	at org.springframework.boot.SpringApplication.run(SpringApplication.java:307) ~[spring-boot-2.7.12.jar:2.7.12]
	at org.springframework.boot.SpringApplication.run(SpringApplication.java:1303) ~[spring-boot-2.7.12.jar:2.7.12]
	at org.springframework.boot.SpringApplication.run(SpringApplication.java:1292) ~[spring-boot-2.7.12.jar:2.7.12]
	at com.hmall.trade.TradeApplication.main(TradeApplication.java:14) ~[classes/:na]

19:22:45:810  INFO 20240 --- [main] com.alibaba.nacos.common.remote.client   : [34849dcd-ca73-442d-a553-71ae17b79685] Try to connect to server on start up, server: {serverIp = '192.168.150.102', server main port = 8848}
19:22:48:813 ERROR 20240 --- [main] c.a.n.c.remote.client.grpc.GrpcClient    : Server check fail, please check server 192.168.150.102 ,port 9848 is available , error ={}

java.util.concurrent.TimeoutException: Waited 3000 milliseconds (plus 1 milliseconds, 800800 nanoseconds delay) for com.alibaba.nacos.shaded.io.grpc.stub.ClientCalls$GrpcFuture@6cd6698b[status=PENDING, info=[GrpcFuture{clientCall={delegate={delegate=ClientCallImpl{method=MethodDescriptor{fullMethodName=Request/request, type=UNARY, idempotent=false, safe=false, sampledToLocalTracing=true, requestMarshaller=com.alibaba.nacos.shaded.io.grpc.protobuf.lite.ProtoLiteUtils$MessageMarshaller@c96c497, responseMarshaller=com.alibaba.nacos.shaded.io.grpc.protobuf.lite.ProtoLiteUtils$MessageMarshaller@6e337ba1, schemaDescriptor=com.alibaba.nacos.api.grpc.auto.RequestGrpc$RequestMethodDescriptorSupplier@53a16dd6}}}}}]]
	at com.alibaba.nacos.shaded.com.google.common.util.concurrent.AbstractFuture.get(AbstractFuture.java:508) ~[nacos-client-2.0.4.jar:na]
	at com.alibaba.nacos.common.remote.client.grpc.GrpcClient.serverCheck(GrpcClient.java:148) ~[nacos-client-2.0.4.jar:na]
	at com.alibaba.nacos.common.remote.client.grpc.GrpcClient.connectToServer(GrpcClient.java:264) ~[nacos-client-2.0.4.jar:na]
	at com.alibaba.nacos.common.remote.client.RpcClient.start(RpcClient.java:390) ~[nacos-client-2.0.4.jar:na]
	at com.alibaba.nacos.client.naming.remote.gprc.NamingGrpcClientProxy.start(NamingGrpcClientProxy.java:96) ~[nacos-client-2.0.4.jar:na]
	at com.alibaba.nacos.client.naming.remote.gprc.NamingGrpcClientProxy.<init>(NamingGrpcClientProxy.java:89) ~[nacos-client-2.0.4.jar:na]
	at com.alibaba.nacos.client.naming.remote.NamingClientProxyDelegate.<init>(NamingClientProxyDelegate.java:76) ~[nacos-client-2.0.4.jar:na]
	at com.alibaba.nacos.client.naming.NacosNamingService.init(NacosNamingService.java:95) ~[nacos-client-2.0.4.jar:na]
	at com.alibaba.nacos.client.naming.NacosNamingService.<init>(NacosNamingService.java:81) ~[nacos-client-2.0.4.jar:na]
	at java.base/jdk.internal.reflect.NativeConstructorAccessorImpl.newInstance0(Native Method) ~[na:na]
	at java.base/jdk.internal.reflect.NativeConstructorAccessorImpl.newInstance(NativeConstructorAccessorImpl.java:62) ~[na:na]
	at java.base/jdk.internal.reflect.DelegatingConstructorAccessorImpl.newInstance(DelegatingConstructorAccessorImpl.java:45) ~[na:na]
	at java.base/java.lang.reflect.Constructor.newInstance(Constructor.java:490) ~[na:na]
	at com.alibaba.nacos.api.naming.NamingFactory.createNamingService(NamingFactory.java:59) ~[nacos-client-2.0.4.jar:na]
	at com.alibaba.nacos.api.NacosFactory.createNamingService(NacosFactory.java:77) ~[nacos-client-2.0.4.jar:na]
	at com.alibaba.cloud.nacos.NacosServiceManager.createNewNamingService(NacosServiceManager.java:99) ~[spring-cloud-starter-alibaba-nacos-discovery-2021.0.4.0.jar:2021.0.4.0]
	at com.alibaba.cloud.nacos.NacosServiceManager.buildNamingService(NacosServiceManager.java:90) ~[spring-cloud-starter-alibaba-nacos-discovery-2021.0.4.0.jar:2021.0.4.0]
	at com.alibaba.cloud.nacos.NacosServiceManager.getNamingService(NacosServiceManager.java:46) ~[spring-cloud-starter-alibaba-nacos-discovery-2021.0.4.0.jar:2021.0.4.0]
	at com.alibaba.cloud.nacos.discovery.NacosWatch.stop(NacosWatch.java:173) ~[spring-cloud-starter-alibaba-nacos-discovery-2021.0.4.0.jar:2021.0.4.0]
	at com.alibaba.cloud.nacos.discovery.NacosWatch.destroy(NacosWatch.java:204) ~[spring-cloud-starter-alibaba-nacos-discovery-2021.0.4.0.jar:2021.0.4.0]
	at org.springframework.beans.factory.support.DisposableBeanAdapter.destroy(DisposableBeanAdapter.java:213) ~[spring-beans-5.3.27.jar:5.3.27]
	at org.springframework.beans.factory.support.DefaultSingletonBeanRegistry.destroyBean(DefaultSingletonBeanRegistry.java:587) ~[spring-beans-5.3.27.jar:5.3.27]
	at org.springframework.beans.factory.support.DefaultSingletonBeanRegistry.destroySingleton(DefaultSingletonBeanRegistry.java:559) ~[spring-beans-5.3.27.jar:5.3.27]
	at org.springframework.beans.factory.support.DefaultListableBeanFactory.destroySingleton(DefaultListableBeanFactory.java:1163) ~[spring-beans-5.3.27.jar:5.3.27]
	at org.springframework.beans.factory.support.DefaultSingletonBeanRegistry.destroySingletons(DefaultSingletonBeanRegistry.java:520) ~[spring-beans-5.3.27.jar:5.3.27]
	at org.springframework.beans.factory.support.DefaultListableBeanFactory.destroySingletons(DefaultListableBeanFactory.java:1156) ~[spring-beans-5.3.27.jar:5.3.27]
	at org.springframework.context.support.AbstractApplicationContext.destroyBeans(AbstractApplicationContext.java:1108) ~[spring-context-5.3.27.jar:5.3.27]
	at org.springframework.context.support.AbstractApplicationContext.refresh(AbstractApplicationContext.java:596) ~[spring-context-5.3.27.jar:5.3.27]
	at org.springframework.boot.web.servlet.context.ServletWebServerApplicationContext.refresh(ServletWebServerApplicationContext.java:147) ~[spring-boot-2.7.12.jar:2.7.12]
	at org.springframework.boot.SpringApplication.refresh(SpringApplication.java:731) ~[spring-boot-2.7.12.jar:2.7.12]
	at org.springframework.boot.SpringApplication.refreshContext(SpringApplication.java:408) ~[spring-boot-2.7.12.jar:2.7.12]
	at org.springframework.boot.SpringApplication.run(SpringApplication.java:307) ~[spring-boot-2.7.12.jar:2.7.12]
	at org.springframework.boot.SpringApplication.run(SpringApplication.java:1303) ~[spring-boot-2.7.12.jar:2.7.12]
	at org.springframework.boot.SpringApplication.run(SpringApplication.java:1292) ~[spring-boot-2.7.12.jar:2.7.12]
	at com.hmall.trade.TradeApplication.main(TradeApplication.java:14) ~[classes/:na]

19:22:48:814  INFO 20240 --- [main] com.alibaba.nacos.common.remote.client   : [34849dcd-ca73-442d-a553-71ae17b79685] Register server push request handler:com.alibaba.nacos.common.remote.client.RpcClient$ConnectResetRequestHandler
19:22:48:814  INFO 20240 --- [com.alibaba.nacos.client.remote.worker] com.alibaba.nacos.common.remote.client   : [34849dcd-ca73-442d-a553-71ae17b79685] Try to reconnect to a new server, server is  not appointed, will choose a random server.
19:22:48:814  INFO 20240 --- [main] com.alibaba.nacos.common.remote.client   : [34849dcd-ca73-442d-a553-71ae17b79685] Register server push request handler:com.alibaba.nacos.common.remote.client.RpcClient$$Lambda$974/0x0000000800705440
19:22:48:925 ERROR 20240 --- [main] com.alibaba.nacos.common.remote.client   : Send request fail, request = SubscribeServiceRequest{headers={app=unknown}, requestId='null'}, retryTimes = 0, errorMessage = Client not connected, current status:STARTING
19:22:49:035 ERROR 20240 --- [main] com.alibaba.nacos.common.remote.client   : Send request fail, request = SubscribeServiceRequest{headers={app=unknown}, requestId='null'}, retryTimes = 1, errorMessage = Client not connected, current status:STARTING
19:22:49:145 ERROR 20240 --- [main] com.alibaba.nacos.common.remote.client   : Send request fail, request = SubscribeServiceRequest{headers={app=unknown}, requestId='null'}, retryTimes = 2, errorMessage = Client not connected, current status:STARTING
19:22:49:145 ERROR 20240 --- [main] c.a.cloud.nacos.discovery.NacosWatch     : namingService unsubscribe failed, properties:NacosDiscoveryProperties{serverAddr='192.168.150.102', username='', password='', endpoint='', namespace='', watchDelay=30000, logName='', service='trade-service', weight=1.0, clusterName='DEFAULT', group='DEFAULT_GROUP', namingLoadCacheAtStart='false', metadata={preserved.register.source=SPRING_CLOUD}, registerEnabled=true, ip='192.168.220.1', networkInterface='', port=8085, secure=false, accessKey='', secretKey='', heartBeatInterval=null, heartBeatTimeout=null, ipDeleteTimeout=null, instanceEnabled=true, ephemeral=true, failureToleranceEnabled=false}, ipDeleteTimeout=null, failFast=true}

com.alibaba.nacos.api.exception.NacosException: Request nacos server failed: 
	at com.alibaba.nacos.client.naming.remote.gprc.NamingGrpcClientProxy.requestToServer(NamingGrpcClientProxy.java:290) ~[nacos-client-2.0.4.jar:na]
	at com.alibaba.nacos.client.naming.remote.gprc.NamingGrpcClientProxy.doUnsubscribe(NamingGrpcClientProxy.java:260) ~[nacos-client-2.0.4.jar:na]
	at com.alibaba.nacos.client.naming.remote.gprc.NamingGrpcClientProxy.unsubscribe(NamingGrpcClientProxy.java:241) ~[nacos-client-2.0.4.jar:na]
	at com.alibaba.nacos.client.naming.remote.NamingClientProxyDelegate.unsubscribe(NamingClientProxyDelegate.java:157) ~[nacos-client-2.0.4.jar:na]
	at com.alibaba.nacos.client.naming.NacosNamingService.unsubscribe(NacosNamingService.java:417) ~[nacos-client-2.0.4.jar:na]
	at com.alibaba.cloud.nacos.discovery.NacosWatch.stop(NacosWatch.java:174) ~[spring-cloud-starter-alibaba-nacos-discovery-2021.0.4.0.jar:2021.0.4.0]
	at com.alibaba.cloud.nacos.discovery.NacosWatch.destroy(NacosWatch.java:204) ~[spring-cloud-starter-alibaba-nacos-discovery-2021.0.4.0.jar:2021.0.4.0]
	at org.springframework.beans.factory.support.DisposableBeanAdapter.destroy(DisposableBeanAdapter.java:213) ~[spring-beans-5.3.27.jar:5.3.27]
	at org.springframework.beans.factory.support.DefaultSingletonBeanRegistry.destroyBean(DefaultSingletonBeanRegistry.java:587) ~[spring-beans-5.3.27.jar:5.3.27]
	at org.springframework.beans.factory.support.DefaultSingletonBeanRegistry.destroySingleton(DefaultSingletonBeanRegistry.java:559) ~[spring-beans-5.3.27.jar:5.3.27]
	at org.springframework.beans.factory.support.DefaultListableBeanFactory.destroySingleton(DefaultListableBeanFactory.java:1163) ~[spring-beans-5.3.27.jar:5.3.27]
	at org.springframework.beans.factory.support.DefaultSingletonBeanRegistry.destroySingletons(DefaultSingletonBeanRegistry.java:520) ~[spring-beans-5.3.27.jar:5.3.27]
	at org.springframework.beans.factory.support.DefaultListableBeanFactory.destroySingletons(DefaultListableBeanFactory.java:1156) ~[spring-beans-5.3.27.jar:5.3.27]
	at org.springframework.context.support.AbstractApplicationContext.destroyBeans(AbstractApplicationContext.java:1108) ~[spring-context-5.3.27.jar:5.3.27]
	at org.springframework.context.support.AbstractApplicationContext.refresh(AbstractApplicationContext.java:596) ~[spring-context-5.3.27.jar:5.3.27]
	at org.springframework.boot.web.servlet.context.ServletWebServerApplicationContext.refresh(ServletWebServerApplicationContext.java:147) ~[spring-boot-2.7.12.jar:2.7.12]
	at org.springframework.boot.SpringApplication.refresh(SpringApplication.java:731) ~[spring-boot-2.7.12.jar:2.7.12]
	at org.springframework.boot.SpringApplication.refreshContext(SpringApplication.java:408) ~[spring-boot-2.7.12.jar:2.7.12]
	at org.springframework.boot.SpringApplication.run(SpringApplication.java:307) ~[spring-boot-2.7.12.jar:2.7.12]
	at org.springframework.boot.SpringApplication.run(SpringApplication.java:1303) ~[spring-boot-2.7.12.jar:2.7.12]
	at org.springframework.boot.SpringApplication.run(SpringApplication.java:1292) ~[spring-boot-2.7.12.jar:2.7.12]
	at com.hmall.trade.TradeApplication.main(TradeApplication.java:14) ~[classes/:na]
Caused by: com.alibaba.nacos.api.exception.NacosException: Client not connected, current status:STARTING
	at com.alibaba.nacos.common.remote.client.RpcClient.request(RpcClient.java:650) ~[nacos-client-2.0.4.jar:na]
	at com.alibaba.nacos.common.remote.client.RpcClient.request(RpcClient.java:630) ~[nacos-client-2.0.4.jar:na]
	at com.alibaba.nacos.client.naming.remote.gprc.NamingGrpcClientProxy.requestToServer(NamingGrpcClientProxy.java:280) ~[nacos-client-2.0.4.jar:na]
	... 21 common frames omitted

19:54:54:928  INFO 29600 --- [main] com.hmall.trade.TradeApplication         : Starting TradeApplication using Java 11.0.31 on LAPTOP-16OT1L5F with PID 29600 (G:\hmall\backend\trade-service\target\classes started by 18071 in G:\hmall\backend)
19:54:54:931 DEBUG 29600 --- [main] com.hmall.trade.TradeApplication         : Running with Spring Boot v2.7.12, Spring v5.3.27
19:54:54:932  INFO 29600 --- [main] com.hmall.trade.TradeApplication         : The following 1 profile is active: "dev"
19:54:56:089  INFO 29600 --- [main] o.s.cloud.context.scope.GenericScope     : BeanFactory id=020f0478-fef7-32c1-9836-19d509b1bb73
19:54:56:497  INFO 29600 --- [main] o.s.b.w.embedded.tomcat.TomcatWebServer  : Tomcat initialized with port(s): 8085 (http)
19:54:56:510  INFO 29600 --- [main] o.apache.catalina.core.StandardService   : Starting service [Tomcat]
19:54:56:510  INFO 29600 --- [main] org.apache.catalina.core.StandardEngine  : Starting Servlet engine: [Apache Tomcat/9.0.75]
19:54:56:714  INFO 29600 --- [main] o.a.c.c.C.[Tomcat].[localhost].[/]       : Initializing Spring embedded WebApplicationContext
19:54:56:714  INFO 29600 --- [main] w.s.c.ServletWebServerApplicationContext : Root WebApplicationContext: initialization completed in 1726 ms
19:54:56:971  INFO 29600 --- [main] o.s.c.openfeign.FeignClientFactoryBean   : For 'item-service' URL not provided. Will try picking an instance via load-balancing.
19:54:59:432  INFO 29600 --- [main] o.s.c.openfeign.FeignClientFactoryBean   : For 'cart-service' URL not provided. Will try picking an instance via load-balancing.
19:55:00:914  INFO 29600 --- [main] pertySourcedRequestMappingHandlerMapping : Mapped URL path [/v2/api-docs] onto method [springfox.documentation.swagger2.web.Swagger2ControllerWebMvc#getDocumentation(String, HttpServletRequest)]
19:55:01:816  INFO 29600 --- [main] com.alibaba.nacos.common.remote.client   : [RpcClientFactory] create a new rpc client of 9e2c55ae-8d52-4dc7-81dc-ef0cae002da1
19:55:01:853  INFO 29600 --- [main] org.reflections.Reflections              : Reflections took 19 ms to scan 1 urls, producing 3 keys and 6 values 
19:55:01:876  INFO 29600 --- [main] org.reflections.Reflections              : Reflections took 9 ms to scan 1 urls, producing 4 keys and 9 values 
19:55:01:905  INFO 29600 --- [main] org.reflections.Reflections              : Reflections took 23 ms to scan 1 urls, producing 3 keys and 10 values 
19:55:01:908  WARN 29600 --- [main] org.reflections.Reflections              : given scan urls are empty. set urls in the configuration
19:55:01:915  INFO 29600 --- [main] org.reflections.Reflections              : Reflections took 6 ms to scan 1 urls, producing 1 keys and 5 values 
19:55:01:928  INFO 29600 --- [main] org.reflections.Reflections              : Reflections took 10 ms to scan 1 urls, producing 1 keys and 7 values 
19:55:01:939  INFO 29600 --- [main] org.reflections.Reflections              : Reflections took 7 ms to scan 1 urls, producing 2 keys and 8 values 
19:55:01:941  WARN 29600 --- [main] org.reflections.Reflections              : given scan urls are empty. set urls in the configuration
19:55:01:942  INFO 29600 --- [main] com.alibaba.nacos.common.remote.client   : [9e2c55ae-8d52-4dc7-81dc-ef0cae002da1] RpcClient init label, labels = {module=naming, source=sdk}
19:55:01:945  INFO 29600 --- [main] com.alibaba.nacos.common.remote.client   : [9e2c55ae-8d52-4dc7-81dc-ef0cae002da1] RpcClient init, ServerListFactory = com.alibaba.nacos.client.naming.core.ServerListManager
19:55:01:945  INFO 29600 --- [main] com.alibaba.nacos.common.remote.client   : [9e2c55ae-8d52-4dc7-81dc-ef0cae002da1] Registry connection listener to current client:com.alibaba.nacos.client.naming.remote.gprc.redo.NamingGrpcRedoService
19:55:01:945  INFO 29600 --- [main] com.alibaba.nacos.common.remote.client   : [9e2c55ae-8d52-4dc7-81dc-ef0cae002da1] Register server push request handler:com.alibaba.nacos.client.naming.remote.gprc.NamingPushRequestHandler
19:55:01:947  INFO 29600 --- [main] com.alibaba.nacos.common.remote.client   : [9e2c55ae-8d52-4dc7-81dc-ef0cae002da1] Try to connect to server on start up, server: {serverIp = '192.168.150.102', server main port = 8848}
19:55:07:940 ERROR 29600 --- [main] c.a.n.c.remote.client.grpc.GrpcClient    : Server check fail, please check server 192.168.150.102 ,port 9848 is available , error ={}

java.util.concurrent.TimeoutException: Waited 3000 milliseconds (plus 4 milliseconds, 963400 nanoseconds delay) for com.alibaba.nacos.shaded.io.grpc.stub.ClientCalls$GrpcFuture@776a7ec6[status=PENDING, info=[GrpcFuture{clientCall={delegate={delegate=ClientCallImpl{method=MethodDescriptor{fullMethodName=Request/request, type=UNARY, idempotent=false, safe=false, sampledToLocalTracing=true, requestMarshaller=com.alibaba.nacos.shaded.io.grpc.protobuf.lite.ProtoLiteUtils$MessageMarshaller@66130c3b, responseMarshaller=com.alibaba.nacos.shaded.io.grpc.protobuf.lite.ProtoLiteUtils$MessageMarshaller@789d8fd6, schemaDescriptor=com.alibaba.nacos.api.grpc.auto.RequestGrpc$RequestMethodDescriptorSupplier@42fa5cb}}}}}]]
	at com.alibaba.nacos.shaded.com.google.common.util.concurrent.AbstractFuture.get(AbstractFuture.java:508) ~[nacos-client-2.0.4.jar:na]
	at com.alibaba.nacos.common.remote.client.grpc.GrpcClient.serverCheck(GrpcClient.java:148) ~[nacos-client-2.0.4.jar:na]
	at com.alibaba.nacos.common.remote.client.grpc.GrpcClient.connectToServer(GrpcClient.java:264) ~[nacos-client-2.0.4.jar:na]
	at com.alibaba.nacos.common.remote.client.RpcClient.start(RpcClient.java:390) ~[nacos-client-2.0.4.jar:na]
	at com.alibaba.nacos.client.naming.remote.gprc.NamingGrpcClientProxy.start(NamingGrpcClientProxy.java:96) ~[nacos-client-2.0.4.jar:na]
	at com.alibaba.nacos.client.naming.remote.gprc.NamingGrpcClientProxy.<init>(NamingGrpcClientProxy.java:89) ~[nacos-client-2.0.4.jar:na]
	at com.alibaba.nacos.client.naming.remote.NamingClientProxyDelegate.<init>(NamingClientProxyDelegate.java:76) ~[nacos-client-2.0.4.jar:na]
	at com.alibaba.nacos.client.naming.NacosNamingService.init(NacosNamingService.java:95) ~[nacos-client-2.0.4.jar:na]
	at com.alibaba.nacos.client.naming.NacosNamingService.<init>(NacosNamingService.java:81) ~[nacos-client-2.0.4.jar:na]
	at java.base/jdk.internal.reflect.NativeConstructorAccessorImpl.newInstance0(Native Method) ~[na:na]
	at java.base/jdk.internal.reflect.NativeConstructorAccessorImpl.newInstance(NativeConstructorAccessorImpl.java:62) ~[na:na]
	at java.base/jdk.internal.reflect.DelegatingConstructorAccessorImpl.newInstance(DelegatingConstructorAccessorImpl.java:45) ~[na:na]
	at java.base/java.lang.reflect.Constructor.newInstance(Constructor.java:490) ~[na:na]
	at com.alibaba.nacos.api.naming.NamingFactory.createNamingService(NamingFactory.java:59) ~[nacos-client-2.0.4.jar:na]
	at com.alibaba.nacos.api.NacosFactory.createNamingService(NacosFactory.java:77) ~[nacos-client-2.0.4.jar:na]
	at com.alibaba.cloud.nacos.NacosServiceManager.createNewNamingService(NacosServiceManager.java:99) ~[spring-cloud-starter-alibaba-nacos-discovery-2021.0.4.0.jar:2021.0.4.0]
	at com.alibaba.cloud.nacos.NacosServiceManager.buildNamingService(NacosServiceManager.java:90) ~[spring-cloud-starter-alibaba-nacos-discovery-2021.0.4.0.jar:2021.0.4.0]
	at com.alibaba.cloud.nacos.NacosServiceManager.getNamingService(NacosServiceManager.java:46) ~[spring-cloud-starter-alibaba-nacos-discovery-2021.0.4.0.jar:2021.0.4.0]
	at com.alibaba.cloud.nacos.discovery.NacosWatch.start(NacosWatch.java:130) ~[spring-cloud-starter-alibaba-nacos-discovery-2021.0.4.0.jar:2021.0.4.0]
	at org.springframework.context.support.DefaultLifecycleProcessor.doStart(DefaultLifecycleProcessor.java:178) ~[spring-context-5.3.27.jar:5.3.27]
	at org.springframework.context.support.DefaultLifecycleProcessor.access$200(DefaultLifecycleProcessor.java:54) ~[spring-context-5.3.27.jar:5.3.27]
	at org.springframework.context.support.DefaultLifecycleProcessor$LifecycleGroup.start(DefaultLifecycleProcessor.java:356) ~[spring-context-5.3.27.jar:5.3.27]
	at java.base/java.lang.Iterable.forEach(Iterable.java:75) ~[na:na]
	at org.springframework.context.support.DefaultLifecycleProcessor.startBeans(DefaultLifecycleProcessor.java:155) ~[spring-context-5.3.27.jar:5.3.27]
	at org.springframework.context.support.DefaultLifecycleProcessor.onRefresh(DefaultLifecycleProcessor.java:123) ~[spring-context-5.3.27.jar:5.3.27]
	at org.springframework.context.support.AbstractApplicationContext.finishRefresh(AbstractApplicationContext.java:937) ~[spring-context-5.3.27.jar:5.3.27]
	at org.springframework.context.support.AbstractApplicationContext.refresh(AbstractApplicationContext.java:586) ~[spring-context-5.3.27.jar:5.3.27]
	at org.springframework.boot.web.servlet.context.ServletWebServerApplicationContext.refresh(ServletWebServerApplicationContext.java:147) ~[spring-boot-2.7.12.jar:2.7.12]
	at org.springframework.boot.SpringApplication.refresh(SpringApplication.java:731) ~[spring-boot-2.7.12.jar:2.7.12]
	at org.springframework.boot.SpringApplication.refreshContext(SpringApplication.java:408) ~[spring-boot-2.7.12.jar:2.7.12]
	at org.springframework.boot.SpringApplication.run(SpringApplication.java:307) ~[spring-boot-2.7.12.jar:2.7.12]
	at org.springframework.boot.SpringApplication.run(SpringApplication.java:1303) ~[spring-boot-2.7.12.jar:2.7.12]
	at org.springframework.boot.SpringApplication.run(SpringApplication.java:1292) ~[spring-boot-2.7.12.jar:2.7.12]
	at com.hmall.trade.TradeApplication.main(TradeApplication.java:14) ~[classes/:na]

19:55:07:946  INFO 29600 --- [main] com.alibaba.nacos.common.remote.client   : [9e2c55ae-8d52-4dc7-81dc-ef0cae002da1] Try to connect to server on start up, server: {serverIp = '192.168.150.102', server main port = 8848}
19:55:10:963 ERROR 29600 --- [main] c.a.n.c.remote.client.grpc.GrpcClient    : Server check fail, please check server 192.168.150.102 ,port 9848 is available , error ={}

java.util.concurrent.TimeoutException: Waited 3000 milliseconds (plus 15 milliseconds, 364500 nanoseconds delay) for com.alibaba.nacos.shaded.io.grpc.stub.ClientCalls$GrpcFuture@60484429[status=PENDING, info=[GrpcFuture{clientCall={delegate={delegate=ClientCallImpl{method=MethodDescriptor{fullMethodName=Request/request, type=UNARY, idempotent=false, safe=false, sampledToLocalTracing=true, requestMarshaller=com.alibaba.nacos.shaded.io.grpc.protobuf.lite.ProtoLiteUtils$MessageMarshaller@66130c3b, responseMarshaller=com.alibaba.nacos.shaded.io.grpc.protobuf.lite.ProtoLiteUtils$MessageMarshaller@789d8fd6, schemaDescriptor=com.alibaba.nacos.api.grpc.auto.RequestGrpc$RequestMethodDescriptorSupplier@42fa5cb}}}}}]]
	at com.alibaba.nacos.shaded.com.google.common.util.concurrent.AbstractFuture.get(AbstractFuture.java:508) ~[nacos-client-2.0.4.jar:na]
	at com.alibaba.nacos.common.remote.client.grpc.GrpcClient.serverCheck(GrpcClient.java:148) ~[nacos-client-2.0.4.jar:na]
	at com.alibaba.nacos.common.remote.client.grpc.GrpcClient.connectToServer(GrpcClient.java:264) ~[nacos-client-2.0.4.jar:na]
	at com.alibaba.nacos.common.remote.client.RpcClient.start(RpcClient.java:390) ~[nacos-client-2.0.4.jar:na]
	at com.alibaba.nacos.client.naming.remote.gprc.NamingGrpcClientProxy.start(NamingGrpcClientProxy.java:96) ~[nacos-client-2.0.4.jar:na]
	at com.alibaba.nacos.client.naming.remote.gprc.NamingGrpcClientProxy.<init>(NamingGrpcClientProxy.java:89) ~[nacos-client-2.0.4.jar:na]
	at com.alibaba.nacos.client.naming.remote.NamingClientProxyDelegate.<init>(NamingClientProxyDelegate.java:76) ~[nacos-client-2.0.4.jar:na]
	at com.alibaba.nacos.client.naming.NacosNamingService.init(NacosNamingService.java:95) ~[nacos-client-2.0.4.jar:na]
	at com.alibaba.nacos.client.naming.NacosNamingService.<init>(NacosNamingService.java:81) ~[nacos-client-2.0.4.jar:na]
	at java.base/jdk.internal.reflect.NativeConstructorAccessorImpl.newInstance0(Native Method) ~[na:na]
	at java.base/jdk.internal.reflect.NativeConstructorAccessorImpl.newInstance(NativeConstructorAccessorImpl.java:62) ~[na:na]
	at java.base/jdk.internal.reflect.DelegatingConstructorAccessorImpl.newInstance(DelegatingConstructorAccessorImpl.java:45) ~[na:na]
	at java.base/java.lang.reflect.Constructor.newInstance(Constructor.java:490) ~[na:na]
	at com.alibaba.nacos.api.naming.NamingFactory.createNamingService(NamingFactory.java:59) ~[nacos-client-2.0.4.jar:na]
	at com.alibaba.nacos.api.NacosFactory.createNamingService(NacosFactory.java:77) ~[nacos-client-2.0.4.jar:na]
	at com.alibaba.cloud.nacos.NacosServiceManager.createNewNamingService(NacosServiceManager.java:99) ~[spring-cloud-starter-alibaba-nacos-discovery-2021.0.4.0.jar:2021.0.4.0]
	at com.alibaba.cloud.nacos.NacosServiceManager.buildNamingService(NacosServiceManager.java:90) ~[spring-cloud-starter-alibaba-nacos-discovery-2021.0.4.0.jar:2021.0.4.0]
	at com.alibaba.cloud.nacos.NacosServiceManager.getNamingService(NacosServiceManager.java:46) ~[spring-cloud-starter-alibaba-nacos-discovery-2021.0.4.0.jar:2021.0.4.0]
	at com.alibaba.cloud.nacos.discovery.NacosWatch.start(NacosWatch.java:130) ~[spring-cloud-starter-alibaba-nacos-discovery-2021.0.4.0.jar:2021.0.4.0]
	at org.springframework.context.support.DefaultLifecycleProcessor.doStart(DefaultLifecycleProcessor.java:178) ~[spring-context-5.3.27.jar:5.3.27]
	at org.springframework.context.support.DefaultLifecycleProcessor.access$200(DefaultLifecycleProcessor.java:54) ~[spring-context-5.3.27.jar:5.3.27]
	at org.springframework.context.support.DefaultLifecycleProcessor$LifecycleGroup.start(DefaultLifecycleProcessor.java:356) ~[spring-context-5.3.27.jar:5.3.27]
	at java.base/java.lang.Iterable.forEach(Iterable.java:75) ~[na:na]
	at org.springframework.context.support.DefaultLifecycleProcessor.startBeans(DefaultLifecycleProcessor.java:155) ~[spring-context-5.3.27.jar:5.3.27]
	at org.springframework.context.support.DefaultLifecycleProcessor.onRefresh(DefaultLifecycleProcessor.java:123) ~[spring-context-5.3.27.jar:5.3.27]
	at org.springframework.context.support.AbstractApplicationContext.finishRefresh(AbstractApplicationContext.java:937) ~[spring-context-5.3.27.jar:5.3.27]
	at org.springframework.context.support.AbstractApplicationContext.refresh(AbstractApplicationContext.java:586) ~[spring-context-5.3.27.jar:5.3.27]
	at org.springframework.boot.web.servlet.context.ServletWebServerApplicationContext.refresh(ServletWebServerApplicationContext.java:147) ~[spring-boot-2.7.12.jar:2.7.12]
	at org.springframework.boot.SpringApplication.refresh(SpringApplication.java:731) ~[spring-boot-2.7.12.jar:2.7.12]
	at org.springframework.boot.SpringApplication.refreshContext(SpringApplication.java:408) ~[spring-boot-2.7.12.jar:2.7.12]
	at org.springframework.boot.SpringApplication.run(SpringApplication.java:307) ~[spring-boot-2.7.12.jar:2.7.12]
	at org.springframework.boot.SpringApplication.run(SpringApplication.java:1303) ~[spring-boot-2.7.12.jar:2.7.12]
	at org.springframework.boot.SpringApplication.run(SpringApplication.java:1292) ~[spring-boot-2.7.12.jar:2.7.12]
	at com.hmall.trade.TradeApplication.main(TradeApplication.java:14) ~[classes/:na]

19:55:10:964  INFO 29600 --- [main] com.alibaba.nacos.common.remote.client   : [9e2c55ae-8d52-4dc7-81dc-ef0cae002da1] Try to connect to server on start up, server: {serverIp = '192.168.150.102', server main port = 8848}
19:55:13:977 ERROR 29600 --- [main] c.a.n.c.remote.client.grpc.GrpcClient    : Server check fail, please check server 192.168.150.102 ,port 9848 is available , error ={}

java.util.concurrent.TimeoutException: Waited 3000 milliseconds (plus 10 milliseconds, 731900 nanoseconds delay) for com.alibaba.nacos.shaded.io.grpc.stub.ClientCalls$GrpcFuture@131b58d4[status=PENDING, info=[GrpcFuture{clientCall={delegate={delegate=ClientCallImpl{method=MethodDescriptor{fullMethodName=Request/request, type=UNARY, idempotent=false, safe=false, sampledToLocalTracing=true, requestMarshaller=com.alibaba.nacos.shaded.io.grpc.protobuf.lite.ProtoLiteUtils$MessageMarshaller@66130c3b, responseMarshaller=com.alibaba.nacos.shaded.io.grpc.protobuf.lite.ProtoLiteUtils$MessageMarshaller@789d8fd6, schemaDescriptor=com.alibaba.nacos.api.grpc.auto.RequestGrpc$RequestMethodDescriptorSupplier@42fa5cb}}}}}]]
	at com.alibaba.nacos.shaded.com.google.common.util.concurrent.AbstractFuture.get(AbstractFuture.java:508) ~[nacos-client-2.0.4.jar:na]
	at com.alibaba.nacos.common.remote.client.grpc.GrpcClient.serverCheck(GrpcClient.java:148) ~[nacos-client-2.0.4.jar:na]
	at com.alibaba.nacos.common.remote.client.grpc.GrpcClient.connectToServer(GrpcClient.java:264) ~[nacos-client-2.0.4.jar:na]
	at com.alibaba.nacos.common.remote.client.RpcClient.start(RpcClient.java:390) ~[nacos-client-2.0.4.jar:na]
	at com.alibaba.nacos.client.naming.remote.gprc.NamingGrpcClientProxy.start(NamingGrpcClientProxy.java:96) ~[nacos-client-2.0.4.jar:na]
	at com.alibaba.nacos.client.naming.remote.gprc.NamingGrpcClientProxy.<init>(NamingGrpcClientProxy.java:89) ~[nacos-client-2.0.4.jar:na]
	at com.alibaba.nacos.client.naming.remote.NamingClientProxyDelegate.<init>(NamingClientProxyDelegate.java:76) ~[nacos-client-2.0.4.jar:na]
	at com.alibaba.nacos.client.naming.NacosNamingService.init(NacosNamingService.java:95) ~[nacos-client-2.0.4.jar:na]
	at com.alibaba.nacos.client.naming.NacosNamingService.<init>(NacosNamingService.java:81) ~[nacos-client-2.0.4.jar:na]
	at java.base/jdk.internal.reflect.NativeConstructorAccessorImpl.newInstance0(Native Method) ~[na:na]
	at java.base/jdk.internal.reflect.NativeConstructorAccessorImpl.newInstance(NativeConstructorAccessorImpl.java:62) ~[na:na]
	at java.base/jdk.internal.reflect.DelegatingConstructorAccessorImpl.newInstance(DelegatingConstructorAccessorImpl.java:45) ~[na:na]
	at java.base/java.lang.reflect.Constructor.newInstance(Constructor.java:490) ~[na:na]
	at com.alibaba.nacos.api.naming.NamingFactory.createNamingService(NamingFactory.java:59) ~[nacos-client-2.0.4.jar:na]
	at com.alibaba.nacos.api.NacosFactory.createNamingService(NacosFactory.java:77) ~[nacos-client-2.0.4.jar:na]
	at com.alibaba.cloud.nacos.NacosServiceManager.createNewNamingService(NacosServiceManager.java:99) ~[spring-cloud-starter-alibaba-nacos-discovery-2021.0.4.0.jar:2021.0.4.0]
	at com.alibaba.cloud.nacos.NacosServiceManager.buildNamingService(NacosServiceManager.java:90) ~[spring-cloud-starter-alibaba-nacos-discovery-2021.0.4.0.jar:2021.0.4.0]
	at com.alibaba.cloud.nacos.NacosServiceManager.getNamingService(NacosServiceManager.java:46) ~[spring-cloud-starter-alibaba-nacos-discovery-2021.0.4.0.jar:2021.0.4.0]
	at com.alibaba.cloud.nacos.discovery.NacosWatch.start(NacosWatch.java:130) ~[spring-cloud-starter-alibaba-nacos-discovery-2021.0.4.0.jar:2021.0.4.0]
	at org.springframework.context.support.DefaultLifecycleProcessor.doStart(DefaultLifecycleProcessor.java:178) ~[spring-context-5.3.27.jar:5.3.27]
	at org.springframework.context.support.DefaultLifecycleProcessor.access$200(DefaultLifecycleProcessor.java:54) ~[spring-context-5.3.27.jar:5.3.27]
	at org.springframework.context.support.DefaultLifecycleProcessor$LifecycleGroup.start(DefaultLifecycleProcessor.java:356) ~[spring-context-5.3.27.jar:5.3.27]
	at java.base/java.lang.Iterable.forEach(Iterable.java:75) ~[na:na]
	at org.springframework.context.support.DefaultLifecycleProcessor.startBeans(DefaultLifecycleProcessor.java:155) ~[spring-context-5.3.27.jar:5.3.27]
	at org.springframework.context.support.DefaultLifecycleProcessor.onRefresh(DefaultLifecycleProcessor.java:123) ~[spring-context-5.3.27.jar:5.3.27]
	at org.springframework.context.support.AbstractApplicationContext.finishRefresh(AbstractApplicationContext.java:937) ~[spring-context-5.3.27.jar:5.3.27]
	at org.springframework.context.support.AbstractApplicationContext.refresh(AbstractApplicationContext.java:586) ~[spring-context-5.3.27.jar:5.3.27]
	at org.springframework.boot.web.servlet.context.ServletWebServerApplicationContext.refresh(ServletWebServerApplicationContext.java:147) ~[spring-boot-2.7.12.jar:2.7.12]
	at org.springframework.boot.SpringApplication.refresh(SpringApplication.java:731) ~[spring-boot-2.7.12.jar:2.7.12]
	at org.springframework.boot.SpringApplication.refreshContext(SpringApplication.java:408) ~[spring-boot-2.7.12.jar:2.7.12]
	at org.springframework.boot.SpringApplication.run(SpringApplication.java:307) ~[spring-boot-2.7.12.jar:2.7.12]
	at org.springframework.boot.SpringApplication.run(SpringApplication.java:1303) ~[spring-boot-2.7.12.jar:2.7.12]
	at org.springframework.boot.SpringApplication.run(SpringApplication.java:1292) ~[spring-boot-2.7.12.jar:2.7.12]
	at com.hmall.trade.TradeApplication.main(TradeApplication.java:14) ~[classes/:na]

19:55:13:984  INFO 29600 --- [com.alibaba.nacos.client.remote.worker] com.alibaba.nacos.common.remote.client   : [9e2c55ae-8d52-4dc7-81dc-ef0cae002da1] Try to reconnect to a new server, server is  not appointed, will choose a random server.
19:55:13:985  INFO 29600 --- [main] com.alibaba.nacos.common.remote.client   : [9e2c55ae-8d52-4dc7-81dc-ef0cae002da1] Register server push request handler:com.alibaba.nacos.common.remote.client.RpcClient$ConnectResetRequestHandler
19:55:13:986  INFO 29600 --- [main] com.alibaba.nacos.common.remote.client   : [9e2c55ae-8d52-4dc7-81dc-ef0cae002da1] Register server push request handler:com.alibaba.nacos.common.remote.client.RpcClient$$Lambda$974/0x00000008006fd440
19:55:14:102 ERROR 29600 --- [main] com.alibaba.nacos.common.remote.client   : Send request fail, request = SubscribeServiceRequest{headers={app=unknown}, requestId='null'}, retryTimes = 0, errorMessage = Client not connected, current status:STARTING
19:55:14:213 ERROR 29600 --- [main] com.alibaba.nacos.common.remote.client   : Send request fail, request = SubscribeServiceRequest{headers={app=unknown}, requestId='null'}, retryTimes = 1, errorMessage = Client not connected, current status:STARTING
19:55:14:323 ERROR 29600 --- [main] com.alibaba.nacos.common.remote.client   : Send request fail, request = SubscribeServiceRequest{headers={app=unknown}, requestId='null'}, retryTimes = 2, errorMessage = Client not connected, current status:STARTING
19:55:14:323 ERROR 29600 --- [main] c.a.cloud.nacos.discovery.NacosWatch     : namingService subscribe failed, properties:NacosDiscoveryProperties{serverAddr='192.168.150.102', username='', password='', endpoint='', namespace='', watchDelay=30000, logName='', service='trade-service', weight=1.0, clusterName='DEFAULT', group='DEFAULT_GROUP', namingLoadCacheAtStart='false', metadata={preserved.register.source=SPRING_CLOUD}, registerEnabled=true, ip='192.168.220.1', networkInterface='', port=-1, secure=false, accessKey='', secretKey='', heartBeatInterval=null, heartBeatTimeout=null, ipDeleteTimeout=null, instanceEnabled=true, ephemeral=true, failureToleranceEnabled=false}, ipDeleteTimeout=null, failFast=true}

com.alibaba.nacos.api.exception.NacosException: Request nacos server failed: 
	at com.alibaba.nacos.client.naming.remote.gprc.NamingGrpcClientProxy.requestToServer(NamingGrpcClientProxy.java:290) ~[nacos-client-2.0.4.jar:na]
	at com.alibaba.nacos.client.naming.remote.gprc.NamingGrpcClientProxy.doSubscribe(NamingGrpcClientProxy.java:230) ~[nacos-client-2.0.4.jar:na]
	at com.alibaba.nacos.client.naming.remote.gprc.NamingGrpcClientProxy.subscribe(NamingGrpcClientProxy.java:215) ~[nacos-client-2.0.4.jar:na]
	at com.alibaba.nacos.client.naming.remote.NamingClientProxyDelegate.subscribe(NamingClientProxyDelegate.java:147) ~[nacos-client-2.0.4.jar:na]
	at com.alibaba.nacos.client.naming.NacosNamingService.subscribe(NacosNamingService.java:393) ~[nacos-client-2.0.4.jar:na]
	at com.alibaba.cloud.nacos.discovery.NacosWatch.start(NacosWatch.java:132) ~[spring-cloud-starter-alibaba-nacos-discovery-2021.0.4.0.jar:2021.0.4.0]
	at org.springframework.context.support.DefaultLifecycleProcessor.doStart(DefaultLifecycleProcessor.java:178) ~[spring-context-5.3.27.jar:5.3.27]
	at org.springframework.context.support.DefaultLifecycleProcessor.access$200(DefaultLifecycleProcessor.java:54) ~[spring-context-5.3.27.jar:5.3.27]
	at org.springframework.context.support.DefaultLifecycleProcessor$LifecycleGroup.start(DefaultLifecycleProcessor.java:356) ~[spring-context-5.3.27.jar:5.3.27]
	at java.base/java.lang.Iterable.forEach(Iterable.java:75) ~[na:na]
	at org.springframework.context.support.DefaultLifecycleProcessor.startBeans(DefaultLifecycleProcessor.java:155) ~[spring-context-5.3.27.jar:5.3.27]
	at org.springframework.context.support.DefaultLifecycleProcessor.onRefresh(DefaultLifecycleProcessor.java:123) ~[spring-context-5.3.27.jar:5.3.27]
	at org.springframework.context.support.AbstractApplicationContext.finishRefresh(AbstractApplicationContext.java:937) ~[spring-context-5.3.27.jar:5.3.27]
	at org.springframework.context.support.AbstractApplicationContext.refresh(AbstractApplicationContext.java:586) ~[spring-context-5.3.27.jar:5.3.27]
	at org.springframework.boot.web.servlet.context.ServletWebServerApplicationContext.refresh(ServletWebServerApplicationContext.java:147) ~[spring-boot-2.7.12.jar:2.7.12]
	at org.springframework.boot.SpringApplication.refresh(SpringApplication.java:731) ~[spring-boot-2.7.12.jar:2.7.12]
	at org.springframework.boot.SpringApplication.refreshContext(SpringApplication.java:408) ~[spring-boot-2.7.12.jar:2.7.12]
	at org.springframework.boot.SpringApplication.run(SpringApplication.java:307) ~[spring-boot-2.7.12.jar:2.7.12]
	at org.springframework.boot.SpringApplication.run(SpringApplication.java:1303) ~[spring-boot-2.7.12.jar:2.7.12]
	at org.springframework.boot.SpringApplication.run(SpringApplication.java:1292) ~[spring-boot-2.7.12.jar:2.7.12]
	at com.hmall.trade.TradeApplication.main(TradeApplication.java:14) ~[classes/:na]
Caused by: com.alibaba.nacos.api.exception.NacosException: Client not connected, current status:STARTING
	at com.alibaba.nacos.common.remote.client.RpcClient.request(RpcClient.java:650) ~[nacos-client-2.0.4.jar:na]
	at com.alibaba.nacos.common.remote.client.RpcClient.request(RpcClient.java:630) ~[nacos-client-2.0.4.jar:na]
	at com.alibaba.nacos.client.naming.remote.gprc.NamingGrpcClientProxy.requestToServer(NamingGrpcClientProxy.java:280) ~[nacos-client-2.0.4.jar:na]
	... 20 common frames omitted

19:55:14:334  INFO 29600 --- [main] o.s.b.w.embedded.tomcat.TomcatWebServer  : Tomcat started on port(s): 8085 (http) with context path ''
19:55:14:448 ERROR 29600 --- [main] com.alibaba.nacos.common.remote.client   : Send request fail, request = InstanceRequest{headers={app=unknown}, requestId='null'}, retryTimes = 0, errorMessage = Client not connected, current status:STARTING
19:55:14:555 ERROR 29600 --- [main] com.alibaba.nacos.common.remote.client   : Send request fail, request = InstanceRequest{headers={app=unknown}, requestId='null'}, retryTimes = 1, errorMessage = Client not connected, current status:STARTING
19:55:14:665 ERROR 29600 --- [main] com.alibaba.nacos.common.remote.client   : Send request fail, request = InstanceRequest{headers={app=unknown}, requestId='null'}, retryTimes = 2, errorMessage = Client not connected, current status:STARTING
19:55:14:665 ERROR 29600 --- [main] c.a.c.n.registry.NacosServiceRegistry    : nacos registry, trade-service register failed...NacosRegistration{nacosDiscoveryProperties=NacosDiscoveryProperties{serverAddr='192.168.150.102', username='', password='', endpoint='', namespace='', watchDelay=30000, logName='', service='trade-service', weight=1.0, clusterName='DEFAULT', group='DEFAULT_GROUP', namingLoadCacheAtStart='false', metadata={preserved.register.source=SPRING_CLOUD}, registerEnabled=true, ip='192.168.220.1', networkInterface='', port=8085, secure=false, accessKey='', secretKey='', heartBeatInterval=null, heartBeatTimeout=null, ipDeleteTimeout=null, instanceEnabled=true, ephemeral=true, failureToleranceEnabled=false}, ipDeleteTimeout=null, failFast=true}},

com.alibaba.nacos.api.exception.NacosException: Request nacos server failed: 
	at com.alibaba.nacos.client.naming.remote.gprc.NamingGrpcClientProxy.requestToServer(NamingGrpcClientProxy.java:290) ~[nacos-client-2.0.4.jar:na]
	at com.alibaba.nacos.client.naming.remote.gprc.NamingGrpcClientProxy.doRegisterService(NamingGrpcClientProxy.java:129) ~[nacos-client-2.0.4.jar:na]
	at com.alibaba.nacos.client.naming.remote.gprc.NamingGrpcClientProxy.registerService(NamingGrpcClientProxy.java:115) ~[nacos-client-2.0.4.jar:na]
	at com.alibaba.nacos.client.naming.remote.NamingClientProxyDelegate.registerService(NamingClientProxyDelegate.java:94) ~[nacos-client-2.0.4.jar:na]
	at com.alibaba.nacos.client.naming.NacosNamingService.registerInstance(NacosNamingService.java:145) ~[nacos-client-2.0.4.jar:na]
	at com.alibaba.cloud.nacos.registry.NacosServiceRegistry.register(NacosServiceRegistry.java:74) ~[spring-cloud-starter-alibaba-nacos-discovery-2021.0.4.0.jar:2021.0.4.0]
	at org.springframework.cloud.client.serviceregistry.AbstractAutoServiceRegistration.register(AbstractAutoServiceRegistration.java:232) ~[spring-cloud-commons-3.1.3.jar:3.1.3]
	at com.alibaba.cloud.nacos.registry.NacosAutoServiceRegistration.register(NacosAutoServiceRegistration.java:78) ~[spring-cloud-starter-alibaba-nacos-discovery-2021.0.4.0.jar:2021.0.4.0]
	at org.springframework.cloud.client.serviceregistry.AbstractAutoServiceRegistration.start(AbstractAutoServiceRegistration.java:133) ~[spring-cloud-commons-3.1.3.jar:3.1.3]
	at org.springframework.cloud.client.serviceregistry.AbstractAutoServiceRegistration.bind(AbstractAutoServiceRegistration.java:98) ~[spring-cloud-commons-3.1.3.jar:3.1.3]
	at org.springframework.cloud.client.serviceregistry.AbstractAutoServiceRegistration.onApplicationEvent(AbstractAutoServiceRegistration.java:86) ~[spring-cloud-commons-3.1.3.jar:3.1.3]
	at org.springframework.cloud.client.serviceregistry.AbstractAutoServiceRegistration.onApplicationEvent(AbstractAutoServiceRegistration.java:47) ~[spring-cloud-commons-3.1.3.jar:3.1.3]
	at org.springframework.context.event.SimpleApplicationEventMulticaster.doInvokeListener(SimpleApplicationEventMulticaster.java:176) ~[spring-context-5.3.27.jar:5.3.27]
	at org.springframework.context.event.SimpleApplicationEventMulticaster.invokeListener(SimpleApplicationEventMulticaster.java:169) ~[spring-context-5.3.27.jar:5.3.27]
	at org.springframework.context.event.SimpleApplicationEventMulticaster.multicastEvent(SimpleApplicationEventMulticaster.java:143) ~[spring-context-5.3.27.jar:5.3.27]
	at org.springframework.context.support.AbstractApplicationContext.publishEvent(AbstractApplicationContext.java:421) ~[spring-context-5.3.27.jar:5.3.27]
	at org.springframework.context.support.AbstractApplicationContext.publishEvent(AbstractApplicationContext.java:378) ~[spring-context-5.3.27.jar:5.3.27]
	at org.springframework.boot.web.servlet.context.WebServerStartStopLifecycle.start(WebServerStartStopLifecycle.java:46) ~[spring-boot-2.7.12.jar:2.7.12]
	at org.springframework.context.support.DefaultLifecycleProcessor.doStart(DefaultLifecycleProcessor.java:178) ~[spring-context-5.3.27.jar:5.3.27]
	at org.springframework.context.support.DefaultLifecycleProcessor.access$200(DefaultLifecycleProcessor.java:54) ~[spring-context-5.3.27.jar:5.3.27]
	at org.springframework.context.support.DefaultLifecycleProcessor$LifecycleGroup.start(DefaultLifecycleProcessor.java:356) ~[spring-context-5.3.27.jar:5.3.27]
	at java.base/java.lang.Iterable.forEach(Iterable.java:75) ~[na:na]
	at org.springframework.context.support.DefaultLifecycleProcessor.startBeans(DefaultLifecycleProcessor.java:155) ~[spring-context-5.3.27.jar:5.3.27]
	at org.springframework.context.support.DefaultLifecycleProcessor.onRefresh(DefaultLifecycleProcessor.java:123) ~[spring-context-5.3.27.jar:5.3.27]
	at org.springframework.context.support.AbstractApplicationContext.finishRefresh(AbstractApplicationContext.java:937) ~[spring-context-5.3.27.jar:5.3.27]
	at org.springframework.context.support.AbstractApplicationContext.refresh(AbstractApplicationContext.java:586) ~[spring-context-5.3.27.jar:5.3.27]
	at org.springframework.boot.web.servlet.context.ServletWebServerApplicationContext.refresh(ServletWebServerApplicationContext.java:147) ~[spring-boot-2.7.12.jar:2.7.12]
	at org.springframework.boot.SpringApplication.refresh(SpringApplication.java:731) ~[spring-boot-2.7.12.jar:2.7.12]
	at org.springframework.boot.SpringApplication.refreshContext(SpringApplication.java:408) ~[spring-boot-2.7.12.jar:2.7.12]
	at org.springframework.boot.SpringApplication.run(SpringApplication.java:307) ~[spring-boot-2.7.12.jar:2.7.12]
	at org.springframework.boot.SpringApplication.run(SpringApplication.java:1303) ~[spring-boot-2.7.12.jar:2.7.12]
	at org.springframework.boot.SpringApplication.run(SpringApplication.java:1292) ~[spring-boot-2.7.12.jar:2.7.12]
	at com.hmall.trade.TradeApplication.main(TradeApplication.java:14) ~[classes/:na]
Caused by: com.alibaba.nacos.api.exception.NacosException: Client not connected, current status:STARTING
	at com.alibaba.nacos.common.remote.client.RpcClient.request(RpcClient.java:650) ~[nacos-client-2.0.4.jar:na]
	at com.alibaba.nacos.common.remote.client.RpcClient.request(RpcClient.java:630) ~[nacos-client-2.0.4.jar:na]
	at com.alibaba.nacos.client.naming.remote.gprc.NamingGrpcClientProxy.requestToServer(NamingGrpcClientProxy.java:280) ~[nacos-client-2.0.4.jar:na]
	... 32 common frames omitted

19:55:14:666  WARN 29600 --- [main] ConfigServletWebServerApplicationContext : Exception encountered during context initialization - cancelling refresh attempt: org.springframework.context.ApplicationContextException: Failed to start bean 'webServerStartStop'; nested exception is java.lang.reflect.UndeclaredThrowableException
19:55:14:996  INFO 29600 --- [main] com.alibaba.nacos.common.remote.client   : Shutdown rpc client, set status to shutdown
19:55:14:996  INFO 29600 --- [main] com.alibaba.nacos.common.remote.client   : Shutdown client event executor java.util.concurrent.ScheduledThreadPoolExecutor@68b3979d[Running, pool size = 2, active threads = 2, queued tasks = 0, completed tasks = 0]
19:55:14:997  INFO 29600 --- [main] c.a.n.c.remote.client.grpc.GrpcClient    : Shutdown grpc executor java.util.concurrent.ThreadPoolExecutor@5fd31df7[Running, pool size = 3, active threads = 0, queued tasks = 0, completed tasks = 3]
19:55:14:997 ERROR 29600 --- [com.alibaba.nacos.client.remote.worker] c.a.n.c.remote.client.grpc.GrpcClient    : Server check fail, please check server 192.168.150.102 ,port 9848 is available , error ={}

java.lang.InterruptedException: null
	at com.alibaba.nacos.shaded.com.google.common.util.concurrent.AbstractFuture.get(AbstractFuture.java:438) ~[nacos-client-2.0.4.jar:na]
	at com.alibaba.nacos.common.remote.client.grpc.GrpcClient.serverCheck(GrpcClient.java:148) ~[nacos-client-2.0.4.jar:na]
	at com.alibaba.nacos.common.remote.client.grpc.GrpcClient.connectToServer(GrpcClient.java:264) ~[nacos-client-2.0.4.jar:na]
	at com.alibaba.nacos.common.remote.client.RpcClient.reconnect(RpcClient.java:522) ~[nacos-client-2.0.4.jar:na]
	at com.alibaba.nacos.common.remote.client.RpcClient.lambda$start$2(RpcClient.java:370) ~[nacos-client-2.0.4.jar:na]
	at java.base/java.util.concurrent.Executors$RunnableAdapter.call(Executors.java:515) ~[na:na]
	at java.base/java.util.concurrent.FutureTask.run(FutureTask.java:264) ~[na:na]
	at java.base/java.util.concurrent.ScheduledThreadPoolExecutor$ScheduledFutureTask.run(ScheduledThreadPoolExecutor.java:304) ~[na:na]
	at java.base/java.util.concurrent.ThreadPoolExecutor.runWorker(ThreadPoolExecutor.java:1128) ~[na:na]
	at java.base/java.util.concurrent.ThreadPoolExecutor$Worker.run(ThreadPoolExecutor.java:628) ~[na:na]
	at java.base/java.lang.Thread.run(Thread.java:829) ~[na:na]

19:55:14:997 ERROR 29600 --- [com.alibaba.nacos.client.remote.worker] c.a.n.c.remote.client.grpc.GrpcClient    : [9e2c55ae-8d52-4dc7-81dc-ef0cae002da1]Fail to connect to server!,error={}

java.util.concurrent.RejectedExecutionException: Task com.alibaba.nacos.shaded.io.grpc.internal.SerializingExecutor@7efe4485 rejected from java.util.concurrent.ThreadPoolExecutor@5fd31df7[Terminated, pool size = 0, active threads = 0, queued tasks = 0, completed tasks = 3]
	at java.base/java.util.concurrent.ThreadPoolExecutor$AbortPolicy.rejectedExecution(ThreadPoolExecutor.java:2055) ~[na:na]
	at java.base/java.util.concurrent.ThreadPoolExecutor.reject(ThreadPoolExecutor.java:825) ~[na:na]
	at java.base/java.util.concurrent.ThreadPoolExecutor.execute(ThreadPoolExecutor.java:1355) ~[na:na]
	at com.alibaba.nacos.shaded.io.grpc.internal.SerializingExecutor.schedule(SerializingExecutor.java:93) ~[nacos-client-2.0.4.jar:na]
	at com.alibaba.nacos.shaded.io.grpc.internal.SerializingExecutor.execute(SerializingExecutor.java:86) ~[nacos-client-2.0.4.jar:na]
	at com.alibaba.nacos.shaded.io.grpc.internal.ClientCallImpl$ClientStreamListenerImpl.closedInternal(ClientCallImpl.java:696) ~[nacos-client-2.0.4.jar:na]
	at com.alibaba.nacos.shaded.io.grpc.internal.ClientCallImpl$ClientStreamListenerImpl.closed(ClientCallImpl.java:646) ~[nacos-client-2.0.4.jar:na]
	at com.alibaba.nacos.shaded.io.grpc.internal.ClientCallImpl$ClientStreamListenerImpl.closed(ClientCallImpl.java:639) ~[nacos-client-2.0.4.jar:na]
	at com.alibaba.nacos.shaded.io.grpc.internal.DelayedStream.cancel(DelayedStream.java:302) ~[nacos-client-2.0.4.jar:na]
	at com.alibaba.nacos.shaded.io.grpc.internal.DelayedClientTransport$PendingStream.cancel(DelayedClientTransport.java:363) ~[nacos-client-2.0.4.jar:na]
	at com.alibaba.nacos.shaded.io.grpc.internal.DelayedClientTransport.shutdownNow(DelayedClientTransport.java:241) ~[nacos-client-2.0.4.jar:na]
	at com.alibaba.nacos.shaded.io.grpc.internal.ManagedChannelImpl$UncommittedRetriableStreamsRegistry.onShutdownNow(ManagedChannelImpl.java:1021) ~[nacos-client-2.0.4.jar:na]
	at com.alibaba.nacos.shaded.io.grpc.internal.ManagedChannelImpl.shutdownNow(ManagedChannelImpl.java:752) ~[nacos-client-2.0.4.jar:na]
	at com.alibaba.nacos.shaded.io.grpc.internal.ManagedChannelImpl.shutdownNow(ManagedChannelImpl.java:105) ~[nacos-client-2.0.4.jar:na]
	at com.alibaba.nacos.shaded.io.grpc.internal.ForwardingManagedChannel.shutdownNow(ForwardingManagedChannel.java:52) ~[nacos-client-2.0.4.jar:na]
	at com.alibaba.nacos.shaded.io.grpc.internal.ManagedChannelOrphanWrapper.shutdownNow(ManagedChannelOrphanWrapper.java:66) ~[nacos-client-2.0.4.jar:na]
	at com.alibaba.nacos.common.remote.client.grpc.GrpcClient.shuntDownChannel(GrpcClient.java:130) ~[nacos-client-2.0.4.jar:na]
	at com.alibaba.nacos.common.remote.client.grpc.GrpcClient.connectToServer(GrpcClient.java:266) ~[nacos-client-2.0.4.jar:na]
	at com.alibaba.nacos.common.remote.client.RpcClient.reconnect(RpcClient.java:522) ~[nacos-client-2.0.4.jar:na]
	at com.alibaba.nacos.common.remote.client.RpcClient.lambda$start$2(RpcClient.java:370) ~[nacos-client-2.0.4.jar:na]
	at java.base/java.util.concurrent.Executors$RunnableAdapter.call(Executors.java:515) ~[na:na]
	at java.base/java.util.concurrent.FutureTask.run(FutureTask.java:264) ~[na:na]
	at java.base/java.util.concurrent.ScheduledThreadPoolExecutor$ScheduledFutureTask.run(ScheduledThreadPoolExecutor.java:304) ~[na:na]
	at java.base/java.util.concurrent.ThreadPoolExecutor.runWorker(ThreadPoolExecutor.java:1128) ~[na:na]
	at java.base/java.util.concurrent.ThreadPoolExecutor$Worker.run(ThreadPoolExecutor.java:628) ~[na:na]
	at java.base/java.lang.Thread.run(Thread.java:829) ~[na:na]

19:55:14:998  INFO 29600 --- [main] com.alibaba.nacos.common.remote.client   : [RpcClientFactory] create a new rpc client of 2e1500e7-36ec-497b-bbb0-b0e3023030da
19:55:14:998  INFO 29600 --- [main] com.alibaba.nacos.common.remote.client   : [2e1500e7-36ec-497b-bbb0-b0e3023030da] RpcClient init label, labels = {module=naming, source=sdk}
19:55:14:998  INFO 29600 --- [main] com.alibaba.nacos.common.remote.client   : [2e1500e7-36ec-497b-bbb0-b0e3023030da] RpcClient init, ServerListFactory = com.alibaba.nacos.client.naming.core.ServerListManager
19:55:14:998  INFO 29600 --- [main] com.alibaba.nacos.common.remote.client   : [2e1500e7-36ec-497b-bbb0-b0e3023030da] Registry connection listener to current client:com.alibaba.nacos.client.naming.remote.gprc.redo.NamingGrpcRedoService
19:55:14:998  INFO 29600 --- [main] com.alibaba.nacos.common.remote.client   : [2e1500e7-36ec-497b-bbb0-b0e3023030da] Register server push request handler:com.alibaba.nacos.client.naming.remote.gprc.NamingPushRequestHandler
19:55:14:999  INFO 29600 --- [main] com.alibaba.nacos.common.remote.client   : [2e1500e7-36ec-497b-bbb0-b0e3023030da] Try to connect to server on start up, server: {serverIp = '192.168.150.102', server main port = 8848}
19:55:15:104  INFO 29600 --- [com.alibaba.nacos.client.remote.worker] com.alibaba.nacos.common.remote.client   : [9e2c55ae-8d52-4dc7-81dc-ef0cae002da1] Client is shutdown, stop reconnect to server
19:55:18:016 ERROR 29600 --- [main] c.a.n.c.remote.client.grpc.GrpcClient    : Server check fail, please check server 192.168.150.102 ,port 9848 is available , error ={}

java.util.concurrent.TimeoutException: Waited 3000 milliseconds (plus 15 milliseconds, 265000 nanoseconds delay) for com.alibaba.nacos.shaded.io.grpc.stub.ClientCalls$GrpcFuture@3b50f432[status=PENDING, info=[GrpcFuture{clientCall={delegate={delegate=ClientCallImpl{method=MethodDescriptor{fullMethodName=Request/request, type=UNARY, idempotent=false, safe=false, sampledToLocalTracing=true, requestMarshaller=com.alibaba.nacos.shaded.io.grpc.protobuf.lite.ProtoLiteUtils$MessageMarshaller@66130c3b, responseMarshaller=com.alibaba.nacos.shaded.io.grpc.protobuf.lite.ProtoLiteUtils$MessageMarshaller@789d8fd6, schemaDescriptor=com.alibaba.nacos.api.grpc.auto.RequestGrpc$RequestMethodDescriptorSupplier@42fa5cb}}}}}]]
	at com.alibaba.nacos.shaded.com.google.common.util.concurrent.AbstractFuture.get(AbstractFuture.java:508) ~[nacos-client-2.0.4.jar:na]
	at com.alibaba.nacos.common.remote.client.grpc.GrpcClient.serverCheck(GrpcClient.java:148) ~[nacos-client-2.0.4.jar:na]
	at com.alibaba.nacos.common.remote.client.grpc.GrpcClient.connectToServer(GrpcClient.java:264) ~[nacos-client-2.0.4.jar:na]
	at com.alibaba.nacos.common.remote.client.RpcClient.start(RpcClient.java:390) ~[nacos-client-2.0.4.jar:na]
	at com.alibaba.nacos.client.naming.remote.gprc.NamingGrpcClientProxy.start(NamingGrpcClientProxy.java:96) ~[nacos-client-2.0.4.jar:na]
	at com.alibaba.nacos.client.naming.remote.gprc.NamingGrpcClientProxy.<init>(NamingGrpcClientProxy.java:89) ~[nacos-client-2.0.4.jar:na]
	at com.alibaba.nacos.client.naming.remote.NamingClientProxyDelegate.<init>(NamingClientProxyDelegate.java:76) ~[nacos-client-2.0.4.jar:na]
	at com.alibaba.nacos.client.naming.NacosNamingService.init(NacosNamingService.java:95) ~[nacos-client-2.0.4.jar:na]
	at com.alibaba.nacos.client.naming.NacosNamingService.<init>(NacosNamingService.java:81) ~[nacos-client-2.0.4.jar:na]
	at java.base/jdk.internal.reflect.NativeConstructorAccessorImpl.newInstance0(Native Method) ~[na:na]
	at java.base/jdk.internal.reflect.NativeConstructorAccessorImpl.newInstance(NativeConstructorAccessorImpl.java:62) ~[na:na]
	at java.base/jdk.internal.reflect.DelegatingConstructorAccessorImpl.newInstance(DelegatingConstructorAccessorImpl.java:45) ~[na:na]
	at java.base/java.lang.reflect.Constructor.newInstance(Constructor.java:490) ~[na:na]
	at com.alibaba.nacos.api.naming.NamingFactory.createNamingService(NamingFactory.java:59) ~[nacos-client-2.0.4.jar:na]
	at com.alibaba.nacos.api.NacosFactory.createNamingService(NacosFactory.java:77) ~[nacos-client-2.0.4.jar:na]
	at com.alibaba.cloud.nacos.NacosServiceManager.createNewNamingService(NacosServiceManager.java:99) ~[spring-cloud-starter-alibaba-nacos-discovery-2021.0.4.0.jar:2021.0.4.0]
	at com.alibaba.cloud.nacos.NacosServiceManager.buildNamingService(NacosServiceManager.java:90) ~[spring-cloud-starter-alibaba-nacos-discovery-2021.0.4.0.jar:2021.0.4.0]
	at com.alibaba.cloud.nacos.NacosServiceManager.getNamingService(NacosServiceManager.java:46) ~[spring-cloud-starter-alibaba-nacos-discovery-2021.0.4.0.jar:2021.0.4.0]
	at com.alibaba.cloud.nacos.discovery.NacosWatch.stop(NacosWatch.java:173) ~[spring-cloud-starter-alibaba-nacos-discovery-2021.0.4.0.jar:2021.0.4.0]
	at com.alibaba.cloud.nacos.discovery.NacosWatch.destroy(NacosWatch.java:204) ~[spring-cloud-starter-alibaba-nacos-discovery-2021.0.4.0.jar:2021.0.4.0]
	at org.springframework.beans.factory.support.DisposableBeanAdapter.destroy(DisposableBeanAdapter.java:213) ~[spring-beans-5.3.27.jar:5.3.27]
	at org.springframework.beans.factory.support.DefaultSingletonBeanRegistry.destroyBean(DefaultSingletonBeanRegistry.java:587) ~[spring-beans-5.3.27.jar:5.3.27]
	at org.springframework.beans.factory.support.DefaultSingletonBeanRegistry.destroySingleton(DefaultSingletonBeanRegistry.java:559) ~[spring-beans-5.3.27.jar:5.3.27]
	at org.springframework.beans.factory.support.DefaultListableBeanFactory.destroySingleton(DefaultListableBeanFactory.java:1163) ~[spring-beans-5.3.27.jar:5.3.27]
	at org.springframework.beans.factory.support.DefaultSingletonBeanRegistry.destroySingletons(DefaultSingletonBeanRegistry.java:520) ~[spring-beans-5.3.27.jar:5.3.27]
	at org.springframework.beans.factory.support.DefaultListableBeanFactory.destroySingletons(DefaultListableBeanFactory.java:1156) ~[spring-beans-5.3.27.jar:5.3.27]
	at org.springframework.context.support.AbstractApplicationContext.destroyBeans(AbstractApplicationContext.java:1108) ~[spring-context-5.3.27.jar:5.3.27]
	at org.springframework.context.support.AbstractApplicationContext.refresh(AbstractApplicationContext.java:596) ~[spring-context-5.3.27.jar:5.3.27]
	at org.springframework.boot.web.servlet.context.ServletWebServerApplicationContext.refresh(ServletWebServerApplicationContext.java:147) ~[spring-boot-2.7.12.jar:2.7.12]
	at org.springframework.boot.SpringApplication.refresh(SpringApplication.java:731) ~[spring-boot-2.7.12.jar:2.7.12]
	at org.springframework.boot.SpringApplication.refreshContext(SpringApplication.java:408) ~[spring-boot-2.7.12.jar:2.7.12]
	at org.springframework.boot.SpringApplication.run(SpringApplication.java:307) ~[spring-boot-2.7.12.jar:2.7.12]
	at org.springframework.boot.SpringApplication.run(SpringApplication.java:1303) ~[spring-boot-2.7.12.jar:2.7.12]
	at org.springframework.boot.SpringApplication.run(SpringApplication.java:1292) ~[spring-boot-2.7.12.jar:2.7.12]
	at com.hmall.trade.TradeApplication.main(TradeApplication.java:14) ~[classes/:na]

19:55:18:017  INFO 29600 --- [main] com.alibaba.nacos.common.remote.client   : [2e1500e7-36ec-497b-bbb0-b0e3023030da] Try to connect to server on start up, server: {serverIp = '192.168.150.102', server main port = 8848}
19:55:21:030 ERROR 29600 --- [main] c.a.n.c.remote.client.grpc.GrpcClient    : Server check fail, please check server 192.168.150.102 ,port 9848 is available , error ={}

java.util.concurrent.TimeoutException: Waited 3000 milliseconds (plus 11 milliseconds, 282800 nanoseconds delay) for com.alibaba.nacos.shaded.io.grpc.stub.ClientCalls$GrpcFuture@1dd9a3ae[status=PENDING, info=[GrpcFuture{clientCall={delegate={delegate=ClientCallImpl{method=MethodDescriptor{fullMethodName=Request/request, type=UNARY, idempotent=false, safe=false, sampledToLocalTracing=true, requestMarshaller=com.alibaba.nacos.shaded.io.grpc.protobuf.lite.ProtoLiteUtils$MessageMarshaller@66130c3b, responseMarshaller=com.alibaba.nacos.shaded.io.grpc.protobuf.lite.ProtoLiteUtils$MessageMarshaller@789d8fd6, schemaDescriptor=com.alibaba.nacos.api.grpc.auto.RequestGrpc$RequestMethodDescriptorSupplier@42fa5cb}}}}}]]
	at com.alibaba.nacos.shaded.com.google.common.util.concurrent.AbstractFuture.get(AbstractFuture.java:508) ~[nacos-client-2.0.4.jar:na]
	at com.alibaba.nacos.common.remote.client.grpc.GrpcClient.serverCheck(GrpcClient.java:148) ~[nacos-client-2.0.4.jar:na]
	at com.alibaba.nacos.common.remote.client.grpc.GrpcClient.connectToServer(GrpcClient.java:264) ~[nacos-client-2.0.4.jar:na]
	at com.alibaba.nacos.common.remote.client.RpcClient.start(RpcClient.java:390) ~[nacos-client-2.0.4.jar:na]
	at com.alibaba.nacos.client.naming.remote.gprc.NamingGrpcClientProxy.start(NamingGrpcClientProxy.java:96) ~[nacos-client-2.0.4.jar:na]
	at com.alibaba.nacos.client.naming.remote.gprc.NamingGrpcClientProxy.<init>(NamingGrpcClientProxy.java:89) ~[nacos-client-2.0.4.jar:na]
	at com.alibaba.nacos.client.naming.remote.NamingClientProxyDelegate.<init>(NamingClientProxyDelegate.java:76) ~[nacos-client-2.0.4.jar:na]
	at com.alibaba.nacos.client.naming.NacosNamingService.init(NacosNamingService.java:95) ~[nacos-client-2.0.4.jar:na]
	at com.alibaba.nacos.client.naming.NacosNamingService.<init>(NacosNamingService.java:81) ~[nacos-client-2.0.4.jar:na]
	at java.base/jdk.internal.reflect.NativeConstructorAccessorImpl.newInstance0(Native Method) ~[na:na]
	at java.base/jdk.internal.reflect.NativeConstructorAccessorImpl.newInstance(NativeConstructorAccessorImpl.java:62) ~[na:na]
	at java.base/jdk.internal.reflect.DelegatingConstructorAccessorImpl.newInstance(DelegatingConstructorAccessorImpl.java:45) ~[na:na]
	at java.base/java.lang.reflect.Constructor.newInstance(Constructor.java:490) ~[na:na]
	at com.alibaba.nacos.api.naming.NamingFactory.createNamingService(NamingFactory.java:59) ~[nacos-client-2.0.4.jar:na]
	at com.alibaba.nacos.api.NacosFactory.createNamingService(NacosFactory.java:77) ~[nacos-client-2.0.4.jar:na]
	at com.alibaba.cloud.nacos.NacosServiceManager.createNewNamingService(NacosServiceManager.java:99) ~[spring-cloud-starter-alibaba-nacos-discovery-2021.0.4.0.jar:2021.0.4.0]
	at com.alibaba.cloud.nacos.NacosServiceManager.buildNamingService(NacosServiceManager.java:90) ~[spring-cloud-starter-alibaba-nacos-discovery-2021.0.4.0.jar:2021.0.4.0]
	at com.alibaba.cloud.nacos.NacosServiceManager.getNamingService(NacosServiceManager.java:46) ~[spring-cloud-starter-alibaba-nacos-discovery-2021.0.4.0.jar:2021.0.4.0]
	at com.alibaba.cloud.nacos.discovery.NacosWatch.stop(NacosWatch.java:173) ~[spring-cloud-starter-alibaba-nacos-discovery-2021.0.4.0.jar:2021.0.4.0]
	at com.alibaba.cloud.nacos.discovery.NacosWatch.destroy(NacosWatch.java:204) ~[spring-cloud-starter-alibaba-nacos-discovery-2021.0.4.0.jar:2021.0.4.0]
	at org.springframework.beans.factory.support.DisposableBeanAdapter.destroy(DisposableBeanAdapter.java:213) ~[spring-beans-5.3.27.jar:5.3.27]
	at org.springframework.beans.factory.support.DefaultSingletonBeanRegistry.destroyBean(DefaultSingletonBeanRegistry.java:587) ~[spring-beans-5.3.27.jar:5.3.27]
	at org.springframework.beans.factory.support.DefaultSingletonBeanRegistry.destroySingleton(DefaultSingletonBeanRegistry.java:559) ~[spring-beans-5.3.27.jar:5.3.27]
	at org.springframework.beans.factory.support.DefaultListableBeanFactory.destroySingleton(DefaultListableBeanFactory.java:1163) ~[spring-beans-5.3.27.jar:5.3.27]
	at org.springframework.beans.factory.support.DefaultSingletonBeanRegistry.destroySingletons(DefaultSingletonBeanRegistry.java:520) ~[spring-beans-5.3.27.jar:5.3.27]
	at org.springframework.beans.factory.support.DefaultListableBeanFactory.destroySingletons(DefaultListableBeanFactory.java:1156) ~[spring-beans-5.3.27.jar:5.3.27]
	at org.springframework.context.support.AbstractApplicationContext.destroyBeans(AbstractApplicationContext.java:1108) ~[spring-context-5.3.27.jar:5.3.27]
	at org.springframework.context.support.AbstractApplicationContext.refresh(AbstractApplicationContext.java:596) ~[spring-context-5.3.27.jar:5.3.27]
	at org.springframework.boot.web.servlet.context.ServletWebServerApplicationContext.refresh(ServletWebServerApplicationContext.java:147) ~[spring-boot-2.7.12.jar:2.7.12]
	at org.springframework.boot.SpringApplication.refresh(SpringApplication.java:731) ~[spring-boot-2.7.12.jar:2.7.12]
	at org.springframework.boot.SpringApplication.refreshContext(SpringApplication.java:408) ~[spring-boot-2.7.12.jar:2.7.12]
	at org.springframework.boot.SpringApplication.run(SpringApplication.java:307) ~[spring-boot-2.7.12.jar:2.7.12]
	at org.springframework.boot.SpringApplication.run(SpringApplication.java:1303) ~[spring-boot-2.7.12.jar:2.7.12]
	at org.springframework.boot.SpringApplication.run(SpringApplication.java:1292) ~[spring-boot-2.7.12.jar:2.7.12]
	at com.hmall.trade.TradeApplication.main(TradeApplication.java:14) ~[classes/:na]

19:55:21:031  INFO 29600 --- [main] com.alibaba.nacos.common.remote.client   : [2e1500e7-36ec-497b-bbb0-b0e3023030da] Try to connect to server on start up, server: {serverIp = '192.168.150.102', server main port = 8848}
19:55:24:044 ERROR 29600 --- [main] c.a.n.c.remote.client.grpc.GrpcClient    : Server check fail, please check server 192.168.150.102 ,port 9848 is available , error ={}

java.util.concurrent.TimeoutException: Waited 3000 milliseconds (plus 11 milliseconds, 951100 nanoseconds delay) for com.alibaba.nacos.shaded.io.grpc.stub.ClientCalls$GrpcFuture@48bab2c6[status=PENDING, info=[GrpcFuture{clientCall={delegate={delegate=ClientCallImpl{method=MethodDescriptor{fullMethodName=Request/request, type=UNARY, idempotent=false, safe=false, sampledToLocalTracing=true, requestMarshaller=com.alibaba.nacos.shaded.io.grpc.protobuf.lite.ProtoLiteUtils$MessageMarshaller@66130c3b, responseMarshaller=com.alibaba.nacos.shaded.io.grpc.protobuf.lite.ProtoLiteUtils$MessageMarshaller@789d8fd6, schemaDescriptor=com.alibaba.nacos.api.grpc.auto.RequestGrpc$RequestMethodDescriptorSupplier@42fa5cb}}}}}]]
	at com.alibaba.nacos.shaded.com.google.common.util.concurrent.AbstractFuture.get(AbstractFuture.java:508) ~[nacos-client-2.0.4.jar:na]
	at com.alibaba.nacos.common.remote.client.grpc.GrpcClient.serverCheck(GrpcClient.java:148) ~[nacos-client-2.0.4.jar:na]
	at com.alibaba.nacos.common.remote.client.grpc.GrpcClient.connectToServer(GrpcClient.java:264) ~[nacos-client-2.0.4.jar:na]
	at com.alibaba.nacos.common.remote.client.RpcClient.start(RpcClient.java:390) ~[nacos-client-2.0.4.jar:na]
	at com.alibaba.nacos.client.naming.remote.gprc.NamingGrpcClientProxy.start(NamingGrpcClientProxy.java:96) ~[nacos-client-2.0.4.jar:na]
	at com.alibaba.nacos.client.naming.remote.gprc.NamingGrpcClientProxy.<init>(NamingGrpcClientProxy.java:89) ~[nacos-client-2.0.4.jar:na]
	at com.alibaba.nacos.client.naming.remote.NamingClientProxyDelegate.<init>(NamingClientProxyDelegate.java:76) ~[nacos-client-2.0.4.jar:na]
	at com.alibaba.nacos.client.naming.NacosNamingService.init(NacosNamingService.java:95) ~[nacos-client-2.0.4.jar:na]
	at com.alibaba.nacos.client.naming.NacosNamingService.<init>(NacosNamingService.java:81) ~[nacos-client-2.0.4.jar:na]
	at java.base/jdk.internal.reflect.NativeConstructorAccessorImpl.newInstance0(Native Method) ~[na:na]
	at java.base/jdk.internal.reflect.NativeConstructorAccessorImpl.newInstance(NativeConstructorAccessorImpl.java:62) ~[na:na]
	at java.base/jdk.internal.reflect.DelegatingConstructorAccessorImpl.newInstance(DelegatingConstructorAccessorImpl.java:45) ~[na:na]
	at java.base/java.lang.reflect.Constructor.newInstance(Constructor.java:490) ~[na:na]
	at com.alibaba.nacos.api.naming.NamingFactory.createNamingService(NamingFactory.java:59) ~[nacos-client-2.0.4.jar:na]
	at com.alibaba.nacos.api.NacosFactory.createNamingService(NacosFactory.java:77) ~[nacos-client-2.0.4.jar:na]
	at com.alibaba.cloud.nacos.NacosServiceManager.createNewNamingService(NacosServiceManager.java:99) ~[spring-cloud-starter-alibaba-nacos-discovery-2021.0.4.0.jar:2021.0.4.0]
	at com.alibaba.cloud.nacos.NacosServiceManager.buildNamingService(NacosServiceManager.java:90) ~[spring-cloud-starter-alibaba-nacos-discovery-2021.0.4.0.jar:2021.0.4.0]
	at com.alibaba.cloud.nacos.NacosServiceManager.getNamingService(NacosServiceManager.java:46) ~[spring-cloud-starter-alibaba-nacos-discovery-2021.0.4.0.jar:2021.0.4.0]
	at com.alibaba.cloud.nacos.discovery.NacosWatch.stop(NacosWatch.java:173) ~[spring-cloud-starter-alibaba-nacos-discovery-2021.0.4.0.jar:2021.0.4.0]
	at com.alibaba.cloud.nacos.discovery.NacosWatch.destroy(NacosWatch.java:204) ~[spring-cloud-starter-alibaba-nacos-discovery-2021.0.4.0.jar:2021.0.4.0]
	at org.springframework.beans.factory.support.DisposableBeanAdapter.destroy(DisposableBeanAdapter.java:213) ~[spring-beans-5.3.27.jar:5.3.27]
	at org.springframework.beans.factory.support.DefaultSingletonBeanRegistry.destroyBean(DefaultSingletonBeanRegistry.java:587) ~[spring-beans-5.3.27.jar:5.3.27]
	at org.springframework.beans.factory.support.DefaultSingletonBeanRegistry.destroySingleton(DefaultSingletonBeanRegistry.java:559) ~[spring-beans-5.3.27.jar:5.3.27]
	at org.springframework.beans.factory.support.DefaultListableBeanFactory.destroySingleton(DefaultListableBeanFactory.java:1163) ~[spring-beans-5.3.27.jar:5.3.27]
	at org.springframework.beans.factory.support.DefaultSingletonBeanRegistry.destroySingletons(DefaultSingletonBeanRegistry.java:520) ~[spring-beans-5.3.27.jar:5.3.27]
	at org.springframework.beans.factory.support.DefaultListableBeanFactory.destroySingletons(DefaultListableBeanFactory.java:1156) ~[spring-beans-5.3.27.jar:5.3.27]
	at org.springframework.context.support.AbstractApplicationContext.destroyBeans(AbstractApplicationContext.java:1108) ~[spring-context-5.3.27.jar:5.3.27]
	at org.springframework.context.support.AbstractApplicationContext.refresh(AbstractApplicationContext.java:596) ~[spring-context-5.3.27.jar:5.3.27]
	at org.springframework.boot.web.servlet.context.ServletWebServerApplicationContext.refresh(ServletWebServerApplicationContext.java:147) ~[spring-boot-2.7.12.jar:2.7.12]
	at org.springframework.boot.SpringApplication.refresh(SpringApplication.java:731) ~[spring-boot-2.7.12.jar:2.7.12]
	at org.springframework.boot.SpringApplication.refreshContext(SpringApplication.java:408) ~[spring-boot-2.7.12.jar:2.7.12]
	at org.springframework.boot.SpringApplication.run(SpringApplication.java:307) ~[spring-boot-2.7.12.jar:2.7.12]
	at org.springframework.boot.SpringApplication.run(SpringApplication.java:1303) ~[spring-boot-2.7.12.jar:2.7.12]
	at org.springframework.boot.SpringApplication.run(SpringApplication.java:1292) ~[spring-boot-2.7.12.jar:2.7.12]
	at com.hmall.trade.TradeApplication.main(TradeApplication.java:14) ~[classes/:na]

19:55:24:045  INFO 29600 --- [main] com.alibaba.nacos.common.remote.client   : [2e1500e7-36ec-497b-bbb0-b0e3023030da] Register server push request handler:com.alibaba.nacos.common.remote.client.RpcClient$ConnectResetRequestHandler
19:55:24:045  INFO 29600 --- [com.alibaba.nacos.client.remote.worker] com.alibaba.nacos.common.remote.client   : [2e1500e7-36ec-497b-bbb0-b0e3023030da] Try to reconnect to a new server, server is  not appointed, will choose a random server.
19:55:24:045  INFO 29600 --- [main] com.alibaba.nacos.common.remote.client   : [2e1500e7-36ec-497b-bbb0-b0e3023030da] Register server push request handler:com.alibaba.nacos.common.remote.client.RpcClient$$Lambda$974/0x00000008006fd440
19:55:24:153 ERROR 29600 --- [main] com.alibaba.nacos.common.remote.client   : Send request fail, request = SubscribeServiceRequest{headers={app=unknown}, requestId='null'}, retryTimes = 0, errorMessage = Client not connected, current status:STARTING
19:55:24:263 ERROR 29600 --- [main] com.alibaba.nacos.common.remote.client   : Send request fail, request = SubscribeServiceRequest{headers={app=unknown}, requestId='null'}, retryTimes = 1, errorMessage = Client not connected, current status:STARTING
19:55:24:372 ERROR 29600 --- [main] com.alibaba.nacos.common.remote.client   : Send request fail, request = SubscribeServiceRequest{headers={app=unknown}, requestId='null'}, retryTimes = 2, errorMessage = Client not connected, current status:STARTING
19:55:24:372 ERROR 29600 --- [main] c.a.cloud.nacos.discovery.NacosWatch     : namingService unsubscribe failed, properties:NacosDiscoveryProperties{serverAddr='192.168.150.102', username='', password='', endpoint='', namespace='', watchDelay=30000, logName='', service='trade-service', weight=1.0, clusterName='DEFAULT', group='DEFAULT_GROUP', namingLoadCacheAtStart='false', metadata={preserved.register.source=SPRING_CLOUD}, registerEnabled=true, ip='192.168.220.1', networkInterface='', port=8085, secure=false, accessKey='', secretKey='', heartBeatInterval=null, heartBeatTimeout=null, ipDeleteTimeout=null, instanceEnabled=true, ephemeral=true, failureToleranceEnabled=false}, ipDeleteTimeout=null, failFast=true}

com.alibaba.nacos.api.exception.NacosException: Request nacos server failed: 
	at com.alibaba.nacos.client.naming.remote.gprc.NamingGrpcClientProxy.requestToServer(NamingGrpcClientProxy.java:290) ~[nacos-client-2.0.4.jar:na]
	at com.alibaba.nacos.client.naming.remote.gprc.NamingGrpcClientProxy.doUnsubscribe(NamingGrpcClientProxy.java:260) ~[nacos-client-2.0.4.jar:na]
	at com.alibaba.nacos.client.naming.remote.gprc.NamingGrpcClientProxy.unsubscribe(NamingGrpcClientProxy.java:241) ~[nacos-client-2.0.4.jar:na]
	at com.alibaba.nacos.client.naming.remote.NamingClientProxyDelegate.unsubscribe(NamingClientProxyDelegate.java:157) ~[nacos-client-2.0.4.jar:na]
	at com.alibaba.nacos.client.naming.NacosNamingService.unsubscribe(NacosNamingService.java:417) ~[nacos-client-2.0.4.jar:na]
	at com.alibaba.cloud.nacos.discovery.NacosWatch.stop(NacosWatch.java:174) ~[spring-cloud-starter-alibaba-nacos-discovery-2021.0.4.0.jar:2021.0.4.0]
	at com.alibaba.cloud.nacos.discovery.NacosWatch.destroy(NacosWatch.java:204) ~[spring-cloud-starter-alibaba-nacos-discovery-2021.0.4.0.jar:2021.0.4.0]
	at org.springframework.beans.factory.support.DisposableBeanAdapter.destroy(DisposableBeanAdapter.java:213) ~[spring-beans-5.3.27.jar:5.3.27]
	at org.springframework.beans.factory.support.DefaultSingletonBeanRegistry.destroyBean(DefaultSingletonBeanRegistry.java:587) ~[spring-beans-5.3.27.jar:5.3.27]
	at org.springframework.beans.factory.support.DefaultSingletonBeanRegistry.destroySingleton(DefaultSingletonBeanRegistry.java:559) ~[spring-beans-5.3.27.jar:5.3.27]
	at org.springframework.beans.factory.support.DefaultListableBeanFactory.destroySingleton(DefaultListableBeanFactory.java:1163) ~[spring-beans-5.3.27.jar:5.3.27]
	at org.springframework.beans.factory.support.DefaultSingletonBeanRegistry.destroySingletons(DefaultSingletonBeanRegistry.java:520) ~[spring-beans-5.3.27.jar:5.3.27]
	at org.springframework.beans.factory.support.DefaultListableBeanFactory.destroySingletons(DefaultListableBeanFactory.java:1156) ~[spring-beans-5.3.27.jar:5.3.27]
	at org.springframework.context.support.AbstractApplicationContext.destroyBeans(AbstractApplicationContext.java:1108) ~[spring-context-5.3.27.jar:5.3.27]
	at org.springframework.context.support.AbstractApplicationContext.refresh(AbstractApplicationContext.java:596) ~[spring-context-5.3.27.jar:5.3.27]
	at org.springframework.boot.web.servlet.context.ServletWebServerApplicationContext.refresh(ServletWebServerApplicationContext.java:147) ~[spring-boot-2.7.12.jar:2.7.12]
	at org.springframework.boot.SpringApplication.refresh(SpringApplication.java:731) ~[spring-boot-2.7.12.jar:2.7.12]
	at org.springframework.boot.SpringApplication.refreshContext(SpringApplication.java:408) ~[spring-boot-2.7.12.jar:2.7.12]
	at org.springframework.boot.SpringApplication.run(SpringApplication.java:307) ~[spring-boot-2.7.12.jar:2.7.12]
	at org.springframework.boot.SpringApplication.run(SpringApplication.java:1303) ~[spring-boot-2.7.12.jar:2.7.12]
	at org.springframework.boot.SpringApplication.run(SpringApplication.java:1292) ~[spring-boot-2.7.12.jar:2.7.12]
	at com.hmall.trade.TradeApplication.main(TradeApplication.java:14) ~[classes/:na]
Caused by: com.alibaba.nacos.api.exception.NacosException: Client not connected, current status:STARTING
	at com.alibaba.nacos.common.remote.client.RpcClient.request(RpcClient.java:650) ~[nacos-client-2.0.4.jar:na]
	at com.alibaba.nacos.common.remote.client.RpcClient.request(RpcClient.java:630) ~[nacos-client-2.0.4.jar:na]
	at com.alibaba.nacos.client.naming.remote.gprc.NamingGrpcClientProxy.requestToServer(NamingGrpcClientProxy.java:280) ~[nacos-client-2.0.4.jar:na]
	... 21 common frames omitted

19:55:24:695  INFO 29600 --- [main] o.apache.catalina.core.StandardService   : Stopping service [Tomcat]
19:55:24:707  INFO 29600 --- [main] ConditionEvaluationReportLoggingListener : 

Error starting ApplicationContext. To display the conditions report re-run your application with 'debug' enabled.
19:55:24:722 ERROR 29600 --- [main] o.s.boot.SpringApplication               : Application run failed

org.springframework.context.ApplicationContextException: Failed to start bean 'webServerStartStop'; nested exception is java.lang.reflect.UndeclaredThrowableException
	at org.springframework.context.support.DefaultLifecycleProcessor.doStart(DefaultLifecycleProcessor.java:181) ~[spring-context-5.3.27.jar:5.3.27]
	at org.springframework.context.support.DefaultLifecycleProcessor.access$200(DefaultLifecycleProcessor.java:54) ~[spring-context-5.3.27.jar:5.3.27]
	at org.springframework.context.support.DefaultLifecycleProcessor$LifecycleGroup.start(DefaultLifecycleProcessor.java:356) ~[spring-context-5.3.27.jar:5.3.27]
	at java.base/java.lang.Iterable.forEach(Iterable.java:75) ~[na:na]
	at org.springframework.context.support.DefaultLifecycleProcessor.startBeans(DefaultLifecycleProcessor.java:155) ~[spring-context-5.3.27.jar:5.3.27]
	at org.springframework.context.support.DefaultLifecycleProcessor.onRefresh(DefaultLifecycleProcessor.java:123) ~[spring-context-5.3.27.jar:5.3.27]
	at org.springframework.context.support.AbstractApplicationContext.finishRefresh(AbstractApplicationContext.java:937) ~[spring-context-5.3.27.jar:5.3.27]
	at org.springframework.context.support.AbstractApplicationContext.refresh(AbstractApplicationContext.java:586) ~[spring-context-5.3.27.jar:5.3.27]
	at org.springframework.boot.web.servlet.context.ServletWebServerApplicationContext.refresh(ServletWebServerApplicationContext.java:147) ~[spring-boot-2.7.12.jar:2.7.12]
	at org.springframework.boot.SpringApplication.refresh(SpringApplication.java:731) ~[spring-boot-2.7.12.jar:2.7.12]
	at org.springframework.boot.SpringApplication.refreshContext(SpringApplication.java:408) ~[spring-boot-2.7.12.jar:2.7.12]
	at org.springframework.boot.SpringApplication.run(SpringApplication.java:307) ~[spring-boot-2.7.12.jar:2.7.12]
	at org.springframework.boot.SpringApplication.run(SpringApplication.java:1303) ~[spring-boot-2.7.12.jar:2.7.12]
	at org.springframework.boot.SpringApplication.run(SpringApplication.java:1292) ~[spring-boot-2.7.12.jar:2.7.12]
	at com.hmall.trade.TradeApplication.main(TradeApplication.java:14) ~[classes/:na]
Caused by: java.lang.reflect.UndeclaredThrowableException: null
	at org.springframework.util.ReflectionUtils.rethrowRuntimeException(ReflectionUtils.java:147) ~[spring-core-5.3.27.jar:5.3.27]
	at com.alibaba.cloud.nacos.registry.NacosServiceRegistry.register(NacosServiceRegistry.java:82) ~[spring-cloud-starter-alibaba-nacos-discovery-2021.0.4.0.jar:2021.0.4.0]
	at org.springframework.cloud.client.serviceregistry.AbstractAutoServiceRegistration.register(AbstractAutoServiceRegistration.java:232) ~[spring-cloud-commons-3.1.3.jar:3.1.3]
	at com.alibaba.cloud.nacos.registry.NacosAutoServiceRegistration.register(NacosAutoServiceRegistration.java:78) ~[spring-cloud-starter-alibaba-nacos-discovery-2021.0.4.0.jar:2021.0.4.0]
	at org.springframework.cloud.client.serviceregistry.AbstractAutoServiceRegistration.start(AbstractAutoServiceRegistration.java:133) ~[spring-cloud-commons-3.1.3.jar:3.1.3]
	at org.springframework.cloud.client.serviceregistry.AbstractAutoServiceRegistration.bind(AbstractAutoServiceRegistration.java:98) ~[spring-cloud-commons-3.1.3.jar:3.1.3]
	at org.springframework.cloud.client.serviceregistry.AbstractAutoServiceRegistration.onApplicationEvent(AbstractAutoServiceRegistration.java:86) ~[spring-cloud-commons-3.1.3.jar:3.1.3]
	at org.springframework.cloud.client.serviceregistry.AbstractAutoServiceRegistration.onApplicationEvent(AbstractAutoServiceRegistration.java:47) ~[spring-cloud-commons-3.1.3.jar:3.1.3]
	at org.springframework.context.event.SimpleApplicationEventMulticaster.doInvokeListener(SimpleApplicationEventMulticaster.java:176) ~[spring-context-5.3.27.jar:5.3.27]
	at org.springframework.context.event.SimpleApplicationEventMulticaster.invokeListener(SimpleApplicationEventMulticaster.java:169) ~[spring-context-5.3.27.jar:5.3.27]
	at org.springframework.context.event.SimpleApplicationEventMulticaster.multicastEvent(SimpleApplicationEventMulticaster.java:143) ~[spring-context-5.3.27.jar:5.3.27]
	at org.springframework.context.support.AbstractApplicationContext.publishEvent(AbstractApplicationContext.java:421) ~[spring-context-5.3.27.jar:5.3.27]
	at org.springframework.context.support.AbstractApplicationContext.publishEvent(AbstractApplicationContext.java:378) ~[spring-context-5.3.27.jar:5.3.27]
	at org.springframework.boot.web.servlet.context.WebServerStartStopLifecycle.start(WebServerStartStopLifecycle.java:46) ~[spring-boot-2.7.12.jar:2.7.12]
	at org.springframework.context.support.DefaultLifecycleProcessor.doStart(DefaultLifecycleProcessor.java:178) ~[spring-context-5.3.27.jar:5.3.27]
	... 14 common frames omitted
Caused by: com.alibaba.nacos.api.exception.NacosException: Request nacos server failed: 
	at com.alibaba.nacos.client.naming.remote.gprc.NamingGrpcClientProxy.requestToServer(NamingGrpcClientProxy.java:290) ~[nacos-client-2.0.4.jar:na]
	at com.alibaba.nacos.client.naming.remote.gprc.NamingGrpcClientProxy.doRegisterService(NamingGrpcClientProxy.java:129) ~[nacos-client-2.0.4.jar:na]
	at com.alibaba.nacos.client.naming.remote.gprc.NamingGrpcClientProxy.registerService(NamingGrpcClientProxy.java:115) ~[nacos-client-2.0.4.jar:na]
	at com.alibaba.nacos.client.naming.remote.NamingClientProxyDelegate.registerService(NamingClientProxyDelegate.java:94) ~[nacos-client-2.0.4.jar:na]
	at com.alibaba.nacos.client.naming.NacosNamingService.registerInstance(NacosNamingService.java:145) ~[nacos-client-2.0.4.jar:na]
	at com.alibaba.cloud.nacos.registry.NacosServiceRegistry.register(NacosServiceRegistry.java:74) ~[spring-cloud-starter-alibaba-nacos-discovery-2021.0.4.0.jar:2021.0.4.0]
	... 27 common frames omitted
Caused by: com.alibaba.nacos.api.exception.NacosException: Client not connected, current status:STARTING
	at com.alibaba.nacos.common.remote.client.RpcClient.request(RpcClient.java:650) ~[nacos-client-2.0.4.jar:na]
	at com.alibaba.nacos.common.remote.client.RpcClient.request(RpcClient.java:630) ~[nacos-client-2.0.4.jar:na]
	at com.alibaba.nacos.client.naming.remote.gprc.NamingGrpcClientProxy.requestToServer(NamingGrpcClientProxy.java:280) ~[nacos-client-2.0.4.jar:na]
	... 32 common frames omitted

19:55:24:723  WARN 29600 --- [Thread-4] c.a.nacos.common.notify.NotifyCenter     : [NotifyCenter] Start destroying Publisher
19:55:24:723  WARN 29600 --- [Thread-7] c.a.n.common.http.HttpClientBeanHolder   : [HttpClientBeanHolder] Start destroying common HttpClient
19:55:24:723  WARN 29600 --- [Thread-4] c.a.nacos.common.notify.NotifyCenter     : [NotifyCenter] Destruction of the end
19:57:28:766  INFO 30144 --- [main] com.hmall.trade.TradeApplication         : Starting TradeApplication using Java 11.0.31 on LAPTOP-16OT1L5F with PID 30144 (G:\hmall\backend\trade-service\target\classes started by 18071 in G:\hmall\backend)
19:57:28:768 DEBUG 30144 --- [main] com.hmall.trade.TradeApplication         : Running with Spring Boot v2.7.12, Spring v5.3.27
19:57:28:769  INFO 30144 --- [main] com.hmall.trade.TradeApplication         : The following 1 profile is active: "dev"
19:57:30:074  INFO 30144 --- [main] o.s.cloud.context.scope.GenericScope     : BeanFactory id=020f0478-fef7-32c1-9836-19d509b1bb73
19:57:30:594  INFO 30144 --- [main] o.s.b.w.embedded.tomcat.TomcatWebServer  : Tomcat initialized with port(s): 8085 (http)
19:57:30:606  INFO 30144 --- [main] o.apache.catalina.core.StandardService   : Starting service [Tomcat]
19:57:30:607  INFO 30144 --- [main] org.apache.catalina.core.StandardEngine  : Starting Servlet engine: [Apache Tomcat/9.0.75]
19:57:30:814  INFO 30144 --- [main] o.a.c.c.C.[Tomcat].[localhost].[/]       : Initializing Spring embedded WebApplicationContext
19:57:30:814  INFO 30144 --- [main] w.s.c.ServletWebServerApplicationContext : Root WebApplicationContext: initialization completed in 1995 ms
19:57:31:087  INFO 30144 --- [main] o.s.c.openfeign.FeignClientFactoryBean   : For 'item-service' URL not provided. Will try picking an instance via load-balancing.
19:57:34:474  INFO 30144 --- [main] o.s.c.openfeign.FeignClientFactoryBean   : For 'cart-service' URL not provided. Will try picking an instance via load-balancing.
19:57:36:567  INFO 30144 --- [main] pertySourcedRequestMappingHandlerMapping : Mapped URL path [/v2/api-docs] onto method [springfox.documentation.swagger2.web.Swagger2ControllerWebMvc#getDocumentation(String, HttpServletRequest)]
19:57:37:765  INFO 30144 --- [main] com.alibaba.nacos.common.remote.client   : [RpcClientFactory] create a new rpc client of cec5b7fa-815d-465a-b9ed-52757cdcb8b1
19:57:37:806  INFO 30144 --- [main] org.reflections.Reflections              : Reflections took 21 ms to scan 1 urls, producing 3 keys and 6 values 
19:57:37:832  INFO 30144 --- [main] org.reflections.Reflections              : Reflections took 9 ms to scan 1 urls, producing 4 keys and 9 values 
19:57:37:850  INFO 30144 --- [main] org.reflections.Reflections              : Reflections took 15 ms to scan 1 urls, producing 3 keys and 10 values 
19:57:37:855  WARN 30144 --- [main] org.reflections.Reflections              : given scan urls are empty. set urls in the configuration
19:57:37:863  INFO 30144 --- [main] org.reflections.Reflections              : Reflections took 7 ms to scan 1 urls, producing 1 keys and 5 values 
19:57:37:874  INFO 30144 --- [main] org.reflections.Reflections              : Reflections took 8 ms to scan 1 urls, producing 1 keys and 7 values 
19:57:37:883  INFO 30144 --- [main] org.reflections.Reflections              : Reflections took 6 ms to scan 1 urls, producing 2 keys and 8 values 
19:57:37:886  WARN 30144 --- [main] org.reflections.Reflections              : given scan urls are empty. set urls in the configuration
19:57:37:887  INFO 30144 --- [main] com.alibaba.nacos.common.remote.client   : [cec5b7fa-815d-465a-b9ed-52757cdcb8b1] RpcClient init label, labels = {module=naming, source=sdk}
19:57:37:889  INFO 30144 --- [main] com.alibaba.nacos.common.remote.client   : [cec5b7fa-815d-465a-b9ed-52757cdcb8b1] RpcClient init, ServerListFactory = com.alibaba.nacos.client.naming.core.ServerListManager
19:57:37:889  INFO 30144 --- [main] com.alibaba.nacos.common.remote.client   : [cec5b7fa-815d-465a-b9ed-52757cdcb8b1] Registry connection listener to current client:com.alibaba.nacos.client.naming.remote.gprc.redo.NamingGrpcRedoService
19:57:37:889  INFO 30144 --- [main] com.alibaba.nacos.common.remote.client   : [cec5b7fa-815d-465a-b9ed-52757cdcb8b1] Register server push request handler:com.alibaba.nacos.client.naming.remote.gprc.NamingPushRequestHandler
19:57:37:891  INFO 30144 --- [main] com.alibaba.nacos.common.remote.client   : [cec5b7fa-815d-465a-b9ed-52757cdcb8b1] Try to connect to server on start up, server: {serverIp = '192.168.150.102', server main port = 8848}
19:57:40:822  INFO 30144 --- [main] com.alibaba.nacos.common.remote.client   : [cec5b7fa-815d-465a-b9ed-52757cdcb8b1] Success to connect to server [192.168.150.102:8848] on start up, connectionId = 1777031859768_192.168.150.1_54610
19:57:40:823  INFO 30144 --- [com.alibaba.nacos.client.remote.worker] com.alibaba.nacos.common.remote.client   : [cec5b7fa-815d-465a-b9ed-52757cdcb8b1] Notify connected event to listeners.
19:57:40:824  INFO 30144 --- [main] com.alibaba.nacos.common.remote.client   : [cec5b7fa-815d-465a-b9ed-52757cdcb8b1] Register server push request handler:com.alibaba.nacos.common.remote.client.RpcClient$ConnectResetRequestHandler
19:57:40:824  INFO 30144 --- [main] com.alibaba.nacos.common.remote.client   : [cec5b7fa-815d-465a-b9ed-52757cdcb8b1] Register server push request handler:com.alibaba.nacos.common.remote.client.RpcClient$$Lambda$973/0x00000008006fdc40
19:57:40:885  INFO 30144 --- [main] o.s.b.w.embedded.tomcat.TomcatWebServer  : Tomcat started on port(s): 8085 (http) with context path ''
19:57:40:894  INFO 30144 --- [main] c.a.c.n.registry.NacosServiceRegistry    : nacos registry, DEFAULT_GROUP trade-service 192.168.220.1:8085 register finished
19:57:41:356  INFO 30144 --- [nacos-grpc-client-executor-10] com.alibaba.nacos.common.remote.client   : [cec5b7fa-815d-465a-b9ed-52757cdcb8b1] Receive server push request, request = NotifySubscriberRequest, requestId = 124
19:57:41:366  INFO 30144 --- [nacos-grpc-client-executor-10] com.alibaba.nacos.common.remote.client   : [cec5b7fa-815d-465a-b9ed-52757cdcb8b1] Ack server push request, request = NotifySubscriberRequest, requestId = 124
19:57:41:719  INFO 30144 --- [main] d.s.w.p.DocumentationPluginsBootstrapper : Documentation plugins bootstrapped
19:57:41:722  INFO 30144 --- [main] d.s.w.p.DocumentationPluginsBootstrapper : Found 1 custom documentation plugin(s)
19:57:41:741  INFO 30144 --- [main] s.d.s.w.s.ApiListingReferenceScanner     : Scanning for api listing references
19:57:41:811  INFO 30144 --- [main] com.hmall.trade.TradeApplication         : Started TradeApplication in 14.946 seconds (JVM running for 16.504)
19:59:21:613  INFO 30144 --- [http-nio-8085-exec-1] o.a.c.c.C.[Tomcat].[localhost].[/]       : Initializing Spring DispatcherServlet 'dispatcherServlet'
19:59:21:614  INFO 30144 --- [http-nio-8085-exec-1] o.s.web.servlet.DispatcherServlet        : Initializing Servlet 'dispatcherServlet'
19:59:21:616  INFO 30144 --- [http-nio-8085-exec-1] o.s.web.servlet.DispatcherServlet        : Completed initialization in 2 ms
19:59:21:665  INFO 30144 --- [http-nio-8085-exec-1] com.zaxxer.hikari.HikariDataSource       : HikariPool-1 - Starting...
19:59:21:875  INFO 30144 --- [http-nio-8085-exec-1] com.zaxxer.hikari.HikariDataSource       : HikariPool-1 - Start completed.
19:59:22:034 DEBUG 30144 --- [http-nio-8085-exec-1] c.hmall.trade.mapper.OrderMapper.insert  : ==>  Preparing: INSERT INTO `order` ( id, total_fee, payment_type, user_id, status ) VALUES ( ?, ?, ?, ?, ? )
19:59:22:056 DEBUG 30144 --- [http-nio-8085-exec-1] c.hmall.trade.mapper.OrderMapper.insert  : ==> Parameters: 2047646576914464770(Long), 71800(Integer), 3(Integer), 1(Long), 1(Integer)
19:59:22:059 DEBUG 30144 --- [http-nio-8085-exec-1] c.hmall.trade.mapper.OrderMapper.insert  : <==    Updates: 1
19:59:22:067 DEBUG 30144 --- [http-nio-8085-exec-1] c.h.t.mapper.OrderDetailMapper.insert    : ==>  Preparing: INSERT INTO order_detail ( order_id, item_id, num, name, spec, price, image ) VALUES ( ?, ?, ?, ?, ?, ?, ? )
19:59:22:069 DEBUG 30144 --- [http-nio-8085-exec-1] c.h.t.mapper.OrderDetailMapper.insert    : ==> Parameters: 2047646576914464770(Long), 2120808(Long), 1(Integer), 姬龙雪 guy laroche女包 GL经典手提包女牛皮大容量单肩包女欧美时尚包包女包GS1210001-06杏色(String), {}(String), 71800(Integer), https://m.360buyimg.com/mobilecms/s720x720_jfs/t30694/267/398774087/90954/6fc143cf/5bf25358N14dadbf7.jpg!q70.jpg.webp(String)
19:59:22:216 DEBUG 30144 --- [http-nio-8085-exec-2] c.h.trade.mapper.OrderMapper.selectById  : ==>  Preparing: SELECT id,total_fee,payment_type,user_id,status,create_time,pay_time,consign_time,end_time,close_time,comment_time,update_time FROM `order` WHERE id=?
19:59:22:217 DEBUG 30144 --- [http-nio-8085-exec-2] c.h.trade.mapper.OrderMapper.selectById  : ==> Parameters: 2047646576914464770(Long)
19:59:22:231 DEBUG 30144 --- [http-nio-8085-exec-2] c.h.trade.mapper.OrderMapper.selectById  : <==      Total: 1
19:59:22:549  INFO 30144 --- [nacos-grpc-client-executor-35] com.alibaba.nacos.common.remote.client   : [cec5b7fa-815d-465a-b9ed-52757cdcb8b1] Receive server push request, request = NotifySubscriberRequest, requestId = 132
19:59:22:550  INFO 30144 --- [nacos-grpc-client-executor-35] com.alibaba.nacos.common.remote.client   : [cec5b7fa-815d-465a-b9ed-52757cdcb8b1] Ack server push request, request = NotifySubscriberRequest, requestId = 132
19:59:22:646  INFO 30144 --- [nacos-grpc-client-executor-36] com.alibaba.nacos.common.remote.client   : [cec5b7fa-815d-465a-b9ed-52757cdcb8b1] Receive server push request, request = NotifySubscriberRequest, requestId = 133
19:59:22:648  INFO 30144 --- [nacos-grpc-client-executor-36] com.alibaba.nacos.common.remote.client   : [cec5b7fa-815d-465a-b9ed-52757cdcb8b1] Ack server push request, request = NotifySubscriberRequest, requestId = 133
19:59:28:153  WARN 30144 --- [http-nio-8085-exec-3] .w.s.m.s.DefaultHandlerExceptionResolver : Resolved [org.springframework.web.HttpRequestMethodNotSupportedException: Request method 'PUT' not supported]
20:09:19:765 DEBUG 30144 --- [http-nio-8085-exec-6] c.hmall.trade.mapper.OrderMapper.insert  : ==>  Preparing: INSERT INTO `order` ( id, total_fee, payment_type, user_id, status ) VALUES ( ?, ?, ?, ?, ? )
20:09:19:774 DEBUG 30144 --- [http-nio-8085-exec-6] c.hmall.trade.mapper.OrderMapper.insert  : ==> Parameters: 2047649083988377602(Long), 87900(Integer), 3(Integer), 1(Long), 1(Integer)
20:09:19:778 DEBUG 30144 --- [http-nio-8085-exec-6] c.hmall.trade.mapper.OrderMapper.insert  : <==    Updates: 1
20:09:19:780 DEBUG 30144 --- [http-nio-8085-exec-6] c.h.t.mapper.OrderDetailMapper.insert    : ==>  Preparing: INSERT INTO order_detail ( order_id, item_id, num, name, spec, price, image ) VALUES ( ?, ?, ?, ?, ?, ?, ? )
20:09:19:781 DEBUG 30144 --- [http-nio-8085-exec-6] c.h.t.mapper.OrderDetailMapper.insert    : ==> Parameters: 2047649083988377602(Long), 100000004580(Long), 1(Integer), 薇妮(viney)女士单肩包 时尚牛皮女包百搭斜挎包女士手提大包(经典黑)(String), {"颜色": "黑色"}(String), 87900(Integer), https://m.360buyimg.com/mobilecms/s720x720_jfs/t5590/64/5811657380/234462/5398e856/5965e173N34179777.jpg!q70.jpg.webp(String)
20:09:19:864 DEBUG 30144 --- [http-nio-8085-exec-7] c.h.trade.mapper.OrderMapper.selectById  : ==>  Preparing: SELECT id,total_fee,payment_type,user_id,status,create_time,pay_time,consign_time,end_time,close_time,comment_time,update_time FROM `order` WHERE id=?
20:09:19:865 DEBUG 30144 --- [http-nio-8085-exec-7] c.h.trade.mapper.OrderMapper.selectById  : ==> Parameters: 2047649083988377602(Long)
20:09:19:870 DEBUG 30144 --- [http-nio-8085-exec-7] c.h.trade.mapper.OrderMapper.selectById  : <==      Total: 1
20:10:53:942  WARN 30144 --- [http-nio-8085-exec-9] .w.s.m.s.DefaultHandlerExceptionResolver : Resolved [org.springframework.web.HttpRequestMethodNotSupportedException: Request method 'PUT' not supported]
20:19:22:310  WARN 30144 --- [http-nio-8085-exec-1] .w.s.m.s.DefaultHandlerExceptionResolver : Resolved [org.springframework.web.HttpRequestMethodNotSupportedException: Request method 'PUT' not supported]
20:19:22:334  WARN 30144 --- [http-nio-8085-exec-2] .w.s.m.s.DefaultHandlerExceptionResolver : Resolved [org.springframework.web.HttpRequestMethodNotSupportedException: Request method 'PUT' not supported]
20:19:30:419  WARN 30144 --- [Thread-7] c.a.n.common.http.HttpClientBeanHolder   : [HttpClientBeanHolder] Start destroying common HttpClient
20:19:30:420  WARN 30144 --- [Thread-4] c.a.nacos.common.notify.NotifyCenter     : [NotifyCenter] Start destroying Publisher
20:19:30:420  WARN 30144 --- [Thread-4] c.a.nacos.common.notify.NotifyCenter     : [NotifyCenter] Destruction of the end
20:19:30:427  WARN 30144 --- [Thread-7] c.a.n.common.http.HttpClientBeanHolder   : [HttpClientBeanHolder] Destruction of the end
20:19:30:981  INFO 30144 --- [SpringApplicationShutdownHook] c.a.c.n.registry.NacosServiceRegistry    : De-registering from Nacos Server now...
20:19:30:985  INFO 30144 --- [SpringApplicationShutdownHook] c.a.c.n.registry.NacosServiceRegistry    : De-registration finished.
20:19:31:321  INFO 30144 --- [SpringApplicationShutdownHook] com.alibaba.nacos.common.remote.client   : Shutdown rpc client, set status to shutdown
20:19:31:321  INFO 30144 --- [SpringApplicationShutdownHook] com.alibaba.nacos.common.remote.client   : Shutdown client event executor java.util.concurrent.ScheduledThreadPoolExecutor@66bea03e[Running, pool size = 2, active threads = 2, queued tasks = 0, completed tasks = 0]
20:19:31:321  INFO 30144 --- [SpringApplicationShutdownHook] com.alibaba.nacos.common.remote.client   : Close current connection 1777031859768_192.168.150.1_54610
20:19:31:323  INFO 30144 --- [nacos-grpc-client-executor-307] c.a.n.c.remote.client.grpc.GrpcClient    : [1777031859768_192.168.150.1_54610]Ignore complete event,isRunning:false,isAbandon=false
20:19:31:332  INFO 30144 --- [SpringApplicationShutdownHook] c.a.n.c.remote.client.grpc.GrpcClient    : Shutdown grpc executor java.util.concurrent.ThreadPoolExecutor@b0264bf[Running, pool size = 5, active threads = 0, queued tasks = 0, completed tasks = 308]
20:19:31:339  INFO 30144 --- [SpringApplicationShutdownHook] com.zaxxer.hikari.HikariDataSource       : HikariPool-1 - Shutdown initiated...
20:19:31:360  INFO 30144 --- [SpringApplicationShutdownHook] com.zaxxer.hikari.HikariDataSource       : HikariPool-1 - Shutdown completed.
20:19:37:203  INFO 27820 --- [main] com.hmall.trade.TradeApplication         : Starting TradeApplication using Java 11.0.31 on LAPTOP-16OT1L5F with PID 27820 (G:\hmall\backend\trade-service\target\classes started by 18071 in G:\hmall\backend)
20:19:37:204 DEBUG 27820 --- [main] com.hmall.trade.TradeApplication         : Running with Spring Boot v2.7.12, Spring v5.3.27
20:19:37:204  INFO 27820 --- [main] com.hmall.trade.TradeApplication         : The following 1 profile is active: "dev"
20:19:38:316  INFO 27820 --- [main] o.s.cloud.context.scope.GenericScope     : BeanFactory id=020f0478-fef7-32c1-9836-19d509b1bb73
20:19:38:698  INFO 27820 --- [main] o.s.b.w.embedded.tomcat.TomcatWebServer  : Tomcat initialized with port(s): 8085 (http)
20:19:38:708  INFO 27820 --- [main] o.apache.catalina.core.StandardService   : Starting service [Tomcat]
20:19:38:708  INFO 27820 --- [main] org.apache.catalina.core.StandardEngine  : Starting Servlet engine: [Apache Tomcat/9.0.75]
20:19:38:890  INFO 27820 --- [main] o.a.c.c.C.[Tomcat].[localhost].[/]       : Initializing Spring embedded WebApplicationContext
20:19:38:891  INFO 27820 --- [main] w.s.c.ServletWebServerApplicationContext : Root WebApplicationContext: initialization completed in 1638 ms
20:19:39:228  INFO 27820 --- [main] o.s.c.openfeign.FeignClientFactoryBean   : For 'item-service' URL not provided. Will try picking an instance via load-balancing.
20:19:40:954  INFO 27820 --- [main] o.s.c.openfeign.FeignClientFactoryBean   : For 'cart-service' URL not provided. Will try picking an instance via load-balancing.
20:19:41:942  INFO 27820 --- [main] pertySourcedRequestMappingHandlerMapping : Mapped URL path [/v2/api-docs] onto method [springfox.documentation.swagger2.web.Swagger2ControllerWebMvc#getDocumentation(String, HttpServletRequest)]
20:19:42:833  INFO 27820 --- [main] com.alibaba.nacos.common.remote.client   : [RpcClientFactory] create a new rpc client of d015d5bf-5fba-4ac1-9956-dec93aedd60b
20:19:42:876  INFO 27820 --- [main] org.reflections.Reflections              : Reflections took 24 ms to scan 1 urls, producing 3 keys and 6 values 
20:19:42:902  INFO 27820 --- [main] org.reflections.Reflections              : Reflections took 8 ms to scan 1 urls, producing 4 keys and 9 values 
20:19:42:915  INFO 27820 --- [main] org.reflections.Reflections              : Reflections took 8 ms to scan 1 urls, producing 3 keys and 10 values 
20:19:42:918  WARN 27820 --- [main] org.reflections.Reflections              : given scan urls are empty. set urls in the configuration
20:19:42:924  INFO 27820 --- [main] org.reflections.Reflections              : Reflections took 6 ms to scan 1 urls, producing 1 keys and 5 values 
20:19:42:934  INFO 27820 --- [main] org.reflections.Reflections              : Reflections took 7 ms to scan 1 urls, producing 1 keys and 7 values 
20:19:42:943  INFO 27820 --- [main] org.reflections.Reflections              : Reflections took 7 ms to scan 1 urls, producing 2 keys and 8 values 
20:19:42:945  WARN 27820 --- [main] org.reflections.Reflections              : given scan urls are empty. set urls in the configuration
20:19:42:946  INFO 27820 --- [main] com.alibaba.nacos.common.remote.client   : [d015d5bf-5fba-4ac1-9956-dec93aedd60b] RpcClient init label, labels = {module=naming, source=sdk}
20:19:42:948  INFO 27820 --- [main] com.alibaba.nacos.common.remote.client   : [d015d5bf-5fba-4ac1-9956-dec93aedd60b] RpcClient init, ServerListFactory = com.alibaba.nacos.client.naming.core.ServerListManager
20:19:42:948  INFO 27820 --- [main] com.alibaba.nacos.common.remote.client   : [d015d5bf-5fba-4ac1-9956-dec93aedd60b] Registry connection listener to current client:com.alibaba.nacos.client.naming.remote.gprc.redo.NamingGrpcRedoService
20:19:42:949  INFO 27820 --- [main] com.alibaba.nacos.common.remote.client   : [d015d5bf-5fba-4ac1-9956-dec93aedd60b] Register server push request handler:com.alibaba.nacos.client.naming.remote.gprc.NamingPushRequestHandler
20:19:42:951  INFO 27820 --- [main] com.alibaba.nacos.common.remote.client   : [d015d5bf-5fba-4ac1-9956-dec93aedd60b] Try to connect to server on start up, server: {serverIp = '192.168.150.102', server main port = 8848}
20:19:45:252  INFO 27820 --- [main] com.alibaba.nacos.common.remote.client   : [d015d5bf-5fba-4ac1-9956-dec93aedd60b] Success to connect to server [192.168.150.102:8848] on start up, connectionId = 1777033184171_192.168.150.1_56300
20:19:45:252  INFO 27820 --- [com.alibaba.nacos.client.remote.worker] com.alibaba.nacos.common.remote.client   : [d015d5bf-5fba-4ac1-9956-dec93aedd60b] Notify connected event to listeners.
20:19:45:253  INFO 27820 --- [main] com.alibaba.nacos.common.remote.client   : [d015d5bf-5fba-4ac1-9956-dec93aedd60b] Register server push request handler:com.alibaba.nacos.common.remote.client.RpcClient$ConnectResetRequestHandler
20:19:45:254  INFO 27820 --- [main] com.alibaba.nacos.common.remote.client   : [d015d5bf-5fba-4ac1-9956-dec93aedd60b] Register server push request handler:com.alibaba.nacos.common.remote.client.RpcClient$$Lambda$973/0x000000080073dc40
20:19:45:316  INFO 27820 --- [main] o.s.b.w.embedded.tomcat.TomcatWebServer  : Tomcat started on port(s): 8085 (http) with context path ''
20:19:45:325  INFO 27820 --- [main] c.a.c.n.registry.NacosServiceRegistry    : nacos registry, DEFAULT_GROUP trade-service 192.168.220.1:8085 register finished
20:19:45:783  INFO 27820 --- [nacos-grpc-client-executor-9] com.alibaba.nacos.common.remote.client   : [d015d5bf-5fba-4ac1-9956-dec93aedd60b] Receive server push request, request = NotifySubscriberRequest, requestId = 149
20:19:45:794  INFO 27820 --- [nacos-grpc-client-executor-9] com.alibaba.nacos.common.remote.client   : [d015d5bf-5fba-4ac1-9956-dec93aedd60b] Ack server push request, request = NotifySubscriberRequest, requestId = 149
20:19:45:910  INFO 27820 --- [main] d.s.w.p.DocumentationPluginsBootstrapper : Documentation plugins bootstrapped
20:19:45:913  INFO 27820 --- [main] d.s.w.p.DocumentationPluginsBootstrapper : Found 1 custom documentation plugin(s)
20:19:45:933  INFO 27820 --- [main] s.d.s.w.s.ApiListingReferenceScanner     : Scanning for api listing references
20:19:46:015  INFO 27820 --- [main] com.hmall.trade.TradeApplication         : Started TradeApplication in 10.021 seconds (JVM running for 11.166)
20:19:57:163  INFO 27820 --- [http-nio-8085-exec-1] o.a.c.c.C.[Tomcat].[localhost].[/]       : Initializing Spring DispatcherServlet 'dispatcherServlet'
20:19:57:163  INFO 27820 --- [http-nio-8085-exec-1] o.s.web.servlet.DispatcherServlet        : Initializing Servlet 'dispatcherServlet'
20:19:57:164  INFO 27820 --- [http-nio-8085-exec-1] o.s.web.servlet.DispatcherServlet        : Completed initialization in 1 ms
20:19:57:231  INFO 27820 --- [http-nio-8085-exec-1] com.zaxxer.hikari.HikariDataSource       : HikariPool-1 - Starting...
20:19:57:472  INFO 27820 --- [http-nio-8085-exec-1] com.zaxxer.hikari.HikariDataSource       : HikariPool-1 - Start completed.
20:19:57:479 DEBUG 27820 --- [http-nio-8085-exec-1] c.h.trade.mapper.OrderMapper.updateById  : ==>  Preparing: UPDATE `order` SET status=?, pay_time=? WHERE id=?
20:19:57:505 DEBUG 27820 --- [http-nio-8085-exec-1] c.h.trade.mapper.OrderMapper.updateById  : ==> Parameters: 2(Integer), 2026-04-24T20:19:57.196446600(LocalDateTime), 2047649083988377602(Long)
20:19:57:510 DEBUG 27820 --- [http-nio-8085-exec-1] c.h.trade.mapper.OrderMapper.updateById  : <==    Updates: 1
20:19:57:707 DEBUG 27820 --- [http-nio-8085-exec-2] c.h.trade.mapper.OrderMapper.selectById  : ==>  Preparing: SELECT id,total_fee,payment_type,user_id,status,create_time,pay_time,consign_time,end_time,close_time,comment_time,update_time FROM `order` WHERE id=?
20:19:57:708 DEBUG 27820 --- [http-nio-8085-exec-2] c.h.trade.mapper.OrderMapper.selectById  : ==> Parameters: 2047649083988377602(Long)
20:19:57:733 DEBUG 27820 --- [http-nio-8085-exec-2] c.h.trade.mapper.OrderMapper.selectById  : <==      Total: 1
20:20:55:103  WARN 27820 --- [Thread-4] c.a.nacos.common.notify.NotifyCenter     : [NotifyCenter] Start destroying Publisher
20:20:55:103  WARN 27820 --- [Thread-4] c.a.nacos.common.notify.NotifyCenter     : [NotifyCenter] Destruction of the end
20:20:55:104  WARN 27820 --- [Thread-7] c.a.n.common.http.HttpClientBeanHolder   : [HttpClientBeanHolder] Start destroying common HttpClient
20:20:55:106  WARN 27820 --- [Thread-7] c.a.n.common.http.HttpClientBeanHolder   : [HttpClientBeanHolder] Destruction of the end
20:20:55:963  INFO 27820 --- [SpringApplicationShutdownHook] c.a.c.n.registry.NacosServiceRegistry    : De-registering from Nacos Server now...
20:20:55:966  INFO 27820 --- [SpringApplicationShutdownHook] c.a.c.n.registry.NacosServiceRegistry    : De-registration finished.
20:20:56:293  INFO 27820 --- [SpringApplicationShutdownHook] com.alibaba.nacos.common.remote.client   : Shutdown rpc client, set status to shutdown
20:20:56:293  INFO 27820 --- [SpringApplicationShutdownHook] com.alibaba.nacos.common.remote.client   : Shutdown client event executor java.util.concurrent.ScheduledThreadPoolExecutor@59c274f3[Running, pool size = 2, active threads = 2, queued tasks = 0, completed tasks = 0]
20:20:56:293  INFO 27820 --- [SpringApplicationShutdownHook] com.alibaba.nacos.common.remote.client   : Close current connection 1777033184171_192.168.150.1_56300
20:20:56:295  INFO 27820 --- [nacos-grpc-client-executor-27] c.a.n.c.remote.client.grpc.GrpcClient    : [1777033184171_192.168.150.1_56300]Ignore complete event,isRunning:false,isAbandon=false
20:20:56:298  INFO 27820 --- [SpringApplicationShutdownHook] c.a.n.c.remote.client.grpc.GrpcClient    : Shutdown grpc executor java.util.concurrent.ThreadPoolExecutor@316cbdef[Running, pool size = 4, active threads = 0, queued tasks = 0, completed tasks = 28]
20:20:56:303  INFO 27820 --- [SpringApplicationShutdownHook] com.zaxxer.hikari.HikariDataSource       : HikariPool-1 - Shutdown initiated...
20:20:56:315  INFO 27820 --- [SpringApplicationShutdownHook] com.zaxxer.hikari.HikariDataSource       : HikariPool-1 - Shutdown completed.
