14:31:30:579  INFO 17144 --- [main] com.hmall.item.itemApplication           : Starting itemApplication using Java 11.0.31 on LAPTOP-16OT1L5F with PID 17144 (G:\hmall\backend\item-service\target\classes started by 18071 in G:\hmall\backend)
14:31:30:584 DEBUG 17144 --- [main] com.hmall.item.itemApplication           : Running with Spring Boot v2.7.12, Spring v5.3.27
14:31:30:584  INFO 17144 --- [main] com.hmall.item.itemApplication           : The following 1 profile is active: "dev"
14:31:31:433  INFO 17144 --- [main] o.s.cloud.context.scope.GenericScope     : BeanFactory id=88f7f5ef-9ac6-3977-b100-968ca5e722e7
14:31:31:734  INFO 17144 --- [main] o.s.b.w.embedded.tomcat.TomcatWebServer  : Tomcat initialized with port(s): 8081 (http)
14:31:31:745  INFO 17144 --- [main] o.apache.catalina.core.StandardService   : Starting service [Tomcat]
14:31:31:745  INFO 17144 --- [main] org.apache.catalina.core.StandardEngine  : Starting Servlet engine: [Apache Tomcat/9.0.75]
14:31:31:899  INFO 17144 --- [main] o.a.c.c.C.[Tomcat].[localhost].[/]       : Initializing Spring embedded WebApplicationContext
14:31:31:899  INFO 17144 --- [main] w.s.c.ServletWebServerApplicationContext : Root WebApplicationContext: initialization completed in 1275 ms
14:31:35:134  INFO 17144 --- [main] pertySourcedRequestMappingHandlerMapping : Mapped URL path [/v2/api-docs] onto method [springfox.documentation.swagger2.web.Swagger2ControllerWebMvc#getDocumentation(String, HttpServletRequest)]
14:31:35:908  INFO 17144 --- [main] com.alibaba.nacos.common.remote.client   : [RpcClientFactory] create a new rpc client of b7e28a58-b69e-448a-a008-b13bd3cecec7
14:31:35:966  INFO 17144 --- [main] org.reflections.Reflections              : Reflections took 32 ms to scan 1 urls, producing 3 keys and 6 values 
14:31:35:998  INFO 17144 --- [main] org.reflections.Reflections              : Reflections took 12 ms to scan 1 urls, producing 4 keys and 9 values 
14:31:36:009  INFO 17144 --- [main] org.reflections.Reflections              : Reflections took 7 ms to scan 1 urls, producing 3 keys and 10 values 
14:31:36:013  WARN 17144 --- [main] org.reflections.Reflections              : given scan urls are empty. set urls in the configuration
14:31:36:024  INFO 17144 --- [main] org.reflections.Reflections              : Reflections took 9 ms to scan 1 urls, producing 1 keys and 5 values 
14:31:36:034  INFO 17144 --- [main] org.reflections.Reflections              : Reflections took 8 ms to scan 1 urls, producing 1 keys and 7 values 
14:31:36:045  INFO 17144 --- [main] org.reflections.Reflections              : Reflections took 8 ms to scan 1 urls, producing 2 keys and 8 values 
14:31:36:048  WARN 17144 --- [main] org.reflections.Reflections              : given scan urls are empty. set urls in the configuration
14:31:36:049  INFO 17144 --- [main] com.alibaba.nacos.common.remote.client   : [b7e28a58-b69e-448a-a008-b13bd3cecec7] RpcClient init label, labels = {module=naming, source=sdk}
14:31:36:051  INFO 17144 --- [main] com.alibaba.nacos.common.remote.client   : [b7e28a58-b69e-448a-a008-b13bd3cecec7] RpcClient init, ServerListFactory = com.alibaba.nacos.client.naming.core.ServerListManager
14:31:36:051  INFO 17144 --- [main] com.alibaba.nacos.common.remote.client   : [b7e28a58-b69e-448a-a008-b13bd3cecec7] Registry connection listener to current client:com.alibaba.nacos.client.naming.remote.gprc.redo.NamingGrpcRedoService
14:31:36:052  INFO 17144 --- [main] com.alibaba.nacos.common.remote.client   : [b7e28a58-b69e-448a-a008-b13bd3cecec7] Register server push request handler:com.alibaba.nacos.client.naming.remote.gprc.NamingPushRequestHandler
14:31:36:053  INFO 17144 --- [main] com.alibaba.nacos.common.remote.client   : [b7e28a58-b69e-448a-a008-b13bd3cecec7] Try to connect to server on start up, server: {serverIp = '192.168.150.102', server main port = 8848}
14:31:38:225  INFO 17144 --- [main] com.alibaba.nacos.common.remote.client   : [b7e28a58-b69e-448a-a008-b13bd3cecec7] Success to connect to server [192.168.150.102:8848] on start up, connectionId = 1777012297063_192.168.150.1_50764
14:31:38:226  INFO 17144 --- [com.alibaba.nacos.client.remote.worker] com.alibaba.nacos.common.remote.client   : [b7e28a58-b69e-448a-a008-b13bd3cecec7] Notify connected event to listeners.
14:31:38:227  INFO 17144 --- [main] com.alibaba.nacos.common.remote.client   : [b7e28a58-b69e-448a-a008-b13bd3cecec7] Register server push request handler:com.alibaba.nacos.common.remote.client.RpcClient$ConnectResetRequestHandler
14:31:38:227  INFO 17144 --- [main] com.alibaba.nacos.common.remote.client   : [b7e28a58-b69e-448a-a008-b13bd3cecec7] Register server push request handler:com.alibaba.nacos.common.remote.client.RpcClient$$Lambda$901/0x0000000800679840
14:31:38:292  INFO 17144 --- [main] o.s.b.w.embedded.tomcat.TomcatWebServer  : Tomcat started on port(s): 8081 (http) with context path ''
14:31:38:306  INFO 17144 --- [main] c.a.c.n.registry.NacosServiceRegistry    : nacos registry, DEFAULT_GROUP item-service 192.168.220.1:8081 register finished
14:31:38:812  INFO 17144 --- [main] d.s.w.p.DocumentationPluginsBootstrapper : Documentation plugins bootstrapped
14:31:38:814  INFO 17144 --- [main] d.s.w.p.DocumentationPluginsBootstrapper : Found 1 custom documentation plugin(s)
14:31:38:821  INFO 17144 --- [nacos-grpc-client-executor-10] com.alibaba.nacos.common.remote.client   : [b7e28a58-b69e-448a-a008-b13bd3cecec7] Receive server push request, request = NotifySubscriberRequest, requestId = 9
14:31:38:830  INFO 17144 --- [nacos-grpc-client-executor-10] com.alibaba.nacos.common.remote.client   : [b7e28a58-b69e-448a-a008-b13bd3cecec7] Ack server push request, request = NotifySubscriberRequest, requestId = 9
14:31:38:835  INFO 17144 --- [main] s.d.s.w.s.ApiListingReferenceScanner     : Scanning for api listing references
14:31:38:924  INFO 17144 --- [main] com.hmall.item.itemApplication           : Started itemApplication in 9.77 seconds (JVM running for 11.267)
14:32:52:812  WARN 17144 --- [Thread-4] c.a.nacos.common.notify.NotifyCenter     : [NotifyCenter] Start destroying Publisher
14:32:52:812  WARN 17144 --- [Thread-7] c.a.n.common.http.HttpClientBeanHolder   : [HttpClientBeanHolder] Start destroying common HttpClient
14:32:52:813  WARN 17144 --- [Thread-4] c.a.nacos.common.notify.NotifyCenter     : [NotifyCenter] Destruction of the end
14:32:52:813  WARN 17144 --- [Thread-7] c.a.n.common.http.HttpClientBeanHolder   : [HttpClientBeanHolder] Destruction of the end
14:32:53:784  INFO 17144 --- [SpringApplicationShutdownHook] c.a.c.n.registry.NacosServiceRegistry    : De-registering from Nacos Server now...
14:32:53:792  INFO 17144 --- [SpringApplicationShutdownHook] c.a.c.n.registry.NacosServiceRegistry    : De-registration finished.
14:32:54:123  INFO 17144 --- [SpringApplicationShutdownHook] com.alibaba.nacos.common.remote.client   : Shutdown rpc client, set status to shutdown
14:32:54:123  INFO 17144 --- [SpringApplicationShutdownHook] com.alibaba.nacos.common.remote.client   : Shutdown client event executor java.util.concurrent.ScheduledThreadPoolExecutor@3fa6526f[Running, pool size = 2, active threads = 2, queued tasks = 0, completed tasks = 0]
14:32:54:123  INFO 17144 --- [SpringApplicationShutdownHook] com.alibaba.nacos.common.remote.client   : Close current connection 1777012297063_192.168.150.1_50764
14:32:54:125  INFO 17144 --- [nacos-grpc-client-executor-39] c.a.n.c.remote.client.grpc.GrpcClient    : [1777012297063_192.168.150.1_50764]Ignore complete event,isRunning:false,isAbandon=false
14:32:54:129  INFO 17144 --- [SpringApplicationShutdownHook] c.a.n.c.remote.client.grpc.GrpcClient    : Shutdown grpc executor java.util.concurrent.ThreadPoolExecutor@3ae4c49f[Running, pool size = 7, active threads = 0, queued tasks = 0, completed tasks = 40]
15:21:08:649  INFO 1780 --- [main] com.hmall.item.itemApplication           : Starting itemApplication using Java 11.0.31 on LAPTOP-16OT1L5F with PID 1780 (G:\hmall\backend\item-service\target\classes started by 18071 in G:\hmall\backend)
15:21:08:651 DEBUG 1780 --- [main] com.hmall.item.itemApplication           : Running with Spring Boot v2.7.12, Spring v5.3.27
15:21:08:651  INFO 1780 --- [main] com.hmall.item.itemApplication           : The following 1 profile is active: "dev"
15:21:09:538  INFO 1780 --- [main] o.s.cloud.context.scope.GenericScope     : BeanFactory id=88f7f5ef-9ac6-3977-b100-968ca5e722e7
15:21:09:877  INFO 1780 --- [main] o.s.b.w.embedded.tomcat.TomcatWebServer  : Tomcat initialized with port(s): 8081 (http)
15:21:09:888  INFO 1780 --- [main] o.apache.catalina.core.StandardService   : Starting service [Tomcat]
15:21:09:888  INFO 1780 --- [main] org.apache.catalina.core.StandardEngine  : Starting Servlet engine: [Apache Tomcat/9.0.75]
15:21:10:066  INFO 1780 --- [main] o.a.c.c.C.[Tomcat].[localhost].[/]       : Initializing Spring embedded WebApplicationContext
15:21:10:066  INFO 1780 --- [main] w.s.c.ServletWebServerApplicationContext : Root WebApplicationContext: initialization completed in 1379 ms
15:21:13:400  INFO 1780 --- [main] pertySourcedRequestMappingHandlerMapping : Mapped URL path [/v2/api-docs] onto method [springfox.documentation.swagger2.web.Swagger2ControllerWebMvc#getDocumentation(String, HttpServletRequest)]
15:21:14:388  INFO 1780 --- [main] com.alibaba.nacos.common.remote.client   : [RpcClientFactory] create a new rpc client of 20a82716-07be-433b-a5a7-068a3d9534f7
15:21:14:426  INFO 1780 --- [main] org.reflections.Reflections              : Reflections took 20 ms to scan 1 urls, producing 3 keys and 6 values 
15:21:14:449  INFO 1780 --- [main] org.reflections.Reflections              : Reflections took 8 ms to scan 1 urls, producing 4 keys and 9 values 
15:21:14:458  INFO 1780 --- [main] org.reflections.Reflections              : Reflections took 6 ms to scan 1 urls, producing 3 keys and 10 values 
15:21:14:461  WARN 1780 --- [main] org.reflections.Reflections              : given scan urls are empty. set urls in the configuration
15:21:14:467  INFO 1780 --- [main] org.reflections.Reflections              : Reflections took 6 ms to scan 1 urls, producing 1 keys and 5 values 
15:21:14:475  INFO 1780 --- [main] org.reflections.Reflections              : Reflections took 6 ms to scan 1 urls, producing 1 keys and 7 values 
15:21:14:484  INFO 1780 --- [main] org.reflections.Reflections              : Reflections took 6 ms to scan 1 urls, producing 2 keys and 8 values 
15:21:14:486  WARN 1780 --- [main] org.reflections.Reflections              : given scan urls are empty. set urls in the configuration
15:21:14:487  INFO 1780 --- [main] com.alibaba.nacos.common.remote.client   : [20a82716-07be-433b-a5a7-068a3d9534f7] RpcClient init label, labels = {module=naming, source=sdk}
15:21:14:488  INFO 1780 --- [main] com.alibaba.nacos.common.remote.client   : [20a82716-07be-433b-a5a7-068a3d9534f7] RpcClient init, ServerListFactory = com.alibaba.nacos.client.naming.core.ServerListManager
15:21:14:488  INFO 1780 --- [main] com.alibaba.nacos.common.remote.client   : [20a82716-07be-433b-a5a7-068a3d9534f7] Registry connection listener to current client:com.alibaba.nacos.client.naming.remote.gprc.redo.NamingGrpcRedoService
15:21:14:489  INFO 1780 --- [main] com.alibaba.nacos.common.remote.client   : [20a82716-07be-433b-a5a7-068a3d9534f7] Register server push request handler:com.alibaba.nacos.client.naming.remote.gprc.NamingPushRequestHandler
15:21:14:490  INFO 1780 --- [main] com.alibaba.nacos.common.remote.client   : [20a82716-07be-433b-a5a7-068a3d9534f7] Try to connect to server on start up, server: {serverIp = '192.168.150.102', server main port = 8848}
15:21:16:701  INFO 1780 --- [main] com.alibaba.nacos.common.remote.client   : [20a82716-07be-433b-a5a7-068a3d9534f7] Success to connect to server [192.168.150.102:8848] on start up, connectionId = 1777015275581_192.168.150.1_64250
15:21:16:702  INFO 1780 --- [com.alibaba.nacos.client.remote.worker] com.alibaba.nacos.common.remote.client   : [20a82716-07be-433b-a5a7-068a3d9534f7] Notify connected event to listeners.
15:21:16:703  INFO 1780 --- [main] com.alibaba.nacos.common.remote.client   : [20a82716-07be-433b-a5a7-068a3d9534f7] Register server push request handler:com.alibaba.nacos.common.remote.client.RpcClient$ConnectResetRequestHandler
15:21:16:704  INFO 1780 --- [main] com.alibaba.nacos.common.remote.client   : [20a82716-07be-433b-a5a7-068a3d9534f7] Register server push request handler:com.alibaba.nacos.common.remote.client.RpcClient$$Lambda$901/0x0000000800679840
15:21:16:765  INFO 1780 --- [main] o.s.b.w.embedded.tomcat.TomcatWebServer  : Tomcat started on port(s): 8081 (http) with context path ''
15:21:16:780  INFO 1780 --- [main] c.a.c.n.registry.NacosServiceRegistry    : nacos registry, DEFAULT_GROUP item-service 192.168.220.1:8081 register finished
15:21:17:291  INFO 1780 --- [nacos-grpc-client-executor-10] com.alibaba.nacos.common.remote.client   : [20a82716-07be-433b-a5a7-068a3d9534f7] Receive server push request, request = NotifySubscriberRequest, requestId = 16
15:21:17:294  INFO 1780 --- [main] d.s.w.p.DocumentationPluginsBootstrapper : Documentation plugins bootstrapped
15:21:17:296  INFO 1780 --- [main] d.s.w.p.DocumentationPluginsBootstrapper : Found 1 custom documentation plugin(s)
15:21:17:302  INFO 1780 --- [nacos-grpc-client-executor-10] com.alibaba.nacos.common.remote.client   : [20a82716-07be-433b-a5a7-068a3d9534f7] Ack server push request, request = NotifySubscriberRequest, requestId = 16
15:21:17:320  INFO 1780 --- [main] s.d.s.w.s.ApiListingReferenceScanner     : Scanning for api listing references
15:21:17:414  INFO 1780 --- [main] com.hmall.item.itemApplication           : Started itemApplication in 10.541 seconds (JVM running for 12.284)
15:22:37:172  INFO 1780 --- [http-nio-8081-exec-1] o.a.c.c.C.[Tomcat].[localhost].[/]       : Initializing Spring DispatcherServlet 'dispatcherServlet'
15:22:37:172  INFO 1780 --- [http-nio-8081-exec-1] o.s.web.servlet.DispatcherServlet        : Initializing Servlet 'dispatcherServlet'
15:22:37:173  INFO 1780 --- [http-nio-8081-exec-1] o.s.web.servlet.DispatcherServlet        : Completed initialization in 1 ms
15:22:37:230  INFO 1780 --- [http-nio-8081-exec-1] com.zaxxer.hikari.HikariDataSource       : HikariPool-1 - Starting...
15:22:37:455  INFO 1780 --- [http-nio-8081-exec-1] com.zaxxer.hikari.HikariDataSource       : HikariPool-1 - Start completed.
15:22:37:463 DEBUG 1780 --- [http-nio-8081-exec-1] c.h.i.mapper.ItemMapper.selectBatchIds   : ==>  Preparing: SELECT id,name,price,stock,image,category,brand,spec,sold,comment_count,isAD,status,create_time,update_time,creater,updater FROM item WHERE id IN ( ? )
15:22:37:480 DEBUG 1780 --- [http-nio-8081-exec-1] c.h.i.mapper.ItemMapper.selectBatchIds   : ==> Parameters: 100000006163(Long)
15:22:37:504 DEBUG 1780 --- [http-nio-8081-exec-1] c.h.i.mapper.ItemMapper.selectBatchIds   : <==      Total: 1
15:22:58:392 DEBUG 1780 --- [http-nio-8081-exec-2] c.h.i.mapper.ItemMapper.selectBatchIds   : ==>  Preparing: SELECT id,name,price,stock,image,category,brand,spec,sold,comment_count,isAD,status,create_time,update_time,creater,updater FROM item WHERE id IN ( ? )
15:22:58:392 DEBUG 1780 --- [http-nio-8081-exec-2] c.h.i.mapper.ItemMapper.selectBatchIds   : ==> Parameters: 100000006163(Long)
15:22:58:394 DEBUG 1780 --- [http-nio-8081-exec-2] c.h.i.mapper.ItemMapper.selectBatchIds   : <==      Total: 1
15:23:10:000 DEBUG 1780 --- [http-nio-8081-exec-3] c.h.i.mapper.ItemMapper.selectBatchIds   : ==>  Preparing: SELECT id,name,price,stock,image,category,brand,spec,sold,comment_count,isAD,status,create_time,update_time,creater,updater FROM item WHERE id IN ( ? )
15:23:10:000 DEBUG 1780 --- [http-nio-8081-exec-3] c.h.i.mapper.ItemMapper.selectBatchIds   : ==> Parameters: 100000006163(Long)
15:23:10:001 DEBUG 1780 --- [http-nio-8081-exec-3] c.h.i.mapper.ItemMapper.selectBatchIds   : <==      Total: 1
15:23:29:582 DEBUG 1780 --- [http-nio-8081-exec-5] c.h.i.mapper.ItemMapper.selectBatchIds   : ==>  Preparing: SELECT id,name,price,stock,image,category,brand,spec,sold,comment_count,isAD,status,create_time,update_time,creater,updater FROM item WHERE id IN ( ? )
15:23:29:582 DEBUG 1780 --- [http-nio-8081-exec-5] c.h.i.mapper.ItemMapper.selectBatchIds   : ==> Parameters: 100000004580(Long)
15:23:29:584 DEBUG 1780 --- [http-nio-8081-exec-5] c.h.i.mapper.ItemMapper.selectBatchIds   : <==      Total: 1
15:23:37:263 DEBUG 1780 --- [http-nio-8081-exec-6] c.h.i.mapper.ItemMapper.selectBatchIds   : ==>  Preparing: SELECT id,name,price,stock,image,category,brand,spec,sold,comment_count,isAD,status,create_time,update_time,creater,updater FROM item WHERE id IN ( ? )
15:23:37:264 DEBUG 1780 --- [http-nio-8081-exec-6] c.h.i.mapper.ItemMapper.selectBatchIds   : ==> Parameters: 100000004580(Long)
15:23:37:265 DEBUG 1780 --- [http-nio-8081-exec-6] c.h.i.mapper.ItemMapper.selectBatchIds   : <==      Total: 1
15:23:37:392  WARN 1780 --- [http-nio-8081-exec-7] c.h.item.service.impl.ItemServiceImpl    : SqlSession [org.apache.ibatis.session.defaults.DefaultSqlSession@19f5661e] Transaction not enabled
15:23:37:393 DEBUG 1780 --- [http-nio-8081-exec-7] c.h.item.mapper.ItemMapper.updateStock   : ==>  Preparing: UPDATE item SET stock = stock - ? WHERE id = ?
15:23:37:394 DEBUG 1780 --- [http-nio-8081-exec-7] c.h.item.mapper.ItemMapper.updateStock   : ==> Parameters: 1(Integer), 100000004580(Long)
15:54:12:145  WARN 1780 --- [Thread-7] c.a.n.common.http.HttpClientBeanHolder   : [HttpClientBeanHolder] Start destroying common HttpClient
15:54:12:150  WARN 1780 --- [Thread-4] c.a.nacos.common.notify.NotifyCenter     : [NotifyCenter] Start destroying Publisher
15:54:12:181  WARN 1780 --- [Thread-4] c.a.nacos.common.notify.NotifyCenter     : [NotifyCenter] Destruction of the end
15:54:12:196  WARN 1780 --- [Thread-7] c.a.n.common.http.HttpClientBeanHolder   : [HttpClientBeanHolder] Destruction of the end
15:54:13:467  INFO 1780 --- [SpringApplicationShutdownHook] c.a.c.n.registry.NacosServiceRegistry    : De-registering from Nacos Server now...
15:54:13:477  INFO 1780 --- [SpringApplicationShutdownHook] c.a.c.n.registry.NacosServiceRegistry    : De-registration finished.
15:54:13:811  INFO 1780 --- [SpringApplicationShutdownHook] com.alibaba.nacos.common.remote.client   : Shutdown rpc client, set status to shutdown
15:54:13:811  INFO 1780 --- [SpringApplicationShutdownHook] com.alibaba.nacos.common.remote.client   : Shutdown client event executor java.util.concurrent.ScheduledThreadPoolExecutor@31eb39b4[Running, pool size = 2, active threads = 2, queued tasks = 0, completed tasks = 0]
15:54:13:812  INFO 1780 --- [SpringApplicationShutdownHook] com.alibaba.nacos.common.remote.client   : Close current connection 1777015275581_192.168.150.1_64250
15:54:13:816  INFO 1780 --- [nacos-grpc-client-executor-429] c.a.n.c.remote.client.grpc.GrpcClient    : [1777015275581_192.168.150.1_64250]Ignore complete event,isRunning:false,isAbandon=false
15:54:13:849  INFO 1780 --- [SpringApplicationShutdownHook] c.a.n.c.remote.client.grpc.GrpcClient    : Shutdown grpc executor java.util.concurrent.ThreadPoolExecutor@5bd5cc78[Running, pool size = 6, active threads = 0, queued tasks = 0, completed tasks = 430]
15:54:13:883  INFO 1780 --- [SpringApplicationShutdownHook] com.zaxxer.hikari.HikariDataSource       : HikariPool-1 - Shutdown initiated...
15:54:13:918  INFO 1780 --- [SpringApplicationShutdownHook] com.zaxxer.hikari.HikariDataSource       : HikariPool-1 - Shutdown completed.
15:54:46:825  INFO 15312 --- [main] com.hmall.item.itemApplication           : Starting itemApplication using Java 11.0.31 on LAPTOP-16OT1L5F with PID 15312 (G:\hmall\backend\item-service\target\classes started by 18071 in G:\hmall\backend)
15:54:46:828 DEBUG 15312 --- [main] com.hmall.item.itemApplication           : Running with Spring Boot v2.7.12, Spring v5.3.27
15:54:46:829  INFO 15312 --- [main] com.hmall.item.itemApplication           : The following 1 profile is active: "dev"
15:54:48:112  INFO 15312 --- [main] o.s.cloud.context.scope.GenericScope     : BeanFactory id=88f7f5ef-9ac6-3977-b100-968ca5e722e7
15:54:48:502  INFO 15312 --- [main] o.s.b.w.embedded.tomcat.TomcatWebServer  : Tomcat initialized with port(s): 8081 (http)
15:54:48:511  INFO 15312 --- [main] o.apache.catalina.core.StandardService   : Starting service [Tomcat]
15:54:48:512  INFO 15312 --- [main] org.apache.catalina.core.StandardEngine  : Starting Servlet engine: [Apache Tomcat/9.0.75]
15:54:48:651  INFO 15312 --- [main] o.a.c.c.C.[Tomcat].[localhost].[/]       : Initializing Spring embedded WebApplicationContext
15:54:48:651  INFO 15312 --- [main] w.s.c.ServletWebServerApplicationContext : Root WebApplicationContext: initialization completed in 1692 ms
15:54:51:668  INFO 15312 --- [main] pertySourcedRequestMappingHandlerMapping : Mapped URL path [/v2/api-docs] onto method [springfox.documentation.swagger2.web.Swagger2ControllerWebMvc#getDocumentation(String, HttpServletRequest)]
15:54:52:412  INFO 15312 --- [main] com.alibaba.nacos.common.remote.client   : [RpcClientFactory] create a new rpc client of a513d23c-d665-40ff-8725-255de40ad4bb
15:54:52:449  INFO 15312 --- [main] org.reflections.Reflections              : Reflections took 20 ms to scan 1 urls, producing 3 keys and 6 values 
15:54:52:471  INFO 15312 --- [main] org.reflections.Reflections              : Reflections took 9 ms to scan 1 urls, producing 4 keys and 9 values 
15:54:52:480  INFO 15312 --- [main] org.reflections.Reflections              : Reflections took 7 ms to scan 1 urls, producing 3 keys and 10 values 
15:54:52:483  WARN 15312 --- [main] org.reflections.Reflections              : given scan urls are empty. set urls in the configuration
15:54:52:489  INFO 15312 --- [main] org.reflections.Reflections              : Reflections took 5 ms to scan 1 urls, producing 1 keys and 5 values 
15:54:52:499  INFO 15312 --- [main] org.reflections.Reflections              : Reflections took 8 ms to scan 1 urls, producing 1 keys and 7 values 
15:54:52:520  INFO 15312 --- [main] org.reflections.Reflections              : Reflections took 18 ms to scan 1 urls, producing 2 keys and 8 values 
15:54:52:522  WARN 15312 --- [main] org.reflections.Reflections              : given scan urls are empty. set urls in the configuration
15:54:52:523  INFO 15312 --- [main] com.alibaba.nacos.common.remote.client   : [a513d23c-d665-40ff-8725-255de40ad4bb] RpcClient init label, labels = {module=naming, source=sdk}
15:54:52:525  INFO 15312 --- [main] com.alibaba.nacos.common.remote.client   : [a513d23c-d665-40ff-8725-255de40ad4bb] RpcClient init, ServerListFactory = com.alibaba.nacos.client.naming.core.ServerListManager
15:54:52:525  INFO 15312 --- [main] com.alibaba.nacos.common.remote.client   : [a513d23c-d665-40ff-8725-255de40ad4bb] Registry connection listener to current client:com.alibaba.nacos.client.naming.remote.gprc.redo.NamingGrpcRedoService
15:54:52:526  INFO 15312 --- [main] com.alibaba.nacos.common.remote.client   : [a513d23c-d665-40ff-8725-255de40ad4bb] Register server push request handler:com.alibaba.nacos.client.naming.remote.gprc.NamingPushRequestHandler
15:54:52:527  INFO 15312 --- [main] com.alibaba.nacos.common.remote.client   : [a513d23c-d665-40ff-8725-255de40ad4bb] Try to connect to server on start up, server: {serverIp = '192.168.150.102', server main port = 8848}
15:54:54:619  INFO 15312 --- [main] com.alibaba.nacos.common.remote.client   : [a513d23c-d665-40ff-8725-255de40ad4bb] Success to connect to server [192.168.150.102:8848] on start up, connectionId = 1777017293531_192.168.150.1_50622
15:54:54:620  INFO 15312 --- [com.alibaba.nacos.client.remote.worker] com.alibaba.nacos.common.remote.client   : [a513d23c-d665-40ff-8725-255de40ad4bb] Notify connected event to listeners.
15:54:54:620  INFO 15312 --- [main] com.alibaba.nacos.common.remote.client   : [a513d23c-d665-40ff-8725-255de40ad4bb] Register server push request handler:com.alibaba.nacos.common.remote.client.RpcClient$ConnectResetRequestHandler
15:54:54:621  INFO 15312 --- [main] com.alibaba.nacos.common.remote.client   : [a513d23c-d665-40ff-8725-255de40ad4bb] Register server push request handler:com.alibaba.nacos.common.remote.client.RpcClient$$Lambda$901/0x0000000800679840
15:54:54:682  INFO 15312 --- [main] o.s.b.w.embedded.tomcat.TomcatWebServer  : Tomcat started on port(s): 8081 (http) with context path ''
15:54:54:690  INFO 15312 --- [main] c.a.c.n.registry.NacosServiceRegistry    : nacos registry, DEFAULT_GROUP item-service 192.168.220.1:8081 register finished
15:54:55:154  INFO 15312 --- [nacos-grpc-client-executor-9] com.alibaba.nacos.common.remote.client   : [a513d23c-d665-40ff-8725-255de40ad4bb] Receive server push request, request = NotifySubscriberRequest, requestId = 63
15:54:55:165  INFO 15312 --- [nacos-grpc-client-executor-9] com.alibaba.nacos.common.remote.client   : [a513d23c-d665-40ff-8725-255de40ad4bb] Ack server push request, request = NotifySubscriberRequest, requestId = 63
15:54:55:278  INFO 15312 --- [main] d.s.w.p.DocumentationPluginsBootstrapper : Documentation plugins bootstrapped
15:54:55:281  INFO 15312 --- [main] d.s.w.p.DocumentationPluginsBootstrapper : Found 1 custom documentation plugin(s)
15:54:55:313  INFO 15312 --- [main] s.d.s.w.s.ApiListingReferenceScanner     : Scanning for api listing references
15:54:55:416  INFO 15312 --- [main] com.hmall.item.itemApplication           : Started itemApplication in 10.107 seconds (JVM running for 11.971)
15:56:10:230  WARN 15312 --- [Thread-7] c.a.n.common.http.HttpClientBeanHolder   : [HttpClientBeanHolder] Start destroying common HttpClient
15:56:10:231  WARN 15312 --- [Thread-4] c.a.nacos.common.notify.NotifyCenter     : [NotifyCenter] Start destroying Publisher
15:56:10:232  WARN 15312 --- [Thread-4] c.a.nacos.common.notify.NotifyCenter     : [NotifyCenter] Destruction of the end
15:56:10:232  WARN 15312 --- [Thread-7] c.a.n.common.http.HttpClientBeanHolder   : [HttpClientBeanHolder] Destruction of the end
15:56:11:169  INFO 15312 --- [SpringApplicationShutdownHook] c.a.c.n.registry.NacosServiceRegistry    : De-registering from Nacos Server now...
15:56:11:174  INFO 15312 --- [SpringApplicationShutdownHook] c.a.c.n.registry.NacosServiceRegistry    : De-registration finished.
15:56:11:510  INFO 15312 --- [SpringApplicationShutdownHook] com.alibaba.nacos.common.remote.client   : Shutdown rpc client, set status to shutdown
15:56:11:510  INFO 15312 --- [SpringApplicationShutdownHook] com.alibaba.nacos.common.remote.client   : Shutdown client event executor java.util.concurrent.ScheduledThreadPoolExecutor@67b4183e[Running, pool size = 2, active threads = 2, queued tasks = 0, completed tasks = 0]
15:56:11:510  INFO 15312 --- [SpringApplicationShutdownHook] com.alibaba.nacos.common.remote.client   : Close current connection 1777017293531_192.168.150.1_50622
15:56:11:512  INFO 15312 --- [nacos-grpc-client-executor-28] c.a.n.c.remote.client.grpc.GrpcClient    : [1777017293531_192.168.150.1_50622]Ignore complete event,isRunning:false,isAbandon=false
15:56:11:517  INFO 15312 --- [SpringApplicationShutdownHook] c.a.n.c.remote.client.grpc.GrpcClient    : Shutdown grpc executor java.util.concurrent.ThreadPoolExecutor@6dbfd7d1[Running, pool size = 5, active threads = 0, queued tasks = 0, completed tasks = 29]
15:57:28:508  INFO 27720 --- [main] com.hmall.item.itemApplication           : Starting itemApplication using Java 11.0.31 on LAPTOP-16OT1L5F with PID 27720 (G:\hmall\backend\item-service\target\classes started by 18071 in G:\hmall\backend)
15:57:28:511 DEBUG 27720 --- [main] com.hmall.item.itemApplication           : Running with Spring Boot v2.7.12, Spring v5.3.27
15:57:28:512  INFO 27720 --- [main] com.hmall.item.itemApplication           : The following 1 profile is active: "dev"
15:57:29:671  INFO 27720 --- [main] o.s.cloud.context.scope.GenericScope     : BeanFactory id=88f7f5ef-9ac6-3977-b100-968ca5e722e7
15:57:30:013  INFO 27720 --- [main] o.s.b.w.embedded.tomcat.TomcatWebServer  : Tomcat initialized with port(s): 8081 (http)
15:57:30:027  INFO 27720 --- [main] o.apache.catalina.core.StandardService   : Starting service [Tomcat]
15:57:30:027  INFO 27720 --- [main] org.apache.catalina.core.StandardEngine  : Starting Servlet engine: [Apache Tomcat/9.0.75]
15:57:30:183  INFO 27720 --- [main] o.a.c.c.C.[Tomcat].[localhost].[/]       : Initializing Spring embedded WebApplicationContext
15:57:30:183  INFO 27720 --- [main] w.s.c.ServletWebServerApplicationContext : Root WebApplicationContext: initialization completed in 1615 ms
15:57:33:868  INFO 27720 --- [main] pertySourcedRequestMappingHandlerMapping : Mapped URL path [/v2/api-docs] onto method [springfox.documentation.swagger2.web.Swagger2ControllerWebMvc#getDocumentation(String, HttpServletRequest)]
15:57:34:701  INFO 27720 --- [main] com.alibaba.nacos.common.remote.client   : [RpcClientFactory] create a new rpc client of 8553f000-7cf4-4360-b19d-c903d3f9eb99
15:57:34:739  INFO 27720 --- [main] org.reflections.Reflections              : Reflections took 20 ms to scan 1 urls, producing 3 keys and 6 values 
15:57:34:760  INFO 27720 --- [main] org.reflections.Reflections              : Reflections took 8 ms to scan 1 urls, producing 4 keys and 9 values 
15:57:34:769  INFO 27720 --- [main] org.reflections.Reflections              : Reflections took 6 ms to scan 1 urls, producing 3 keys and 10 values 
15:57:34:772  WARN 27720 --- [main] org.reflections.Reflections              : given scan urls are empty. set urls in the configuration
15:57:34:778  INFO 27720 --- [main] org.reflections.Reflections              : Reflections took 6 ms to scan 1 urls, producing 1 keys and 5 values 
15:57:34:787  INFO 27720 --- [main] org.reflections.Reflections              : Reflections took 7 ms to scan 1 urls, producing 1 keys and 7 values 
15:57:34:796  INFO 27720 --- [main] org.reflections.Reflections              : Reflections took 6 ms to scan 1 urls, producing 2 keys and 8 values 
15:57:34:798  WARN 27720 --- [main] org.reflections.Reflections              : given scan urls are empty. set urls in the configuration
15:57:34:799  INFO 27720 --- [main] com.alibaba.nacos.common.remote.client   : [8553f000-7cf4-4360-b19d-c903d3f9eb99] RpcClient init label, labels = {module=naming, source=sdk}
15:57:34:800  INFO 27720 --- [main] com.alibaba.nacos.common.remote.client   : [8553f000-7cf4-4360-b19d-c903d3f9eb99] RpcClient init, ServerListFactory = com.alibaba.nacos.client.naming.core.ServerListManager
15:57:34:801  INFO 27720 --- [main] com.alibaba.nacos.common.remote.client   : [8553f000-7cf4-4360-b19d-c903d3f9eb99] Registry connection listener to current client:com.alibaba.nacos.client.naming.remote.gprc.redo.NamingGrpcRedoService
15:57:34:801  INFO 27720 --- [main] com.alibaba.nacos.common.remote.client   : [8553f000-7cf4-4360-b19d-c903d3f9eb99] Register server push request handler:com.alibaba.nacos.client.naming.remote.gprc.NamingPushRequestHandler
15:57:34:802  INFO 27720 --- [main] com.alibaba.nacos.common.remote.client   : [8553f000-7cf4-4360-b19d-c903d3f9eb99] Try to connect to server on start up, server: {serverIp = '192.168.150.102', server main port = 8848}
15:57:36:917  INFO 27720 --- [main] com.alibaba.nacos.common.remote.client   : [8553f000-7cf4-4360-b19d-c903d3f9eb99] Success to connect to server [192.168.150.102:8848] on start up, connectionId = 1777017455845_192.168.150.1_51218
15:57:36:917  INFO 27720 --- [com.alibaba.nacos.client.remote.worker] com.alibaba.nacos.common.remote.client   : [8553f000-7cf4-4360-b19d-c903d3f9eb99] Notify connected event to listeners.
15:57:36:918  INFO 27720 --- [main] com.alibaba.nacos.common.remote.client   : [8553f000-7cf4-4360-b19d-c903d3f9eb99] Register server push request handler:com.alibaba.nacos.common.remote.client.RpcClient$ConnectResetRequestHandler
15:57:36:919  INFO 27720 --- [main] com.alibaba.nacos.common.remote.client   : [8553f000-7cf4-4360-b19d-c903d3f9eb99] Register server push request handler:com.alibaba.nacos.common.remote.client.RpcClient$$Lambda$901/0x0000000800679840
15:57:36:976  INFO 27720 --- [main] o.s.b.w.embedded.tomcat.TomcatWebServer  : Tomcat started on port(s): 8081 (http) with context path ''
15:57:36:987  INFO 27720 --- [main] c.a.c.n.registry.NacosServiceRegistry    : nacos registry, DEFAULT_GROUP item-service 192.168.220.1:8081 register finished
15:57:37:494  INFO 27720 --- [nacos-grpc-client-executor-9] com.alibaba.nacos.common.remote.client   : [8553f000-7cf4-4360-b19d-c903d3f9eb99] Receive server push request, request = NotifySubscriberRequest, requestId = 70
15:57:37:495  INFO 27720 --- [main] d.s.w.p.DocumentationPluginsBootstrapper : Documentation plugins bootstrapped
15:57:37:497  INFO 27720 --- [main] d.s.w.p.DocumentationPluginsBootstrapper : Found 1 custom documentation plugin(s)
15:57:37:504  INFO 27720 --- [nacos-grpc-client-executor-9] com.alibaba.nacos.common.remote.client   : [8553f000-7cf4-4360-b19d-c903d3f9eb99] Ack server push request, request = NotifySubscriberRequest, requestId = 70
15:57:37:519  INFO 27720 --- [main] s.d.s.w.s.ApiListingReferenceScanner     : Scanning for api listing references
15:57:37:608  INFO 27720 --- [main] com.hmall.item.itemApplication           : Started itemApplication in 11.503 seconds (JVM running for 14.289)
15:57:53:130  INFO 27720 --- [http-nio-8081-exec-1] o.a.c.c.C.[Tomcat].[localhost].[/]       : Initializing Spring DispatcherServlet 'dispatcherServlet'
15:57:53:130  INFO 27720 --- [http-nio-8081-exec-1] o.s.web.servlet.DispatcherServlet        : Initializing Servlet 'dispatcherServlet'
15:57:53:132  INFO 27720 --- [http-nio-8081-exec-1] o.s.web.servlet.DispatcherServlet        : Completed initialization in 2 ms
15:57:53:188  INFO 27720 --- [http-nio-8081-exec-1] com.zaxxer.hikari.HikariDataSource       : HikariPool-1 - Starting...
15:57:53:402  INFO 27720 --- [http-nio-8081-exec-1] com.zaxxer.hikari.HikariDataSource       : HikariPool-1 - Start completed.
15:57:53:408 DEBUG 27720 --- [http-nio-8081-exec-1] c.h.i.mapper.ItemMapper.selectBatchIds   : ==>  Preparing: SELECT id,name,price,stock,image,category,brand,spec,sold,comment_count,isAD,status,create_time,update_time,creater,updater FROM item WHERE id IN ( ? )
15:57:53:425 DEBUG 27720 --- [http-nio-8081-exec-1] c.h.i.mapper.ItemMapper.selectBatchIds   : ==> Parameters: 100000004580(Long)
15:57:53:448 DEBUG 27720 --- [http-nio-8081-exec-1] c.h.i.mapper.ItemMapper.selectBatchIds   : <==      Total: 1
15:57:53:625  WARN 27720 --- [http-nio-8081-exec-2] c.h.item.service.impl.ItemServiceImpl    : SqlSession [org.apache.ibatis.session.defaults.DefaultSqlSession@73da5477] Transaction not enabled
15:57:53:626 DEBUG 27720 --- [http-nio-8081-exec-2] c.h.item.mapper.ItemMapper.updateStock   : ==>  Preparing: UPDATE item SET stock = stock - ? WHERE id = ?
15:57:53:626 DEBUG 27720 --- [http-nio-8081-exec-2] c.h.item.mapper.ItemMapper.updateStock   : ==> Parameters: 1(Integer), 100000004580(Long)
15:58:37:525  WARN 27720 --- [Thread-7] c.a.n.common.http.HttpClientBeanHolder   : [HttpClientBeanHolder] Start destroying common HttpClient
15:58:37:527  WARN 27720 --- [Thread-4] c.a.nacos.common.notify.NotifyCenter     : [NotifyCenter] Start destroying Publisher
15:58:37:527  WARN 27720 --- [Thread-7] c.a.n.common.http.HttpClientBeanHolder   : [HttpClientBeanHolder] Destruction of the end
15:58:37:527  WARN 27720 --- [Thread-4] c.a.nacos.common.notify.NotifyCenter     : [NotifyCenter] Destruction of the end
15:58:38:488  INFO 27720 --- [SpringApplicationShutdownHook] c.a.c.n.registry.NacosServiceRegistry    : De-registering from Nacos Server now...
15:58:38:493  INFO 27720 --- [SpringApplicationShutdownHook] c.a.c.n.registry.NacosServiceRegistry    : De-registration finished.
15:58:38:823  INFO 27720 --- [SpringApplicationShutdownHook] com.alibaba.nacos.common.remote.client   : Shutdown rpc client, set status to shutdown
15:58:38:823  INFO 27720 --- [SpringApplicationShutdownHook] com.alibaba.nacos.common.remote.client   : Shutdown client event executor java.util.concurrent.ScheduledThreadPoolExecutor@79d408fe[Running, pool size = 2, active threads = 2, queued tasks = 0, completed tasks = 0]
15:58:38:823  INFO 27720 --- [SpringApplicationShutdownHook] com.alibaba.nacos.common.remote.client   : Close current connection 1777017455845_192.168.150.1_51218
15:58:38:825  INFO 27720 --- [nacos-grpc-client-executor-27] c.a.n.c.remote.client.grpc.GrpcClient    : [1777017455845_192.168.150.1_51218]Ignore complete event,isRunning:false,isAbandon=false
15:58:38:829  INFO 27720 --- [SpringApplicationShutdownHook] c.a.n.c.remote.client.grpc.GrpcClient    : Shutdown grpc executor java.util.concurrent.ThreadPoolExecutor@3dceecbc[Running, pool size = 7, active threads = 0, queued tasks = 0, completed tasks = 28]
15:58:38:835  INFO 27720 --- [SpringApplicationShutdownHook] com.zaxxer.hikari.HikariDataSource       : HikariPool-1 - Shutdown initiated...
15:58:38:846  INFO 27720 --- [SpringApplicationShutdownHook] com.zaxxer.hikari.HikariDataSource       : HikariPool-1 - Shutdown completed.
15:59:02:225  INFO 27312 --- [main] com.hmall.item.itemApplication           : Starting itemApplication using Java 11.0.31 on LAPTOP-16OT1L5F with PID 27312 (G:\hmall\backend\item-service\target\classes started by 18071 in G:\hmall\backend)
15:59:02:227 DEBUG 27312 --- [main] com.hmall.item.itemApplication           : Running with Spring Boot v2.7.12, Spring v5.3.27
15:59:02:227  INFO 27312 --- [main] com.hmall.item.itemApplication           : The following 1 profile is active: "dev"
15:59:03:624  INFO 27312 --- [main] o.s.cloud.context.scope.GenericScope     : BeanFactory id=88f7f5ef-9ac6-3977-b100-968ca5e722e7
15:59:04:399  INFO 27312 --- [main] o.s.b.w.embedded.tomcat.TomcatWebServer  : Tomcat initialized with port(s): 8081 (http)
15:59:04:431  INFO 27312 --- [main] o.apache.catalina.core.StandardService   : Starting service [Tomcat]
15:59:04:431  INFO 27312 --- [main] org.apache.catalina.core.StandardEngine  : Starting Servlet engine: [Apache Tomcat/9.0.75]
15:59:04:746  INFO 27312 --- [main] o.a.c.c.C.[Tomcat].[localhost].[/]       : Initializing Spring embedded WebApplicationContext
15:59:04:748  INFO 27312 --- [main] w.s.c.ServletWebServerApplicationContext : Root WebApplicationContext: initialization completed in 2477 ms
15:59:09:785  INFO 27312 --- [main] pertySourcedRequestMappingHandlerMapping : Mapped URL path [/v2/api-docs] onto method [springfox.documentation.swagger2.web.Swagger2ControllerWebMvc#getDocumentation(String, HttpServletRequest)]
15:59:10:787  INFO 27312 --- [main] com.alibaba.nacos.common.remote.client   : [RpcClientFactory] create a new rpc client of 766903d6-0252-4dea-8fd6-e90eda73937c
15:59:10:830  INFO 27312 --- [main] org.reflections.Reflections              : Reflections took 24 ms to scan 1 urls, producing 3 keys and 6 values 
15:59:10:859  INFO 27312 --- [main] org.reflections.Reflections              : Reflections took 9 ms to scan 1 urls, producing 4 keys and 9 values 
15:59:10:869  INFO 27312 --- [main] org.reflections.Reflections              : Reflections took 7 ms to scan 1 urls, producing 3 keys and 10 values 
15:59:10:873  WARN 27312 --- [main] org.reflections.Reflections              : given scan urls are empty. set urls in the configuration
15:59:10:879  INFO 27312 --- [main] org.reflections.Reflections              : Reflections took 6 ms to scan 1 urls, producing 1 keys and 5 values 
15:59:10:888  INFO 27312 --- [main] org.reflections.Reflections              : Reflections took 7 ms to scan 1 urls, producing 1 keys and 7 values 
15:59:10:911  INFO 27312 --- [main] org.reflections.Reflections              : Reflections took 20 ms to scan 1 urls, producing 2 keys and 8 values 
15:59:10:914  WARN 27312 --- [main] org.reflections.Reflections              : given scan urls are empty. set urls in the configuration
15:59:10:915  INFO 27312 --- [main] com.alibaba.nacos.common.remote.client   : [766903d6-0252-4dea-8fd6-e90eda73937c] RpcClient init label, labels = {module=naming, source=sdk}
15:59:10:917  INFO 27312 --- [main] com.alibaba.nacos.common.remote.client   : [766903d6-0252-4dea-8fd6-e90eda73937c] RpcClient init, ServerListFactory = com.alibaba.nacos.client.naming.core.ServerListManager
15:59:10:917  INFO 27312 --- [main] com.alibaba.nacos.common.remote.client   : [766903d6-0252-4dea-8fd6-e90eda73937c] Registry connection listener to current client:com.alibaba.nacos.client.naming.remote.gprc.redo.NamingGrpcRedoService
15:59:10:918  INFO 27312 --- [main] com.alibaba.nacos.common.remote.client   : [766903d6-0252-4dea-8fd6-e90eda73937c] Register server push request handler:com.alibaba.nacos.client.naming.remote.gprc.NamingPushRequestHandler
15:59:10:919  INFO 27312 --- [main] com.alibaba.nacos.common.remote.client   : [766903d6-0252-4dea-8fd6-e90eda73937c] Try to connect to server on start up, server: {serverIp = '192.168.150.102', server main port = 8848}
15:59:13:141  INFO 27312 --- [main] com.alibaba.nacos.common.remote.client   : [766903d6-0252-4dea-8fd6-e90eda73937c] Success to connect to server [192.168.150.102:8848] on start up, connectionId = 1777017552045_192.168.150.1_51778
15:59:13:142  INFO 27312 --- [com.alibaba.nacos.client.remote.worker] com.alibaba.nacos.common.remote.client   : [766903d6-0252-4dea-8fd6-e90eda73937c] Notify connected event to listeners.
15:59:13:144  INFO 27312 --- [main] com.alibaba.nacos.common.remote.client   : [766903d6-0252-4dea-8fd6-e90eda73937c] Register server push request handler:com.alibaba.nacos.common.remote.client.RpcClient$ConnectResetRequestHandler
15:59:13:144  INFO 27312 --- [main] com.alibaba.nacos.common.remote.client   : [766903d6-0252-4dea-8fd6-e90eda73937c] Register server push request handler:com.alibaba.nacos.common.remote.client.RpcClient$$Lambda$901/0x0000000800679840
15:59:13:228  INFO 27312 --- [main] o.s.b.w.embedded.tomcat.TomcatWebServer  : Tomcat started on port(s): 8081 (http) with context path ''
15:59:13:240  INFO 27312 --- [main] c.a.c.n.registry.NacosServiceRegistry    : nacos registry, DEFAULT_GROUP item-service 192.168.220.1:8081 register finished
15:59:13:738  INFO 27312 --- [nacos-grpc-client-executor-9] com.alibaba.nacos.common.remote.client   : [766903d6-0252-4dea-8fd6-e90eda73937c] Receive server push request, request = NotifySubscriberRequest, requestId = 84
15:59:13:751  INFO 27312 --- [nacos-grpc-client-executor-9] com.alibaba.nacos.common.remote.client   : [766903d6-0252-4dea-8fd6-e90eda73937c] Ack server push request, request = NotifySubscriberRequest, requestId = 84
15:59:14:055  INFO 27312 --- [main] d.s.w.p.DocumentationPluginsBootstrapper : Documentation plugins bootstrapped
15:59:14:059  INFO 27312 --- [main] d.s.w.p.DocumentationPluginsBootstrapper : Found 1 custom documentation plugin(s)
15:59:14:083  INFO 27312 --- [main] s.d.s.w.s.ApiListingReferenceScanner     : Scanning for api listing references
15:59:14:241  INFO 27312 --- [main] com.hmall.item.itemApplication           : Started itemApplication in 13.982 seconds (JVM running for 15.857)
16:03:36:313  INFO 27312 --- [http-nio-8081-exec-1] o.a.c.c.C.[Tomcat].[localhost].[/]       : Initializing Spring DispatcherServlet 'dispatcherServlet'
16:03:36:319  INFO 27312 --- [http-nio-8081-exec-1] o.s.web.servlet.DispatcherServlet        : Initializing Servlet 'dispatcherServlet'
16:03:36:362  INFO 27312 --- [http-nio-8081-exec-1] o.s.web.servlet.DispatcherServlet        : Completed initialization in 43 ms
16:10:29:589  WARN 27312 --- [Thread-7] c.a.n.common.http.HttpClientBeanHolder   : [HttpClientBeanHolder] Start destroying common HttpClient
16:10:29:590  WARN 27312 --- [Thread-4] c.a.nacos.common.notify.NotifyCenter     : [NotifyCenter] Start destroying Publisher
16:10:29:591  WARN 27312 --- [Thread-4] c.a.nacos.common.notify.NotifyCenter     : [NotifyCenter] Destruction of the end
16:10:29:591  WARN 27312 --- [Thread-7] c.a.n.common.http.HttpClientBeanHolder   : [HttpClientBeanHolder] Destruction of the end
16:10:30:001  INFO 27312 --- [SpringApplicationShutdownHook] c.a.c.n.registry.NacosServiceRegistry    : De-registering from Nacos Server now...
16:10:30:006  INFO 27312 --- [SpringApplicationShutdownHook] c.a.c.n.registry.NacosServiceRegistry    : De-registration finished.
16:10:30:338  INFO 27312 --- [SpringApplicationShutdownHook] com.alibaba.nacos.common.remote.client   : Shutdown rpc client, set status to shutdown
16:10:30:338  INFO 27312 --- [SpringApplicationShutdownHook] com.alibaba.nacos.common.remote.client   : Shutdown client event executor java.util.concurrent.ScheduledThreadPoolExecutor@58692a42[Running, pool size = 2, active threads = 2, queued tasks = 0, completed tasks = 0]
16:10:30:339  INFO 27312 --- [SpringApplicationShutdownHook] com.alibaba.nacos.common.remote.client   : Close current connection 1777017552045_192.168.150.1_51778
16:10:30:341  INFO 27312 --- [nacos-grpc-client-executor-149] c.a.n.c.remote.client.grpc.GrpcClient    : [1777017552045_192.168.150.1_51778]Ignore complete event,isRunning:false,isAbandon=false
16:10:30:350  INFO 27312 --- [SpringApplicationShutdownHook] c.a.n.c.remote.client.grpc.GrpcClient    : Shutdown grpc executor java.util.concurrent.ThreadPoolExecutor@68b21229[Running, pool size = 5, active threads = 0, queued tasks = 0, completed tasks = 150]
16:10:38:892  INFO 14940 --- [main] com.hmall.item.itemApplication           : Starting itemApplication using Java 11.0.31 on LAPTOP-16OT1L5F with PID 14940 (G:\hmall\backend\item-service\target\classes started by 18071 in G:\hmall\backend)
16:10:38:894 DEBUG 14940 --- [main] com.hmall.item.itemApplication           : Running with Spring Boot v2.7.12, Spring v5.3.27
16:10:38:895  INFO 14940 --- [main] com.hmall.item.itemApplication           : The following 1 profile is active: "dev"
16:10:39:710  INFO 14940 --- [main] o.s.cloud.context.scope.GenericScope     : BeanFactory id=bf25bcc3-a239-3758-b712-9a6061f3f4ed
16:10:39:998  INFO 14940 --- [main] o.s.b.w.embedded.tomcat.TomcatWebServer  : Tomcat initialized with port(s): 8081 (http)
16:10:40:007  INFO 14940 --- [main] o.apache.catalina.core.StandardService   : Starting service [Tomcat]
16:10:40:007  INFO 14940 --- [main] org.apache.catalina.core.StandardEngine  : Starting Servlet engine: [Apache Tomcat/9.0.75]
16:10:40:130  INFO 14940 --- [main] o.a.c.c.C.[Tomcat].[localhost].[/]       : Initializing Spring embedded WebApplicationContext
16:10:40:131  INFO 14940 --- [main] w.s.c.ServletWebServerApplicationContext : Root WebApplicationContext: initialization completed in 1200 ms
16:10:42:516  INFO 14940 --- [main] pertySourcedRequestMappingHandlerMapping : Mapped URL path [/v2/api-docs] onto method [springfox.documentation.swagger2.web.Swagger2ControllerWebMvc#getDocumentation(String, HttpServletRequest)]
16:10:43:177  INFO 14940 --- [main] com.alibaba.nacos.common.remote.client   : [RpcClientFactory] create a new rpc client of 68ff535e-036e-4ec8-bf7b-309e3539f844
16:10:43:214  INFO 14940 --- [main] org.reflections.Reflections              : Reflections took 20 ms to scan 1 urls, producing 3 keys and 6 values 
16:10:43:236  INFO 14940 --- [main] org.reflections.Reflections              : Reflections took 8 ms to scan 1 urls, producing 4 keys and 9 values 
16:10:43:245  INFO 14940 --- [main] org.reflections.Reflections              : Reflections took 6 ms to scan 1 urls, producing 3 keys and 10 values 
16:10:43:247  WARN 14940 --- [main] org.reflections.Reflections              : given scan urls are empty. set urls in the configuration
16:10:43:254  INFO 14940 --- [main] org.reflections.Reflections              : Reflections took 6 ms to scan 1 urls, producing 1 keys and 5 values 
16:10:43:262  INFO 14940 --- [main] org.reflections.Reflections              : Reflections took 6 ms to scan 1 urls, producing 1 keys and 7 values 
16:10:43:270  INFO 14940 --- [main] org.reflections.Reflections              : Reflections took 5 ms to scan 1 urls, producing 2 keys and 8 values 
16:10:43:272  WARN 14940 --- [main] org.reflections.Reflections              : given scan urls are empty. set urls in the configuration
16:10:43:273  INFO 14940 --- [main] com.alibaba.nacos.common.remote.client   : [68ff535e-036e-4ec8-bf7b-309e3539f844] RpcClient init label, labels = {module=naming, source=sdk}
16:10:43:275  INFO 14940 --- [main] com.alibaba.nacos.common.remote.client   : [68ff535e-036e-4ec8-bf7b-309e3539f844] RpcClient init, ServerListFactory = com.alibaba.nacos.client.naming.core.ServerListManager
16:10:43:275  INFO 14940 --- [main] com.alibaba.nacos.common.remote.client   : [68ff535e-036e-4ec8-bf7b-309e3539f844] Registry connection listener to current client:com.alibaba.nacos.client.naming.remote.gprc.redo.NamingGrpcRedoService
16:10:43:276  INFO 14940 --- [main] com.alibaba.nacos.common.remote.client   : [68ff535e-036e-4ec8-bf7b-309e3539f844] Register server push request handler:com.alibaba.nacos.client.naming.remote.gprc.NamingPushRequestHandler
16:10:43:277  INFO 14940 --- [main] com.alibaba.nacos.common.remote.client   : [68ff535e-036e-4ec8-bf7b-309e3539f844] Try to connect to server on start up, server: {serverIp = '192.168.150.102', server main port = 8848}
16:10:45:200  INFO 14940 --- [main] com.alibaba.nacos.common.remote.client   : [68ff535e-036e-4ec8-bf7b-309e3539f844] Success to connect to server [192.168.150.102:8848] on start up, connectionId = 1777018244102_192.168.150.1_52698
16:10:45:201  INFO 14940 --- [com.alibaba.nacos.client.remote.worker] com.alibaba.nacos.common.remote.client   : [68ff535e-036e-4ec8-bf7b-309e3539f844] Notify connected event to listeners.
16:10:45:202  INFO 14940 --- [main] com.alibaba.nacos.common.remote.client   : [68ff535e-036e-4ec8-bf7b-309e3539f844] Register server push request handler:com.alibaba.nacos.common.remote.client.RpcClient$ConnectResetRequestHandler
16:10:45:203  INFO 14940 --- [main] com.alibaba.nacos.common.remote.client   : [68ff535e-036e-4ec8-bf7b-309e3539f844] Register server push request handler:com.alibaba.nacos.common.remote.client.RpcClient$$Lambda$901/0x000000080067bc40
16:10:45:255  INFO 14940 --- [main] o.s.b.w.embedded.tomcat.TomcatWebServer  : Tomcat started on port(s): 8081 (http) with context path ''
16:10:45:263  INFO 14940 --- [main] c.a.c.n.registry.NacosServiceRegistry    : nacos registry, DEFAULT_GROUP item-service 192.168.220.1:8081 register finished
16:10:45:731  INFO 14940 --- [nacos-grpc-client-executor-9] com.alibaba.nacos.common.remote.client   : [68ff535e-036e-4ec8-bf7b-309e3539f844] Receive server push request, request = NotifySubscriberRequest, requestId = 94
16:10:45:741  INFO 14940 --- [nacos-grpc-client-executor-9] com.alibaba.nacos.common.remote.client   : [68ff535e-036e-4ec8-bf7b-309e3539f844] Ack server push request, request = NotifySubscriberRequest, requestId = 94
16:10:45:877  INFO 14940 --- [main] d.s.w.p.DocumentationPluginsBootstrapper : Documentation plugins bootstrapped
16:10:45:879  INFO 14940 --- [main] d.s.w.p.DocumentationPluginsBootstrapper : Found 1 custom documentation plugin(s)
16:10:45:903  INFO 14940 --- [main] s.d.s.w.s.ApiListingReferenceScanner     : Scanning for api listing references
16:10:46:019  INFO 14940 --- [main] com.hmall.item.itemApplication           : Started itemApplication in 8.188 seconds (JVM running for 9.329)
16:12:53:592  INFO 14940 --- [http-nio-8081-exec-1] o.a.c.c.C.[Tomcat].[localhost].[/]       : Initializing Spring DispatcherServlet 'dispatcherServlet'
16:12:53:593  INFO 14940 --- [http-nio-8081-exec-1] o.s.web.servlet.DispatcherServlet        : Initializing Servlet 'dispatcherServlet'
16:12:53:606  INFO 14940 --- [http-nio-8081-exec-1] o.s.web.servlet.DispatcherServlet        : Completed initialization in 13 ms
16:16:00:436  WARN 14940 --- [Thread-4] c.a.nacos.common.notify.NotifyCenter     : [NotifyCenter] Start destroying Publisher
16:16:00:437  WARN 14940 --- [Thread-4] c.a.nacos.common.notify.NotifyCenter     : [NotifyCenter] Destruction of the end
16:16:00:438  WARN 14940 --- [Thread-7] c.a.n.common.http.HttpClientBeanHolder   : [HttpClientBeanHolder] Start destroying common HttpClient
16:16:00:440  WARN 14940 --- [Thread-7] c.a.n.common.http.HttpClientBeanHolder   : [HttpClientBeanHolder] Destruction of the end
16:16:01:225  INFO 14940 --- [SpringApplicationShutdownHook] c.a.c.n.registry.NacosServiceRegistry    : De-registering from Nacos Server now...
16:16:01:230  INFO 14940 --- [SpringApplicationShutdownHook] c.a.c.n.registry.NacosServiceRegistry    : De-registration finished.
16:16:01:555  INFO 14940 --- [SpringApplicationShutdownHook] com.alibaba.nacos.common.remote.client   : Shutdown rpc client, set status to shutdown
16:16:01:555  INFO 14940 --- [SpringApplicationShutdownHook] com.alibaba.nacos.common.remote.client   : Shutdown client event executor java.util.concurrent.ScheduledThreadPoolExecutor@c994d37[Running, pool size = 2, active threads = 2, queued tasks = 0, completed tasks = 0]
16:16:01:556  INFO 14940 --- [SpringApplicationShutdownHook] com.alibaba.nacos.common.remote.client   : Close current connection 1777018244102_192.168.150.1_52698
16:16:01:559  INFO 14940 --- [nacos-grpc-client-executor-78] c.a.n.c.remote.client.grpc.GrpcClient    : [1777018244102_192.168.150.1_52698]Ignore complete event,isRunning:false,isAbandon=false
16:16:01:571  INFO 14940 --- [SpringApplicationShutdownHook] c.a.n.c.remote.client.grpc.GrpcClient    : Shutdown grpc executor java.util.concurrent.ThreadPoolExecutor@30b55f6e[Running, pool size = 5, active threads = 0, queued tasks = 0, completed tasks = 79]
16:16:06:889  INFO 7552 --- [main] com.hmall.item.itemApplication           : Starting itemApplication using Java 11.0.31 on LAPTOP-16OT1L5F with PID 7552 (G:\hmall\backend\item-service\target\classes started by 18071 in G:\hmall\backend)
16:16:06:892 DEBUG 7552 --- [main] com.hmall.item.itemApplication           : Running with Spring Boot v2.7.12, Spring v5.3.27
16:16:06:893  INFO 7552 --- [main] com.hmall.item.itemApplication           : The following 1 profile is active: "dev"
16:16:08:146  INFO 7552 --- [main] o.s.cloud.context.scope.GenericScope     : BeanFactory id=bf25bcc3-a239-3758-b712-9a6061f3f4ed
16:16:08:574  INFO 7552 --- [main] o.s.b.w.embedded.tomcat.TomcatWebServer  : Tomcat initialized with port(s): 8081 (http)
16:16:08:589  INFO 7552 --- [main] o.apache.catalina.core.StandardService   : Starting service [Tomcat]
16:16:08:590  INFO 7552 --- [main] org.apache.catalina.core.StandardEngine  : Starting Servlet engine: [Apache Tomcat/9.0.75]
16:16:08:776  INFO 7552 --- [main] o.a.c.c.C.[Tomcat].[localhost].[/]       : Initializing Spring embedded WebApplicationContext
16:16:08:776  INFO 7552 --- [main] w.s.c.ServletWebServerApplicationContext : Root WebApplicationContext: initialization completed in 1802 ms
16:16:12:679  INFO 7552 --- [main] pertySourcedRequestMappingHandlerMapping : Mapped URL path [/v2/api-docs] onto method [springfox.documentation.swagger2.web.Swagger2ControllerWebMvc#getDocumentation(String, HttpServletRequest)]
16:16:13:888  INFO 7552 --- [main] com.alibaba.nacos.common.remote.client   : [RpcClientFactory] create a new rpc client of 0ef78ca7-b44f-4683-81af-2828432ff9b2
16:16:13:963  INFO 7552 --- [main] org.reflections.Reflections              : Reflections took 40 ms to scan 1 urls, producing 3 keys and 6 values 
16:16:14:004  INFO 7552 --- [main] org.reflections.Reflections              : Reflections took 12 ms to scan 1 urls, producing 4 keys and 9 values 
16:16:14:021  INFO 7552 --- [main] org.reflections.Reflections              : Reflections took 12 ms to scan 1 urls, producing 3 keys and 10 values 
16:16:14:025  WARN 7552 --- [main] org.reflections.Reflections              : given scan urls are empty. set urls in the configuration
16:16:14:036  INFO 7552 --- [main] org.reflections.Reflections              : Reflections took 10 ms to scan 1 urls, producing 1 keys and 5 values 
16:16:14:052  INFO 7552 --- [main] org.reflections.Reflections              : Reflections took 12 ms to scan 1 urls, producing 1 keys and 7 values 
16:16:14:070  INFO 7552 --- [main] org.reflections.Reflections              : Reflections took 14 ms to scan 1 urls, producing 2 keys and 8 values 
16:16:14:074  WARN 7552 --- [main] org.reflections.Reflections              : given scan urls are empty. set urls in the configuration
16:16:14:076  INFO 7552 --- [main] com.alibaba.nacos.common.remote.client   : [0ef78ca7-b44f-4683-81af-2828432ff9b2] RpcClient init label, labels = {module=naming, source=sdk}
16:16:14:079  INFO 7552 --- [main] com.alibaba.nacos.common.remote.client   : [0ef78ca7-b44f-4683-81af-2828432ff9b2] RpcClient init, ServerListFactory = com.alibaba.nacos.client.naming.core.ServerListManager
16:16:14:079  INFO 7552 --- [main] com.alibaba.nacos.common.remote.client   : [0ef78ca7-b44f-4683-81af-2828432ff9b2] Registry connection listener to current client:com.alibaba.nacos.client.naming.remote.gprc.redo.NamingGrpcRedoService
16:16:14:080  INFO 7552 --- [main] com.alibaba.nacos.common.remote.client   : [0ef78ca7-b44f-4683-81af-2828432ff9b2] Register server push request handler:com.alibaba.nacos.client.naming.remote.gprc.NamingPushRequestHandler
16:16:14:083  INFO 7552 --- [main] com.alibaba.nacos.common.remote.client   : [0ef78ca7-b44f-4683-81af-2828432ff9b2] Try to connect to server on start up, server: {serverIp = '192.168.150.102', server main port = 8848}
16:16:17:968  INFO 7552 --- [main] com.alibaba.nacos.common.remote.client   : [0ef78ca7-b44f-4683-81af-2828432ff9b2] Success to connect to server [192.168.150.102:8848] on start up, connectionId = 1777018576793_192.168.150.1_53289
16:16:17:969  INFO 7552 --- [com.alibaba.nacos.client.remote.worker] com.alibaba.nacos.common.remote.client   : [0ef78ca7-b44f-4683-81af-2828432ff9b2] Notify connected event to listeners.
16:16:17:970  INFO 7552 --- [main] com.alibaba.nacos.common.remote.client   : [0ef78ca7-b44f-4683-81af-2828432ff9b2] Register server push request handler:com.alibaba.nacos.common.remote.client.RpcClient$ConnectResetRequestHandler
16:16:17:971  INFO 7552 --- [main] com.alibaba.nacos.common.remote.client   : [0ef78ca7-b44f-4683-81af-2828432ff9b2] Register server push request handler:com.alibaba.nacos.common.remote.client.RpcClient$$Lambda$901/0x000000080067b040
16:16:18:049  INFO 7552 --- [main] o.s.b.w.embedded.tomcat.TomcatWebServer  : Tomcat started on port(s): 8081 (http) with context path ''
16:16:18:062  INFO 7552 --- [main] c.a.c.n.registry.NacosServiceRegistry    : nacos registry, DEFAULT_GROUP item-service 192.168.220.1:8081 register finished
16:16:18:544  INFO 7552 --- [nacos-grpc-client-executor-9] com.alibaba.nacos.common.remote.client   : [0ef78ca7-b44f-4683-81af-2828432ff9b2] Receive server push request, request = NotifySubscriberRequest, requestId = 97
16:16:18:567  INFO 7552 --- [nacos-grpc-client-executor-9] com.alibaba.nacos.common.remote.client   : [0ef78ca7-b44f-4683-81af-2828432ff9b2] Ack server push request, request = NotifySubscriberRequest, requestId = 97
16:16:19:224  INFO 7552 --- [main] d.s.w.p.DocumentationPluginsBootstrapper : Documentation plugins bootstrapped
16:16:19:229  INFO 7552 --- [main] d.s.w.p.DocumentationPluginsBootstrapper : Found 1 custom documentation plugin(s)
16:16:19:324  INFO 7552 --- [main] s.d.s.w.s.ApiListingReferenceScanner     : Scanning for api listing references
16:16:19:540  INFO 7552 --- [main] com.hmall.item.itemApplication           : Started itemApplication in 13.924 seconds (JVM running for 15.424)
16:17:24:727  INFO 7552 --- [http-nio-8081-exec-1] o.a.c.c.C.[Tomcat].[localhost].[/]       : Initializing Spring DispatcherServlet 'dispatcherServlet'
16:17:24:732  INFO 7552 --- [http-nio-8081-exec-1] o.s.web.servlet.DispatcherServlet        : Initializing Servlet 'dispatcherServlet'
16:17:24:758  INFO 7552 --- [http-nio-8081-exec-1] o.s.web.servlet.DispatcherServlet        : Completed initialization in 25 ms
16:17:30:777  INFO 7552 --- [http-nio-8081-exec-1] com.zaxxer.hikari.HikariDataSource       : HikariPool-1 - Starting...
16:17:31:064  INFO 7552 --- [http-nio-8081-exec-1] com.zaxxer.hikari.HikariDataSource       : HikariPool-1 - Start completed.
16:17:31:072 DEBUG 7552 --- [http-nio-8081-exec-1] c.h.i.m.ItemMapper.selectPage_mpCount    : ==>  Preparing: SELECT COUNT(*) FROM item WHERE (status = ?)
16:17:31:097 DEBUG 7552 --- [http-nio-8081-exec-1] c.h.i.m.ItemMapper.selectPage_mpCount    : ==> Parameters: 1(Integer)
16:17:31:151 DEBUG 7552 --- [http-nio-8081-exec-1] c.h.i.m.ItemMapper.selectPage_mpCount    : <==      Total: 1
16:17:31:166 DEBUG 7552 --- [http-nio-8081-exec-1] c.h.item.mapper.ItemMapper.selectPage    : ==>  Preparing: SELECT id, name, price, stock, image, category, brand, spec, sold, comment_count, isAD, status, create_time, update_time, creater, updater FROM item WHERE (status = ?) ORDER BY update_time DESC LIMIT ?
16:17:31:167 DEBUG 7552 --- [http-nio-8081-exec-1] c.h.item.mapper.ItemMapper.selectPage    : ==> Parameters: 1(Integer), 20(Long)
16:17:31:189 DEBUG 7552 --- [http-nio-8081-exec-1] c.h.item.mapper.ItemMapper.selectPage    : <==      Total: 20
16:17:47:372 DEBUG 7552 --- [http-nio-8081-exec-2] c.h.i.m.ItemMapper.selectPage_mpCount    : ==>  Preparing: SELECT COUNT(*) FROM item WHERE (category = ? AND status = ?)
16:17:47:374 DEBUG 7552 --- [http-nio-8081-exec-2] c.h.i.m.ItemMapper.selectPage_mpCount    : ==> Parameters: 手机(String), 1(Integer)
16:17:47:409 DEBUG 7552 --- [http-nio-8081-exec-2] c.h.i.m.ItemMapper.selectPage_mpCount    : <==      Total: 1
16:17:47:419 DEBUG 7552 --- [http-nio-8081-exec-2] c.h.item.mapper.ItemMapper.selectPage    : ==>  Preparing: SELECT id, name, price, stock, image, category, brand, spec, sold, comment_count, isAD, status, create_time, update_time, creater, updater FROM item WHERE (category = ? AND status = ?) ORDER BY update_time DESC LIMIT ?
16:17:47:420 DEBUG 7552 --- [http-nio-8081-exec-2] c.h.item.mapper.ItemMapper.selectPage    : ==> Parameters: 手机(String), 1(Integer), 20(Long)
16:17:47:568 DEBUG 7552 --- [http-nio-8081-exec-2] c.h.item.mapper.ItemMapper.selectPage    : <==      Total: 20
16:18:09:523 DEBUG 7552 --- [http-nio-8081-exec-3] c.h.i.m.ItemMapper.selectPage_mpCount    : ==>  Preparing: SELECT COUNT(*) FROM item WHERE (category = ? AND status = ?)
16:18:09:524 DEBUG 7552 --- [http-nio-8081-exec-3] c.h.i.m.ItemMapper.selectPage_mpCount    : ==> Parameters: 手机(String), 1(Integer)
16:18:09:553 DEBUG 7552 --- [http-nio-8081-exec-3] c.h.i.m.ItemMapper.selectPage_mpCount    : <==      Total: 1
16:18:09:555 DEBUG 7552 --- [http-nio-8081-exec-3] c.h.item.mapper.ItemMapper.selectPage    : ==>  Preparing: SELECT id, name, price, stock, image, category, brand, spec, sold, comment_count, isAD, status, create_time, update_time, creater, updater FROM item WHERE (category = ? AND status = ?) ORDER BY update_time DESC LIMIT ?
16:18:09:555 DEBUG 7552 --- [http-nio-8081-exec-3] c.h.item.mapper.ItemMapper.selectPage    : ==> Parameters: 手机(String), 1(Integer), 20(Long)
16:18:09:611 DEBUG 7552 --- [http-nio-8081-exec-3] c.h.item.mapper.ItemMapper.selectPage    : <==      Total: 20
16:18:26:497 DEBUG 7552 --- [http-nio-8081-exec-4] c.h.i.m.ItemMapper.selectPage_mpCount    : ==>  Preparing: SELECT COUNT(*) FROM item WHERE (category = ? AND status = ?)
16:18:26:498 DEBUG 7552 --- [http-nio-8081-exec-4] c.h.i.m.ItemMapper.selectPage_mpCount    : ==> Parameters: 手机(String), 1(Integer)
16:18:26:531 DEBUG 7552 --- [http-nio-8081-exec-4] c.h.i.m.ItemMapper.selectPage_mpCount    : <==      Total: 1
16:18:26:534 DEBUG 7552 --- [http-nio-8081-exec-4] c.h.item.mapper.ItemMapper.selectPage    : ==>  Preparing: SELECT id, name, price, stock, image, category, brand, spec, sold, comment_count, isAD, status, create_time, update_time, creater, updater FROM item WHERE (category = ? AND status = ?) ORDER BY update_time DESC LIMIT ?
16:18:26:534 DEBUG 7552 --- [http-nio-8081-exec-4] c.h.item.mapper.ItemMapper.selectPage    : ==> Parameters: 手机(String), 1(Integer), 20(Long)
16:18:26:592 DEBUG 7552 --- [http-nio-8081-exec-4] c.h.item.mapper.ItemMapper.selectPage    : <==      Total: 20
16:19:01:487  WARN 7552 --- [Thread-7] c.a.n.common.http.HttpClientBeanHolder   : [HttpClientBeanHolder] Start destroying common HttpClient
16:19:01:488  WARN 7552 --- [Thread-7] c.a.n.common.http.HttpClientBeanHolder   : [HttpClientBeanHolder] Destruction of the end
16:19:01:489  WARN 7552 --- [Thread-4] c.a.nacos.common.notify.NotifyCenter     : [NotifyCenter] Start destroying Publisher
16:19:01:490  WARN 7552 --- [Thread-4] c.a.nacos.common.notify.NotifyCenter     : [NotifyCenter] Destruction of the end
16:19:02:235  INFO 7552 --- [SpringApplicationShutdownHook] c.a.c.n.registry.NacosServiceRegistry    : De-registering from Nacos Server now...
16:19:02:242  INFO 7552 --- [SpringApplicationShutdownHook] c.a.c.n.registry.NacosServiceRegistry    : De-registration finished.
16:19:02:576  INFO 7552 --- [SpringApplicationShutdownHook] com.alibaba.nacos.common.remote.client   : Shutdown rpc client, set status to shutdown
16:19:02:576  INFO 7552 --- [SpringApplicationShutdownHook] com.alibaba.nacos.common.remote.client   : Shutdown client event executor java.util.concurrent.ScheduledThreadPoolExecutor@ccfbd58[Running, pool size = 2, active threads = 2, queued tasks = 0, completed tasks = 0]
16:19:02:576  INFO 7552 --- [SpringApplicationShutdownHook] com.alibaba.nacos.common.remote.client   : Close current connection 1777018576793_192.168.150.1_53289
16:19:02:579  INFO 7552 --- [nacos-grpc-client-executor-46] c.a.n.c.remote.client.grpc.GrpcClient    : [1777018576793_192.168.150.1_53289]Ignore complete event,isRunning:false,isAbandon=false
16:19:02:591  INFO 7552 --- [SpringApplicationShutdownHook] c.a.n.c.remote.client.grpc.GrpcClient    : Shutdown grpc executor java.util.concurrent.ThreadPoolExecutor@95ffa94[Running, pool size = 5, active threads = 0, queued tasks = 0, completed tasks = 47]
16:19:02:603  INFO 7552 --- [SpringApplicationShutdownHook] com.zaxxer.hikari.HikariDataSource       : HikariPool-1 - Shutdown initiated...
16:19:02:614  INFO 7552 --- [SpringApplicationShutdownHook] com.zaxxer.hikari.HikariDataSource       : HikariPool-1 - Shutdown completed.
19:22:28:501  INFO 19200 --- [main] com.hmall.item.itemApplication           : Starting itemApplication using Java 11.0.31 on LAPTOP-16OT1L5F with PID 19200 (G:\hmall\backend\item-service\target\classes started by 18071 in G:\hmall\backend)
19:22:28:502 DEBUG 19200 --- [main] com.hmall.item.itemApplication           : Running with Spring Boot v2.7.12, Spring v5.3.27
19:22:28:503  INFO 19200 --- [main] com.hmall.item.itemApplication           : The following 1 profile is active: "dev"
19:22:29:322  INFO 19200 --- [main] o.s.cloud.context.scope.GenericScope     : BeanFactory id=bf25bcc3-a239-3758-b712-9a6061f3f4ed
19:22:29:601  INFO 19200 --- [main] o.s.b.w.embedded.tomcat.TomcatWebServer  : Tomcat initialized with port(s): 8081 (http)
19:22:29:609  INFO 19200 --- [main] o.apache.catalina.core.StandardService   : Starting service [Tomcat]
19:22:29:609  INFO 19200 --- [main] org.apache.catalina.core.StandardEngine  : Starting Servlet engine: [Apache Tomcat/9.0.75]
19:22:29:724  INFO 19200 --- [main] o.a.c.c.C.[Tomcat].[localhost].[/]       : Initializing Spring embedded WebApplicationContext
19:22:29:725  INFO 19200 --- [main] w.s.c.ServletWebServerApplicationContext : Root WebApplicationContext: initialization completed in 1187 ms
19:22:32:461  INFO 19200 --- [main] pertySourcedRequestMappingHandlerMapping : Mapped URL path [/v2/api-docs] onto method [springfox.documentation.swagger2.web.Swagger2ControllerWebMvc#getDocumentation(String, HttpServletRequest)]
19:22:33:181  INFO 19200 --- [main] com.alibaba.nacos.common.remote.client   : [RpcClientFactory] create a new rpc client of 303a1c22-05a6-4ce4-9f57-bebdda57dedf
19:22:33:214  INFO 19200 --- [main] org.reflections.Reflections              : Reflections took 18 ms to scan 1 urls, producing 3 keys and 6 values 
19:22:33:235  INFO 19200 --- [main] org.reflections.Reflections              : Reflections took 8 ms to scan 1 urls, producing 4 keys and 9 values 
19:22:33:243  INFO 19200 --- [main] org.reflections.Reflections              : Reflections took 6 ms to scan 1 urls, producing 3 keys and 10 values 
19:22:33:246  WARN 19200 --- [main] org.reflections.Reflections              : given scan urls are empty. set urls in the configuration
19:22:33:253  INFO 19200 --- [main] org.reflections.Reflections              : Reflections took 6 ms to scan 1 urls, producing 1 keys and 5 values 
19:22:33:260  INFO 19200 --- [main] org.reflections.Reflections              : Reflections took 6 ms to scan 1 urls, producing 1 keys and 7 values 
19:22:33:268  INFO 19200 --- [main] org.reflections.Reflections              : Reflections took 5 ms to scan 1 urls, producing 2 keys and 8 values 
19:22:33:270  WARN 19200 --- [main] org.reflections.Reflections              : given scan urls are empty. set urls in the configuration
19:22:33:271  INFO 19200 --- [main] com.alibaba.nacos.common.remote.client   : [303a1c22-05a6-4ce4-9f57-bebdda57dedf] RpcClient init label, labels = {module=naming, source=sdk}
19:22:33:273  INFO 19200 --- [main] com.alibaba.nacos.common.remote.client   : [303a1c22-05a6-4ce4-9f57-bebdda57dedf] RpcClient init, ServerListFactory = com.alibaba.nacos.client.naming.core.ServerListManager
19:22:33:273  INFO 19200 --- [main] com.alibaba.nacos.common.remote.client   : [303a1c22-05a6-4ce4-9f57-bebdda57dedf] Registry connection listener to current client:com.alibaba.nacos.client.naming.remote.gprc.redo.NamingGrpcRedoService
19:22:33:273  INFO 19200 --- [main] com.alibaba.nacos.common.remote.client   : [303a1c22-05a6-4ce4-9f57-bebdda57dedf] Register server push request handler:com.alibaba.nacos.client.naming.remote.gprc.NamingPushRequestHandler
19:22:33:275  INFO 19200 --- [main] com.alibaba.nacos.common.remote.client   : [303a1c22-05a6-4ce4-9f57-bebdda57dedf] Try to connect to server on start up, server: {serverIp = '192.168.150.102', server main port = 8848}
19:22:37:041 ERROR 19200 --- [main] c.a.n.c.remote.client.grpc.GrpcClient    : Server check fail, please check server 192.168.150.102 ,port 9848 is available , error ={}

java.util.concurrent.TimeoutException: Waited 3000 milliseconds (plus 5 milliseconds, 548700 nanoseconds delay) for com.alibaba.nacos.shaded.io.grpc.stub.ClientCalls$GrpcFuture@12d35bc9[status=PENDING, info=[GrpcFuture{clientCall={delegate={delegate=ClientCallImpl{method=MethodDescriptor{fullMethodName=Request/request, type=UNARY, idempotent=false, safe=false, sampledToLocalTracing=true, requestMarshaller=com.alibaba.nacos.shaded.io.grpc.protobuf.lite.ProtoLiteUtils$MessageMarshaller@54970127, responseMarshaller=com.alibaba.nacos.shaded.io.grpc.protobuf.lite.ProtoLiteUtils$MessageMarshaller@3c4c7e51, schemaDescriptor=com.alibaba.nacos.api.grpc.auto.RequestGrpc$RequestMethodDescriptorSupplier@749ee0e3}}}}}]]
	at com.alibaba.nacos.shaded.com.google.common.util.concurrent.AbstractFuture.get(AbstractFuture.java:508) ~[nacos-client-2.0.4.jar:na]
	at com.alibaba.nacos.common.remote.client.grpc.GrpcClient.serverCheck(GrpcClient.java:148) ~[nacos-client-2.0.4.jar:na]
	at com.alibaba.nacos.common.remote.client.grpc.GrpcClient.connectToServer(GrpcClient.java:264) ~[nacos-client-2.0.4.jar:na]
	at com.alibaba.nacos.common.remote.client.RpcClient.start(RpcClient.java:390) ~[nacos-client-2.0.4.jar:na]
	at com.alibaba.nacos.client.naming.remote.gprc.NamingGrpcClientProxy.start(NamingGrpcClientProxy.java:96) ~[nacos-client-2.0.4.jar:na]
	at com.alibaba.nacos.client.naming.remote.gprc.NamingGrpcClientProxy.<init>(NamingGrpcClientProxy.java:89) ~[nacos-client-2.0.4.jar:na]
	at com.alibaba.nacos.client.naming.remote.NamingClientProxyDelegate.<init>(NamingClientProxyDelegate.java:76) ~[nacos-client-2.0.4.jar:na]
	at com.alibaba.nacos.client.naming.NacosNamingService.init(NacosNamingService.java:95) ~[nacos-client-2.0.4.jar:na]
	at com.alibaba.nacos.client.naming.NacosNamingService.<init>(NacosNamingService.java:81) ~[nacos-client-2.0.4.jar:na]
	at java.base/jdk.internal.reflect.NativeConstructorAccessorImpl.newInstance0(Native Method) ~[na:na]
	at java.base/jdk.internal.reflect.NativeConstructorAccessorImpl.newInstance(NativeConstructorAccessorImpl.java:62) ~[na:na]
	at java.base/jdk.internal.reflect.DelegatingConstructorAccessorImpl.newInstance(DelegatingConstructorAccessorImpl.java:45) ~[na:na]
	at java.base/java.lang.reflect.Constructor.newInstance(Constructor.java:490) ~[na:na]
	at com.alibaba.nacos.api.naming.NamingFactory.createNamingService(NamingFactory.java:59) ~[nacos-client-2.0.4.jar:na]
	at com.alibaba.nacos.api.NacosFactory.createNamingService(NacosFactory.java:77) ~[nacos-client-2.0.4.jar:na]
	at com.alibaba.cloud.nacos.NacosServiceManager.createNewNamingService(NacosServiceManager.java:99) ~[spring-cloud-starter-alibaba-nacos-discovery-2021.0.4.0.jar:2021.0.4.0]
	at com.alibaba.cloud.nacos.NacosServiceManager.buildNamingService(NacosServiceManager.java:90) ~[spring-cloud-starter-alibaba-nacos-discovery-2021.0.4.0.jar:2021.0.4.0]
	at com.alibaba.cloud.nacos.NacosServiceManager.getNamingService(NacosServiceManager.java:46) ~[spring-cloud-starter-alibaba-nacos-discovery-2021.0.4.0.jar:2021.0.4.0]
	at com.alibaba.cloud.nacos.discovery.NacosWatch.start(NacosWatch.java:130) ~[spring-cloud-starter-alibaba-nacos-discovery-2021.0.4.0.jar:2021.0.4.0]
	at org.springframework.context.support.DefaultLifecycleProcessor.doStart(DefaultLifecycleProcessor.java:178) ~[spring-context-5.3.27.jar:5.3.27]
	at org.springframework.context.support.DefaultLifecycleProcessor.access$200(DefaultLifecycleProcessor.java:54) ~[spring-context-5.3.27.jar:5.3.27]
	at org.springframework.context.support.DefaultLifecycleProcessor$LifecycleGroup.start(DefaultLifecycleProcessor.java:356) ~[spring-context-5.3.27.jar:5.3.27]
	at java.base/java.lang.Iterable.forEach(Iterable.java:75) ~[na:na]
	at org.springframework.context.support.DefaultLifecycleProcessor.startBeans(DefaultLifecycleProcessor.java:155) ~[spring-context-5.3.27.jar:5.3.27]
	at org.springframework.context.support.DefaultLifecycleProcessor.onRefresh(DefaultLifecycleProcessor.java:123) ~[spring-context-5.3.27.jar:5.3.27]
	at org.springframework.context.support.AbstractApplicationContext.finishRefresh(AbstractApplicationContext.java:937) ~[spring-context-5.3.27.jar:5.3.27]
	at org.springframework.context.support.AbstractApplicationContext.refresh(AbstractApplicationContext.java:586) ~[spring-context-5.3.27.jar:5.3.27]
	at org.springframework.boot.web.servlet.context.ServletWebServerApplicationContext.refresh(ServletWebServerApplicationContext.java:147) ~[spring-boot-2.7.12.jar:2.7.12]
	at org.springframework.boot.SpringApplication.refresh(SpringApplication.java:731) ~[spring-boot-2.7.12.jar:2.7.12]
	at org.springframework.boot.SpringApplication.refreshContext(SpringApplication.java:408) ~[spring-boot-2.7.12.jar:2.7.12]
	at org.springframework.boot.SpringApplication.run(SpringApplication.java:307) ~[spring-boot-2.7.12.jar:2.7.12]
	at org.springframework.boot.SpringApplication.run(SpringApplication.java:1303) ~[spring-boot-2.7.12.jar:2.7.12]
	at org.springframework.boot.SpringApplication.run(SpringApplication.java:1292) ~[spring-boot-2.7.12.jar:2.7.12]
	at com.hmall.item.itemApplication.main(itemApplication.java:11) ~[classes/:na]

19:22:37:047  INFO 19200 --- [main] com.alibaba.nacos.common.remote.client   : [303a1c22-05a6-4ce4-9f57-bebdda57dedf] Try to connect to server on start up, server: {serverIp = '192.168.150.102', server main port = 8848}
19:22:40:060 ERROR 19200 --- [main] c.a.n.c.remote.client.grpc.GrpcClient    : Server check fail, please check server 192.168.150.102 ,port 9848 is available , error ={}

java.util.concurrent.TimeoutException: Waited 3000 milliseconds (plus 12 milliseconds, 198100 nanoseconds delay) for com.alibaba.nacos.shaded.io.grpc.stub.ClientCalls$GrpcFuture@79e16dd9[status=PENDING, info=[GrpcFuture{clientCall={delegate={delegate=ClientCallImpl{method=MethodDescriptor{fullMethodName=Request/request, type=UNARY, idempotent=false, safe=false, sampledToLocalTracing=true, requestMarshaller=com.alibaba.nacos.shaded.io.grpc.protobuf.lite.ProtoLiteUtils$MessageMarshaller@54970127, responseMarshaller=com.alibaba.nacos.shaded.io.grpc.protobuf.lite.ProtoLiteUtils$MessageMarshaller@3c4c7e51, schemaDescriptor=com.alibaba.nacos.api.grpc.auto.RequestGrpc$RequestMethodDescriptorSupplier@749ee0e3}}}}}]]
	at com.alibaba.nacos.shaded.com.google.common.util.concurrent.AbstractFuture.get(AbstractFuture.java:508) ~[nacos-client-2.0.4.jar:na]
	at com.alibaba.nacos.common.remote.client.grpc.GrpcClient.serverCheck(GrpcClient.java:148) ~[nacos-client-2.0.4.jar:na]
	at com.alibaba.nacos.common.remote.client.grpc.GrpcClient.connectToServer(GrpcClient.java:264) ~[nacos-client-2.0.4.jar:na]
	at com.alibaba.nacos.common.remote.client.RpcClient.start(RpcClient.java:390) ~[nacos-client-2.0.4.jar:na]
	at com.alibaba.nacos.client.naming.remote.gprc.NamingGrpcClientProxy.start(NamingGrpcClientProxy.java:96) ~[nacos-client-2.0.4.jar:na]
	at com.alibaba.nacos.client.naming.remote.gprc.NamingGrpcClientProxy.<init>(NamingGrpcClientProxy.java:89) ~[nacos-client-2.0.4.jar:na]
	at com.alibaba.nacos.client.naming.remote.NamingClientProxyDelegate.<init>(NamingClientProxyDelegate.java:76) ~[nacos-client-2.0.4.jar:na]
	at com.alibaba.nacos.client.naming.NacosNamingService.init(NacosNamingService.java:95) ~[nacos-client-2.0.4.jar:na]
	at com.alibaba.nacos.client.naming.NacosNamingService.<init>(NacosNamingService.java:81) ~[nacos-client-2.0.4.jar:na]
	at java.base/jdk.internal.reflect.NativeConstructorAccessorImpl.newInstance0(Native Method) ~[na:na]
	at java.base/jdk.internal.reflect.NativeConstructorAccessorImpl.newInstance(NativeConstructorAccessorImpl.java:62) ~[na:na]
	at java.base/jdk.internal.reflect.DelegatingConstructorAccessorImpl.newInstance(DelegatingConstructorAccessorImpl.java:45) ~[na:na]
	at java.base/java.lang.reflect.Constructor.newInstance(Constructor.java:490) ~[na:na]
	at com.alibaba.nacos.api.naming.NamingFactory.createNamingService(NamingFactory.java:59) ~[nacos-client-2.0.4.jar:na]
	at com.alibaba.nacos.api.NacosFactory.createNamingService(NacosFactory.java:77) ~[nacos-client-2.0.4.jar:na]
	at com.alibaba.cloud.nacos.NacosServiceManager.createNewNamingService(NacosServiceManager.java:99) ~[spring-cloud-starter-alibaba-nacos-discovery-2021.0.4.0.jar:2021.0.4.0]
	at com.alibaba.cloud.nacos.NacosServiceManager.buildNamingService(NacosServiceManager.java:90) ~[spring-cloud-starter-alibaba-nacos-discovery-2021.0.4.0.jar:2021.0.4.0]
	at com.alibaba.cloud.nacos.NacosServiceManager.getNamingService(NacosServiceManager.java:46) ~[spring-cloud-starter-alibaba-nacos-discovery-2021.0.4.0.jar:2021.0.4.0]
	at com.alibaba.cloud.nacos.discovery.NacosWatch.start(NacosWatch.java:130) ~[spring-cloud-starter-alibaba-nacos-discovery-2021.0.4.0.jar:2021.0.4.0]
	at org.springframework.context.support.DefaultLifecycleProcessor.doStart(DefaultLifecycleProcessor.java:178) ~[spring-context-5.3.27.jar:5.3.27]
	at org.springframework.context.support.DefaultLifecycleProcessor.access$200(DefaultLifecycleProcessor.java:54) ~[spring-context-5.3.27.jar:5.3.27]
	at org.springframework.context.support.DefaultLifecycleProcessor$LifecycleGroup.start(DefaultLifecycleProcessor.java:356) ~[spring-context-5.3.27.jar:5.3.27]
	at java.base/java.lang.Iterable.forEach(Iterable.java:75) ~[na:na]
	at org.springframework.context.support.DefaultLifecycleProcessor.startBeans(DefaultLifecycleProcessor.java:155) ~[spring-context-5.3.27.jar:5.3.27]
	at org.springframework.context.support.DefaultLifecycleProcessor.onRefresh(DefaultLifecycleProcessor.java:123) ~[spring-context-5.3.27.jar:5.3.27]
	at org.springframework.context.support.AbstractApplicationContext.finishRefresh(AbstractApplicationContext.java:937) ~[spring-context-5.3.27.jar:5.3.27]
	at org.springframework.context.support.AbstractApplicationContext.refresh(AbstractApplicationContext.java:586) ~[spring-context-5.3.27.jar:5.3.27]
	at org.springframework.boot.web.servlet.context.ServletWebServerApplicationContext.refresh(ServletWebServerApplicationContext.java:147) ~[spring-boot-2.7.12.jar:2.7.12]
	at org.springframework.boot.SpringApplication.refresh(SpringApplication.java:731) ~[spring-boot-2.7.12.jar:2.7.12]
	at org.springframework.boot.SpringApplication.refreshContext(SpringApplication.java:408) ~[spring-boot-2.7.12.jar:2.7.12]
	at org.springframework.boot.SpringApplication.run(SpringApplication.java:307) ~[spring-boot-2.7.12.jar:2.7.12]
	at org.springframework.boot.SpringApplication.run(SpringApplication.java:1303) ~[spring-boot-2.7.12.jar:2.7.12]
	at org.springframework.boot.SpringApplication.run(SpringApplication.java:1292) ~[spring-boot-2.7.12.jar:2.7.12]
	at com.hmall.item.itemApplication.main(itemApplication.java:11) ~[classes/:na]

19:22:40:061  INFO 19200 --- [main] com.alibaba.nacos.common.remote.client   : [303a1c22-05a6-4ce4-9f57-bebdda57dedf] Try to connect to server on start up, server: {serverIp = '192.168.150.102', server main port = 8848}
19:22:43:063 ERROR 19200 --- [main] c.a.n.c.remote.client.grpc.GrpcClient    : Server check fail, please check server 192.168.150.102 ,port 9848 is available , error ={}

java.util.concurrent.TimeoutException: Waited 3000 milliseconds (plus 383900 nanoseconds delay) for com.alibaba.nacos.shaded.io.grpc.stub.ClientCalls$GrpcFuture@53c40ed6[status=PENDING, info=[GrpcFuture{clientCall={delegate={delegate=ClientCallImpl{method=MethodDescriptor{fullMethodName=Request/request, type=UNARY, idempotent=false, safe=false, sampledToLocalTracing=true, requestMarshaller=com.alibaba.nacos.shaded.io.grpc.protobuf.lite.ProtoLiteUtils$MessageMarshaller@54970127, responseMarshaller=com.alibaba.nacos.shaded.io.grpc.protobuf.lite.ProtoLiteUtils$MessageMarshaller@3c4c7e51, schemaDescriptor=com.alibaba.nacos.api.grpc.auto.RequestGrpc$RequestMethodDescriptorSupplier@749ee0e3}}}}}]]
	at com.alibaba.nacos.shaded.com.google.common.util.concurrent.AbstractFuture.get(AbstractFuture.java:508) ~[nacos-client-2.0.4.jar:na]
	at com.alibaba.nacos.common.remote.client.grpc.GrpcClient.serverCheck(GrpcClient.java:148) ~[nacos-client-2.0.4.jar:na]
	at com.alibaba.nacos.common.remote.client.grpc.GrpcClient.connectToServer(GrpcClient.java:264) ~[nacos-client-2.0.4.jar:na]
	at com.alibaba.nacos.common.remote.client.RpcClient.start(RpcClient.java:390) ~[nacos-client-2.0.4.jar:na]
	at com.alibaba.nacos.client.naming.remote.gprc.NamingGrpcClientProxy.start(NamingGrpcClientProxy.java:96) ~[nacos-client-2.0.4.jar:na]
	at com.alibaba.nacos.client.naming.remote.gprc.NamingGrpcClientProxy.<init>(NamingGrpcClientProxy.java:89) ~[nacos-client-2.0.4.jar:na]
	at com.alibaba.nacos.client.naming.remote.NamingClientProxyDelegate.<init>(NamingClientProxyDelegate.java:76) ~[nacos-client-2.0.4.jar:na]
	at com.alibaba.nacos.client.naming.NacosNamingService.init(NacosNamingService.java:95) ~[nacos-client-2.0.4.jar:na]
	at com.alibaba.nacos.client.naming.NacosNamingService.<init>(NacosNamingService.java:81) ~[nacos-client-2.0.4.jar:na]
	at java.base/jdk.internal.reflect.NativeConstructorAccessorImpl.newInstance0(Native Method) ~[na:na]
	at java.base/jdk.internal.reflect.NativeConstructorAccessorImpl.newInstance(NativeConstructorAccessorImpl.java:62) ~[na:na]
	at java.base/jdk.internal.reflect.DelegatingConstructorAccessorImpl.newInstance(DelegatingConstructorAccessorImpl.java:45) ~[na:na]
	at java.base/java.lang.reflect.Constructor.newInstance(Constructor.java:490) ~[na:na]
	at com.alibaba.nacos.api.naming.NamingFactory.createNamingService(NamingFactory.java:59) ~[nacos-client-2.0.4.jar:na]
	at com.alibaba.nacos.api.NacosFactory.createNamingService(NacosFactory.java:77) ~[nacos-client-2.0.4.jar:na]
	at com.alibaba.cloud.nacos.NacosServiceManager.createNewNamingService(NacosServiceManager.java:99) ~[spring-cloud-starter-alibaba-nacos-discovery-2021.0.4.0.jar:2021.0.4.0]
	at com.alibaba.cloud.nacos.NacosServiceManager.buildNamingService(NacosServiceManager.java:90) ~[spring-cloud-starter-alibaba-nacos-discovery-2021.0.4.0.jar:2021.0.4.0]
	at com.alibaba.cloud.nacos.NacosServiceManager.getNamingService(NacosServiceManager.java:46) ~[spring-cloud-starter-alibaba-nacos-discovery-2021.0.4.0.jar:2021.0.4.0]
	at com.alibaba.cloud.nacos.discovery.NacosWatch.start(NacosWatch.java:130) ~[spring-cloud-starter-alibaba-nacos-discovery-2021.0.4.0.jar:2021.0.4.0]
	at org.springframework.context.support.DefaultLifecycleProcessor.doStart(DefaultLifecycleProcessor.java:178) ~[spring-context-5.3.27.jar:5.3.27]
	at org.springframework.context.support.DefaultLifecycleProcessor.access$200(DefaultLifecycleProcessor.java:54) ~[spring-context-5.3.27.jar:5.3.27]
	at org.springframework.context.support.DefaultLifecycleProcessor$LifecycleGroup.start(DefaultLifecycleProcessor.java:356) ~[spring-context-5.3.27.jar:5.3.27]
	at java.base/java.lang.Iterable.forEach(Iterable.java:75) ~[na:na]
	at org.springframework.context.support.DefaultLifecycleProcessor.startBeans(DefaultLifecycleProcessor.java:155) ~[spring-context-5.3.27.jar:5.3.27]
	at org.springframework.context.support.DefaultLifecycleProcessor.onRefresh(DefaultLifecycleProcessor.java:123) ~[spring-context-5.3.27.jar:5.3.27]
	at org.springframework.context.support.AbstractApplicationContext.finishRefresh(AbstractApplicationContext.java:937) ~[spring-context-5.3.27.jar:5.3.27]
	at org.springframework.context.support.AbstractApplicationContext.refresh(AbstractApplicationContext.java:586) ~[spring-context-5.3.27.jar:5.3.27]
	at org.springframework.boot.web.servlet.context.ServletWebServerApplicationContext.refresh(ServletWebServerApplicationContext.java:147) ~[spring-boot-2.7.12.jar:2.7.12]
	at org.springframework.boot.SpringApplication.refresh(SpringApplication.java:731) ~[spring-boot-2.7.12.jar:2.7.12]
	at org.springframework.boot.SpringApplication.refreshContext(SpringApplication.java:408) ~[spring-boot-2.7.12.jar:2.7.12]
	at org.springframework.boot.SpringApplication.run(SpringApplication.java:307) ~[spring-boot-2.7.12.jar:2.7.12]
	at org.springframework.boot.SpringApplication.run(SpringApplication.java:1303) ~[spring-boot-2.7.12.jar:2.7.12]
	at org.springframework.boot.SpringApplication.run(SpringApplication.java:1292) ~[spring-boot-2.7.12.jar:2.7.12]
	at com.hmall.item.itemApplication.main(itemApplication.java:11) ~[classes/:na]

19:22:43:064  INFO 19200 --- [com.alibaba.nacos.client.remote.worker] com.alibaba.nacos.common.remote.client   : [303a1c22-05a6-4ce4-9f57-bebdda57dedf] Try to reconnect to a new server, server is  not appointed, will choose a random server.
19:22:43:065  INFO 19200 --- [main] com.alibaba.nacos.common.remote.client   : [303a1c22-05a6-4ce4-9f57-bebdda57dedf] Register server push request handler:com.alibaba.nacos.common.remote.client.RpcClient$ConnectResetRequestHandler
19:22:43:065  INFO 19200 --- [main] com.alibaba.nacos.common.remote.client   : [303a1c22-05a6-4ce4-9f57-bebdda57dedf] Register server push request handler:com.alibaba.nacos.common.remote.client.RpcClient$$Lambda$902/0x0000000800678840
19:22:43:173 ERROR 19200 --- [main] com.alibaba.nacos.common.remote.client   : Send request fail, request = SubscribeServiceRequest{headers={app=unknown}, requestId='null'}, retryTimes = 0, errorMessage = Client not connected, current status:STARTING
19:22:43:285 ERROR 19200 --- [main] com.alibaba.nacos.common.remote.client   : Send request fail, request = SubscribeServiceRequest{headers={app=unknown}, requestId='null'}, retryTimes = 1, errorMessage = Client not connected, current status:STARTING
19:22:43:396 ERROR 19200 --- [main] com.alibaba.nacos.common.remote.client   : Send request fail, request = SubscribeServiceRequest{headers={app=unknown}, requestId='null'}, retryTimes = 2, errorMessage = Client not connected, current status:STARTING
19:22:43:396 ERROR 19200 --- [main] c.a.cloud.nacos.discovery.NacosWatch     : namingService subscribe failed, properties:NacosDiscoveryProperties{serverAddr='192.168.150.102:8848', username='', password='', endpoint='', namespace='', watchDelay=30000, logName='', service='item-service', weight=1.0, clusterName='DEFAULT', group='DEFAULT_GROUP', namingLoadCacheAtStart='false', metadata={preserved.register.source=SPRING_CLOUD}, registerEnabled=true, ip='192.168.220.1', networkInterface='', port=-1, secure=false, accessKey='', secretKey='', heartBeatInterval=null, heartBeatTimeout=null, ipDeleteTimeout=null, instanceEnabled=true, ephemeral=true, failureToleranceEnabled=false}, ipDeleteTimeout=null, failFast=true}

com.alibaba.nacos.api.exception.NacosException: Request nacos server failed: 
	at com.alibaba.nacos.client.naming.remote.gprc.NamingGrpcClientProxy.requestToServer(NamingGrpcClientProxy.java:290) ~[nacos-client-2.0.4.jar:na]
	at com.alibaba.nacos.client.naming.remote.gprc.NamingGrpcClientProxy.doSubscribe(NamingGrpcClientProxy.java:230) ~[nacos-client-2.0.4.jar:na]
	at com.alibaba.nacos.client.naming.remote.gprc.NamingGrpcClientProxy.subscribe(NamingGrpcClientProxy.java:215) ~[nacos-client-2.0.4.jar:na]
	at com.alibaba.nacos.client.naming.remote.NamingClientProxyDelegate.subscribe(NamingClientProxyDelegate.java:147) ~[nacos-client-2.0.4.jar:na]
	at com.alibaba.nacos.client.naming.NacosNamingService.subscribe(NacosNamingService.java:393) ~[nacos-client-2.0.4.jar:na]
	at com.alibaba.cloud.nacos.discovery.NacosWatch.start(NacosWatch.java:132) ~[spring-cloud-starter-alibaba-nacos-discovery-2021.0.4.0.jar:2021.0.4.0]
	at org.springframework.context.support.DefaultLifecycleProcessor.doStart(DefaultLifecycleProcessor.java:178) ~[spring-context-5.3.27.jar:5.3.27]
	at org.springframework.context.support.DefaultLifecycleProcessor.access$200(DefaultLifecycleProcessor.java:54) ~[spring-context-5.3.27.jar:5.3.27]
	at org.springframework.context.support.DefaultLifecycleProcessor$LifecycleGroup.start(DefaultLifecycleProcessor.java:356) ~[spring-context-5.3.27.jar:5.3.27]
	at java.base/java.lang.Iterable.forEach(Iterable.java:75) ~[na:na]
	at org.springframework.context.support.DefaultLifecycleProcessor.startBeans(DefaultLifecycleProcessor.java:155) ~[spring-context-5.3.27.jar:5.3.27]
	at org.springframework.context.support.DefaultLifecycleProcessor.onRefresh(DefaultLifecycleProcessor.java:123) ~[spring-context-5.3.27.jar:5.3.27]
	at org.springframework.context.support.AbstractApplicationContext.finishRefresh(AbstractApplicationContext.java:937) ~[spring-context-5.3.27.jar:5.3.27]
	at org.springframework.context.support.AbstractApplicationContext.refresh(AbstractApplicationContext.java:586) ~[spring-context-5.3.27.jar:5.3.27]
	at org.springframework.boot.web.servlet.context.ServletWebServerApplicationContext.refresh(ServletWebServerApplicationContext.java:147) ~[spring-boot-2.7.12.jar:2.7.12]
	at org.springframework.boot.SpringApplication.refresh(SpringApplication.java:731) ~[spring-boot-2.7.12.jar:2.7.12]
	at org.springframework.boot.SpringApplication.refreshContext(SpringApplication.java:408) ~[spring-boot-2.7.12.jar:2.7.12]
	at org.springframework.boot.SpringApplication.run(SpringApplication.java:307) ~[spring-boot-2.7.12.jar:2.7.12]
	at org.springframework.boot.SpringApplication.run(SpringApplication.java:1303) ~[spring-boot-2.7.12.jar:2.7.12]
	at org.springframework.boot.SpringApplication.run(SpringApplication.java:1292) ~[spring-boot-2.7.12.jar:2.7.12]
	at com.hmall.item.itemApplication.main(itemApplication.java:11) ~[classes/:na]
Caused by: com.alibaba.nacos.api.exception.NacosException: Client not connected, current status:STARTING
	at com.alibaba.nacos.common.remote.client.RpcClient.request(RpcClient.java:650) ~[nacos-client-2.0.4.jar:na]
	at com.alibaba.nacos.common.remote.client.RpcClient.request(RpcClient.java:630) ~[nacos-client-2.0.4.jar:na]
	at com.alibaba.nacos.client.naming.remote.gprc.NamingGrpcClientProxy.requestToServer(NamingGrpcClientProxy.java:280) ~[nacos-client-2.0.4.jar:na]
	... 20 common frames omitted

19:22:43:406  INFO 19200 --- [main] o.s.b.w.embedded.tomcat.TomcatWebServer  : Tomcat started on port(s): 8081 (http) with context path ''
19:22:43:522 ERROR 19200 --- [main] com.alibaba.nacos.common.remote.client   : Send request fail, request = InstanceRequest{headers={app=unknown}, requestId='null'}, retryTimes = 0, errorMessage = Client not connected, current status:STARTING
19:22:43:632 ERROR 19200 --- [main] com.alibaba.nacos.common.remote.client   : Send request fail, request = InstanceRequest{headers={app=unknown}, requestId='null'}, retryTimes = 1, errorMessage = Client not connected, current status:STARTING
19:22:43:741 ERROR 19200 --- [main] com.alibaba.nacos.common.remote.client   : Send request fail, request = InstanceRequest{headers={app=unknown}, requestId='null'}, retryTimes = 2, errorMessage = Client not connected, current status:STARTING
19:22:43:742 ERROR 19200 --- [main] c.a.c.n.registry.NacosServiceRegistry    : nacos registry, item-service register failed...NacosRegistration{nacosDiscoveryProperties=NacosDiscoveryProperties{serverAddr='192.168.150.102:8848', username='', password='', endpoint='', namespace='', watchDelay=30000, logName='', service='item-service', weight=1.0, clusterName='DEFAULT', group='DEFAULT_GROUP', namingLoadCacheAtStart='false', metadata={preserved.register.source=SPRING_CLOUD}, registerEnabled=true, ip='192.168.220.1', networkInterface='', port=8081, secure=false, accessKey='', secretKey='', heartBeatInterval=null, heartBeatTimeout=null, ipDeleteTimeout=null, instanceEnabled=true, ephemeral=true, failureToleranceEnabled=false}, ipDeleteTimeout=null, failFast=true}},

com.alibaba.nacos.api.exception.NacosException: Request nacos server failed: 
	at com.alibaba.nacos.client.naming.remote.gprc.NamingGrpcClientProxy.requestToServer(NamingGrpcClientProxy.java:290) ~[nacos-client-2.0.4.jar:na]
	at com.alibaba.nacos.client.naming.remote.gprc.NamingGrpcClientProxy.doRegisterService(NamingGrpcClientProxy.java:129) ~[nacos-client-2.0.4.jar:na]
	at com.alibaba.nacos.client.naming.remote.gprc.NamingGrpcClientProxy.registerService(NamingGrpcClientProxy.java:115) ~[nacos-client-2.0.4.jar:na]
	at com.alibaba.nacos.client.naming.remote.NamingClientProxyDelegate.registerService(NamingClientProxyDelegate.java:94) ~[nacos-client-2.0.4.jar:na]
	at com.alibaba.nacos.client.naming.NacosNamingService.registerInstance(NacosNamingService.java:145) ~[nacos-client-2.0.4.jar:na]
	at com.alibaba.cloud.nacos.registry.NacosServiceRegistry.register(NacosServiceRegistry.java:74) ~[spring-cloud-starter-alibaba-nacos-discovery-2021.0.4.0.jar:2021.0.4.0]
	at org.springframework.cloud.client.serviceregistry.AbstractAutoServiceRegistration.register(AbstractAutoServiceRegistration.java:232) ~[spring-cloud-commons-3.1.3.jar:3.1.3]
	at com.alibaba.cloud.nacos.registry.NacosAutoServiceRegistration.register(NacosAutoServiceRegistration.java:78) ~[spring-cloud-starter-alibaba-nacos-discovery-2021.0.4.0.jar:2021.0.4.0]
	at org.springframework.cloud.client.serviceregistry.AbstractAutoServiceRegistration.start(AbstractAutoServiceRegistration.java:133) ~[spring-cloud-commons-3.1.3.jar:3.1.3]
	at org.springframework.cloud.client.serviceregistry.AbstractAutoServiceRegistration.bind(AbstractAutoServiceRegistration.java:98) ~[spring-cloud-commons-3.1.3.jar:3.1.3]
	at org.springframework.cloud.client.serviceregistry.AbstractAutoServiceRegistration.onApplicationEvent(AbstractAutoServiceRegistration.java:86) ~[spring-cloud-commons-3.1.3.jar:3.1.3]
	at org.springframework.cloud.client.serviceregistry.AbstractAutoServiceRegistration.onApplicationEvent(AbstractAutoServiceRegistration.java:47) ~[spring-cloud-commons-3.1.3.jar:3.1.3]
	at org.springframework.context.event.SimpleApplicationEventMulticaster.doInvokeListener(SimpleApplicationEventMulticaster.java:176) ~[spring-context-5.3.27.jar:5.3.27]
	at org.springframework.context.event.SimpleApplicationEventMulticaster.invokeListener(SimpleApplicationEventMulticaster.java:169) ~[spring-context-5.3.27.jar:5.3.27]
	at org.springframework.context.event.SimpleApplicationEventMulticaster.multicastEvent(SimpleApplicationEventMulticaster.java:143) ~[spring-context-5.3.27.jar:5.3.27]
	at org.springframework.context.support.AbstractApplicationContext.publishEvent(AbstractApplicationContext.java:421) ~[spring-context-5.3.27.jar:5.3.27]
	at org.springframework.context.support.AbstractApplicationContext.publishEvent(AbstractApplicationContext.java:378) ~[spring-context-5.3.27.jar:5.3.27]
	at org.springframework.boot.web.servlet.context.WebServerStartStopLifecycle.start(WebServerStartStopLifecycle.java:46) ~[spring-boot-2.7.12.jar:2.7.12]
	at org.springframework.context.support.DefaultLifecycleProcessor.doStart(DefaultLifecycleProcessor.java:178) ~[spring-context-5.3.27.jar:5.3.27]
	at org.springframework.context.support.DefaultLifecycleProcessor.access$200(DefaultLifecycleProcessor.java:54) ~[spring-context-5.3.27.jar:5.3.27]
	at org.springframework.context.support.DefaultLifecycleProcessor$LifecycleGroup.start(DefaultLifecycleProcessor.java:356) ~[spring-context-5.3.27.jar:5.3.27]
	at java.base/java.lang.Iterable.forEach(Iterable.java:75) ~[na:na]
	at org.springframework.context.support.DefaultLifecycleProcessor.startBeans(DefaultLifecycleProcessor.java:155) ~[spring-context-5.3.27.jar:5.3.27]
	at org.springframework.context.support.DefaultLifecycleProcessor.onRefresh(DefaultLifecycleProcessor.java:123) ~[spring-context-5.3.27.jar:5.3.27]
	at org.springframework.context.support.AbstractApplicationContext.finishRefresh(AbstractApplicationContext.java:937) ~[spring-context-5.3.27.jar:5.3.27]
	at org.springframework.context.support.AbstractApplicationContext.refresh(AbstractApplicationContext.java:586) ~[spring-context-5.3.27.jar:5.3.27]
	at org.springframework.boot.web.servlet.context.ServletWebServerApplicationContext.refresh(ServletWebServerApplicationContext.java:147) ~[spring-boot-2.7.12.jar:2.7.12]
	at org.springframework.boot.SpringApplication.refresh(SpringApplication.java:731) ~[spring-boot-2.7.12.jar:2.7.12]
	at org.springframework.boot.SpringApplication.refreshContext(SpringApplication.java:408) ~[spring-boot-2.7.12.jar:2.7.12]
	at org.springframework.boot.SpringApplication.run(SpringApplication.java:307) ~[spring-boot-2.7.12.jar:2.7.12]
	at org.springframework.boot.SpringApplication.run(SpringApplication.java:1303) ~[spring-boot-2.7.12.jar:2.7.12]
	at org.springframework.boot.SpringApplication.run(SpringApplication.java:1292) ~[spring-boot-2.7.12.jar:2.7.12]
	at com.hmall.item.itemApplication.main(itemApplication.java:11) ~[classes/:na]
Caused by: com.alibaba.nacos.api.exception.NacosException: Client not connected, current status:STARTING
	at com.alibaba.nacos.common.remote.client.RpcClient.request(RpcClient.java:650) ~[nacos-client-2.0.4.jar:na]
	at com.alibaba.nacos.common.remote.client.RpcClient.request(RpcClient.java:630) ~[nacos-client-2.0.4.jar:na]
	at com.alibaba.nacos.client.naming.remote.gprc.NamingGrpcClientProxy.requestToServer(NamingGrpcClientProxy.java:280) ~[nacos-client-2.0.4.jar:na]
	... 32 common frames omitted

19:22:43:743  WARN 19200 --- [main] ConfigServletWebServerApplicationContext : Exception encountered during context initialization - cancelling refresh attempt: org.springframework.context.ApplicationContextException: Failed to start bean 'webServerStartStop'; nested exception is java.lang.reflect.UndeclaredThrowableException
19:22:43:745  WARN 19200 --- [Thread-4] c.a.nacos.common.notify.NotifyCenter     : [NotifyCenter] Start destroying Publisher
19:22:43:746  WARN 19200 --- [Thread-7] c.a.n.common.http.HttpClientBeanHolder   : [HttpClientBeanHolder] Start destroying common HttpClient
19:22:43:746  WARN 19200 --- [Thread-4] c.a.nacos.common.notify.NotifyCenter     : [NotifyCenter] Destruction of the end
19:22:43:747  WARN 19200 --- [Thread-7] c.a.n.common.http.HttpClientBeanHolder   : [HttpClientBeanHolder] Destruction of the end
19:22:44:072 ERROR 19200 --- [com.alibaba.nacos.client.naming.updater.0] com.alibaba.nacos.common.remote.client   : Send request fail, request = ServiceQueryRequest{headers={app=unknown}, requestId='null'}, retryTimes = 0, errorMessage = Client not connected, current status:STARTING
19:22:44:073  INFO 19200 --- [main] com.alibaba.nacos.common.remote.client   : Shutdown rpc client, set status to shutdown
19:22:44:074  INFO 19200 --- [main] com.alibaba.nacos.common.remote.client   : Shutdown client event executor java.util.concurrent.ScheduledThreadPoolExecutor@1e6bd367[Running, pool size = 2, active threads = 2, queued tasks = 0, completed tasks = 0]
19:22:44:074  INFO 19200 --- [main] c.a.n.c.remote.client.grpc.GrpcClient    : Shutdown grpc executor java.util.concurrent.ThreadPoolExecutor@2bd7f686[Running, pool size = 3, active threads = 0, queued tasks = 0, completed tasks = 3]
19:22:44:075 ERROR 19200 --- [com.alibaba.nacos.client.remote.worker] c.a.n.c.remote.client.grpc.GrpcClient    : Server check fail, please check server 192.168.150.102 ,port 9848 is available , error ={}

java.lang.InterruptedException: null
	at com.alibaba.nacos.shaded.com.google.common.util.concurrent.AbstractFuture.get(AbstractFuture.java:438) ~[nacos-client-2.0.4.jar:na]
	at com.alibaba.nacos.common.remote.client.grpc.GrpcClient.serverCheck(GrpcClient.java:148) ~[nacos-client-2.0.4.jar:na]
	at com.alibaba.nacos.common.remote.client.grpc.GrpcClient.connectToServer(GrpcClient.java:264) ~[nacos-client-2.0.4.jar:na]
	at com.alibaba.nacos.common.remote.client.RpcClient.reconnect(RpcClient.java:522) ~[nacos-client-2.0.4.jar:na]
	at com.alibaba.nacos.common.remote.client.RpcClient.lambda$start$2(RpcClient.java:370) ~[nacos-client-2.0.4.jar:na]
	at java.base/java.util.concurrent.Executors$RunnableAdapter.call(Executors.java:515) ~[na:na]
	at java.base/java.util.concurrent.FutureTask.run(FutureTask.java:264) ~[na:na]
	at java.base/java.util.concurrent.ScheduledThreadPoolExecutor$ScheduledFutureTask.run(ScheduledThreadPoolExecutor.java:304) ~[na:na]
	at java.base/java.util.concurrent.ThreadPoolExecutor.runWorker(ThreadPoolExecutor.java:1128) ~[na:na]
	at java.base/java.util.concurrent.ThreadPoolExecutor$Worker.run(ThreadPoolExecutor.java:628) ~[na:na]
	at java.base/java.lang.Thread.run(Thread.java:829) ~[na:na]

19:22:44:076 ERROR 19200 --- [com.alibaba.nacos.client.remote.worker] c.a.n.c.remote.client.grpc.GrpcClient    : [303a1c22-05a6-4ce4-9f57-bebdda57dedf]Fail to connect to server!,error={}

java.util.concurrent.RejectedExecutionException: Task com.alibaba.nacos.shaded.io.grpc.internal.SerializingExecutor@5ff5fa94 rejected from java.util.concurrent.ThreadPoolExecutor@2bd7f686[Terminated, pool size = 0, active threads = 0, queued tasks = 0, completed tasks = 3]
	at java.base/java.util.concurrent.ThreadPoolExecutor$AbortPolicy.rejectedExecution(ThreadPoolExecutor.java:2055) ~[na:na]
	at java.base/java.util.concurrent.ThreadPoolExecutor.reject(ThreadPoolExecutor.java:825) ~[na:na]
	at java.base/java.util.concurrent.ThreadPoolExecutor.execute(ThreadPoolExecutor.java:1355) ~[na:na]
	at com.alibaba.nacos.shaded.io.grpc.internal.SerializingExecutor.schedule(SerializingExecutor.java:93) ~[nacos-client-2.0.4.jar:na]
	at com.alibaba.nacos.shaded.io.grpc.internal.SerializingExecutor.execute(SerializingExecutor.java:86) ~[nacos-client-2.0.4.jar:na]
	at com.alibaba.nacos.shaded.io.grpc.internal.ClientCallImpl$ClientStreamListenerImpl.closedInternal(ClientCallImpl.java:696) ~[nacos-client-2.0.4.jar:na]
	at com.alibaba.nacos.shaded.io.grpc.internal.ClientCallImpl$ClientStreamListenerImpl.closed(ClientCallImpl.java:646) ~[nacos-client-2.0.4.jar:na]
	at com.alibaba.nacos.shaded.io.grpc.internal.ClientCallImpl$ClientStreamListenerImpl.closed(ClientCallImpl.java:639) ~[nacos-client-2.0.4.jar:na]
	at com.alibaba.nacos.shaded.io.grpc.internal.DelayedStream.cancel(DelayedStream.java:302) ~[nacos-client-2.0.4.jar:na]
	at com.alibaba.nacos.shaded.io.grpc.internal.DelayedClientTransport$PendingStream.cancel(DelayedClientTransport.java:363) ~[nacos-client-2.0.4.jar:na]
	at com.alibaba.nacos.shaded.io.grpc.internal.DelayedClientTransport.shutdownNow(DelayedClientTransport.java:241) ~[nacos-client-2.0.4.jar:na]
	at com.alibaba.nacos.shaded.io.grpc.internal.ManagedChannelImpl$UncommittedRetriableStreamsRegistry.onShutdownNow(ManagedChannelImpl.java:1021) ~[nacos-client-2.0.4.jar:na]
	at com.alibaba.nacos.shaded.io.grpc.internal.ManagedChannelImpl.shutdownNow(ManagedChannelImpl.java:752) ~[nacos-client-2.0.4.jar:na]
	at com.alibaba.nacos.shaded.io.grpc.internal.ManagedChannelImpl.shutdownNow(ManagedChannelImpl.java:105) ~[nacos-client-2.0.4.jar:na]
	at com.alibaba.nacos.shaded.io.grpc.internal.ForwardingManagedChannel.shutdownNow(ForwardingManagedChannel.java:52) ~[nacos-client-2.0.4.jar:na]
	at com.alibaba.nacos.shaded.io.grpc.internal.ManagedChannelOrphanWrapper.shutdownNow(ManagedChannelOrphanWrapper.java:66) ~[nacos-client-2.0.4.jar:na]
	at com.alibaba.nacos.common.remote.client.grpc.GrpcClient.shuntDownChannel(GrpcClient.java:130) ~[nacos-client-2.0.4.jar:na]
	at com.alibaba.nacos.common.remote.client.grpc.GrpcClient.connectToServer(GrpcClient.java:266) ~[nacos-client-2.0.4.jar:na]
	at com.alibaba.nacos.common.remote.client.RpcClient.reconnect(RpcClient.java:522) ~[nacos-client-2.0.4.jar:na]
	at com.alibaba.nacos.common.remote.client.RpcClient.lambda$start$2(RpcClient.java:370) ~[nacos-client-2.0.4.jar:na]
	at java.base/java.util.concurrent.Executors$RunnableAdapter.call(Executors.java:515) ~[na:na]
	at java.base/java.util.concurrent.FutureTask.run(FutureTask.java:264) ~[na:na]
	at java.base/java.util.concurrent.ScheduledThreadPoolExecutor$ScheduledFutureTask.run(ScheduledThreadPoolExecutor.java:304) ~[na:na]
	at java.base/java.util.concurrent.ThreadPoolExecutor.runWorker(ThreadPoolExecutor.java:1128) ~[na:na]
	at java.base/java.util.concurrent.ThreadPoolExecutor$Worker.run(ThreadPoolExecutor.java:628) ~[na:na]
	at java.base/java.lang.Thread.run(Thread.java:829) ~[na:na]

19:22:44:076  INFO 19200 --- [main] com.alibaba.nacos.common.remote.client   : [RpcClientFactory] create a new rpc client of ef34101b-07a9-459b-8a4c-d36d3d021722
19:22:44:077  INFO 19200 --- [main] com.alibaba.nacos.common.remote.client   : [ef34101b-07a9-459b-8a4c-d36d3d021722] RpcClient init label, labels = {module=naming, source=sdk}
19:22:44:077  INFO 19200 --- [main] com.alibaba.nacos.common.remote.client   : [ef34101b-07a9-459b-8a4c-d36d3d021722] RpcClient init, ServerListFactory = com.alibaba.nacos.client.naming.core.ServerListManager
19:22:44:077  INFO 19200 --- [main] com.alibaba.nacos.common.remote.client   : [ef34101b-07a9-459b-8a4c-d36d3d021722] Registry connection listener to current client:com.alibaba.nacos.client.naming.remote.gprc.redo.NamingGrpcRedoService
19:22:44:077  INFO 19200 --- [main] com.alibaba.nacos.common.remote.client   : [ef34101b-07a9-459b-8a4c-d36d3d021722] Register server push request handler:com.alibaba.nacos.client.naming.remote.gprc.NamingPushRequestHandler
19:22:44:077  INFO 19200 --- [main] com.alibaba.nacos.common.remote.client   : [ef34101b-07a9-459b-8a4c-d36d3d021722] Try to connect to server on start up, server: {serverIp = '192.168.150.102', server main port = 8848}
19:22:44:181 ERROR 19200 --- [com.alibaba.nacos.client.naming.updater.0] com.alibaba.nacos.common.remote.client   : Send request fail, request = ServiceQueryRequest{headers={app=unknown}, requestId='null'}, retryTimes = 1, errorMessage = Client not connected, current status:STARTING
19:22:44:181  INFO 19200 --- [com.alibaba.nacos.client.remote.worker] com.alibaba.nacos.common.remote.client   : [303a1c22-05a6-4ce4-9f57-bebdda57dedf] Client is shutdown, stop reconnect to server
19:22:44:290 ERROR 19200 --- [com.alibaba.nacos.client.naming.updater.0] com.alibaba.nacos.common.remote.client   : Send request fail, request = ServiceQueryRequest{headers={app=unknown}, requestId='null'}, retryTimes = 2, errorMessage = Client not connected, current status:SHUTDOWN
19:22:47:082 ERROR 19200 --- [main] c.a.n.c.remote.client.grpc.GrpcClient    : Server check fail, please check server 192.168.150.102 ,port 9848 is available , error ={}

java.util.concurrent.TimeoutException: Waited 3000 milliseconds (plus 2 milliseconds, 754000 nanoseconds delay) for com.alibaba.nacos.shaded.io.grpc.stub.ClientCalls$GrpcFuture@5f35370b[status=PENDING, info=[GrpcFuture{clientCall={delegate={delegate=ClientCallImpl{method=MethodDescriptor{fullMethodName=Request/request, type=UNARY, idempotent=false, safe=false, sampledToLocalTracing=true, requestMarshaller=com.alibaba.nacos.shaded.io.grpc.protobuf.lite.ProtoLiteUtils$MessageMarshaller@54970127, responseMarshaller=com.alibaba.nacos.shaded.io.grpc.protobuf.lite.ProtoLiteUtils$MessageMarshaller@3c4c7e51, schemaDescriptor=com.alibaba.nacos.api.grpc.auto.RequestGrpc$RequestMethodDescriptorSupplier@749ee0e3}}}}}]]
	at com.alibaba.nacos.shaded.com.google.common.util.concurrent.AbstractFuture.get(AbstractFuture.java:508) ~[nacos-client-2.0.4.jar:na]
	at com.alibaba.nacos.common.remote.client.grpc.GrpcClient.serverCheck(GrpcClient.java:148) ~[nacos-client-2.0.4.jar:na]
	at com.alibaba.nacos.common.remote.client.grpc.GrpcClient.connectToServer(GrpcClient.java:264) ~[nacos-client-2.0.4.jar:na]
	at com.alibaba.nacos.common.remote.client.RpcClient.start(RpcClient.java:390) ~[nacos-client-2.0.4.jar:na]
	at com.alibaba.nacos.client.naming.remote.gprc.NamingGrpcClientProxy.start(NamingGrpcClientProxy.java:96) ~[nacos-client-2.0.4.jar:na]
	at com.alibaba.nacos.client.naming.remote.gprc.NamingGrpcClientProxy.<init>(NamingGrpcClientProxy.java:89) ~[nacos-client-2.0.4.jar:na]
	at com.alibaba.nacos.client.naming.remote.NamingClientProxyDelegate.<init>(NamingClientProxyDelegate.java:76) ~[nacos-client-2.0.4.jar:na]
	at com.alibaba.nacos.client.naming.NacosNamingService.init(NacosNamingService.java:95) ~[nacos-client-2.0.4.jar:na]
	at com.alibaba.nacos.client.naming.NacosNamingService.<init>(NacosNamingService.java:81) ~[nacos-client-2.0.4.jar:na]
	at java.base/jdk.internal.reflect.NativeConstructorAccessorImpl.newInstance0(Native Method) ~[na:na]
	at java.base/jdk.internal.reflect.NativeConstructorAccessorImpl.newInstance(NativeConstructorAccessorImpl.java:62) ~[na:na]
	at java.base/jdk.internal.reflect.DelegatingConstructorAccessorImpl.newInstance(DelegatingConstructorAccessorImpl.java:45) ~[na:na]
	at java.base/java.lang.reflect.Constructor.newInstance(Constructor.java:490) ~[na:na]
	at com.alibaba.nacos.api.naming.NamingFactory.createNamingService(NamingFactory.java:59) ~[nacos-client-2.0.4.jar:na]
	at com.alibaba.nacos.api.NacosFactory.createNamingService(NacosFactory.java:77) ~[nacos-client-2.0.4.jar:na]
	at com.alibaba.cloud.nacos.NacosServiceManager.createNewNamingService(NacosServiceManager.java:99) ~[spring-cloud-starter-alibaba-nacos-discovery-2021.0.4.0.jar:2021.0.4.0]
	at com.alibaba.cloud.nacos.NacosServiceManager.buildNamingService(NacosServiceManager.java:90) ~[spring-cloud-starter-alibaba-nacos-discovery-2021.0.4.0.jar:2021.0.4.0]
	at com.alibaba.cloud.nacos.NacosServiceManager.getNamingService(NacosServiceManager.java:46) ~[spring-cloud-starter-alibaba-nacos-discovery-2021.0.4.0.jar:2021.0.4.0]
	at com.alibaba.cloud.nacos.discovery.NacosWatch.stop(NacosWatch.java:173) ~[spring-cloud-starter-alibaba-nacos-discovery-2021.0.4.0.jar:2021.0.4.0]
	at com.alibaba.cloud.nacos.discovery.NacosWatch.destroy(NacosWatch.java:204) ~[spring-cloud-starter-alibaba-nacos-discovery-2021.0.4.0.jar:2021.0.4.0]
	at org.springframework.beans.factory.support.DisposableBeanAdapter.destroy(DisposableBeanAdapter.java:213) ~[spring-beans-5.3.27.jar:5.3.27]
	at org.springframework.beans.factory.support.DefaultSingletonBeanRegistry.destroyBean(DefaultSingletonBeanRegistry.java:587) ~[spring-beans-5.3.27.jar:5.3.27]
	at org.springframework.beans.factory.support.DefaultSingletonBeanRegistry.destroySingleton(DefaultSingletonBeanRegistry.java:559) ~[spring-beans-5.3.27.jar:5.3.27]
	at org.springframework.beans.factory.support.DefaultListableBeanFactory.destroySingleton(DefaultListableBeanFactory.java:1163) ~[spring-beans-5.3.27.jar:5.3.27]
	at org.springframework.beans.factory.support.DefaultSingletonBeanRegistry.destroySingletons(DefaultSingletonBeanRegistry.java:520) ~[spring-beans-5.3.27.jar:5.3.27]
	at org.springframework.beans.factory.support.DefaultListableBeanFactory.destroySingletons(DefaultListableBeanFactory.java:1156) ~[spring-beans-5.3.27.jar:5.3.27]
	at org.springframework.context.support.AbstractApplicationContext.destroyBeans(AbstractApplicationContext.java:1108) ~[spring-context-5.3.27.jar:5.3.27]
	at org.springframework.context.support.AbstractApplicationContext.refresh(AbstractApplicationContext.java:596) ~[spring-context-5.3.27.jar:5.3.27]
	at org.springframework.boot.web.servlet.context.ServletWebServerApplicationContext.refresh(ServletWebServerApplicationContext.java:147) ~[spring-boot-2.7.12.jar:2.7.12]
	at org.springframework.boot.SpringApplication.refresh(SpringApplication.java:731) ~[spring-boot-2.7.12.jar:2.7.12]
	at org.springframework.boot.SpringApplication.refreshContext(SpringApplication.java:408) ~[spring-boot-2.7.12.jar:2.7.12]
	at org.springframework.boot.SpringApplication.run(SpringApplication.java:307) ~[spring-boot-2.7.12.jar:2.7.12]
	at org.springframework.boot.SpringApplication.run(SpringApplication.java:1303) ~[spring-boot-2.7.12.jar:2.7.12]
	at org.springframework.boot.SpringApplication.run(SpringApplication.java:1292) ~[spring-boot-2.7.12.jar:2.7.12]
	at com.hmall.item.itemApplication.main(itemApplication.java:11) ~[classes/:na]

19:22:47:083  INFO 19200 --- [main] com.alibaba.nacos.common.remote.client   : [ef34101b-07a9-459b-8a4c-d36d3d021722] Try to connect to server on start up, server: {serverIp = '192.168.150.102', server main port = 8848}
19:22:50:090 ERROR 19200 --- [main] c.a.n.c.remote.client.grpc.GrpcClient    : Server check fail, please check server 192.168.150.102 ,port 9848 is available , error ={}

java.util.concurrent.TimeoutException: Waited 3000 milliseconds (plus 6 milliseconds, 37100 nanoseconds delay) for com.alibaba.nacos.shaded.io.grpc.stub.ClientCalls$GrpcFuture@637506d8[status=PENDING, info=[GrpcFuture{clientCall={delegate={delegate=ClientCallImpl{method=MethodDescriptor{fullMethodName=Request/request, type=UNARY, idempotent=false, safe=false, sampledToLocalTracing=true, requestMarshaller=com.alibaba.nacos.shaded.io.grpc.protobuf.lite.ProtoLiteUtils$MessageMarshaller@54970127, responseMarshaller=com.alibaba.nacos.shaded.io.grpc.protobuf.lite.ProtoLiteUtils$MessageMarshaller@3c4c7e51, schemaDescriptor=com.alibaba.nacos.api.grpc.auto.RequestGrpc$RequestMethodDescriptorSupplier@749ee0e3}}}}}]]
	at com.alibaba.nacos.shaded.com.google.common.util.concurrent.AbstractFuture.get(AbstractFuture.java:508) ~[nacos-client-2.0.4.jar:na]
	at com.alibaba.nacos.common.remote.client.grpc.GrpcClient.serverCheck(GrpcClient.java:148) ~[nacos-client-2.0.4.jar:na]
	at com.alibaba.nacos.common.remote.client.grpc.GrpcClient.connectToServer(GrpcClient.java:264) ~[nacos-client-2.0.4.jar:na]
	at com.alibaba.nacos.common.remote.client.RpcClient.start(RpcClient.java:390) ~[nacos-client-2.0.4.jar:na]
	at com.alibaba.nacos.client.naming.remote.gprc.NamingGrpcClientProxy.start(NamingGrpcClientProxy.java:96) ~[nacos-client-2.0.4.jar:na]
	at com.alibaba.nacos.client.naming.remote.gprc.NamingGrpcClientProxy.<init>(NamingGrpcClientProxy.java:89) ~[nacos-client-2.0.4.jar:na]
	at com.alibaba.nacos.client.naming.remote.NamingClientProxyDelegate.<init>(NamingClientProxyDelegate.java:76) ~[nacos-client-2.0.4.jar:na]
	at com.alibaba.nacos.client.naming.NacosNamingService.init(NacosNamingService.java:95) ~[nacos-client-2.0.4.jar:na]
	at com.alibaba.nacos.client.naming.NacosNamingService.<init>(NacosNamingService.java:81) ~[nacos-client-2.0.4.jar:na]
	at java.base/jdk.internal.reflect.NativeConstructorAccessorImpl.newInstance0(Native Method) ~[na:na]
	at java.base/jdk.internal.reflect.NativeConstructorAccessorImpl.newInstance(NativeConstructorAccessorImpl.java:62) ~[na:na]
	at java.base/jdk.internal.reflect.DelegatingConstructorAccessorImpl.newInstance(DelegatingConstructorAccessorImpl.java:45) ~[na:na]
	at java.base/java.lang.reflect.Constructor.newInstance(Constructor.java:490) ~[na:na]
	at com.alibaba.nacos.api.naming.NamingFactory.createNamingService(NamingFactory.java:59) ~[nacos-client-2.0.4.jar:na]
	at com.alibaba.nacos.api.NacosFactory.createNamingService(NacosFactory.java:77) ~[nacos-client-2.0.4.jar:na]
	at com.alibaba.cloud.nacos.NacosServiceManager.createNewNamingService(NacosServiceManager.java:99) ~[spring-cloud-starter-alibaba-nacos-discovery-2021.0.4.0.jar:2021.0.4.0]
	at com.alibaba.cloud.nacos.NacosServiceManager.buildNamingService(NacosServiceManager.java:90) ~[spring-cloud-starter-alibaba-nacos-discovery-2021.0.4.0.jar:2021.0.4.0]
	at com.alibaba.cloud.nacos.NacosServiceManager.getNamingService(NacosServiceManager.java:46) ~[spring-cloud-starter-alibaba-nacos-discovery-2021.0.4.0.jar:2021.0.4.0]
	at com.alibaba.cloud.nacos.discovery.NacosWatch.stop(NacosWatch.java:173) ~[spring-cloud-starter-alibaba-nacos-discovery-2021.0.4.0.jar:2021.0.4.0]
	at com.alibaba.cloud.nacos.discovery.NacosWatch.destroy(NacosWatch.java:204) ~[spring-cloud-starter-alibaba-nacos-discovery-2021.0.4.0.jar:2021.0.4.0]
	at org.springframework.beans.factory.support.DisposableBeanAdapter.destroy(DisposableBeanAdapter.java:213) ~[spring-beans-5.3.27.jar:5.3.27]
	at org.springframework.beans.factory.support.DefaultSingletonBeanRegistry.destroyBean(DefaultSingletonBeanRegistry.java:587) ~[spring-beans-5.3.27.jar:5.3.27]
	at org.springframework.beans.factory.support.DefaultSingletonBeanRegistry.destroySingleton(DefaultSingletonBeanRegistry.java:559) ~[spring-beans-5.3.27.jar:5.3.27]
	at org.springframework.beans.factory.support.DefaultListableBeanFactory.destroySingleton(DefaultListableBeanFactory.java:1163) ~[spring-beans-5.3.27.jar:5.3.27]
	at org.springframework.beans.factory.support.DefaultSingletonBeanRegistry.destroySingletons(DefaultSingletonBeanRegistry.java:520) ~[spring-beans-5.3.27.jar:5.3.27]
	at org.springframework.beans.factory.support.DefaultListableBeanFactory.destroySingletons(DefaultListableBeanFactory.java:1156) ~[spring-beans-5.3.27.jar:5.3.27]
	at org.springframework.context.support.AbstractApplicationContext.destroyBeans(AbstractApplicationContext.java:1108) ~[spring-context-5.3.27.jar:5.3.27]
	at org.springframework.context.support.AbstractApplicationContext.refresh(AbstractApplicationContext.java:596) ~[spring-context-5.3.27.jar:5.3.27]
	at org.springframework.boot.web.servlet.context.ServletWebServerApplicationContext.refresh(ServletWebServerApplicationContext.java:147) ~[spring-boot-2.7.12.jar:2.7.12]
	at org.springframework.boot.SpringApplication.refresh(SpringApplication.java:731) ~[spring-boot-2.7.12.jar:2.7.12]
	at org.springframework.boot.SpringApplication.refreshContext(SpringApplication.java:408) ~[spring-boot-2.7.12.jar:2.7.12]
	at org.springframework.boot.SpringApplication.run(SpringApplication.java:307) ~[spring-boot-2.7.12.jar:2.7.12]
	at org.springframework.boot.SpringApplication.run(SpringApplication.java:1303) ~[spring-boot-2.7.12.jar:2.7.12]
	at org.springframework.boot.SpringApplication.run(SpringApplication.java:1292) ~[spring-boot-2.7.12.jar:2.7.12]
	at com.hmall.item.itemApplication.main(itemApplication.java:11) ~[classes/:na]

19:22:50:091  INFO 19200 --- [main] com.alibaba.nacos.common.remote.client   : [ef34101b-07a9-459b-8a4c-d36d3d021722] Try to connect to server on start up, server: {serverIp = '192.168.150.102', server main port = 8848}
19:22:53:107 ERROR 19200 --- [main] c.a.n.c.remote.client.grpc.GrpcClient    : Server check fail, please check server 192.168.150.102 ,port 9848 is available , error ={}

java.util.concurrent.TimeoutException: Waited 3000 milliseconds (plus 15 milliseconds, 112900 nanoseconds delay) for com.alibaba.nacos.shaded.io.grpc.stub.ClientCalls$GrpcFuture@64fc6470[status=PENDING, info=[GrpcFuture{clientCall={delegate={delegate=ClientCallImpl{method=MethodDescriptor{fullMethodName=Request/request, type=UNARY, idempotent=false, safe=false, sampledToLocalTracing=true, requestMarshaller=com.alibaba.nacos.shaded.io.grpc.protobuf.lite.ProtoLiteUtils$MessageMarshaller@54970127, responseMarshaller=com.alibaba.nacos.shaded.io.grpc.protobuf.lite.ProtoLiteUtils$MessageMarshaller@3c4c7e51, schemaDescriptor=com.alibaba.nacos.api.grpc.auto.RequestGrpc$RequestMethodDescriptorSupplier@749ee0e3}}}}}]]
	at com.alibaba.nacos.shaded.com.google.common.util.concurrent.AbstractFuture.get(AbstractFuture.java:508) ~[nacos-client-2.0.4.jar:na]
	at com.alibaba.nacos.common.remote.client.grpc.GrpcClient.serverCheck(GrpcClient.java:148) ~[nacos-client-2.0.4.jar:na]
	at com.alibaba.nacos.common.remote.client.grpc.GrpcClient.connectToServer(GrpcClient.java:264) ~[nacos-client-2.0.4.jar:na]
	at com.alibaba.nacos.common.remote.client.RpcClient.start(RpcClient.java:390) ~[nacos-client-2.0.4.jar:na]
	at com.alibaba.nacos.client.naming.remote.gprc.NamingGrpcClientProxy.start(NamingGrpcClientProxy.java:96) ~[nacos-client-2.0.4.jar:na]
	at com.alibaba.nacos.client.naming.remote.gprc.NamingGrpcClientProxy.<init>(NamingGrpcClientProxy.java:89) ~[nacos-client-2.0.4.jar:na]
	at com.alibaba.nacos.client.naming.remote.NamingClientProxyDelegate.<init>(NamingClientProxyDelegate.java:76) ~[nacos-client-2.0.4.jar:na]
	at com.alibaba.nacos.client.naming.NacosNamingService.init(NacosNamingService.java:95) ~[nacos-client-2.0.4.jar:na]
	at com.alibaba.nacos.client.naming.NacosNamingService.<init>(NacosNamingService.java:81) ~[nacos-client-2.0.4.jar:na]
	at java.base/jdk.internal.reflect.NativeConstructorAccessorImpl.newInstance0(Native Method) ~[na:na]
	at java.base/jdk.internal.reflect.NativeConstructorAccessorImpl.newInstance(NativeConstructorAccessorImpl.java:62) ~[na:na]
	at java.base/jdk.internal.reflect.DelegatingConstructorAccessorImpl.newInstance(DelegatingConstructorAccessorImpl.java:45) ~[na:na]
	at java.base/java.lang.reflect.Constructor.newInstance(Constructor.java:490) ~[na:na]
	at com.alibaba.nacos.api.naming.NamingFactory.createNamingService(NamingFactory.java:59) ~[nacos-client-2.0.4.jar:na]
	at com.alibaba.nacos.api.NacosFactory.createNamingService(NacosFactory.java:77) ~[nacos-client-2.0.4.jar:na]
	at com.alibaba.cloud.nacos.NacosServiceManager.createNewNamingService(NacosServiceManager.java:99) ~[spring-cloud-starter-alibaba-nacos-discovery-2021.0.4.0.jar:2021.0.4.0]
	at com.alibaba.cloud.nacos.NacosServiceManager.buildNamingService(NacosServiceManager.java:90) ~[spring-cloud-starter-alibaba-nacos-discovery-2021.0.4.0.jar:2021.0.4.0]
	at com.alibaba.cloud.nacos.NacosServiceManager.getNamingService(NacosServiceManager.java:46) ~[spring-cloud-starter-alibaba-nacos-discovery-2021.0.4.0.jar:2021.0.4.0]
	at com.alibaba.cloud.nacos.discovery.NacosWatch.stop(NacosWatch.java:173) ~[spring-cloud-starter-alibaba-nacos-discovery-2021.0.4.0.jar:2021.0.4.0]
	at com.alibaba.cloud.nacos.discovery.NacosWatch.destroy(NacosWatch.java:204) ~[spring-cloud-starter-alibaba-nacos-discovery-2021.0.4.0.jar:2021.0.4.0]
	at org.springframework.beans.factory.support.DisposableBeanAdapter.destroy(DisposableBeanAdapter.java:213) ~[spring-beans-5.3.27.jar:5.3.27]
	at org.springframework.beans.factory.support.DefaultSingletonBeanRegistry.destroyBean(DefaultSingletonBeanRegistry.java:587) ~[spring-beans-5.3.27.jar:5.3.27]
	at org.springframework.beans.factory.support.DefaultSingletonBeanRegistry.destroySingleton(DefaultSingletonBeanRegistry.java:559) ~[spring-beans-5.3.27.jar:5.3.27]
	at org.springframework.beans.factory.support.DefaultListableBeanFactory.destroySingleton(DefaultListableBeanFactory.java:1163) ~[spring-beans-5.3.27.jar:5.3.27]
	at org.springframework.beans.factory.support.DefaultSingletonBeanRegistry.destroySingletons(DefaultSingletonBeanRegistry.java:520) ~[spring-beans-5.3.27.jar:5.3.27]
	at org.springframework.beans.factory.support.DefaultListableBeanFactory.destroySingletons(DefaultListableBeanFactory.java:1156) ~[spring-beans-5.3.27.jar:5.3.27]
	at org.springframework.context.support.AbstractApplicationContext.destroyBeans(AbstractApplicationContext.java:1108) ~[spring-context-5.3.27.jar:5.3.27]
	at org.springframework.context.support.AbstractApplicationContext.refresh(AbstractApplicationContext.java:596) ~[spring-context-5.3.27.jar:5.3.27]
	at org.springframework.boot.web.servlet.context.ServletWebServerApplicationContext.refresh(ServletWebServerApplicationContext.java:147) ~[spring-boot-2.7.12.jar:2.7.12]
	at org.springframework.boot.SpringApplication.refresh(SpringApplication.java:731) ~[spring-boot-2.7.12.jar:2.7.12]
	at org.springframework.boot.SpringApplication.refreshContext(SpringApplication.java:408) ~[spring-boot-2.7.12.jar:2.7.12]
	at org.springframework.boot.SpringApplication.run(SpringApplication.java:307) ~[spring-boot-2.7.12.jar:2.7.12]
	at org.springframework.boot.SpringApplication.run(SpringApplication.java:1303) ~[spring-boot-2.7.12.jar:2.7.12]
	at org.springframework.boot.SpringApplication.run(SpringApplication.java:1292) ~[spring-boot-2.7.12.jar:2.7.12]
	at com.hmall.item.itemApplication.main(itemApplication.java:11) ~[classes/:na]

19:22:53:108  INFO 19200 --- [main] com.alibaba.nacos.common.remote.client   : [ef34101b-07a9-459b-8a4c-d36d3d021722] Register server push request handler:com.alibaba.nacos.common.remote.client.RpcClient$ConnectResetRequestHandler
19:22:53:108  INFO 19200 --- [com.alibaba.nacos.client.remote.worker] com.alibaba.nacos.common.remote.client   : [ef34101b-07a9-459b-8a4c-d36d3d021722] Try to reconnect to a new server, server is  not appointed, will choose a random server.
19:22:53:109  INFO 19200 --- [main] com.alibaba.nacos.common.remote.client   : [ef34101b-07a9-459b-8a4c-d36d3d021722] Register server push request handler:com.alibaba.nacos.common.remote.client.RpcClient$$Lambda$902/0x0000000800678840
19:22:53:219 ERROR 19200 --- [main] com.alibaba.nacos.common.remote.client   : Send request fail, request = SubscribeServiceRequest{headers={app=unknown}, requestId='null'}, retryTimes = 0, errorMessage = Client not connected, current status:STARTING
19:22:53:329 ERROR 19200 --- [main] com.alibaba.nacos.common.remote.client   : Send request fail, request = SubscribeServiceRequest{headers={app=unknown}, requestId='null'}, retryTimes = 1, errorMessage = Client not connected, current status:STARTING
19:22:53:439 ERROR 19200 --- [main] com.alibaba.nacos.common.remote.client   : Send request fail, request = SubscribeServiceRequest{headers={app=unknown}, requestId='null'}, retryTimes = 2, errorMessage = Client not connected, current status:STARTING
19:22:53:439 ERROR 19200 --- [main] c.a.cloud.nacos.discovery.NacosWatch     : namingService unsubscribe failed, properties:NacosDiscoveryProperties{serverAddr='192.168.150.102:8848', username='', password='', endpoint='', namespace='', watchDelay=30000, logName='', service='item-service', weight=1.0, clusterName='DEFAULT', group='DEFAULT_GROUP', namingLoadCacheAtStart='false', metadata={preserved.register.source=SPRING_CLOUD}, registerEnabled=true, ip='192.168.220.1', networkInterface='', port=8081, secure=false, accessKey='', secretKey='', heartBeatInterval=null, heartBeatTimeout=null, ipDeleteTimeout=null, instanceEnabled=true, ephemeral=true, failureToleranceEnabled=false}, ipDeleteTimeout=null, failFast=true}

com.alibaba.nacos.api.exception.NacosException: Request nacos server failed: 
	at com.alibaba.nacos.client.naming.remote.gprc.NamingGrpcClientProxy.requestToServer(NamingGrpcClientProxy.java:290) ~[nacos-client-2.0.4.jar:na]
	at com.alibaba.nacos.client.naming.remote.gprc.NamingGrpcClientProxy.doUnsubscribe(NamingGrpcClientProxy.java:260) ~[nacos-client-2.0.4.jar:na]
	at com.alibaba.nacos.client.naming.remote.gprc.NamingGrpcClientProxy.unsubscribe(NamingGrpcClientProxy.java:241) ~[nacos-client-2.0.4.jar:na]
	at com.alibaba.nacos.client.naming.remote.NamingClientProxyDelegate.unsubscribe(NamingClientProxyDelegate.java:157) ~[nacos-client-2.0.4.jar:na]
	at com.alibaba.nacos.client.naming.NacosNamingService.unsubscribe(NacosNamingService.java:417) ~[nacos-client-2.0.4.jar:na]
	at com.alibaba.cloud.nacos.discovery.NacosWatch.stop(NacosWatch.java:174) ~[spring-cloud-starter-alibaba-nacos-discovery-2021.0.4.0.jar:2021.0.4.0]
	at com.alibaba.cloud.nacos.discovery.NacosWatch.destroy(NacosWatch.java:204) ~[spring-cloud-starter-alibaba-nacos-discovery-2021.0.4.0.jar:2021.0.4.0]
	at org.springframework.beans.factory.support.DisposableBeanAdapter.destroy(DisposableBeanAdapter.java:213) ~[spring-beans-5.3.27.jar:5.3.27]
	at org.springframework.beans.factory.support.DefaultSingletonBeanRegistry.destroyBean(DefaultSingletonBeanRegistry.java:587) ~[spring-beans-5.3.27.jar:5.3.27]
	at org.springframework.beans.factory.support.DefaultSingletonBeanRegistry.destroySingleton(DefaultSingletonBeanRegistry.java:559) ~[spring-beans-5.3.27.jar:5.3.27]
	at org.springframework.beans.factory.support.DefaultListableBeanFactory.destroySingleton(DefaultListableBeanFactory.java:1163) ~[spring-beans-5.3.27.jar:5.3.27]
	at org.springframework.beans.factory.support.DefaultSingletonBeanRegistry.destroySingletons(DefaultSingletonBeanRegistry.java:520) ~[spring-beans-5.3.27.jar:5.3.27]
	at org.springframework.beans.factory.support.DefaultListableBeanFactory.destroySingletons(DefaultListableBeanFactory.java:1156) ~[spring-beans-5.3.27.jar:5.3.27]
	at org.springframework.context.support.AbstractApplicationContext.destroyBeans(AbstractApplicationContext.java:1108) ~[spring-context-5.3.27.jar:5.3.27]
	at org.springframework.context.support.AbstractApplicationContext.refresh(AbstractApplicationContext.java:596) ~[spring-context-5.3.27.jar:5.3.27]
	at org.springframework.boot.web.servlet.context.ServletWebServerApplicationContext.refresh(ServletWebServerApplicationContext.java:147) ~[spring-boot-2.7.12.jar:2.7.12]
	at org.springframework.boot.SpringApplication.refresh(SpringApplication.java:731) ~[spring-boot-2.7.12.jar:2.7.12]
	at org.springframework.boot.SpringApplication.refreshContext(SpringApplication.java:408) ~[spring-boot-2.7.12.jar:2.7.12]
	at org.springframework.boot.SpringApplication.run(SpringApplication.java:307) ~[spring-boot-2.7.12.jar:2.7.12]
	at org.springframework.boot.SpringApplication.run(SpringApplication.java:1303) ~[spring-boot-2.7.12.jar:2.7.12]
	at org.springframework.boot.SpringApplication.run(SpringApplication.java:1292) ~[spring-boot-2.7.12.jar:2.7.12]
	at com.hmall.item.itemApplication.main(itemApplication.java:11) ~[classes/:na]
Caused by: com.alibaba.nacos.api.exception.NacosException: Client not connected, current status:STARTING
	at com.alibaba.nacos.common.remote.client.RpcClient.request(RpcClient.java:650) ~[nacos-client-2.0.4.jar:na]
	at com.alibaba.nacos.common.remote.client.RpcClient.request(RpcClient.java:630) ~[nacos-client-2.0.4.jar:na]
	at com.alibaba.nacos.client.naming.remote.gprc.NamingGrpcClientProxy.requestToServer(NamingGrpcClientProxy.java:280) ~[nacos-client-2.0.4.jar:na]
	... 21 common frames omitted

19:55:01:326  INFO 27572 --- [main] com.hmall.item.itemApplication           : Starting itemApplication using Java 11.0.31 on LAPTOP-16OT1L5F with PID 27572 (G:\hmall\backend\item-service\target\classes started by 18071 in G:\hmall\backend)
19:55:01:327 DEBUG 27572 --- [main] com.hmall.item.itemApplication           : Running with Spring Boot v2.7.12, Spring v5.3.27
19:55:01:328  INFO 27572 --- [main] com.hmall.item.itemApplication           : The following 1 profile is active: "dev"
19:55:02:166  INFO 27572 --- [main] o.s.cloud.context.scope.GenericScope     : BeanFactory id=bf25bcc3-a239-3758-b712-9a6061f3f4ed
19:55:02:499  INFO 27572 --- [main] o.s.b.w.embedded.tomcat.TomcatWebServer  : Tomcat initialized with port(s): 8081 (http)
19:55:02:509  INFO 27572 --- [main] o.apache.catalina.core.StandardService   : Starting service [Tomcat]
19:55:02:509  INFO 27572 --- [main] org.apache.catalina.core.StandardEngine  : Starting Servlet engine: [Apache Tomcat/9.0.75]
19:55:02:646  INFO 27572 --- [main] o.a.c.c.C.[Tomcat].[localhost].[/]       : Initializing Spring embedded WebApplicationContext
19:55:02:646  INFO 27572 --- [main] w.s.c.ServletWebServerApplicationContext : Root WebApplicationContext: initialization completed in 1286 ms
19:55:07:736  INFO 27572 --- [main] pertySourcedRequestMappingHandlerMapping : Mapped URL path [/v2/api-docs] onto method [springfox.documentation.swagger2.web.Swagger2ControllerWebMvc#getDocumentation(String, HttpServletRequest)]
19:55:08:748  INFO 27572 --- [main] com.alibaba.nacos.common.remote.client   : [RpcClientFactory] create a new rpc client of 0f5e3771-b5e2-426f-86eb-9be077c35741
19:55:08:784  INFO 27572 --- [main] org.reflections.Reflections              : Reflections took 19 ms to scan 1 urls, producing 3 keys and 6 values 
19:55:08:808  INFO 27572 --- [main] org.reflections.Reflections              : Reflections took 7 ms to scan 1 urls, producing 4 keys and 9 values 
19:55:08:823  INFO 27572 --- [main] org.reflections.Reflections              : Reflections took 11 ms to scan 1 urls, producing 3 keys and 10 values 
19:55:08:827  WARN 27572 --- [main] org.reflections.Reflections              : given scan urls are empty. set urls in the configuration
19:55:08:836  INFO 27572 --- [main] org.reflections.Reflections              : Reflections took 9 ms to scan 1 urls, producing 1 keys and 5 values 
19:55:08:845  INFO 27572 --- [main] org.reflections.Reflections              : Reflections took 7 ms to scan 1 urls, producing 1 keys and 7 values 
19:55:08:853  INFO 27572 --- [main] org.reflections.Reflections              : Reflections took 6 ms to scan 1 urls, producing 2 keys and 8 values 
19:55:08:855  WARN 27572 --- [main] org.reflections.Reflections              : given scan urls are empty. set urls in the configuration
19:55:08:856  INFO 27572 --- [main] com.alibaba.nacos.common.remote.client   : [0f5e3771-b5e2-426f-86eb-9be077c35741] RpcClient init label, labels = {module=naming, source=sdk}
19:55:08:858  INFO 27572 --- [main] com.alibaba.nacos.common.remote.client   : [0f5e3771-b5e2-426f-86eb-9be077c35741] RpcClient init, ServerListFactory = com.alibaba.nacos.client.naming.core.ServerListManager
19:55:08:858  INFO 27572 --- [main] com.alibaba.nacos.common.remote.client   : [0f5e3771-b5e2-426f-86eb-9be077c35741] Registry connection listener to current client:com.alibaba.nacos.client.naming.remote.gprc.redo.NamingGrpcRedoService
19:55:08:858  INFO 27572 --- [main] com.alibaba.nacos.common.remote.client   : [0f5e3771-b5e2-426f-86eb-9be077c35741] Register server push request handler:com.alibaba.nacos.client.naming.remote.gprc.NamingPushRequestHandler
19:55:08:860  INFO 27572 --- [main] com.alibaba.nacos.common.remote.client   : [0f5e3771-b5e2-426f-86eb-9be077c35741] Try to connect to server on start up, server: {serverIp = '192.168.150.102', server main port = 8848}
19:55:12:743 ERROR 27572 --- [main] c.a.n.c.remote.client.grpc.GrpcClient    : Server check fail, please check server 192.168.150.102 ,port 9848 is available , error ={}

java.util.concurrent.TimeoutException: Waited 3000 milliseconds (plus 9 milliseconds, 216900 nanoseconds delay) for com.alibaba.nacos.shaded.io.grpc.stub.ClientCalls$GrpcFuture@55b45ea1[status=PENDING, info=[GrpcFuture{clientCall={delegate={delegate=ClientCallImpl{method=MethodDescriptor{fullMethodName=Request/request, type=UNARY, idempotent=false, safe=false, sampledToLocalTracing=true, requestMarshaller=com.alibaba.nacos.shaded.io.grpc.protobuf.lite.ProtoLiteUtils$MessageMarshaller@1df32c09, responseMarshaller=com.alibaba.nacos.shaded.io.grpc.protobuf.lite.ProtoLiteUtils$MessageMarshaller@1aa31454, schemaDescriptor=com.alibaba.nacos.api.grpc.auto.RequestGrpc$RequestMethodDescriptorSupplier@5a8656a2}}}}}]]
	at com.alibaba.nacos.shaded.com.google.common.util.concurrent.AbstractFuture.get(AbstractFuture.java:508) ~[nacos-client-2.0.4.jar:na]
	at com.alibaba.nacos.common.remote.client.grpc.GrpcClient.serverCheck(GrpcClient.java:148) ~[nacos-client-2.0.4.jar:na]
	at com.alibaba.nacos.common.remote.client.grpc.GrpcClient.connectToServer(GrpcClient.java:264) ~[nacos-client-2.0.4.jar:na]
	at com.alibaba.nacos.common.remote.client.RpcClient.start(RpcClient.java:390) ~[nacos-client-2.0.4.jar:na]
	at com.alibaba.nacos.client.naming.remote.gprc.NamingGrpcClientProxy.start(NamingGrpcClientProxy.java:96) ~[nacos-client-2.0.4.jar:na]
	at com.alibaba.nacos.client.naming.remote.gprc.NamingGrpcClientProxy.<init>(NamingGrpcClientProxy.java:89) ~[nacos-client-2.0.4.jar:na]
	at com.alibaba.nacos.client.naming.remote.NamingClientProxyDelegate.<init>(NamingClientProxyDelegate.java:76) ~[nacos-client-2.0.4.jar:na]
	at com.alibaba.nacos.client.naming.NacosNamingService.init(NacosNamingService.java:95) ~[nacos-client-2.0.4.jar:na]
	at com.alibaba.nacos.client.naming.NacosNamingService.<init>(NacosNamingService.java:81) ~[nacos-client-2.0.4.jar:na]
	at java.base/jdk.internal.reflect.NativeConstructorAccessorImpl.newInstance0(Native Method) ~[na:na]
	at java.base/jdk.internal.reflect.NativeConstructorAccessorImpl.newInstance(NativeConstructorAccessorImpl.java:62) ~[na:na]
	at java.base/jdk.internal.reflect.DelegatingConstructorAccessorImpl.newInstance(DelegatingConstructorAccessorImpl.java:45) ~[na:na]
	at java.base/java.lang.reflect.Constructor.newInstance(Constructor.java:490) ~[na:na]
	at com.alibaba.nacos.api.naming.NamingFactory.createNamingService(NamingFactory.java:59) ~[nacos-client-2.0.4.jar:na]
	at com.alibaba.nacos.api.NacosFactory.createNamingService(NacosFactory.java:77) ~[nacos-client-2.0.4.jar:na]
	at com.alibaba.cloud.nacos.NacosServiceManager.createNewNamingService(NacosServiceManager.java:99) ~[spring-cloud-starter-alibaba-nacos-discovery-2021.0.4.0.jar:2021.0.4.0]
	at com.alibaba.cloud.nacos.NacosServiceManager.buildNamingService(NacosServiceManager.java:90) ~[spring-cloud-starter-alibaba-nacos-discovery-2021.0.4.0.jar:2021.0.4.0]
	at com.alibaba.cloud.nacos.NacosServiceManager.getNamingService(NacosServiceManager.java:46) ~[spring-cloud-starter-alibaba-nacos-discovery-2021.0.4.0.jar:2021.0.4.0]
	at com.alibaba.cloud.nacos.discovery.NacosWatch.start(NacosWatch.java:130) ~[spring-cloud-starter-alibaba-nacos-discovery-2021.0.4.0.jar:2021.0.4.0]
	at org.springframework.context.support.DefaultLifecycleProcessor.doStart(DefaultLifecycleProcessor.java:178) ~[spring-context-5.3.27.jar:5.3.27]
	at org.springframework.context.support.DefaultLifecycleProcessor.access$200(DefaultLifecycleProcessor.java:54) ~[spring-context-5.3.27.jar:5.3.27]
	at org.springframework.context.support.DefaultLifecycleProcessor$LifecycleGroup.start(DefaultLifecycleProcessor.java:356) ~[spring-context-5.3.27.jar:5.3.27]
	at java.base/java.lang.Iterable.forEach(Iterable.java:75) ~[na:na]
	at org.springframework.context.support.DefaultLifecycleProcessor.startBeans(DefaultLifecycleProcessor.java:155) ~[spring-context-5.3.27.jar:5.3.27]
	at org.springframework.context.support.DefaultLifecycleProcessor.onRefresh(DefaultLifecycleProcessor.java:123) ~[spring-context-5.3.27.jar:5.3.27]
	at org.springframework.context.support.AbstractApplicationContext.finishRefresh(AbstractApplicationContext.java:937) ~[spring-context-5.3.27.jar:5.3.27]
	at org.springframework.context.support.AbstractApplicationContext.refresh(AbstractApplicationContext.java:586) ~[spring-context-5.3.27.jar:5.3.27]
	at org.springframework.boot.web.servlet.context.ServletWebServerApplicationContext.refresh(ServletWebServerApplicationContext.java:147) ~[spring-boot-2.7.12.jar:2.7.12]
	at org.springframework.boot.SpringApplication.refresh(SpringApplication.java:731) ~[spring-boot-2.7.12.jar:2.7.12]
	at org.springframework.boot.SpringApplication.refreshContext(SpringApplication.java:408) ~[spring-boot-2.7.12.jar:2.7.12]
	at org.springframework.boot.SpringApplication.run(SpringApplication.java:307) ~[spring-boot-2.7.12.jar:2.7.12]
	at org.springframework.boot.SpringApplication.run(SpringApplication.java:1303) ~[spring-boot-2.7.12.jar:2.7.12]
	at org.springframework.boot.SpringApplication.run(SpringApplication.java:1292) ~[spring-boot-2.7.12.jar:2.7.12]
	at com.hmall.item.itemApplication.main(itemApplication.java:11) ~[classes/:na]

19:55:12:749  INFO 27572 --- [main] com.alibaba.nacos.common.remote.client   : [0f5e3771-b5e2-426f-86eb-9be077c35741] Try to connect to server on start up, server: {serverIp = '192.168.150.102', server main port = 8848}
19:55:15:765 ERROR 27572 --- [main] c.a.n.c.remote.client.grpc.GrpcClient    : Server check fail, please check server 192.168.150.102 ,port 9848 is available , error ={}

java.util.concurrent.TimeoutException: Waited 3000 milliseconds (plus 14 milliseconds, 423700 nanoseconds delay) for com.alibaba.nacos.shaded.io.grpc.stub.ClientCalls$GrpcFuture@6247c08c[status=PENDING, info=[GrpcFuture{clientCall={delegate={delegate=ClientCallImpl{method=MethodDescriptor{fullMethodName=Request/request, type=UNARY, idempotent=false, safe=false, sampledToLocalTracing=true, requestMarshaller=com.alibaba.nacos.shaded.io.grpc.protobuf.lite.ProtoLiteUtils$MessageMarshaller@1df32c09, responseMarshaller=com.alibaba.nacos.shaded.io.grpc.protobuf.lite.ProtoLiteUtils$MessageMarshaller@1aa31454, schemaDescriptor=com.alibaba.nacos.api.grpc.auto.RequestGrpc$RequestMethodDescriptorSupplier@5a8656a2}}}}}]]
	at com.alibaba.nacos.shaded.com.google.common.util.concurrent.AbstractFuture.get(AbstractFuture.java:508) ~[nacos-client-2.0.4.jar:na]
	at com.alibaba.nacos.common.remote.client.grpc.GrpcClient.serverCheck(GrpcClient.java:148) ~[nacos-client-2.0.4.jar:na]
	at com.alibaba.nacos.common.remote.client.grpc.GrpcClient.connectToServer(GrpcClient.java:264) ~[nacos-client-2.0.4.jar:na]
	at com.alibaba.nacos.common.remote.client.RpcClient.start(RpcClient.java:390) ~[nacos-client-2.0.4.jar:na]
	at com.alibaba.nacos.client.naming.remote.gprc.NamingGrpcClientProxy.start(NamingGrpcClientProxy.java:96) ~[nacos-client-2.0.4.jar:na]
	at com.alibaba.nacos.client.naming.remote.gprc.NamingGrpcClientProxy.<init>(NamingGrpcClientProxy.java:89) ~[nacos-client-2.0.4.jar:na]
	at com.alibaba.nacos.client.naming.remote.NamingClientProxyDelegate.<init>(NamingClientProxyDelegate.java:76) ~[nacos-client-2.0.4.jar:na]
	at com.alibaba.nacos.client.naming.NacosNamingService.init(NacosNamingService.java:95) ~[nacos-client-2.0.4.jar:na]
	at com.alibaba.nacos.client.naming.NacosNamingService.<init>(NacosNamingService.java:81) ~[nacos-client-2.0.4.jar:na]
	at java.base/jdk.internal.reflect.NativeConstructorAccessorImpl.newInstance0(Native Method) ~[na:na]
	at java.base/jdk.internal.reflect.NativeConstructorAccessorImpl.newInstance(NativeConstructorAccessorImpl.java:62) ~[na:na]
	at java.base/jdk.internal.reflect.DelegatingConstructorAccessorImpl.newInstance(DelegatingConstructorAccessorImpl.java:45) ~[na:na]
	at java.base/java.lang.reflect.Constructor.newInstance(Constructor.java:490) ~[na:na]
	at com.alibaba.nacos.api.naming.NamingFactory.createNamingService(NamingFactory.java:59) ~[nacos-client-2.0.4.jar:na]
	at com.alibaba.nacos.api.NacosFactory.createNamingService(NacosFactory.java:77) ~[nacos-client-2.0.4.jar:na]
	at com.alibaba.cloud.nacos.NacosServiceManager.createNewNamingService(NacosServiceManager.java:99) ~[spring-cloud-starter-alibaba-nacos-discovery-2021.0.4.0.jar:2021.0.4.0]
	at com.alibaba.cloud.nacos.NacosServiceManager.buildNamingService(NacosServiceManager.java:90) ~[spring-cloud-starter-alibaba-nacos-discovery-2021.0.4.0.jar:2021.0.4.0]
	at com.alibaba.cloud.nacos.NacosServiceManager.getNamingService(NacosServiceManager.java:46) ~[spring-cloud-starter-alibaba-nacos-discovery-2021.0.4.0.jar:2021.0.4.0]
	at com.alibaba.cloud.nacos.discovery.NacosWatch.start(NacosWatch.java:130) ~[spring-cloud-starter-alibaba-nacos-discovery-2021.0.4.0.jar:2021.0.4.0]
	at org.springframework.context.support.DefaultLifecycleProcessor.doStart(DefaultLifecycleProcessor.java:178) ~[spring-context-5.3.27.jar:5.3.27]
	at org.springframework.context.support.DefaultLifecycleProcessor.access$200(DefaultLifecycleProcessor.java:54) ~[spring-context-5.3.27.jar:5.3.27]
	at org.springframework.context.support.DefaultLifecycleProcessor$LifecycleGroup.start(DefaultLifecycleProcessor.java:356) ~[spring-context-5.3.27.jar:5.3.27]
	at java.base/java.lang.Iterable.forEach(Iterable.java:75) ~[na:na]
	at org.springframework.context.support.DefaultLifecycleProcessor.startBeans(DefaultLifecycleProcessor.java:155) ~[spring-context-5.3.27.jar:5.3.27]
	at org.springframework.context.support.DefaultLifecycleProcessor.onRefresh(DefaultLifecycleProcessor.java:123) ~[spring-context-5.3.27.jar:5.3.27]
	at org.springframework.context.support.AbstractApplicationContext.finishRefresh(AbstractApplicationContext.java:937) ~[spring-context-5.3.27.jar:5.3.27]
	at org.springframework.context.support.AbstractApplicationContext.refresh(AbstractApplicationContext.java:586) ~[spring-context-5.3.27.jar:5.3.27]
	at org.springframework.boot.web.servlet.context.ServletWebServerApplicationContext.refresh(ServletWebServerApplicationContext.java:147) ~[spring-boot-2.7.12.jar:2.7.12]
	at org.springframework.boot.SpringApplication.refresh(SpringApplication.java:731) ~[spring-boot-2.7.12.jar:2.7.12]
	at org.springframework.boot.SpringApplication.refreshContext(SpringApplication.java:408) ~[spring-boot-2.7.12.jar:2.7.12]
	at org.springframework.boot.SpringApplication.run(SpringApplication.java:307) ~[spring-boot-2.7.12.jar:2.7.12]
	at org.springframework.boot.SpringApplication.run(SpringApplication.java:1303) ~[spring-boot-2.7.12.jar:2.7.12]
	at org.springframework.boot.SpringApplication.run(SpringApplication.java:1292) ~[spring-boot-2.7.12.jar:2.7.12]
	at com.hmall.item.itemApplication.main(itemApplication.java:11) ~[classes/:na]

19:55:15:766  INFO 27572 --- [main] com.alibaba.nacos.common.remote.client   : [0f5e3771-b5e2-426f-86eb-9be077c35741] Try to connect to server on start up, server: {serverIp = '192.168.150.102', server main port = 8848}
19:55:18:771 ERROR 27572 --- [main] c.a.n.c.remote.client.grpc.GrpcClient    : Server check fail, please check server 192.168.150.102 ,port 9848 is available , error ={}

java.util.concurrent.TimeoutException: Waited 3000 milliseconds (plus 3 milliseconds, 86300 nanoseconds delay) for com.alibaba.nacos.shaded.io.grpc.stub.ClientCalls$GrpcFuture@e2f6e13[status=PENDING, info=[GrpcFuture{clientCall={delegate={delegate=ClientCallImpl{method=MethodDescriptor{fullMethodName=Request/request, type=UNARY, idempotent=false, safe=false, sampledToLocalTracing=true, requestMarshaller=com.alibaba.nacos.shaded.io.grpc.protobuf.lite.ProtoLiteUtils$MessageMarshaller@1df32c09, responseMarshaller=com.alibaba.nacos.shaded.io.grpc.protobuf.lite.ProtoLiteUtils$MessageMarshaller@1aa31454, schemaDescriptor=com.alibaba.nacos.api.grpc.auto.RequestGrpc$RequestMethodDescriptorSupplier@5a8656a2}}}}}]]
	at com.alibaba.nacos.shaded.com.google.common.util.concurrent.AbstractFuture.get(AbstractFuture.java:508) ~[nacos-client-2.0.4.jar:na]
	at com.alibaba.nacos.common.remote.client.grpc.GrpcClient.serverCheck(GrpcClient.java:148) ~[nacos-client-2.0.4.jar:na]
	at com.alibaba.nacos.common.remote.client.grpc.GrpcClient.connectToServer(GrpcClient.java:264) ~[nacos-client-2.0.4.jar:na]
	at com.alibaba.nacos.common.remote.client.RpcClient.start(RpcClient.java:390) ~[nacos-client-2.0.4.jar:na]
	at com.alibaba.nacos.client.naming.remote.gprc.NamingGrpcClientProxy.start(NamingGrpcClientProxy.java:96) ~[nacos-client-2.0.4.jar:na]
	at com.alibaba.nacos.client.naming.remote.gprc.NamingGrpcClientProxy.<init>(NamingGrpcClientProxy.java:89) ~[nacos-client-2.0.4.jar:na]
	at com.alibaba.nacos.client.naming.remote.NamingClientProxyDelegate.<init>(NamingClientProxyDelegate.java:76) ~[nacos-client-2.0.4.jar:na]
	at com.alibaba.nacos.client.naming.NacosNamingService.init(NacosNamingService.java:95) ~[nacos-client-2.0.4.jar:na]
	at com.alibaba.nacos.client.naming.NacosNamingService.<init>(NacosNamingService.java:81) ~[nacos-client-2.0.4.jar:na]
	at java.base/jdk.internal.reflect.NativeConstructorAccessorImpl.newInstance0(Native Method) ~[na:na]
	at java.base/jdk.internal.reflect.NativeConstructorAccessorImpl.newInstance(NativeConstructorAccessorImpl.java:62) ~[na:na]
	at java.base/jdk.internal.reflect.DelegatingConstructorAccessorImpl.newInstance(DelegatingConstructorAccessorImpl.java:45) ~[na:na]
	at java.base/java.lang.reflect.Constructor.newInstance(Constructor.java:490) ~[na:na]
	at com.alibaba.nacos.api.naming.NamingFactory.createNamingService(NamingFactory.java:59) ~[nacos-client-2.0.4.jar:na]
	at com.alibaba.nacos.api.NacosFactory.createNamingService(NacosFactory.java:77) ~[nacos-client-2.0.4.jar:na]
	at com.alibaba.cloud.nacos.NacosServiceManager.createNewNamingService(NacosServiceManager.java:99) ~[spring-cloud-starter-alibaba-nacos-discovery-2021.0.4.0.jar:2021.0.4.0]
	at com.alibaba.cloud.nacos.NacosServiceManager.buildNamingService(NacosServiceManager.java:90) ~[spring-cloud-starter-alibaba-nacos-discovery-2021.0.4.0.jar:2021.0.4.0]
	at com.alibaba.cloud.nacos.NacosServiceManager.getNamingService(NacosServiceManager.java:46) ~[spring-cloud-starter-alibaba-nacos-discovery-2021.0.4.0.jar:2021.0.4.0]
	at com.alibaba.cloud.nacos.discovery.NacosWatch.start(NacosWatch.java:130) ~[spring-cloud-starter-alibaba-nacos-discovery-2021.0.4.0.jar:2021.0.4.0]
	at org.springframework.context.support.DefaultLifecycleProcessor.doStart(DefaultLifecycleProcessor.java:178) ~[spring-context-5.3.27.jar:5.3.27]
	at org.springframework.context.support.DefaultLifecycleProcessor.access$200(DefaultLifecycleProcessor.java:54) ~[spring-context-5.3.27.jar:5.3.27]
	at org.springframework.context.support.DefaultLifecycleProcessor$LifecycleGroup.start(DefaultLifecycleProcessor.java:356) ~[spring-context-5.3.27.jar:5.3.27]
	at java.base/java.lang.Iterable.forEach(Iterable.java:75) ~[na:na]
	at org.springframework.context.support.DefaultLifecycleProcessor.startBeans(DefaultLifecycleProcessor.java:155) ~[spring-context-5.3.27.jar:5.3.27]
	at org.springframework.context.support.DefaultLifecycleProcessor.onRefresh(DefaultLifecycleProcessor.java:123) ~[spring-context-5.3.27.jar:5.3.27]
	at org.springframework.context.support.AbstractApplicationContext.finishRefresh(AbstractApplicationContext.java:937) ~[spring-context-5.3.27.jar:5.3.27]
	at org.springframework.context.support.AbstractApplicationContext.refresh(AbstractApplicationContext.java:586) ~[spring-context-5.3.27.jar:5.3.27]
	at org.springframework.boot.web.servlet.context.ServletWebServerApplicationContext.refresh(ServletWebServerApplicationContext.java:147) ~[spring-boot-2.7.12.jar:2.7.12]
	at org.springframework.boot.SpringApplication.refresh(SpringApplication.java:731) ~[spring-boot-2.7.12.jar:2.7.12]
	at org.springframework.boot.SpringApplication.refreshContext(SpringApplication.java:408) ~[spring-boot-2.7.12.jar:2.7.12]
	at org.springframework.boot.SpringApplication.run(SpringApplication.java:307) ~[spring-boot-2.7.12.jar:2.7.12]
	at org.springframework.boot.SpringApplication.run(SpringApplication.java:1303) ~[spring-boot-2.7.12.jar:2.7.12]
	at org.springframework.boot.SpringApplication.run(SpringApplication.java:1292) ~[spring-boot-2.7.12.jar:2.7.12]
	at com.hmall.item.itemApplication.main(itemApplication.java:11) ~[classes/:na]

19:55:18:772  INFO 27572 --- [com.alibaba.nacos.client.remote.worker] com.alibaba.nacos.common.remote.client   : [0f5e3771-b5e2-426f-86eb-9be077c35741] Try to reconnect to a new server, server is  not appointed, will choose a random server.
19:55:18:773  INFO 27572 --- [main] com.alibaba.nacos.common.remote.client   : [0f5e3771-b5e2-426f-86eb-9be077c35741] Register server push request handler:com.alibaba.nacos.common.remote.client.RpcClient$ConnectResetRequestHandler
19:55:18:774  INFO 27572 --- [main] com.alibaba.nacos.common.remote.client   : [0f5e3771-b5e2-426f-86eb-9be077c35741] Register server push request handler:com.alibaba.nacos.common.remote.client.RpcClient$$Lambda$902/0x0000000800678840
19:55:18:880 ERROR 27572 --- [main] com.alibaba.nacos.common.remote.client   : Send request fail, request = SubscribeServiceRequest{headers={app=unknown}, requestId='null'}, retryTimes = 0, errorMessage = Client not connected, current status:STARTING
19:55:18:989 ERROR 27572 --- [main] com.alibaba.nacos.common.remote.client   : Send request fail, request = SubscribeServiceRequest{headers={app=unknown}, requestId='null'}, retryTimes = 1, errorMessage = Client not connected, current status:STARTING
19:55:19:099 ERROR 27572 --- [main] com.alibaba.nacos.common.remote.client   : Send request fail, request = SubscribeServiceRequest{headers={app=unknown}, requestId='null'}, retryTimes = 2, errorMessage = Client not connected, current status:STARTING
19:55:19:100 ERROR 27572 --- [main] c.a.cloud.nacos.discovery.NacosWatch     : namingService subscribe failed, properties:NacosDiscoveryProperties{serverAddr='192.168.150.102:8848', username='', password='', endpoint='', namespace='', watchDelay=30000, logName='', service='item-service', weight=1.0, clusterName='DEFAULT', group='DEFAULT_GROUP', namingLoadCacheAtStart='false', metadata={preserved.register.source=SPRING_CLOUD}, registerEnabled=true, ip='192.168.220.1', networkInterface='', port=-1, secure=false, accessKey='', secretKey='', heartBeatInterval=null, heartBeatTimeout=null, ipDeleteTimeout=null, instanceEnabled=true, ephemeral=true, failureToleranceEnabled=false}, ipDeleteTimeout=null, failFast=true}

com.alibaba.nacos.api.exception.NacosException: Request nacos server failed: 
	at com.alibaba.nacos.client.naming.remote.gprc.NamingGrpcClientProxy.requestToServer(NamingGrpcClientProxy.java:290) ~[nacos-client-2.0.4.jar:na]
	at com.alibaba.nacos.client.naming.remote.gprc.NamingGrpcClientProxy.doSubscribe(NamingGrpcClientProxy.java:230) ~[nacos-client-2.0.4.jar:na]
	at com.alibaba.nacos.client.naming.remote.gprc.NamingGrpcClientProxy.subscribe(NamingGrpcClientProxy.java:215) ~[nacos-client-2.0.4.jar:na]
	at com.alibaba.nacos.client.naming.remote.NamingClientProxyDelegate.subscribe(NamingClientProxyDelegate.java:147) ~[nacos-client-2.0.4.jar:na]
	at com.alibaba.nacos.client.naming.NacosNamingService.subscribe(NacosNamingService.java:393) ~[nacos-client-2.0.4.jar:na]
	at com.alibaba.cloud.nacos.discovery.NacosWatch.start(NacosWatch.java:132) ~[spring-cloud-starter-alibaba-nacos-discovery-2021.0.4.0.jar:2021.0.4.0]
	at org.springframework.context.support.DefaultLifecycleProcessor.doStart(DefaultLifecycleProcessor.java:178) ~[spring-context-5.3.27.jar:5.3.27]
	at org.springframework.context.support.DefaultLifecycleProcessor.access$200(DefaultLifecycleProcessor.java:54) ~[spring-context-5.3.27.jar:5.3.27]
	at org.springframework.context.support.DefaultLifecycleProcessor$LifecycleGroup.start(DefaultLifecycleProcessor.java:356) ~[spring-context-5.3.27.jar:5.3.27]
	at java.base/java.lang.Iterable.forEach(Iterable.java:75) ~[na:na]
	at org.springframework.context.support.DefaultLifecycleProcessor.startBeans(DefaultLifecycleProcessor.java:155) ~[spring-context-5.3.27.jar:5.3.27]
	at org.springframework.context.support.DefaultLifecycleProcessor.onRefresh(DefaultLifecycleProcessor.java:123) ~[spring-context-5.3.27.jar:5.3.27]
	at org.springframework.context.support.AbstractApplicationContext.finishRefresh(AbstractApplicationContext.java:937) ~[spring-context-5.3.27.jar:5.3.27]
	at org.springframework.context.support.AbstractApplicationContext.refresh(AbstractApplicationContext.java:586) ~[spring-context-5.3.27.jar:5.3.27]
	at org.springframework.boot.web.servlet.context.ServletWebServerApplicationContext.refresh(ServletWebServerApplicationContext.java:147) ~[spring-boot-2.7.12.jar:2.7.12]
	at org.springframework.boot.SpringApplication.refresh(SpringApplication.java:731) ~[spring-boot-2.7.12.jar:2.7.12]
	at org.springframework.boot.SpringApplication.refreshContext(SpringApplication.java:408) ~[spring-boot-2.7.12.jar:2.7.12]
	at org.springframework.boot.SpringApplication.run(SpringApplication.java:307) ~[spring-boot-2.7.12.jar:2.7.12]
	at org.springframework.boot.SpringApplication.run(SpringApplication.java:1303) ~[spring-boot-2.7.12.jar:2.7.12]
	at org.springframework.boot.SpringApplication.run(SpringApplication.java:1292) ~[spring-boot-2.7.12.jar:2.7.12]
	at com.hmall.item.itemApplication.main(itemApplication.java:11) ~[classes/:na]
Caused by: com.alibaba.nacos.api.exception.NacosException: Client not connected, current status:STARTING
	at com.alibaba.nacos.common.remote.client.RpcClient.request(RpcClient.java:650) ~[nacos-client-2.0.4.jar:na]
	at com.alibaba.nacos.common.remote.client.RpcClient.request(RpcClient.java:630) ~[nacos-client-2.0.4.jar:na]
	at com.alibaba.nacos.client.naming.remote.gprc.NamingGrpcClientProxy.requestToServer(NamingGrpcClientProxy.java:280) ~[nacos-client-2.0.4.jar:na]
	... 20 common frames omitted

19:55:19:110  INFO 27572 --- [main] o.s.b.w.embedded.tomcat.TomcatWebServer  : Tomcat started on port(s): 8081 (http) with context path ''
19:55:19:224 ERROR 27572 --- [main] com.alibaba.nacos.common.remote.client   : Send request fail, request = InstanceRequest{headers={app=unknown}, requestId='null'}, retryTimes = 0, errorMessage = Client not connected, current status:STARTING
19:55:19:334 ERROR 27572 --- [main] com.alibaba.nacos.common.remote.client   : Send request fail, request = InstanceRequest{headers={app=unknown}, requestId='null'}, retryTimes = 1, errorMessage = Client not connected, current status:STARTING
19:55:19:443 ERROR 27572 --- [main] com.alibaba.nacos.common.remote.client   : Send request fail, request = InstanceRequest{headers={app=unknown}, requestId='null'}, retryTimes = 2, errorMessage = Client not connected, current status:STARTING
19:55:19:443 ERROR 27572 --- [main] c.a.c.n.registry.NacosServiceRegistry    : nacos registry, item-service register failed...NacosRegistration{nacosDiscoveryProperties=NacosDiscoveryProperties{serverAddr='192.168.150.102:8848', username='', password='', endpoint='', namespace='', watchDelay=30000, logName='', service='item-service', weight=1.0, clusterName='DEFAULT', group='DEFAULT_GROUP', namingLoadCacheAtStart='false', metadata={preserved.register.source=SPRING_CLOUD}, registerEnabled=true, ip='192.168.220.1', networkInterface='', port=8081, secure=false, accessKey='', secretKey='', heartBeatInterval=null, heartBeatTimeout=null, ipDeleteTimeout=null, instanceEnabled=true, ephemeral=true, failureToleranceEnabled=false}, ipDeleteTimeout=null, failFast=true}},

com.alibaba.nacos.api.exception.NacosException: Request nacos server failed: 
	at com.alibaba.nacos.client.naming.remote.gprc.NamingGrpcClientProxy.requestToServer(NamingGrpcClientProxy.java:290) ~[nacos-client-2.0.4.jar:na]
	at com.alibaba.nacos.client.naming.remote.gprc.NamingGrpcClientProxy.doRegisterService(NamingGrpcClientProxy.java:129) ~[nacos-client-2.0.4.jar:na]
	at com.alibaba.nacos.client.naming.remote.gprc.NamingGrpcClientProxy.registerService(NamingGrpcClientProxy.java:115) ~[nacos-client-2.0.4.jar:na]
	at com.alibaba.nacos.client.naming.remote.NamingClientProxyDelegate.registerService(NamingClientProxyDelegate.java:94) ~[nacos-client-2.0.4.jar:na]
	at com.alibaba.nacos.client.naming.NacosNamingService.registerInstance(NacosNamingService.java:145) ~[nacos-client-2.0.4.jar:na]
	at com.alibaba.cloud.nacos.registry.NacosServiceRegistry.register(NacosServiceRegistry.java:74) ~[spring-cloud-starter-alibaba-nacos-discovery-2021.0.4.0.jar:2021.0.4.0]
	at org.springframework.cloud.client.serviceregistry.AbstractAutoServiceRegistration.register(AbstractAutoServiceRegistration.java:232) ~[spring-cloud-commons-3.1.3.jar:3.1.3]
	at com.alibaba.cloud.nacos.registry.NacosAutoServiceRegistration.register(NacosAutoServiceRegistration.java:78) ~[spring-cloud-starter-alibaba-nacos-discovery-2021.0.4.0.jar:2021.0.4.0]
	at org.springframework.cloud.client.serviceregistry.AbstractAutoServiceRegistration.start(AbstractAutoServiceRegistration.java:133) ~[spring-cloud-commons-3.1.3.jar:3.1.3]
	at org.springframework.cloud.client.serviceregistry.AbstractAutoServiceRegistration.bind(AbstractAutoServiceRegistration.java:98) ~[spring-cloud-commons-3.1.3.jar:3.1.3]
	at org.springframework.cloud.client.serviceregistry.AbstractAutoServiceRegistration.onApplicationEvent(AbstractAutoServiceRegistration.java:86) ~[spring-cloud-commons-3.1.3.jar:3.1.3]
	at org.springframework.cloud.client.serviceregistry.AbstractAutoServiceRegistration.onApplicationEvent(AbstractAutoServiceRegistration.java:47) ~[spring-cloud-commons-3.1.3.jar:3.1.3]
	at org.springframework.context.event.SimpleApplicationEventMulticaster.doInvokeListener(SimpleApplicationEventMulticaster.java:176) ~[spring-context-5.3.27.jar:5.3.27]
	at org.springframework.context.event.SimpleApplicationEventMulticaster.invokeListener(SimpleApplicationEventMulticaster.java:169) ~[spring-context-5.3.27.jar:5.3.27]
	at org.springframework.context.event.SimpleApplicationEventMulticaster.multicastEvent(SimpleApplicationEventMulticaster.java:143) ~[spring-context-5.3.27.jar:5.3.27]
	at org.springframework.context.support.AbstractApplicationContext.publishEvent(AbstractApplicationContext.java:421) ~[spring-context-5.3.27.jar:5.3.27]
	at org.springframework.context.support.AbstractApplicationContext.publishEvent(AbstractApplicationContext.java:378) ~[spring-context-5.3.27.jar:5.3.27]
	at org.springframework.boot.web.servlet.context.WebServerStartStopLifecycle.start(WebServerStartStopLifecycle.java:46) ~[spring-boot-2.7.12.jar:2.7.12]
	at org.springframework.context.support.DefaultLifecycleProcessor.doStart(DefaultLifecycleProcessor.java:178) ~[spring-context-5.3.27.jar:5.3.27]
	at org.springframework.context.support.DefaultLifecycleProcessor.access$200(DefaultLifecycleProcessor.java:54) ~[spring-context-5.3.27.jar:5.3.27]
	at org.springframework.context.support.DefaultLifecycleProcessor$LifecycleGroup.start(DefaultLifecycleProcessor.java:356) ~[spring-context-5.3.27.jar:5.3.27]
	at java.base/java.lang.Iterable.forEach(Iterable.java:75) ~[na:na]
	at org.springframework.context.support.DefaultLifecycleProcessor.startBeans(DefaultLifecycleProcessor.java:155) ~[spring-context-5.3.27.jar:5.3.27]
	at org.springframework.context.support.DefaultLifecycleProcessor.onRefresh(DefaultLifecycleProcessor.java:123) ~[spring-context-5.3.27.jar:5.3.27]
	at org.springframework.context.support.AbstractApplicationContext.finishRefresh(AbstractApplicationContext.java:937) ~[spring-context-5.3.27.jar:5.3.27]
	at org.springframework.context.support.AbstractApplicationContext.refresh(AbstractApplicationContext.java:586) ~[spring-context-5.3.27.jar:5.3.27]
	at org.springframework.boot.web.servlet.context.ServletWebServerApplicationContext.refresh(ServletWebServerApplicationContext.java:147) ~[spring-boot-2.7.12.jar:2.7.12]
	at org.springframework.boot.SpringApplication.refresh(SpringApplication.java:731) ~[spring-boot-2.7.12.jar:2.7.12]
	at org.springframework.boot.SpringApplication.refreshContext(SpringApplication.java:408) ~[spring-boot-2.7.12.jar:2.7.12]
	at org.springframework.boot.SpringApplication.run(SpringApplication.java:307) ~[spring-boot-2.7.12.jar:2.7.12]
	at org.springframework.boot.SpringApplication.run(SpringApplication.java:1303) ~[spring-boot-2.7.12.jar:2.7.12]
	at org.springframework.boot.SpringApplication.run(SpringApplication.java:1292) ~[spring-boot-2.7.12.jar:2.7.12]
	at com.hmall.item.itemApplication.main(itemApplication.java:11) ~[classes/:na]
Caused by: com.alibaba.nacos.api.exception.NacosException: Client not connected, current status:STARTING
	at com.alibaba.nacos.common.remote.client.RpcClient.request(RpcClient.java:650) ~[nacos-client-2.0.4.jar:na]
	at com.alibaba.nacos.common.remote.client.RpcClient.request(RpcClient.java:630) ~[nacos-client-2.0.4.jar:na]
	at com.alibaba.nacos.client.naming.remote.gprc.NamingGrpcClientProxy.requestToServer(NamingGrpcClientProxy.java:280) ~[nacos-client-2.0.4.jar:na]
	... 32 common frames omitted

19:55:19:444  WARN 27572 --- [main] ConfigServletWebServerApplicationContext : Exception encountered during context initialization - cancelling refresh attempt: org.springframework.context.ApplicationContextException: Failed to start bean 'webServerStartStop'; nested exception is java.lang.reflect.UndeclaredThrowableException
19:55:19:777  INFO 27572 --- [main] com.alibaba.nacos.common.remote.client   : Shutdown rpc client, set status to shutdown
19:55:19:777  INFO 27572 --- [main] com.alibaba.nacos.common.remote.client   : Shutdown client event executor java.util.concurrent.ScheduledThreadPoolExecutor@43b45ce4[Running, pool size = 2, active threads = 2, queued tasks = 0, completed tasks = 0]
19:55:19:777  INFO 27572 --- [main] c.a.n.c.remote.client.grpc.GrpcClient    : Shutdown grpc executor java.util.concurrent.ThreadPoolExecutor@73e93c3a[Running, pool size = 3, active threads = 0, queued tasks = 0, completed tasks = 3]
19:55:19:779 ERROR 27572 --- [com.alibaba.nacos.client.remote.worker] c.a.n.c.remote.client.grpc.GrpcClient    : Server check fail, please check server 192.168.150.102 ,port 9848 is available , error ={}

java.lang.InterruptedException: null
	at com.alibaba.nacos.shaded.com.google.common.util.concurrent.AbstractFuture.get(AbstractFuture.java:438) ~[nacos-client-2.0.4.jar:na]
	at com.alibaba.nacos.common.remote.client.grpc.GrpcClient.serverCheck(GrpcClient.java:148) ~[nacos-client-2.0.4.jar:na]
	at com.alibaba.nacos.common.remote.client.grpc.GrpcClient.connectToServer(GrpcClient.java:264) ~[nacos-client-2.0.4.jar:na]
	at com.alibaba.nacos.common.remote.client.RpcClient.reconnect(RpcClient.java:522) ~[nacos-client-2.0.4.jar:na]
	at com.alibaba.nacos.common.remote.client.RpcClient.lambda$start$2(RpcClient.java:370) ~[nacos-client-2.0.4.jar:na]
	at java.base/java.util.concurrent.Executors$RunnableAdapter.call(Executors.java:515) ~[na:na]
	at java.base/java.util.concurrent.FutureTask.run(FutureTask.java:264) ~[na:na]
	at java.base/java.util.concurrent.ScheduledThreadPoolExecutor$ScheduledFutureTask.run(ScheduledThreadPoolExecutor.java:304) ~[na:na]
	at java.base/java.util.concurrent.ThreadPoolExecutor.runWorker(ThreadPoolExecutor.java:1128) ~[na:na]
	at java.base/java.util.concurrent.ThreadPoolExecutor$Worker.run(ThreadPoolExecutor.java:628) ~[na:na]
	at java.base/java.lang.Thread.run(Thread.java:829) ~[na:na]

19:55:19:779 ERROR 27572 --- [com.alibaba.nacos.client.remote.worker] c.a.n.c.remote.client.grpc.GrpcClient    : [0f5e3771-b5e2-426f-86eb-9be077c35741]Fail to connect to server!,error={}

java.util.concurrent.RejectedExecutionException: Task com.alibaba.nacos.shaded.io.grpc.internal.SerializingExecutor@78fbecb8 rejected from java.util.concurrent.ThreadPoolExecutor@73e93c3a[Terminated, pool size = 0, active threads = 0, queued tasks = 0, completed tasks = 3]
	at java.base/java.util.concurrent.ThreadPoolExecutor$AbortPolicy.rejectedExecution(ThreadPoolExecutor.java:2055) ~[na:na]
	at java.base/java.util.concurrent.ThreadPoolExecutor.reject(ThreadPoolExecutor.java:825) ~[na:na]
	at java.base/java.util.concurrent.ThreadPoolExecutor.execute(ThreadPoolExecutor.java:1355) ~[na:na]
	at com.alibaba.nacos.shaded.io.grpc.internal.SerializingExecutor.schedule(SerializingExecutor.java:93) ~[nacos-client-2.0.4.jar:na]
	at com.alibaba.nacos.shaded.io.grpc.internal.SerializingExecutor.execute(SerializingExecutor.java:86) ~[nacos-client-2.0.4.jar:na]
	at com.alibaba.nacos.shaded.io.grpc.internal.ClientCallImpl$ClientStreamListenerImpl.closedInternal(ClientCallImpl.java:696) ~[nacos-client-2.0.4.jar:na]
	at com.alibaba.nacos.shaded.io.grpc.internal.ClientCallImpl$ClientStreamListenerImpl.closed(ClientCallImpl.java:646) ~[nacos-client-2.0.4.jar:na]
	at com.alibaba.nacos.shaded.io.grpc.internal.ClientCallImpl$ClientStreamListenerImpl.closed(ClientCallImpl.java:639) ~[nacos-client-2.0.4.jar:na]
	at com.alibaba.nacos.shaded.io.grpc.internal.DelayedStream.cancel(DelayedStream.java:302) ~[nacos-client-2.0.4.jar:na]
	at com.alibaba.nacos.shaded.io.grpc.internal.DelayedClientTransport$PendingStream.cancel(DelayedClientTransport.java:363) ~[nacos-client-2.0.4.jar:na]
	at com.alibaba.nacos.shaded.io.grpc.internal.DelayedClientTransport.shutdownNow(DelayedClientTransport.java:241) ~[nacos-client-2.0.4.jar:na]
	at com.alibaba.nacos.shaded.io.grpc.internal.ManagedChannelImpl$UncommittedRetriableStreamsRegistry.onShutdownNow(ManagedChannelImpl.java:1021) ~[nacos-client-2.0.4.jar:na]
	at com.alibaba.nacos.shaded.io.grpc.internal.ManagedChannelImpl.shutdownNow(ManagedChannelImpl.java:752) ~[nacos-client-2.0.4.jar:na]
	at com.alibaba.nacos.shaded.io.grpc.internal.ManagedChannelImpl.shutdownNow(ManagedChannelImpl.java:105) ~[nacos-client-2.0.4.jar:na]
	at com.alibaba.nacos.shaded.io.grpc.internal.ForwardingManagedChannel.shutdownNow(ForwardingManagedChannel.java:52) ~[nacos-client-2.0.4.jar:na]
	at com.alibaba.nacos.shaded.io.grpc.internal.ManagedChannelOrphanWrapper.shutdownNow(ManagedChannelOrphanWrapper.java:66) ~[nacos-client-2.0.4.jar:na]
	at com.alibaba.nacos.common.remote.client.grpc.GrpcClient.shuntDownChannel(GrpcClient.java:130) ~[nacos-client-2.0.4.jar:na]
	at com.alibaba.nacos.common.remote.client.grpc.GrpcClient.connectToServer(GrpcClient.java:266) ~[nacos-client-2.0.4.jar:na]
	at com.alibaba.nacos.common.remote.client.RpcClient.reconnect(RpcClient.java:522) ~[nacos-client-2.0.4.jar:na]
	at com.alibaba.nacos.common.remote.client.RpcClient.lambda$start$2(RpcClient.java:370) ~[nacos-client-2.0.4.jar:na]
	at java.base/java.util.concurrent.Executors$RunnableAdapter.call(Executors.java:515) ~[na:na]
	at java.base/java.util.concurrent.FutureTask.run(FutureTask.java:264) ~[na:na]
	at java.base/java.util.concurrent.ScheduledThreadPoolExecutor$ScheduledFutureTask.run(ScheduledThreadPoolExecutor.java:304) ~[na:na]
	at java.base/java.util.concurrent.ThreadPoolExecutor.runWorker(ThreadPoolExecutor.java:1128) ~[na:na]
	at java.base/java.util.concurrent.ThreadPoolExecutor$Worker.run(ThreadPoolExecutor.java:628) ~[na:na]
	at java.base/java.lang.Thread.run(Thread.java:829) ~[na:na]

19:55:19:780  INFO 27572 --- [main] com.alibaba.nacos.common.remote.client   : [RpcClientFactory] create a new rpc client of b25bbd3c-4a0e-42fc-92f7-ef1a40b3cdee
19:55:19:780  INFO 27572 --- [main] com.alibaba.nacos.common.remote.client   : [b25bbd3c-4a0e-42fc-92f7-ef1a40b3cdee] RpcClient init label, labels = {module=naming, source=sdk}
19:55:19:780  INFO 27572 --- [main] com.alibaba.nacos.common.remote.client   : [b25bbd3c-4a0e-42fc-92f7-ef1a40b3cdee] RpcClient init, ServerListFactory = com.alibaba.nacos.client.naming.core.ServerListManager
19:55:19:780  INFO 27572 --- [main] com.alibaba.nacos.common.remote.client   : [b25bbd3c-4a0e-42fc-92f7-ef1a40b3cdee] Registry connection listener to current client:com.alibaba.nacos.client.naming.remote.gprc.redo.NamingGrpcRedoService
19:55:19:780  INFO 27572 --- [main] com.alibaba.nacos.common.remote.client   : [b25bbd3c-4a0e-42fc-92f7-ef1a40b3cdee] Register server push request handler:com.alibaba.nacos.client.naming.remote.gprc.NamingPushRequestHandler
19:55:19:781  INFO 27572 --- [main] com.alibaba.nacos.common.remote.client   : [b25bbd3c-4a0e-42fc-92f7-ef1a40b3cdee] Try to connect to server on start up, server: {serverIp = '192.168.150.102', server main port = 8848}
19:55:19:883  INFO 27572 --- [com.alibaba.nacos.client.remote.worker] com.alibaba.nacos.common.remote.client   : [0f5e3771-b5e2-426f-86eb-9be077c35741] Client is shutdown, stop reconnect to server
19:55:22:790 ERROR 27572 --- [main] c.a.n.c.remote.client.grpc.GrpcClient    : Server check fail, please check server 192.168.150.102 ,port 9848 is available , error ={}

java.util.concurrent.TimeoutException: Waited 3000 milliseconds (plus 8 milliseconds, 635200 nanoseconds delay) for com.alibaba.nacos.shaded.io.grpc.stub.ClientCalls$GrpcFuture@7ae0a26[status=PENDING, info=[GrpcFuture{clientCall={delegate={delegate=ClientCallImpl{method=MethodDescriptor{fullMethodName=Request/request, type=UNARY, idempotent=false, safe=false, sampledToLocalTracing=true, requestMarshaller=com.alibaba.nacos.shaded.io.grpc.protobuf.lite.ProtoLiteUtils$MessageMarshaller@1df32c09, responseMarshaller=com.alibaba.nacos.shaded.io.grpc.protobuf.lite.ProtoLiteUtils$MessageMarshaller@1aa31454, schemaDescriptor=com.alibaba.nacos.api.grpc.auto.RequestGrpc$RequestMethodDescriptorSupplier@5a8656a2}}}}}]]
	at com.alibaba.nacos.shaded.com.google.common.util.concurrent.AbstractFuture.get(AbstractFuture.java:508) ~[nacos-client-2.0.4.jar:na]
	at com.alibaba.nacos.common.remote.client.grpc.GrpcClient.serverCheck(GrpcClient.java:148) ~[nacos-client-2.0.4.jar:na]
	at com.alibaba.nacos.common.remote.client.grpc.GrpcClient.connectToServer(GrpcClient.java:264) ~[nacos-client-2.0.4.jar:na]
	at com.alibaba.nacos.common.remote.client.RpcClient.start(RpcClient.java:390) ~[nacos-client-2.0.4.jar:na]
	at com.alibaba.nacos.client.naming.remote.gprc.NamingGrpcClientProxy.start(NamingGrpcClientProxy.java:96) ~[nacos-client-2.0.4.jar:na]
	at com.alibaba.nacos.client.naming.remote.gprc.NamingGrpcClientProxy.<init>(NamingGrpcClientProxy.java:89) ~[nacos-client-2.0.4.jar:na]
	at com.alibaba.nacos.client.naming.remote.NamingClientProxyDelegate.<init>(NamingClientProxyDelegate.java:76) ~[nacos-client-2.0.4.jar:na]
	at com.alibaba.nacos.client.naming.NacosNamingService.init(NacosNamingService.java:95) ~[nacos-client-2.0.4.jar:na]
	at com.alibaba.nacos.client.naming.NacosNamingService.<init>(NacosNamingService.java:81) ~[nacos-client-2.0.4.jar:na]
	at java.base/jdk.internal.reflect.NativeConstructorAccessorImpl.newInstance0(Native Method) ~[na:na]
	at java.base/jdk.internal.reflect.NativeConstructorAccessorImpl.newInstance(NativeConstructorAccessorImpl.java:62) ~[na:na]
	at java.base/jdk.internal.reflect.DelegatingConstructorAccessorImpl.newInstance(DelegatingConstructorAccessorImpl.java:45) ~[na:na]
	at java.base/java.lang.reflect.Constructor.newInstance(Constructor.java:490) ~[na:na]
	at com.alibaba.nacos.api.naming.NamingFactory.createNamingService(NamingFactory.java:59) ~[nacos-client-2.0.4.jar:na]
	at com.alibaba.nacos.api.NacosFactory.createNamingService(NacosFactory.java:77) ~[nacos-client-2.0.4.jar:na]
	at com.alibaba.cloud.nacos.NacosServiceManager.createNewNamingService(NacosServiceManager.java:99) ~[spring-cloud-starter-alibaba-nacos-discovery-2021.0.4.0.jar:2021.0.4.0]
	at com.alibaba.cloud.nacos.NacosServiceManager.buildNamingService(NacosServiceManager.java:90) ~[spring-cloud-starter-alibaba-nacos-discovery-2021.0.4.0.jar:2021.0.4.0]
	at com.alibaba.cloud.nacos.NacosServiceManager.getNamingService(NacosServiceManager.java:46) ~[spring-cloud-starter-alibaba-nacos-discovery-2021.0.4.0.jar:2021.0.4.0]
	at com.alibaba.cloud.nacos.discovery.NacosWatch.stop(NacosWatch.java:173) ~[spring-cloud-starter-alibaba-nacos-discovery-2021.0.4.0.jar:2021.0.4.0]
	at com.alibaba.cloud.nacos.discovery.NacosWatch.destroy(NacosWatch.java:204) ~[spring-cloud-starter-alibaba-nacos-discovery-2021.0.4.0.jar:2021.0.4.0]
	at org.springframework.beans.factory.support.DisposableBeanAdapter.destroy(DisposableBeanAdapter.java:213) ~[spring-beans-5.3.27.jar:5.3.27]
	at org.springframework.beans.factory.support.DefaultSingletonBeanRegistry.destroyBean(DefaultSingletonBeanRegistry.java:587) ~[spring-beans-5.3.27.jar:5.3.27]
	at org.springframework.beans.factory.support.DefaultSingletonBeanRegistry.destroySingleton(DefaultSingletonBeanRegistry.java:559) ~[spring-beans-5.3.27.jar:5.3.27]
	at org.springframework.beans.factory.support.DefaultListableBeanFactory.destroySingleton(DefaultListableBeanFactory.java:1163) ~[spring-beans-5.3.27.jar:5.3.27]
	at org.springframework.beans.factory.support.DefaultSingletonBeanRegistry.destroySingletons(DefaultSingletonBeanRegistry.java:520) ~[spring-beans-5.3.27.jar:5.3.27]
	at org.springframework.beans.factory.support.DefaultListableBeanFactory.destroySingletons(DefaultListableBeanFactory.java:1156) ~[spring-beans-5.3.27.jar:5.3.27]
	at org.springframework.context.support.AbstractApplicationContext.destroyBeans(AbstractApplicationContext.java:1108) ~[spring-context-5.3.27.jar:5.3.27]
	at org.springframework.context.support.AbstractApplicationContext.refresh(AbstractApplicationContext.java:596) ~[spring-context-5.3.27.jar:5.3.27]
	at org.springframework.boot.web.servlet.context.ServletWebServerApplicationContext.refresh(ServletWebServerApplicationContext.java:147) ~[spring-boot-2.7.12.jar:2.7.12]
	at org.springframework.boot.SpringApplication.refresh(SpringApplication.java:731) ~[spring-boot-2.7.12.jar:2.7.12]
	at org.springframework.boot.SpringApplication.refreshContext(SpringApplication.java:408) ~[spring-boot-2.7.12.jar:2.7.12]
	at org.springframework.boot.SpringApplication.run(SpringApplication.java:307) ~[spring-boot-2.7.12.jar:2.7.12]
	at org.springframework.boot.SpringApplication.run(SpringApplication.java:1303) ~[spring-boot-2.7.12.jar:2.7.12]
	at org.springframework.boot.SpringApplication.run(SpringApplication.java:1292) ~[spring-boot-2.7.12.jar:2.7.12]
	at com.hmall.item.itemApplication.main(itemApplication.java:11) ~[classes/:na]

19:55:22:791  INFO 27572 --- [main] com.alibaba.nacos.common.remote.client   : [b25bbd3c-4a0e-42fc-92f7-ef1a40b3cdee] Try to connect to server on start up, server: {serverIp = '192.168.150.102', server main port = 8848}
19:55:25:809 ERROR 27572 --- [main] c.a.n.c.remote.client.grpc.GrpcClient    : Server check fail, please check server 192.168.150.102 ,port 9848 is available , error ={}

java.util.concurrent.TimeoutException: Waited 3000 milliseconds (plus 15 milliseconds, 704800 nanoseconds delay) for com.alibaba.nacos.shaded.io.grpc.stub.ClientCalls$GrpcFuture@7030b74c[status=PENDING, info=[GrpcFuture{clientCall={delegate={delegate=ClientCallImpl{method=MethodDescriptor{fullMethodName=Request/request, type=UNARY, idempotent=false, safe=false, sampledToLocalTracing=true, requestMarshaller=com.alibaba.nacos.shaded.io.grpc.protobuf.lite.ProtoLiteUtils$MessageMarshaller@1df32c09, responseMarshaller=com.alibaba.nacos.shaded.io.grpc.protobuf.lite.ProtoLiteUtils$MessageMarshaller@1aa31454, schemaDescriptor=com.alibaba.nacos.api.grpc.auto.RequestGrpc$RequestMethodDescriptorSupplier@5a8656a2}}}}}]]
	at com.alibaba.nacos.shaded.com.google.common.util.concurrent.AbstractFuture.get(AbstractFuture.java:508) ~[nacos-client-2.0.4.jar:na]
	at com.alibaba.nacos.common.remote.client.grpc.GrpcClient.serverCheck(GrpcClient.java:148) ~[nacos-client-2.0.4.jar:na]
	at com.alibaba.nacos.common.remote.client.grpc.GrpcClient.connectToServer(GrpcClient.java:264) ~[nacos-client-2.0.4.jar:na]
	at com.alibaba.nacos.common.remote.client.RpcClient.start(RpcClient.java:390) ~[nacos-client-2.0.4.jar:na]
	at com.alibaba.nacos.client.naming.remote.gprc.NamingGrpcClientProxy.start(NamingGrpcClientProxy.java:96) ~[nacos-client-2.0.4.jar:na]
	at com.alibaba.nacos.client.naming.remote.gprc.NamingGrpcClientProxy.<init>(NamingGrpcClientProxy.java:89) ~[nacos-client-2.0.4.jar:na]
	at com.alibaba.nacos.client.naming.remote.NamingClientProxyDelegate.<init>(NamingClientProxyDelegate.java:76) ~[nacos-client-2.0.4.jar:na]
	at com.alibaba.nacos.client.naming.NacosNamingService.init(NacosNamingService.java:95) ~[nacos-client-2.0.4.jar:na]
	at com.alibaba.nacos.client.naming.NacosNamingService.<init>(NacosNamingService.java:81) ~[nacos-client-2.0.4.jar:na]
	at java.base/jdk.internal.reflect.NativeConstructorAccessorImpl.newInstance0(Native Method) ~[na:na]
	at java.base/jdk.internal.reflect.NativeConstructorAccessorImpl.newInstance(NativeConstructorAccessorImpl.java:62) ~[na:na]
	at java.base/jdk.internal.reflect.DelegatingConstructorAccessorImpl.newInstance(DelegatingConstructorAccessorImpl.java:45) ~[na:na]
	at java.base/java.lang.reflect.Constructor.newInstance(Constructor.java:490) ~[na:na]
	at com.alibaba.nacos.api.naming.NamingFactory.createNamingService(NamingFactory.java:59) ~[nacos-client-2.0.4.jar:na]
	at com.alibaba.nacos.api.NacosFactory.createNamingService(NacosFactory.java:77) ~[nacos-client-2.0.4.jar:na]
	at com.alibaba.cloud.nacos.NacosServiceManager.createNewNamingService(NacosServiceManager.java:99) ~[spring-cloud-starter-alibaba-nacos-discovery-2021.0.4.0.jar:2021.0.4.0]
	at com.alibaba.cloud.nacos.NacosServiceManager.buildNamingService(NacosServiceManager.java:90) ~[spring-cloud-starter-alibaba-nacos-discovery-2021.0.4.0.jar:2021.0.4.0]
	at com.alibaba.cloud.nacos.NacosServiceManager.getNamingService(NacosServiceManager.java:46) ~[spring-cloud-starter-alibaba-nacos-discovery-2021.0.4.0.jar:2021.0.4.0]
	at com.alibaba.cloud.nacos.discovery.NacosWatch.stop(NacosWatch.java:173) ~[spring-cloud-starter-alibaba-nacos-discovery-2021.0.4.0.jar:2021.0.4.0]
	at com.alibaba.cloud.nacos.discovery.NacosWatch.destroy(NacosWatch.java:204) ~[spring-cloud-starter-alibaba-nacos-discovery-2021.0.4.0.jar:2021.0.4.0]
	at org.springframework.beans.factory.support.DisposableBeanAdapter.destroy(DisposableBeanAdapter.java:213) ~[spring-beans-5.3.27.jar:5.3.27]
	at org.springframework.beans.factory.support.DefaultSingletonBeanRegistry.destroyBean(DefaultSingletonBeanRegistry.java:587) ~[spring-beans-5.3.27.jar:5.3.27]
	at org.springframework.beans.factory.support.DefaultSingletonBeanRegistry.destroySingleton(DefaultSingletonBeanRegistry.java:559) ~[spring-beans-5.3.27.jar:5.3.27]
	at org.springframework.beans.factory.support.DefaultListableBeanFactory.destroySingleton(DefaultListableBeanFactory.java:1163) ~[spring-beans-5.3.27.jar:5.3.27]
	at org.springframework.beans.factory.support.DefaultSingletonBeanRegistry.destroySingletons(DefaultSingletonBeanRegistry.java:520) ~[spring-beans-5.3.27.jar:5.3.27]
	at org.springframework.beans.factory.support.DefaultListableBeanFactory.destroySingletons(DefaultListableBeanFactory.java:1156) ~[spring-beans-5.3.27.jar:5.3.27]
	at org.springframework.context.support.AbstractApplicationContext.destroyBeans(AbstractApplicationContext.java:1108) ~[spring-context-5.3.27.jar:5.3.27]
	at org.springframework.context.support.AbstractApplicationContext.refresh(AbstractApplicationContext.java:596) ~[spring-context-5.3.27.jar:5.3.27]
	at org.springframework.boot.web.servlet.context.ServletWebServerApplicationContext.refresh(ServletWebServerApplicationContext.java:147) ~[spring-boot-2.7.12.jar:2.7.12]
	at org.springframework.boot.SpringApplication.refresh(SpringApplication.java:731) ~[spring-boot-2.7.12.jar:2.7.12]
	at org.springframework.boot.SpringApplication.refreshContext(SpringApplication.java:408) ~[spring-boot-2.7.12.jar:2.7.12]
	at org.springframework.boot.SpringApplication.run(SpringApplication.java:307) ~[spring-boot-2.7.12.jar:2.7.12]
	at org.springframework.boot.SpringApplication.run(SpringApplication.java:1303) ~[spring-boot-2.7.12.jar:2.7.12]
	at org.springframework.boot.SpringApplication.run(SpringApplication.java:1292) ~[spring-boot-2.7.12.jar:2.7.12]
	at com.hmall.item.itemApplication.main(itemApplication.java:11) ~[classes/:na]

19:55:25:810  INFO 27572 --- [main] com.alibaba.nacos.common.remote.client   : [b25bbd3c-4a0e-42fc-92f7-ef1a40b3cdee] Try to connect to server on start up, server: {serverIp = '192.168.150.102', server main port = 8848}
19:55:28:824 ERROR 27572 --- [main] c.a.n.c.remote.client.grpc.GrpcClient    : Server check fail, please check server 192.168.150.102 ,port 9848 is available , error ={}

java.util.concurrent.TimeoutException: Waited 3000 milliseconds (plus 12 milliseconds, 266100 nanoseconds delay) for com.alibaba.nacos.shaded.io.grpc.stub.ClientCalls$GrpcFuture@1760e688[status=PENDING, info=[GrpcFuture{clientCall={delegate={delegate=ClientCallImpl{method=MethodDescriptor{fullMethodName=Request/request, type=UNARY, idempotent=false, safe=false, sampledToLocalTracing=true, requestMarshaller=com.alibaba.nacos.shaded.io.grpc.protobuf.lite.ProtoLiteUtils$MessageMarshaller@1df32c09, responseMarshaller=com.alibaba.nacos.shaded.io.grpc.protobuf.lite.ProtoLiteUtils$MessageMarshaller@1aa31454, schemaDescriptor=com.alibaba.nacos.api.grpc.auto.RequestGrpc$RequestMethodDescriptorSupplier@5a8656a2}}}}}]]
	at com.alibaba.nacos.shaded.com.google.common.util.concurrent.AbstractFuture.get(AbstractFuture.java:508) ~[nacos-client-2.0.4.jar:na]
	at com.alibaba.nacos.common.remote.client.grpc.GrpcClient.serverCheck(GrpcClient.java:148) ~[nacos-client-2.0.4.jar:na]
	at com.alibaba.nacos.common.remote.client.grpc.GrpcClient.connectToServer(GrpcClient.java:264) ~[nacos-client-2.0.4.jar:na]
	at com.alibaba.nacos.common.remote.client.RpcClient.start(RpcClient.java:390) ~[nacos-client-2.0.4.jar:na]
	at com.alibaba.nacos.client.naming.remote.gprc.NamingGrpcClientProxy.start(NamingGrpcClientProxy.java:96) ~[nacos-client-2.0.4.jar:na]
	at com.alibaba.nacos.client.naming.remote.gprc.NamingGrpcClientProxy.<init>(NamingGrpcClientProxy.java:89) ~[nacos-client-2.0.4.jar:na]
	at com.alibaba.nacos.client.naming.remote.NamingClientProxyDelegate.<init>(NamingClientProxyDelegate.java:76) ~[nacos-client-2.0.4.jar:na]
	at com.alibaba.nacos.client.naming.NacosNamingService.init(NacosNamingService.java:95) ~[nacos-client-2.0.4.jar:na]
	at com.alibaba.nacos.client.naming.NacosNamingService.<init>(NacosNamingService.java:81) ~[nacos-client-2.0.4.jar:na]
	at java.base/jdk.internal.reflect.NativeConstructorAccessorImpl.newInstance0(Native Method) ~[na:na]
	at java.base/jdk.internal.reflect.NativeConstructorAccessorImpl.newInstance(NativeConstructorAccessorImpl.java:62) ~[na:na]
	at java.base/jdk.internal.reflect.DelegatingConstructorAccessorImpl.newInstance(DelegatingConstructorAccessorImpl.java:45) ~[na:na]
	at java.base/java.lang.reflect.Constructor.newInstance(Constructor.java:490) ~[na:na]
	at com.alibaba.nacos.api.naming.NamingFactory.createNamingService(NamingFactory.java:59) ~[nacos-client-2.0.4.jar:na]
	at com.alibaba.nacos.api.NacosFactory.createNamingService(NacosFactory.java:77) ~[nacos-client-2.0.4.jar:na]
	at com.alibaba.cloud.nacos.NacosServiceManager.createNewNamingService(NacosServiceManager.java:99) ~[spring-cloud-starter-alibaba-nacos-discovery-2021.0.4.0.jar:2021.0.4.0]
	at com.alibaba.cloud.nacos.NacosServiceManager.buildNamingService(NacosServiceManager.java:90) ~[spring-cloud-starter-alibaba-nacos-discovery-2021.0.4.0.jar:2021.0.4.0]
	at com.alibaba.cloud.nacos.NacosServiceManager.getNamingService(NacosServiceManager.java:46) ~[spring-cloud-starter-alibaba-nacos-discovery-2021.0.4.0.jar:2021.0.4.0]
	at com.alibaba.cloud.nacos.discovery.NacosWatch.stop(NacosWatch.java:173) ~[spring-cloud-starter-alibaba-nacos-discovery-2021.0.4.0.jar:2021.0.4.0]
	at com.alibaba.cloud.nacos.discovery.NacosWatch.destroy(NacosWatch.java:204) ~[spring-cloud-starter-alibaba-nacos-discovery-2021.0.4.0.jar:2021.0.4.0]
	at org.springframework.beans.factory.support.DisposableBeanAdapter.destroy(DisposableBeanAdapter.java:213) ~[spring-beans-5.3.27.jar:5.3.27]
	at org.springframework.beans.factory.support.DefaultSingletonBeanRegistry.destroyBean(DefaultSingletonBeanRegistry.java:587) ~[spring-beans-5.3.27.jar:5.3.27]
	at org.springframework.beans.factory.support.DefaultSingletonBeanRegistry.destroySingleton(DefaultSingletonBeanRegistry.java:559) ~[spring-beans-5.3.27.jar:5.3.27]
	at org.springframework.beans.factory.support.DefaultListableBeanFactory.destroySingleton(DefaultListableBeanFactory.java:1163) ~[spring-beans-5.3.27.jar:5.3.27]
	at org.springframework.beans.factory.support.DefaultSingletonBeanRegistry.destroySingletons(DefaultSingletonBeanRegistry.java:520) ~[spring-beans-5.3.27.jar:5.3.27]
	at org.springframework.beans.factory.support.DefaultListableBeanFactory.destroySingletons(DefaultListableBeanFactory.java:1156) ~[spring-beans-5.3.27.jar:5.3.27]
	at org.springframework.context.support.AbstractApplicationContext.destroyBeans(AbstractApplicationContext.java:1108) ~[spring-context-5.3.27.jar:5.3.27]
	at org.springframework.context.support.AbstractApplicationContext.refresh(AbstractApplicationContext.java:596) ~[spring-context-5.3.27.jar:5.3.27]
	at org.springframework.boot.web.servlet.context.ServletWebServerApplicationContext.refresh(ServletWebServerApplicationContext.java:147) ~[spring-boot-2.7.12.jar:2.7.12]
	at org.springframework.boot.SpringApplication.refresh(SpringApplication.java:731) ~[spring-boot-2.7.12.jar:2.7.12]
	at org.springframework.boot.SpringApplication.refreshContext(SpringApplication.java:408) ~[spring-boot-2.7.12.jar:2.7.12]
	at org.springframework.boot.SpringApplication.run(SpringApplication.java:307) ~[spring-boot-2.7.12.jar:2.7.12]
	at org.springframework.boot.SpringApplication.run(SpringApplication.java:1303) ~[spring-boot-2.7.12.jar:2.7.12]
	at org.springframework.boot.SpringApplication.run(SpringApplication.java:1292) ~[spring-boot-2.7.12.jar:2.7.12]
	at com.hmall.item.itemApplication.main(itemApplication.java:11) ~[classes/:na]

19:55:28:825  INFO 27572 --- [com.alibaba.nacos.client.remote.worker] com.alibaba.nacos.common.remote.client   : [b25bbd3c-4a0e-42fc-92f7-ef1a40b3cdee] Try to reconnect to a new server, server is  not appointed, will choose a random server.
19:55:28:825  INFO 27572 --- [main] com.alibaba.nacos.common.remote.client   : [b25bbd3c-4a0e-42fc-92f7-ef1a40b3cdee] Register server push request handler:com.alibaba.nacos.common.remote.client.RpcClient$ConnectResetRequestHandler
19:55:28:825  INFO 27572 --- [main] com.alibaba.nacos.common.remote.client   : [b25bbd3c-4a0e-42fc-92f7-ef1a40b3cdee] Register server push request handler:com.alibaba.nacos.common.remote.client.RpcClient$$Lambda$902/0x0000000800678840
19:55:28:932 ERROR 27572 --- [main] com.alibaba.nacos.common.remote.client   : Send request fail, request = SubscribeServiceRequest{headers={app=unknown}, requestId='null'}, retryTimes = 0, errorMessage = Client not connected, current status:STARTING
19:55:29:041 ERROR 27572 --- [main] com.alibaba.nacos.common.remote.client   : Send request fail, request = SubscribeServiceRequest{headers={app=unknown}, requestId='null'}, retryTimes = 1, errorMessage = Client not connected, current status:STARTING
19:55:29:151 ERROR 27572 --- [main] com.alibaba.nacos.common.remote.client   : Send request fail, request = SubscribeServiceRequest{headers={app=unknown}, requestId='null'}, retryTimes = 2, errorMessage = Client not connected, current status:STARTING
19:55:29:151 ERROR 27572 --- [main] c.a.cloud.nacos.discovery.NacosWatch     : namingService unsubscribe failed, properties:NacosDiscoveryProperties{serverAddr='192.168.150.102:8848', username='', password='', endpoint='', namespace='', watchDelay=30000, logName='', service='item-service', weight=1.0, clusterName='DEFAULT', group='DEFAULT_GROUP', namingLoadCacheAtStart='false', metadata={preserved.register.source=SPRING_CLOUD}, registerEnabled=true, ip='192.168.220.1', networkInterface='', port=8081, secure=false, accessKey='', secretKey='', heartBeatInterval=null, heartBeatTimeout=null, ipDeleteTimeout=null, instanceEnabled=true, ephemeral=true, failureToleranceEnabled=false}, ipDeleteTimeout=null, failFast=true}

com.alibaba.nacos.api.exception.NacosException: Request nacos server failed: 
	at com.alibaba.nacos.client.naming.remote.gprc.NamingGrpcClientProxy.requestToServer(NamingGrpcClientProxy.java:290) ~[nacos-client-2.0.4.jar:na]
	at com.alibaba.nacos.client.naming.remote.gprc.NamingGrpcClientProxy.doUnsubscribe(NamingGrpcClientProxy.java:260) ~[nacos-client-2.0.4.jar:na]
	at com.alibaba.nacos.client.naming.remote.gprc.NamingGrpcClientProxy.unsubscribe(NamingGrpcClientProxy.java:241) ~[nacos-client-2.0.4.jar:na]
	at com.alibaba.nacos.client.naming.remote.NamingClientProxyDelegate.unsubscribe(NamingClientProxyDelegate.java:157) ~[nacos-client-2.0.4.jar:na]
	at com.alibaba.nacos.client.naming.NacosNamingService.unsubscribe(NacosNamingService.java:417) ~[nacos-client-2.0.4.jar:na]
	at com.alibaba.cloud.nacos.discovery.NacosWatch.stop(NacosWatch.java:174) ~[spring-cloud-starter-alibaba-nacos-discovery-2021.0.4.0.jar:2021.0.4.0]
	at com.alibaba.cloud.nacos.discovery.NacosWatch.destroy(NacosWatch.java:204) ~[spring-cloud-starter-alibaba-nacos-discovery-2021.0.4.0.jar:2021.0.4.0]
	at org.springframework.beans.factory.support.DisposableBeanAdapter.destroy(DisposableBeanAdapter.java:213) ~[spring-beans-5.3.27.jar:5.3.27]
	at org.springframework.beans.factory.support.DefaultSingletonBeanRegistry.destroyBean(DefaultSingletonBeanRegistry.java:587) ~[spring-beans-5.3.27.jar:5.3.27]
	at org.springframework.beans.factory.support.DefaultSingletonBeanRegistry.destroySingleton(DefaultSingletonBeanRegistry.java:559) ~[spring-beans-5.3.27.jar:5.3.27]
	at org.springframework.beans.factory.support.DefaultListableBeanFactory.destroySingleton(DefaultListableBeanFactory.java:1163) ~[spring-beans-5.3.27.jar:5.3.27]
	at org.springframework.beans.factory.support.DefaultSingletonBeanRegistry.destroySingletons(DefaultSingletonBeanRegistry.java:520) ~[spring-beans-5.3.27.jar:5.3.27]
	at org.springframework.beans.factory.support.DefaultListableBeanFactory.destroySingletons(DefaultListableBeanFactory.java:1156) ~[spring-beans-5.3.27.jar:5.3.27]
	at org.springframework.context.support.AbstractApplicationContext.destroyBeans(AbstractApplicationContext.java:1108) ~[spring-context-5.3.27.jar:5.3.27]
	at org.springframework.context.support.AbstractApplicationContext.refresh(AbstractApplicationContext.java:596) ~[spring-context-5.3.27.jar:5.3.27]
	at org.springframework.boot.web.servlet.context.ServletWebServerApplicationContext.refresh(ServletWebServerApplicationContext.java:147) ~[spring-boot-2.7.12.jar:2.7.12]
	at org.springframework.boot.SpringApplication.refresh(SpringApplication.java:731) ~[spring-boot-2.7.12.jar:2.7.12]
	at org.springframework.boot.SpringApplication.refreshContext(SpringApplication.java:408) ~[spring-boot-2.7.12.jar:2.7.12]
	at org.springframework.boot.SpringApplication.run(SpringApplication.java:307) ~[spring-boot-2.7.12.jar:2.7.12]
	at org.springframework.boot.SpringApplication.run(SpringApplication.java:1303) ~[spring-boot-2.7.12.jar:2.7.12]
	at org.springframework.boot.SpringApplication.run(SpringApplication.java:1292) ~[spring-boot-2.7.12.jar:2.7.12]
	at com.hmall.item.itemApplication.main(itemApplication.java:11) ~[classes/:na]
Caused by: com.alibaba.nacos.api.exception.NacosException: Client not connected, current status:STARTING
	at com.alibaba.nacos.common.remote.client.RpcClient.request(RpcClient.java:650) ~[nacos-client-2.0.4.jar:na]
	at com.alibaba.nacos.common.remote.client.RpcClient.request(RpcClient.java:630) ~[nacos-client-2.0.4.jar:na]
	at com.alibaba.nacos.client.naming.remote.gprc.NamingGrpcClientProxy.requestToServer(NamingGrpcClientProxy.java:280) ~[nacos-client-2.0.4.jar:na]
	... 21 common frames omitted

19:55:29:492  INFO 27572 --- [main] o.apache.catalina.core.StandardService   : Stopping service [Tomcat]
19:55:29:503  INFO 27572 --- [main] ConditionEvaluationReportLoggingListener : 

Error starting ApplicationContext. To display the conditions report re-run your application with 'debug' enabled.
19:55:29:518 ERROR 27572 --- [main] o.s.boot.SpringApplication               : Application run failed

org.springframework.context.ApplicationContextException: Failed to start bean 'webServerStartStop'; nested exception is java.lang.reflect.UndeclaredThrowableException
	at org.springframework.context.support.DefaultLifecycleProcessor.doStart(DefaultLifecycleProcessor.java:181) ~[spring-context-5.3.27.jar:5.3.27]
	at org.springframework.context.support.DefaultLifecycleProcessor.access$200(DefaultLifecycleProcessor.java:54) ~[spring-context-5.3.27.jar:5.3.27]
	at org.springframework.context.support.DefaultLifecycleProcessor$LifecycleGroup.start(DefaultLifecycleProcessor.java:356) ~[spring-context-5.3.27.jar:5.3.27]
	at java.base/java.lang.Iterable.forEach(Iterable.java:75) ~[na:na]
	at org.springframework.context.support.DefaultLifecycleProcessor.startBeans(DefaultLifecycleProcessor.java:155) ~[spring-context-5.3.27.jar:5.3.27]
	at org.springframework.context.support.DefaultLifecycleProcessor.onRefresh(DefaultLifecycleProcessor.java:123) ~[spring-context-5.3.27.jar:5.3.27]
	at org.springframework.context.support.AbstractApplicationContext.finishRefresh(AbstractApplicationContext.java:937) ~[spring-context-5.3.27.jar:5.3.27]
	at org.springframework.context.support.AbstractApplicationContext.refresh(AbstractApplicationContext.java:586) ~[spring-context-5.3.27.jar:5.3.27]
	at org.springframework.boot.web.servlet.context.ServletWebServerApplicationContext.refresh(ServletWebServerApplicationContext.java:147) ~[spring-boot-2.7.12.jar:2.7.12]
	at org.springframework.boot.SpringApplication.refresh(SpringApplication.java:731) ~[spring-boot-2.7.12.jar:2.7.12]
	at org.springframework.boot.SpringApplication.refreshContext(SpringApplication.java:408) ~[spring-boot-2.7.12.jar:2.7.12]
	at org.springframework.boot.SpringApplication.run(SpringApplication.java:307) ~[spring-boot-2.7.12.jar:2.7.12]
	at org.springframework.boot.SpringApplication.run(SpringApplication.java:1303) ~[spring-boot-2.7.12.jar:2.7.12]
	at org.springframework.boot.SpringApplication.run(SpringApplication.java:1292) ~[spring-boot-2.7.12.jar:2.7.12]
	at com.hmall.item.itemApplication.main(itemApplication.java:11) ~[classes/:na]
Caused by: java.lang.reflect.UndeclaredThrowableException: null
	at org.springframework.util.ReflectionUtils.rethrowRuntimeException(ReflectionUtils.java:147) ~[spring-core-5.3.27.jar:5.3.27]
	at com.alibaba.cloud.nacos.registry.NacosServiceRegistry.register(NacosServiceRegistry.java:82) ~[spring-cloud-starter-alibaba-nacos-discovery-2021.0.4.0.jar:2021.0.4.0]
	at org.springframework.cloud.client.serviceregistry.AbstractAutoServiceRegistration.register(AbstractAutoServiceRegistration.java:232) ~[spring-cloud-commons-3.1.3.jar:3.1.3]
	at com.alibaba.cloud.nacos.registry.NacosAutoServiceRegistration.register(NacosAutoServiceRegistration.java:78) ~[spring-cloud-starter-alibaba-nacos-discovery-2021.0.4.0.jar:2021.0.4.0]
	at org.springframework.cloud.client.serviceregistry.AbstractAutoServiceRegistration.start(AbstractAutoServiceRegistration.java:133) ~[spring-cloud-commons-3.1.3.jar:3.1.3]
	at org.springframework.cloud.client.serviceregistry.AbstractAutoServiceRegistration.bind(AbstractAutoServiceRegistration.java:98) ~[spring-cloud-commons-3.1.3.jar:3.1.3]
	at org.springframework.cloud.client.serviceregistry.AbstractAutoServiceRegistration.onApplicationEvent(AbstractAutoServiceRegistration.java:86) ~[spring-cloud-commons-3.1.3.jar:3.1.3]
	at org.springframework.cloud.client.serviceregistry.AbstractAutoServiceRegistration.onApplicationEvent(AbstractAutoServiceRegistration.java:47) ~[spring-cloud-commons-3.1.3.jar:3.1.3]
	at org.springframework.context.event.SimpleApplicationEventMulticaster.doInvokeListener(SimpleApplicationEventMulticaster.java:176) ~[spring-context-5.3.27.jar:5.3.27]
	at org.springframework.context.event.SimpleApplicationEventMulticaster.invokeListener(SimpleApplicationEventMulticaster.java:169) ~[spring-context-5.3.27.jar:5.3.27]
	at org.springframework.context.event.SimpleApplicationEventMulticaster.multicastEvent(SimpleApplicationEventMulticaster.java:143) ~[spring-context-5.3.27.jar:5.3.27]
	at org.springframework.context.support.AbstractApplicationContext.publishEvent(AbstractApplicationContext.java:421) ~[spring-context-5.3.27.jar:5.3.27]
	at org.springframework.context.support.AbstractApplicationContext.publishEvent(AbstractApplicationContext.java:378) ~[spring-context-5.3.27.jar:5.3.27]
	at org.springframework.boot.web.servlet.context.WebServerStartStopLifecycle.start(WebServerStartStopLifecycle.java:46) ~[spring-boot-2.7.12.jar:2.7.12]
	at org.springframework.context.support.DefaultLifecycleProcessor.doStart(DefaultLifecycleProcessor.java:178) ~[spring-context-5.3.27.jar:5.3.27]
	... 14 common frames omitted
Caused by: com.alibaba.nacos.api.exception.NacosException: Request nacos server failed: 
	at com.alibaba.nacos.client.naming.remote.gprc.NamingGrpcClientProxy.requestToServer(NamingGrpcClientProxy.java:290) ~[nacos-client-2.0.4.jar:na]
	at com.alibaba.nacos.client.naming.remote.gprc.NamingGrpcClientProxy.doRegisterService(NamingGrpcClientProxy.java:129) ~[nacos-client-2.0.4.jar:na]
	at com.alibaba.nacos.client.naming.remote.gprc.NamingGrpcClientProxy.registerService(NamingGrpcClientProxy.java:115) ~[nacos-client-2.0.4.jar:na]
	at com.alibaba.nacos.client.naming.remote.NamingClientProxyDelegate.registerService(NamingClientProxyDelegate.java:94) ~[nacos-client-2.0.4.jar:na]
	at com.alibaba.nacos.client.naming.NacosNamingService.registerInstance(NacosNamingService.java:145) ~[nacos-client-2.0.4.jar:na]
	at com.alibaba.cloud.nacos.registry.NacosServiceRegistry.register(NacosServiceRegistry.java:74) ~[spring-cloud-starter-alibaba-nacos-discovery-2021.0.4.0.jar:2021.0.4.0]
	... 27 common frames omitted
Caused by: com.alibaba.nacos.api.exception.NacosException: Client not connected, current status:STARTING
	at com.alibaba.nacos.common.remote.client.RpcClient.request(RpcClient.java:650) ~[nacos-client-2.0.4.jar:na]
	at com.alibaba.nacos.common.remote.client.RpcClient.request(RpcClient.java:630) ~[nacos-client-2.0.4.jar:na]
	at com.alibaba.nacos.client.naming.remote.gprc.NamingGrpcClientProxy.requestToServer(NamingGrpcClientProxy.java:280) ~[nacos-client-2.0.4.jar:na]
	... 32 common frames omitted

19:55:29:519  WARN 27572 --- [Thread-7] c.a.n.common.http.HttpClientBeanHolder   : [HttpClientBeanHolder] Start destroying common HttpClient
19:55:29:519  WARN 27572 --- [Thread-4] c.a.nacos.common.notify.NotifyCenter     : [NotifyCenter] Start destroying Publisher
19:55:29:520  WARN 27572 --- [Thread-4] c.a.nacos.common.notify.NotifyCenter     : [NotifyCenter] Destruction of the end
19:55:29:520  WARN 27572 --- [Thread-7] c.a.n.common.http.HttpClientBeanHolder   : [HttpClientBeanHolder] Destruction of the end
19:57:37:117  INFO 19468 --- [main] com.hmall.item.itemApplication           : Starting itemApplication using Java 11.0.31 on LAPTOP-16OT1L5F with PID 19468 (G:\hmall\backend\item-service\target\classes started by 18071 in G:\hmall\backend)
19:57:37:120 DEBUG 19468 --- [main] com.hmall.item.itemApplication           : Running with Spring Boot v2.7.12, Spring v5.3.27
19:57:37:121  INFO 19468 --- [main] com.hmall.item.itemApplication           : The following 1 profile is active: "dev"
19:57:38:133  INFO 19468 --- [main] o.s.cloud.context.scope.GenericScope     : BeanFactory id=bf25bcc3-a239-3758-b712-9a6061f3f4ed
19:57:38:458  INFO 19468 --- [main] o.s.b.w.embedded.tomcat.TomcatWebServer  : Tomcat initialized with port(s): 8081 (http)
19:57:38:466  INFO 19468 --- [main] o.apache.catalina.core.StandardService   : Starting service [Tomcat]
19:57:38:466  INFO 19468 --- [main] org.apache.catalina.core.StandardEngine  : Starting Servlet engine: [Apache Tomcat/9.0.75]
19:57:38:582  INFO 19468 --- [main] o.a.c.c.C.[Tomcat].[localhost].[/]       : Initializing Spring embedded WebApplicationContext
19:57:38:582  INFO 19468 --- [main] w.s.c.ServletWebServerApplicationContext : Root WebApplicationContext: initialization completed in 1405 ms
19:57:42:130  INFO 19468 --- [main] pertySourcedRequestMappingHandlerMapping : Mapped URL path [/v2/api-docs] onto method [springfox.documentation.swagger2.web.Swagger2ControllerWebMvc#getDocumentation(String, HttpServletRequest)]
19:57:43:193  INFO 19468 --- [main] com.alibaba.nacos.common.remote.client   : [RpcClientFactory] create a new rpc client of 97f349b8-7cce-4967-bb2f-46ad7e9920ba
19:57:43:230  INFO 19468 --- [main] org.reflections.Reflections              : Reflections took 21 ms to scan 1 urls, producing 3 keys and 6 values 
19:57:43:252  INFO 19468 --- [main] org.reflections.Reflections              : Reflections took 8 ms to scan 1 urls, producing 4 keys and 9 values 
19:57:43:262  INFO 19468 --- [main] org.reflections.Reflections              : Reflections took 7 ms to scan 1 urls, producing 3 keys and 10 values 
19:57:43:264  WARN 19468 --- [main] org.reflections.Reflections              : given scan urls are empty. set urls in the configuration
19:57:43:271  INFO 19468 --- [main] org.reflections.Reflections              : Reflections took 6 ms to scan 1 urls, producing 1 keys and 5 values 
19:57:43:281  INFO 19468 --- [main] org.reflections.Reflections              : Reflections took 7 ms to scan 1 urls, producing 1 keys and 7 values 
19:57:43:291  INFO 19468 --- [main] org.reflections.Reflections              : Reflections took 6 ms to scan 1 urls, producing 2 keys and 8 values 
19:57:43:293  WARN 19468 --- [main] org.reflections.Reflections              : given scan urls are empty. set urls in the configuration
19:57:43:293  INFO 19468 --- [main] com.alibaba.nacos.common.remote.client   : [97f349b8-7cce-4967-bb2f-46ad7e9920ba] RpcClient init label, labels = {module=naming, source=sdk}
19:57:43:295  INFO 19468 --- [main] com.alibaba.nacos.common.remote.client   : [97f349b8-7cce-4967-bb2f-46ad7e9920ba] RpcClient init, ServerListFactory = com.alibaba.nacos.client.naming.core.ServerListManager
19:57:43:295  INFO 19468 --- [main] com.alibaba.nacos.common.remote.client   : [97f349b8-7cce-4967-bb2f-46ad7e9920ba] Registry connection listener to current client:com.alibaba.nacos.client.naming.remote.gprc.redo.NamingGrpcRedoService
19:57:43:295  INFO 19468 --- [main] com.alibaba.nacos.common.remote.client   : [97f349b8-7cce-4967-bb2f-46ad7e9920ba] Register server push request handler:com.alibaba.nacos.client.naming.remote.gprc.NamingPushRequestHandler
19:57:43:297  INFO 19468 --- [main] com.alibaba.nacos.common.remote.client   : [97f349b8-7cce-4967-bb2f-46ad7e9920ba] Try to connect to server on start up, server: {serverIp = '192.168.150.102', server main port = 8848}
19:57:45:551  INFO 19468 --- [main] com.alibaba.nacos.common.remote.client   : [97f349b8-7cce-4967-bb2f-46ad7e9920ba] Success to connect to server [192.168.150.102:8848] on start up, connectionId = 1777031864506_192.168.150.1_54731
19:57:45:552  INFO 19468 --- [com.alibaba.nacos.client.remote.worker] com.alibaba.nacos.common.remote.client   : [97f349b8-7cce-4967-bb2f-46ad7e9920ba] Notify connected event to listeners.
19:57:45:553  INFO 19468 --- [main] com.alibaba.nacos.common.remote.client   : [97f349b8-7cce-4967-bb2f-46ad7e9920ba] Register server push request handler:com.alibaba.nacos.common.remote.client.RpcClient$ConnectResetRequestHandler
19:57:45:553  INFO 19468 --- [main] com.alibaba.nacos.common.remote.client   : [97f349b8-7cce-4967-bb2f-46ad7e9920ba] Register server push request handler:com.alibaba.nacos.common.remote.client.RpcClient$$Lambda$901/0x0000000800679840
19:57:45:637  INFO 19468 --- [main] o.s.b.w.embedded.tomcat.TomcatWebServer  : Tomcat started on port(s): 8081 (http) with context path ''
19:57:45:654  INFO 19468 --- [main] c.a.c.n.registry.NacosServiceRegistry    : nacos registry, DEFAULT_GROUP item-service 192.168.220.1:8081 register finished
19:57:46:171  INFO 19468 --- [nacos-grpc-client-executor-9] com.alibaba.nacos.common.remote.client   : [97f349b8-7cce-4967-bb2f-46ad7e9920ba] Receive server push request, request = NotifySubscriberRequest, requestId = 126
19:57:46:181  INFO 19468 --- [nacos-grpc-client-executor-9] com.alibaba.nacos.common.remote.client   : [97f349b8-7cce-4967-bb2f-46ad7e9920ba] Ack server push request, request = NotifySubscriberRequest, requestId = 126
19:57:46:209  INFO 19468 --- [main] d.s.w.p.DocumentationPluginsBootstrapper : Documentation plugins bootstrapped
19:57:46:212  INFO 19468 --- [main] d.s.w.p.DocumentationPluginsBootstrapper : Found 1 custom documentation plugin(s)
19:57:46:238  INFO 19468 --- [main] s.d.s.w.s.ApiListingReferenceScanner     : Scanning for api listing references
19:57:46:343  INFO 19468 --- [main] com.hmall.item.itemApplication           : Started itemApplication in 11.285 seconds (JVM running for 13.042)
19:58:06:363  INFO 19468 --- [http-nio-8081-exec-1] o.a.c.c.C.[Tomcat].[localhost].[/]       : Initializing Spring DispatcherServlet 'dispatcherServlet'
19:58:06:363  INFO 19468 --- [http-nio-8081-exec-1] o.s.web.servlet.DispatcherServlet        : Initializing Servlet 'dispatcherServlet'
19:58:06:364  INFO 19468 --- [http-nio-8081-exec-1] o.s.web.servlet.DispatcherServlet        : Completed initialization in 1 ms
19:58:06:484  INFO 19468 --- [http-nio-8081-exec-1] com.zaxxer.hikari.HikariDataSource       : HikariPool-1 - Starting...
19:58:06:859  INFO 19468 --- [http-nio-8081-exec-1] com.zaxxer.hikari.HikariDataSource       : HikariPool-1 - Start completed.
19:58:06:864 DEBUG 19468 --- [http-nio-8081-exec-1] c.h.i.m.ItemMapper.selectPage_mpCount    : ==>  Preparing: SELECT COUNT(*) FROM item WHERE (name LIKE ? AND status = ?)
19:58:06:884 DEBUG 19468 --- [http-nio-8081-exec-1] c.h.i.m.ItemMapper.selectPage_mpCount    : ==> Parameters: %手机%(String), 1(Integer)
19:58:07:243 DEBUG 19468 --- [http-nio-8081-exec-1] c.h.i.m.ItemMapper.selectPage_mpCount    : <==      Total: 1
19:58:07:254 DEBUG 19468 --- [http-nio-8081-exec-1] c.h.item.mapper.ItemMapper.selectPage    : ==>  Preparing: SELECT id, name, price, stock, image, category, brand, spec, sold, comment_count, isAD, status, create_time, update_time, creater, updater FROM item WHERE (name LIKE ? AND status = ?) ORDER BY update_time DESC LIMIT ?
19:58:07:254 DEBUG 19468 --- [http-nio-8081-exec-1] c.h.item.mapper.ItemMapper.selectPage    : ==> Parameters: %手机%(String), 1(Integer), 20(Long)
19:58:07:266 DEBUG 19468 --- [http-nio-8081-exec-1] c.h.item.mapper.ItemMapper.selectPage    : <==      Total: 20
19:58:13:331 DEBUG 19468 --- [http-nio-8081-exec-2] c.h.i.m.ItemMapper.selectPage_mpCount    : ==>  Preparing: SELECT COUNT(*) FROM item WHERE (status = ?)
19:58:13:332 DEBUG 19468 --- [http-nio-8081-exec-2] c.h.i.m.ItemMapper.selectPage_mpCount    : ==> Parameters: 1(Integer)
19:58:13:349 DEBUG 19468 --- [http-nio-8081-exec-2] c.h.i.m.ItemMapper.selectPage_mpCount    : <==      Total: 1
19:58:13:351 DEBUG 19468 --- [http-nio-8081-exec-2] c.h.item.mapper.ItemMapper.selectPage    : ==>  Preparing: SELECT id, name, price, stock, image, category, brand, spec, sold, comment_count, isAD, status, create_time, update_time, creater, updater FROM item WHERE (status = ?) ORDER BY update_time DESC LIMIT ?
19:58:13:352 DEBUG 19468 --- [http-nio-8081-exec-2] c.h.item.mapper.ItemMapper.selectPage    : ==> Parameters: 1(Integer), 20(Long)
19:58:13:356 DEBUG 19468 --- [http-nio-8081-exec-2] c.h.item.mapper.ItemMapper.selectPage    : <==      Total: 20
19:58:17:212 DEBUG 19468 --- [http-nio-8081-exec-3] c.h.i.m.ItemMapper.selectPage_mpCount    : ==>  Preparing: SELECT COUNT(*) FROM item WHERE (name LIKE ? AND status = ?)
19:58:17:213 DEBUG 19468 --- [http-nio-8081-exec-3] c.h.i.m.ItemMapper.selectPage_mpCount    : ==> Parameters: %手机%(String), 1(Integer)
19:58:17:385 DEBUG 19468 --- [http-nio-8081-exec-3] c.h.i.m.ItemMapper.selectPage_mpCount    : <==      Total: 1
19:58:17:386 DEBUG 19468 --- [http-nio-8081-exec-3] c.h.item.mapper.ItemMapper.selectPage    : ==>  Preparing: SELECT id, name, price, stock, image, category, brand, spec, sold, comment_count, isAD, status, create_time, update_time, creater, updater FROM item WHERE (name LIKE ? AND status = ?) ORDER BY update_time DESC LIMIT ?
19:58:17:387 DEBUG 19468 --- [http-nio-8081-exec-3] c.h.item.mapper.ItemMapper.selectPage    : ==> Parameters: %手机%(String), 1(Integer), 20(Long)
19:58:17:390 DEBUG 19468 --- [http-nio-8081-exec-3] c.h.item.mapper.ItemMapper.selectPage    : <==      Total: 20
19:59:15:043 DEBUG 19468 --- [http-nio-8081-exec-4] c.h.i.m.ItemMapper.selectPage_mpCount    : ==>  Preparing: SELECT COUNT(*) FROM item WHERE (status = ?)
19:59:15:043 DEBUG 19468 --- [http-nio-8081-exec-4] c.h.i.m.ItemMapper.selectPage_mpCount    : ==> Parameters: 1(Integer)
19:59:15:060 DEBUG 19468 --- [http-nio-8081-exec-4] c.h.i.m.ItemMapper.selectPage_mpCount    : <==      Total: 1
19:59:15:062 DEBUG 19468 --- [http-nio-8081-exec-4] c.h.item.mapper.ItemMapper.selectPage    : ==>  Preparing: SELECT id, name, price, stock, image, category, brand, spec, sold, comment_count, isAD, status, create_time, update_time, creater, updater FROM item WHERE (status = ?) ORDER BY update_time DESC LIMIT ?
19:59:15:063 DEBUG 19468 --- [http-nio-8081-exec-4] c.h.item.mapper.ItemMapper.selectPage    : ==> Parameters: 1(Integer), 20(Long)
19:59:15:066 DEBUG 19468 --- [http-nio-8081-exec-4] c.h.item.mapper.ItemMapper.selectPage    : <==      Total: 20
19:59:18:354 DEBUG 19468 --- [http-nio-8081-exec-5] c.h.i.mapper.ItemMapper.selectBatchIds   : ==>  Preparing: SELECT id,name,price,stock,image,category,brand,spec,sold,comment_count,isAD,status,create_time,update_time,creater,updater FROM item WHERE id IN ( ? )
19:59:18:355 DEBUG 19468 --- [http-nio-8081-exec-5] c.h.i.mapper.ItemMapper.selectBatchIds   : ==> Parameters: 2120808(Long)
19:59:18:356 DEBUG 19468 --- [http-nio-8081-exec-5] c.h.i.mapper.ItemMapper.selectBatchIds   : <==      Total: 1
19:59:21:986 DEBUG 19468 --- [http-nio-8081-exec-7] c.h.i.mapper.ItemMapper.selectBatchIds   : ==>  Preparing: SELECT id,name,price,stock,image,category,brand,spec,sold,comment_count,isAD,status,create_time,update_time,creater,updater FROM item WHERE id IN ( ? )
19:59:21:986 DEBUG 19468 --- [http-nio-8081-exec-7] c.h.i.mapper.ItemMapper.selectBatchIds   : ==> Parameters: 2120808(Long)
19:59:21:988 DEBUG 19468 --- [http-nio-8081-exec-7] c.h.i.mapper.ItemMapper.selectBatchIds   : <==      Total: 1
19:59:22:105  WARN 19468 --- [http-nio-8081-exec-6] c.h.item.service.impl.ItemServiceImpl    : SqlSession [org.apache.ibatis.session.defaults.DefaultSqlSession@75fbb0c0] Transaction not enabled
19:59:22:105 DEBUG 19468 --- [http-nio-8081-exec-6] c.h.item.mapper.ItemMapper.updateStock   : ==>  Preparing: UPDATE item SET stock = stock - ? WHERE id = ?
19:59:22:106 DEBUG 19468 --- [http-nio-8081-exec-6] c.h.item.mapper.ItemMapper.updateStock   : ==> Parameters: 1(Integer), 2120808(Long)
20:03:08:790 DEBUG 19468 --- [http-nio-8081-exec-1] c.h.i.m.ItemMapper.selectPage_mpCount    : ==>  Preparing: SELECT COUNT(*) FROM item WHERE (status = ?)
20:03:08:790 DEBUG 19468 --- [http-nio-8081-exec-1] c.h.i.m.ItemMapper.selectPage_mpCount    : ==> Parameters: 1(Integer)
20:03:08:811 DEBUG 19468 --- [http-nio-8081-exec-1] c.h.i.m.ItemMapper.selectPage_mpCount    : <==      Total: 1
20:03:08:812 DEBUG 19468 --- [http-nio-8081-exec-1] c.h.item.mapper.ItemMapper.selectPage    : ==>  Preparing: SELECT id, name, price, stock, image, category, brand, spec, sold, comment_count, isAD, status, create_time, update_time, creater, updater FROM item WHERE (status = ?) ORDER BY update_time DESC LIMIT ?
20:03:08:812 DEBUG 19468 --- [http-nio-8081-exec-1] c.h.item.mapper.ItemMapper.selectPage    : ==> Parameters: 1(Integer), 20(Long)
20:03:08:815 DEBUG 19468 --- [http-nio-8081-exec-1] c.h.item.mapper.ItemMapper.selectPage    : <==      Total: 20
20:09:12:790 DEBUG 19468 --- [http-nio-8081-exec-3] c.h.i.m.ItemMapper.selectPage_mpCount    : ==>  Preparing: SELECT COUNT(*) FROM item WHERE (status = ?)
20:09:12:790 DEBUG 19468 --- [http-nio-8081-exec-3] c.h.i.m.ItemMapper.selectPage_mpCount    : ==> Parameters: 1(Integer)
20:09:12:808 DEBUG 19468 --- [http-nio-8081-exec-3] c.h.i.m.ItemMapper.selectPage_mpCount    : <==      Total: 1
20:09:12:810 DEBUG 19468 --- [http-nio-8081-exec-3] c.h.item.mapper.ItemMapper.selectPage    : ==>  Preparing: SELECT id, name, price, stock, image, category, brand, spec, sold, comment_count, isAD, status, create_time, update_time, creater, updater FROM item WHERE (status = ?) ORDER BY update_time DESC LIMIT ?
20:09:12:810 DEBUG 19468 --- [http-nio-8081-exec-3] c.h.item.mapper.ItemMapper.selectPage    : ==> Parameters: 1(Integer), 20(Long)
20:09:12:814 DEBUG 19468 --- [http-nio-8081-exec-3] c.h.item.mapper.ItemMapper.selectPage    : <==      Total: 20
20:09:15:915 DEBUG 19468 --- [http-nio-8081-exec-4] c.h.i.mapper.ItemMapper.selectBatchIds   : ==>  Preparing: SELECT id,name,price,stock,image,category,brand,spec,sold,comment_count,isAD,status,create_time,update_time,creater,updater FROM item WHERE id IN ( ? )
20:09:15:917 DEBUG 19468 --- [http-nio-8081-exec-4] c.h.i.mapper.ItemMapper.selectBatchIds   : ==> Parameters: 100000004580(Long)
20:09:15:918 DEBUG 19468 --- [http-nio-8081-exec-4] c.h.i.mapper.ItemMapper.selectBatchIds   : <==      Total: 1
20:09:19:731 DEBUG 19468 --- [http-nio-8081-exec-5] c.h.i.mapper.ItemMapper.selectBatchIds   : ==>  Preparing: SELECT id,name,price,stock,image,category,brand,spec,sold,comment_count,isAD,status,create_time,update_time,creater,updater FROM item WHERE id IN ( ? )
20:09:19:732 DEBUG 19468 --- [http-nio-8081-exec-5] c.h.i.mapper.ItemMapper.selectBatchIds   : ==> Parameters: 100000004580(Long)
20:09:19:735 DEBUG 19468 --- [http-nio-8081-exec-5] c.h.i.mapper.ItemMapper.selectBatchIds   : <==      Total: 1
20:09:19:793  WARN 19468 --- [http-nio-8081-exec-7] c.h.item.service.impl.ItemServiceImpl    : SqlSession [org.apache.ibatis.session.defaults.DefaultSqlSession@25217a87] Transaction not enabled
20:09:19:793 DEBUG 19468 --- [http-nio-8081-exec-7] c.h.item.mapper.ItemMapper.updateStock   : ==>  Preparing: UPDATE item SET stock = stock - ? WHERE id = ?
20:09:19:794 DEBUG 19468 --- [http-nio-8081-exec-7] c.h.item.mapper.ItemMapper.updateStock   : ==> Parameters: 1(Integer), 100000004580(Long)
20:20:55:130  WARN 19468 --- [Thread-7] c.a.n.common.http.HttpClientBeanHolder   : [HttpClientBeanHolder] Start destroying common HttpClient
20:20:55:130  WARN 19468 --- [Thread-4] c.a.nacos.common.notify.NotifyCenter     : [NotifyCenter] Start destroying Publisher
20:20:55:141  WARN 19468 --- [Thread-4] c.a.nacos.common.notify.NotifyCenter     : [NotifyCenter] Destruction of the end
20:20:55:148  WARN 19468 --- [Thread-7] c.a.n.common.http.HttpClientBeanHolder   : [HttpClientBeanHolder] Destruction of the end
20:20:56:125  INFO 19468 --- [SpringApplicationShutdownHook] c.a.c.n.registry.NacosServiceRegistry    : De-registering from Nacos Server now...
20:20:56:130  INFO 19468 --- [SpringApplicationShutdownHook] c.a.c.n.registry.NacosServiceRegistry    : De-registration finished.
20:20:56:466  INFO 19468 --- [SpringApplicationShutdownHook] com.alibaba.nacos.common.remote.client   : Shutdown rpc client, set status to shutdown
20:20:56:466  INFO 19468 --- [SpringApplicationShutdownHook] com.alibaba.nacos.common.remote.client   : Shutdown client event executor java.util.concurrent.ScheduledThreadPoolExecutor@2b8aabfc[Running, pool size = 2, active threads = 2, queued tasks = 0, completed tasks = 0]
20:20:56:466  INFO 19468 --- [SpringApplicationShutdownHook] com.alibaba.nacos.common.remote.client   : Close current connection 1777031864506_192.168.150.1_54731
20:20:56:469  INFO 19468 --- [nacos-grpc-client-executor-298] c.a.n.c.remote.client.grpc.GrpcClient    : [1777031864506_192.168.150.1_54731]Ignore complete event,isRunning:false,isAbandon=false
20:20:56:486  INFO 19468 --- [SpringApplicationShutdownHook] c.a.n.c.remote.client.grpc.GrpcClient    : Shutdown grpc executor java.util.concurrent.ThreadPoolExecutor@209ffae[Running, pool size = 5, active threads = 0, queued tasks = 0, completed tasks = 299]
20:20:56:501  INFO 19468 --- [SpringApplicationShutdownHook] com.zaxxer.hikari.HikariDataSource       : HikariPool-1 - Shutdown initiated...
20:20:56:544  INFO 19468 --- [SpringApplicationShutdownHook] com.zaxxer.hikari.HikariDataSource       : HikariPool-1 - Shutdown completed.
