14:31:20:730  INFO 22888 --- [main] com.hmall.user.UserApplication           : Starting UserApplication using Java 11.0.31 on LAPTOP-16OT1L5F with PID 22888 (G:\hmall\backend\use-service\target\classes started by 18071 in G:\hmall\backend)
14:31:20:736 DEBUG 22888 --- [main] com.hmall.user.UserApplication           : Running with Spring Boot v2.7.12, Spring v5.3.27
14:31:20:736  INFO 22888 --- [main] com.hmall.user.UserApplication           : The following 1 profile is active: "dev"
14:31:21:921  INFO 22888 --- [main] o.s.cloud.context.scope.GenericScope     : BeanFactory id=152f5788-708e-3e08-9e29-483eb09a325b
14:31:22:265  INFO 22888 --- [main] o.s.b.w.embedded.tomcat.TomcatWebServer  : Tomcat initialized with port(s): 8084 (http)
14:31:22:274  INFO 22888 --- [main] o.apache.catalina.core.StandardService   : Starting service [Tomcat]
14:31:22:275  INFO 22888 --- [main] org.apache.catalina.core.StandardEngine  : Starting Servlet engine: [Apache Tomcat/9.0.75]
14:31:22:415  INFO 22888 --- [main] o.a.c.c.C.[Tomcat].[localhost].[/]       : Initializing Spring embedded WebApplicationContext
14:31:22:416  INFO 22888 --- [main] w.s.c.ServletWebServerApplicationContext : Root WebApplicationContext: initialization completed in 1631 ms
14:31:27:293  INFO 22888 --- [main] pertySourcedRequestMappingHandlerMapping : Mapped URL path [/v2/api-docs] onto method [springfox.documentation.swagger2.web.Swagger2ControllerWebMvc#getDocumentation(String, HttpServletRequest)]
14:31:28:486  INFO 22888 --- [main] com.alibaba.nacos.common.remote.client   : [RpcClientFactory] create a new rpc client of 42044423-3cfa-4b20-aa72-a55640457196
14:31:28:530  INFO 22888 --- [main] org.reflections.Reflections              : Reflections took 22 ms to scan 1 urls, producing 3 keys and 6 values 
14:31:28:569  INFO 22888 --- [main] org.reflections.Reflections              : Reflections took 21 ms to scan 1 urls, producing 4 keys and 9 values 
14:31:28:579  INFO 22888 --- [main] org.reflections.Reflections              : Reflections took 7 ms to scan 1 urls, producing 3 keys and 10 values 
14:31:28:582  WARN 22888 --- [main] org.reflections.Reflections              : given scan urls are empty. set urls in the configuration
14:31:28:589  INFO 22888 --- [main] org.reflections.Reflections              : Reflections took 7 ms to scan 1 urls, producing 1 keys and 5 values 
14:31:28:598  INFO 22888 --- [main] org.reflections.Reflections              : Reflections took 7 ms to scan 1 urls, producing 1 keys and 7 values 
14:31:28:609  INFO 22888 --- [main] org.reflections.Reflections              : Reflections took 9 ms to scan 1 urls, producing 2 keys and 8 values 
14:31:28:612  WARN 22888 --- [main] org.reflections.Reflections              : given scan urls are empty. set urls in the configuration
14:31:28:613  INFO 22888 --- [main] com.alibaba.nacos.common.remote.client   : [42044423-3cfa-4b20-aa72-a55640457196] RpcClient init label, labels = {module=naming, source=sdk}
14:31:28:616  INFO 22888 --- [main] com.alibaba.nacos.common.remote.client   : [42044423-3cfa-4b20-aa72-a55640457196] RpcClient init, ServerListFactory = com.alibaba.nacos.client.naming.core.ServerListManager
14:31:28:616  INFO 22888 --- [main] com.alibaba.nacos.common.remote.client   : [42044423-3cfa-4b20-aa72-a55640457196] Registry connection listener to current client:com.alibaba.nacos.client.naming.remote.gprc.redo.NamingGrpcRedoService
14:31:28:616  INFO 22888 --- [main] com.alibaba.nacos.common.remote.client   : [42044423-3cfa-4b20-aa72-a55640457196] Register server push request handler:com.alibaba.nacos.client.naming.remote.gprc.NamingPushRequestHandler
14:31:28:618  INFO 22888 --- [main] com.alibaba.nacos.common.remote.client   : [42044423-3cfa-4b20-aa72-a55640457196] Try to connect to server on start up, server: {serverIp = '192.168.150.102', server main port = 8848}
14:31:31:483  INFO 22888 --- [main] com.alibaba.nacos.common.remote.client   : [42044423-3cfa-4b20-aa72-a55640457196] Success to connect to server [192.168.150.102:8848] on start up, connectionId = 1777012290309_192.168.150.1_50651
14:31:31:484  INFO 22888 --- [com.alibaba.nacos.client.remote.worker] com.alibaba.nacos.common.remote.client   : [42044423-3cfa-4b20-aa72-a55640457196] Notify connected event to listeners.
14:31:31:485  INFO 22888 --- [main] com.alibaba.nacos.common.remote.client   : [42044423-3cfa-4b20-aa72-a55640457196] Register server push request handler:com.alibaba.nacos.common.remote.client.RpcClient$ConnectResetRequestHandler
14:31:31:486  INFO 22888 --- [main] com.alibaba.nacos.common.remote.client   : [42044423-3cfa-4b20-aa72-a55640457196] Register server push request handler:com.alibaba.nacos.common.remote.client.RpcClient$$Lambda$952/0x0000000800712440
14:31:31:547  INFO 22888 --- [main] o.s.b.w.embedded.tomcat.TomcatWebServer  : Tomcat started on port(s): 8084 (http) with context path ''
14:31:31:556  INFO 22888 --- [main] c.a.c.n.registry.NacosServiceRegistry    : nacos registry, DEFAULT_GROUP user-service 192.168.220.1:8084 register finished
14:31:32:069  INFO 22888 --- [nacos-grpc-client-executor-10] com.alibaba.nacos.common.remote.client   : [42044423-3cfa-4b20-aa72-a55640457196] Receive server push request, request = NotifySubscriberRequest, requestId = 7
14:31:32:086  INFO 22888 --- [nacos-grpc-client-executor-10] com.alibaba.nacos.common.remote.client   : [42044423-3cfa-4b20-aa72-a55640457196] Ack server push request, request = NotifySubscriberRequest, requestId = 7
14:31:32:250  INFO 22888 --- [main] d.s.w.p.DocumentationPluginsBootstrapper : Documentation plugins bootstrapped
14:31:32:254  INFO 22888 --- [main] d.s.w.p.DocumentationPluginsBootstrapper : Found 1 custom documentation plugin(s)
14:31:32:285  INFO 22888 --- [main] s.d.s.w.s.ApiListingReferenceScanner     : Scanning for api listing references
14:31:32:388  INFO 22888 --- [main] com.hmall.user.UserApplication           : Started UserApplication in 13.323 seconds (JVM running for 14.677)
14:32:52:803  WARN 22888 --- [Thread-7] c.a.n.common.http.HttpClientBeanHolder   : [HttpClientBeanHolder] Start destroying common HttpClient
14:32:52:803  WARN 22888 --- [Thread-4] c.a.nacos.common.notify.NotifyCenter     : [NotifyCenter] Start destroying Publisher
14:32:52:808  WARN 22888 --- [Thread-4] c.a.nacos.common.notify.NotifyCenter     : [NotifyCenter] Destruction of the end
14:32:52:809  WARN 22888 --- [Thread-7] c.a.n.common.http.HttpClientBeanHolder   : [HttpClientBeanHolder] Destruction of the end
14:32:53:791  INFO 22888 --- [SpringApplicationShutdownHook] c.a.c.n.registry.NacosServiceRegistry    : De-registering from Nacos Server now...
14:32:53:797  INFO 22888 --- [SpringApplicationShutdownHook] c.a.c.n.registry.NacosServiceRegistry    : De-registration finished.
14:32:54:123  INFO 22888 --- [SpringApplicationShutdownHook] com.alibaba.nacos.common.remote.client   : Shutdown rpc client, set status to shutdown
14:32:54:123  INFO 22888 --- [SpringApplicationShutdownHook] com.alibaba.nacos.common.remote.client   : Shutdown client event executor java.util.concurrent.ScheduledThreadPoolExecutor@53d7ca6f[Running, pool size = 2, active threads = 2, queued tasks = 0, completed tasks = 0]
14:32:54:123  INFO 22888 --- [SpringApplicationShutdownHook] com.alibaba.nacos.common.remote.client   : Close current connection 1777012290309_192.168.150.1_50651
14:32:54:125  INFO 22888 --- [nacos-grpc-client-executor-36] c.a.n.c.remote.client.grpc.GrpcClient    : [1777012290309_192.168.150.1_50651]Ignore complete event,isRunning:false,isAbandon=false
14:32:54:129  INFO 22888 --- [SpringApplicationShutdownHook] c.a.n.c.remote.client.grpc.GrpcClient    : Shutdown grpc executor java.util.concurrent.ThreadPoolExecutor@4f85f50c[Running, pool size = 5, active threads = 0, queued tasks = 0, completed tasks = 37]
15:21:00:475  INFO 27620 --- [main] com.hmall.user.UserApplication           : Starting UserApplication using Java 11.0.31 on LAPTOP-16OT1L5F with PID 27620 (G:\hmall\backend\use-service\target\classes started by 18071 in G:\hmall\backend)
15:21:00:478 DEBUG 27620 --- [main] com.hmall.user.UserApplication           : Running with Spring Boot v2.7.12, Spring v5.3.27
15:21:00:479  INFO 27620 --- [main] com.hmall.user.UserApplication           : The following 1 profile is active: "dev"
15:21:01:880  INFO 27620 --- [main] o.s.cloud.context.scope.GenericScope     : BeanFactory id=152f5788-708e-3e08-9e29-483eb09a325b
15:21:02:313  INFO 27620 --- [main] o.s.b.w.embedded.tomcat.TomcatWebServer  : Tomcat initialized with port(s): 8084 (http)
15:21:02:324  INFO 27620 --- [main] o.apache.catalina.core.StandardService   : Starting service [Tomcat]
15:21:02:324  INFO 27620 --- [main] org.apache.catalina.core.StandardEngine  : Starting Servlet engine: [Apache Tomcat/9.0.75]
15:21:02:489  INFO 27620 --- [main] o.a.c.c.C.[Tomcat].[localhost].[/]       : Initializing Spring embedded WebApplicationContext
15:21:02:490  INFO 27620 --- [main] w.s.c.ServletWebServerApplicationContext : Root WebApplicationContext: initialization completed in 1966 ms
15:21:08:071  INFO 27620 --- [main] pertySourcedRequestMappingHandlerMapping : Mapped URL path [/v2/api-docs] onto method [springfox.documentation.swagger2.web.Swagger2ControllerWebMvc#getDocumentation(String, HttpServletRequest)]
15:21:09:160  INFO 27620 --- [main] com.alibaba.nacos.common.remote.client   : [RpcClientFactory] create a new rpc client of df20d590-a81f-4fd3-bf19-a854f59d4518
15:21:09:207  INFO 27620 --- [main] org.reflections.Reflections              : Reflections took 22 ms to scan 1 urls, producing 3 keys and 6 values 
15:21:09:244  INFO 27620 --- [main] org.reflections.Reflections              : Reflections took 19 ms to scan 1 urls, producing 4 keys and 9 values 
15:21:09:254  INFO 27620 --- [main] org.reflections.Reflections              : Reflections took 6 ms to scan 1 urls, producing 3 keys and 10 values 
15:21:09:258  WARN 27620 --- [main] org.reflections.Reflections              : given scan urls are empty. set urls in the configuration
15:21:09:265  INFO 27620 --- [main] org.reflections.Reflections              : Reflections took 6 ms to scan 1 urls, producing 1 keys and 5 values 
15:21:09:274  INFO 27620 --- [main] org.reflections.Reflections              : Reflections took 7 ms to scan 1 urls, producing 1 keys and 7 values 
15:21:09:284  INFO 27620 --- [main] org.reflections.Reflections              : Reflections took 7 ms to scan 1 urls, producing 2 keys and 8 values 
15:21:09:286  WARN 27620 --- [main] org.reflections.Reflections              : given scan urls are empty. set urls in the configuration
15:21:09:287  INFO 27620 --- [main] com.alibaba.nacos.common.remote.client   : [df20d590-a81f-4fd3-bf19-a854f59d4518] RpcClient init label, labels = {module=naming, source=sdk}
15:21:09:289  INFO 27620 --- [main] com.alibaba.nacos.common.remote.client   : [df20d590-a81f-4fd3-bf19-a854f59d4518] RpcClient init, ServerListFactory = com.alibaba.nacos.client.naming.core.ServerListManager
15:21:09:289  INFO 27620 --- [main] com.alibaba.nacos.common.remote.client   : [df20d590-a81f-4fd3-bf19-a854f59d4518] Registry connection listener to current client:com.alibaba.nacos.client.naming.remote.gprc.redo.NamingGrpcRedoService
15:21:09:290  INFO 27620 --- [main] com.alibaba.nacos.common.remote.client   : [df20d590-a81f-4fd3-bf19-a854f59d4518] Register server push request handler:com.alibaba.nacos.client.naming.remote.gprc.NamingPushRequestHandler
15:21:09:292  INFO 27620 --- [main] com.alibaba.nacos.common.remote.client   : [df20d590-a81f-4fd3-bf19-a854f59d4518] Try to connect to server on start up, server: {serverIp = '192.168.150.102', server main port = 8848}
15:21:12:005  INFO 27620 --- [main] com.alibaba.nacos.common.remote.client   : [df20d590-a81f-4fd3-bf19-a854f59d4518] Success to connect to server [192.168.150.102:8848] on start up, connectionId = 1777015270884_192.168.150.1_64141
15:21:12:006  INFO 27620 --- [com.alibaba.nacos.client.remote.worker] com.alibaba.nacos.common.remote.client   : [df20d590-a81f-4fd3-bf19-a854f59d4518] Notify connected event to listeners.
15:21:12:006  INFO 27620 --- [main] com.alibaba.nacos.common.remote.client   : [df20d590-a81f-4fd3-bf19-a854f59d4518] Register server push request handler:com.alibaba.nacos.common.remote.client.RpcClient$ConnectResetRequestHandler
15:21:12:007  INFO 27620 --- [main] com.alibaba.nacos.common.remote.client   : [df20d590-a81f-4fd3-bf19-a854f59d4518] Register server push request handler:com.alibaba.nacos.common.remote.client.RpcClient$$Lambda$952/0x0000000800714440
15:21:12:066  INFO 27620 --- [main] o.s.b.w.embedded.tomcat.TomcatWebServer  : Tomcat started on port(s): 8084 (http) with context path ''
15:21:12:075  INFO 27620 --- [main] c.a.c.n.registry.NacosServiceRegistry    : nacos registry, DEFAULT_GROUP user-service 192.168.220.1:8084 register finished
15:21:12:570  INFO 27620 --- [nacos-grpc-client-executor-11] com.alibaba.nacos.common.remote.client   : [df20d590-a81f-4fd3-bf19-a854f59d4518] Receive server push request, request = NotifySubscriberRequest, requestId = 14
15:21:12:582  INFO 27620 --- [nacos-grpc-client-executor-11] com.alibaba.nacos.common.remote.client   : [df20d590-a81f-4fd3-bf19-a854f59d4518] Ack server push request, request = NotifySubscriberRequest, requestId = 14
15:21:12:787  INFO 27620 --- [main] d.s.w.p.DocumentationPluginsBootstrapper : Documentation plugins bootstrapped
15:21:12:789  INFO 27620 --- [main] d.s.w.p.DocumentationPluginsBootstrapper : Found 1 custom documentation plugin(s)
15:21:12:808  INFO 27620 --- [main] s.d.s.w.s.ApiListingReferenceScanner     : Scanning for api listing references
15:21:12:888  INFO 27620 --- [main] com.hmall.user.UserApplication           : Started UserApplication in 14.221 seconds (JVM running for 16.257)
15:22:35:339  INFO 27620 --- [http-nio-8084-exec-1] o.a.c.c.C.[Tomcat].[localhost].[/]       : Initializing Spring DispatcherServlet 'dispatcherServlet'
15:22:35:339  INFO 27620 --- [http-nio-8084-exec-1] o.s.web.servlet.DispatcherServlet        : Initializing Servlet 'dispatcherServlet'
15:22:35:341  INFO 27620 --- [http-nio-8084-exec-1] o.s.web.servlet.DispatcherServlet        : Completed initialization in 1 ms
15:22:35:488  INFO 27620 --- [http-nio-8084-exec-1] com.zaxxer.hikari.HikariDataSource       : HikariPool-1 - Starting...
15:22:35:824  INFO 27620 --- [http-nio-8084-exec-1] com.zaxxer.hikari.HikariDataSource       : HikariPool-1 - Start completed.
15:22:35:831 DEBUG 27620 --- [http-nio-8084-exec-1] c.h.user.mapper.UserMapper.selectOne     : ==>  Preparing: SELECT id,username,password,phone,create_time,update_time,status,balance FROM user WHERE (username = ?)
15:22:35:849 DEBUG 27620 --- [http-nio-8084-exec-1] c.h.user.mapper.UserMapper.selectOne     : ==> Parameters: jack(String)
15:22:35:927 DEBUG 27620 --- [http-nio-8084-exec-1] c.h.user.mapper.UserMapper.selectOne     : <==      Total: 1
15:23:31:134 DEBUG 27620 --- [http-nio-8084-exec-2] c.h.u.mapper.AddressMapper.selectList    : ==>  Preparing: SELECT id,user_id,province,city,town,mobile,street,contact,is_default,notes FROM address WHERE (user_id = ?)
15:23:31:135 DEBUG 27620 --- [http-nio-8084-exec-2] c.h.u.mapper.AddressMapper.selectList    : ==> Parameters: 1(Long)
15:23:31:149 DEBUG 27620 --- [http-nio-8084-exec-2] c.h.u.mapper.AddressMapper.selectList    : <==      Total: 4
15:23:40:488  INFO 27620 --- [http-nio-8084-exec-3] c.h.user.service.impl.UserServiceImpl    : 开始扣款
15:23:40:490 DEBUG 27620 --- [http-nio-8084-exec-3] c.h.user.mapper.UserMapper.selectById    : ==>  Preparing: SELECT id,username,password,phone,create_time,update_time,status,balance FROM user WHERE id=?
15:23:40:490 DEBUG 27620 --- [http-nio-8084-exec-3] c.h.user.mapper.UserMapper.selectById    : ==> Parameters: null
15:23:40:491 DEBUG 27620 --- [http-nio-8084-exec-3] c.h.user.mapper.UserMapper.selectById    : <==      Total: 0
15:23:40:513 ERROR 27620 --- [http-nio-8084-exec-3] o.a.c.c.C.[.[.[/].[dispatcherServlet]    : Servlet.service() for servlet [dispatcherServlet] in context with path [] threw exception [Request processing failed; nested exception is com.hmall.common.exception.BizIllegalException: 用户密码错误] with root cause

com.hmall.common.exception.BizIllegalException: 用户密码错误
	at com.hmall.user.service.impl.UserServiceImpl.deductMoney(UserServiceImpl.java:75) ~[classes/:na]
	at com.hmall.user.service.impl.UserServiceImpl$$FastClassBySpringCGLIB$$da72bc39.invoke(<generated>) ~[classes/:na]
	at org.springframework.cglib.proxy.MethodProxy.invoke(MethodProxy.java:218) ~[spring-core-5.3.27.jar:5.3.27]
	at org.springframework.aop.framework.CglibAopProxy.invokeMethod(CglibAopProxy.java:386) ~[spring-aop-5.3.27.jar:5.3.27]
	at org.springframework.aop.framework.CglibAopProxy.access$000(CglibAopProxy.java:85) ~[spring-aop-5.3.27.jar:5.3.27]
	at org.springframework.aop.framework.CglibAopProxy$DynamicAdvisedInterceptor.intercept(CglibAopProxy.java:704) ~[spring-aop-5.3.27.jar:5.3.27]
	at com.hmall.user.service.impl.UserServiceImpl$$EnhancerBySpringCGLIB$$5324ef98.deductMoney(<generated>) ~[classes/:na]
	at com.hmall.user.controller.UserController.deductMoney(UserController.java:36) ~[classes/:na]
	at java.base/jdk.internal.reflect.NativeMethodAccessorImpl.invoke0(Native Method) ~[na:na]
	at java.base/jdk.internal.reflect.NativeMethodAccessorImpl.invoke(NativeMethodAccessorImpl.java:62) ~[na:na]
	at java.base/jdk.internal.reflect.DelegatingMethodAccessorImpl.invoke(DelegatingMethodAccessorImpl.java:43) ~[na:na]
	at java.base/java.lang.reflect.Method.invoke(Method.java:566) ~[na:na]
	at org.springframework.web.method.support.InvocableHandlerMethod.doInvoke(InvocableHandlerMethod.java:205) ~[spring-web-5.3.27.jar:5.3.27]
	at org.springframework.web.method.support.InvocableHandlerMethod.invokeForRequest(InvocableHandlerMethod.java:150) ~[spring-web-5.3.27.jar:5.3.27]
	at org.springframework.web.servlet.mvc.method.annotation.ServletInvocableHandlerMethod.invokeAndHandle(ServletInvocableHandlerMethod.java:117) ~[spring-webmvc-5.3.27.jar:5.3.27]
	at org.springframework.web.servlet.mvc.method.annotation.RequestMappingHandlerAdapter.invokeHandlerMethod(RequestMappingHandlerAdapter.java:895) ~[spring-webmvc-5.3.27.jar:5.3.27]
	at org.springframework.web.servlet.mvc.method.annotation.RequestMappingHandlerAdapter.handleInternal(RequestMappingHandlerAdapter.java:808) ~[spring-webmvc-5.3.27.jar:5.3.27]
	at org.springframework.web.servlet.mvc.method.AbstractHandlerMethodAdapter.handle(AbstractHandlerMethodAdapter.java:87) ~[spring-webmvc-5.3.27.jar:5.3.27]
	at org.springframework.web.servlet.DispatcherServlet.doDispatch(DispatcherServlet.java:1072) ~[spring-webmvc-5.3.27.jar:5.3.27]
	at org.springframework.web.servlet.DispatcherServlet.doService(DispatcherServlet.java:965) ~[spring-webmvc-5.3.27.jar:5.3.27]
	at org.springframework.web.servlet.FrameworkServlet.processRequest(FrameworkServlet.java:1006) ~[spring-webmvc-5.3.27.jar:5.3.27]
	at org.springframework.web.servlet.FrameworkServlet.doPut(FrameworkServlet.java:920) ~[spring-webmvc-5.3.27.jar:5.3.27]
	at javax.servlet.http.HttpServlet.service(HttpServlet.java:558) ~[tomcat-embed-core-9.0.75.jar:4.0.FR]
	at org.springframework.web.servlet.FrameworkServlet.service(FrameworkServlet.java:883) ~[spring-webmvc-5.3.27.jar:5.3.27]
	at javax.servlet.http.HttpServlet.service(HttpServlet.java:623) ~[tomcat-embed-core-9.0.75.jar:4.0.FR]
	at org.apache.catalina.core.ApplicationFilterChain.internalDoFilter(ApplicationFilterChain.java:209) ~[tomcat-embed-core-9.0.75.jar:9.0.75]
	at org.apache.catalina.core.ApplicationFilterChain.doFilter(ApplicationFilterChain.java:153) ~[tomcat-embed-core-9.0.75.jar:9.0.75]
	at org.apache.tomcat.websocket.server.WsFilter.doFilter(WsFilter.java:51) ~[tomcat-embed-websocket-9.0.75.jar:9.0.75]
	at org.apache.catalina.core.ApplicationFilterChain.internalDoFilter(ApplicationFilterChain.java:178) ~[tomcat-embed-core-9.0.75.jar:9.0.75]
	at org.apache.catalina.core.ApplicationFilterChain.doFilter(ApplicationFilterChain.java:153) ~[tomcat-embed-core-9.0.75.jar:9.0.75]
	at org.springframework.web.filter.RequestContextFilter.doFilterInternal(RequestContextFilter.java:100) ~[spring-web-5.3.27.jar:5.3.27]
	at org.springframework.web.filter.OncePerRequestFilter.doFilter(OncePerRequestFilter.java:117) ~[spring-web-5.3.27.jar:5.3.27]
	at org.apache.catalina.core.ApplicationFilterChain.internalDoFilter(ApplicationFilterChain.java:178) ~[tomcat-embed-core-9.0.75.jar:9.0.75]
	at org.apache.catalina.core.ApplicationFilterChain.doFilter(ApplicationFilterChain.java:153) ~[tomcat-embed-core-9.0.75.jar:9.0.75]
	at org.springframework.web.filter.FormContentFilter.doFilterInternal(FormContentFilter.java:93) ~[spring-web-5.3.27.jar:5.3.27]
	at org.springframework.web.filter.OncePerRequestFilter.doFilter(OncePerRequestFilter.java:117) ~[spring-web-5.3.27.jar:5.3.27]
	at org.apache.catalina.core.ApplicationFilterChain.internalDoFilter(ApplicationFilterChain.java:178) ~[tomcat-embed-core-9.0.75.jar:9.0.75]
	at org.apache.catalina.core.ApplicationFilterChain.doFilter(ApplicationFilterChain.java:153) ~[tomcat-embed-core-9.0.75.jar:9.0.75]
	at org.springframework.web.filter.CharacterEncodingFilter.doFilterInternal(CharacterEncodingFilter.java:201) ~[spring-web-5.3.27.jar:5.3.27]
	at org.springframework.web.filter.OncePerRequestFilter.doFilter(OncePerRequestFilter.java:117) ~[spring-web-5.3.27.jar:5.3.27]
	at org.apache.catalina.core.ApplicationFilterChain.internalDoFilter(ApplicationFilterChain.java:178) ~[tomcat-embed-core-9.0.75.jar:9.0.75]
	at org.apache.catalina.core.ApplicationFilterChain.doFilter(ApplicationFilterChain.java:153) ~[tomcat-embed-core-9.0.75.jar:9.0.75]
	at org.apache.catalina.core.StandardWrapperValve.invoke(StandardWrapperValve.java:167) ~[tomcat-embed-core-9.0.75.jar:9.0.75]
	at org.apache.catalina.core.StandardContextValve.invoke(StandardContextValve.java:90) ~[tomcat-embed-core-9.0.75.jar:9.0.75]
	at org.apache.catalina.authenticator.AuthenticatorBase.invoke(AuthenticatorBase.java:481) ~[tomcat-embed-core-9.0.75.jar:9.0.75]
	at org.apache.catalina.core.StandardHostValve.invoke(StandardHostValve.java:130) ~[tomcat-embed-core-9.0.75.jar:9.0.75]
	at org.apache.catalina.valves.ErrorReportValve.invoke(ErrorReportValve.java:93) ~[tomcat-embed-core-9.0.75.jar:9.0.75]
	at org.apache.catalina.core.StandardEngineValve.invoke(StandardEngineValve.java:74) ~[tomcat-embed-core-9.0.75.jar:9.0.75]
	at org.apache.catalina.connector.CoyoteAdapter.service(CoyoteAdapter.java:343) ~[tomcat-embed-core-9.0.75.jar:9.0.75]
	at org.apache.coyote.http11.Http11Processor.service(Http11Processor.java:390) ~[tomcat-embed-core-9.0.75.jar:9.0.75]
	at org.apache.coyote.AbstractProcessorLight.process(AbstractProcessorLight.java:63) ~[tomcat-embed-core-9.0.75.jar:9.0.75]
	at org.apache.coyote.AbstractProtocol$ConnectionHandler.process(AbstractProtocol.java:926) ~[tomcat-embed-core-9.0.75.jar:9.0.75]
	at org.apache.tomcat.util.net.NioEndpoint$SocketProcessor.doRun(NioEndpoint.java:1791) ~[tomcat-embed-core-9.0.75.jar:9.0.75]
	at org.apache.tomcat.util.net.SocketProcessorBase.run(SocketProcessorBase.java:52) ~[tomcat-embed-core-9.0.75.jar:9.0.75]
	at org.apache.tomcat.util.threads.ThreadPoolExecutor.runWorker(ThreadPoolExecutor.java:1191) ~[tomcat-embed-core-9.0.75.jar:9.0.75]
	at org.apache.tomcat.util.threads.ThreadPoolExecutor$Worker.run(ThreadPoolExecutor.java:659) ~[tomcat-embed-core-9.0.75.jar:9.0.75]
	at org.apache.tomcat.util.threads.TaskThread$WrappingRunnable.run(TaskThread.java:61) ~[tomcat-embed-core-9.0.75.jar:9.0.75]
	at java.base/java.lang.Thread.run(Thread.java:829) ~[na:na]

15:23:44:517  INFO 27620 --- [http-nio-8084-exec-4] c.h.user.service.impl.UserServiceImpl    : 开始扣款
15:23:44:518 DEBUG 27620 --- [http-nio-8084-exec-4] c.h.user.mapper.UserMapper.selectById    : ==>  Preparing: SELECT id,username,password,phone,create_time,update_time,status,balance FROM user WHERE id=?
15:23:44:518 DEBUG 27620 --- [http-nio-8084-exec-4] c.h.user.mapper.UserMapper.selectById    : ==> Parameters: null
15:23:44:519 DEBUG 27620 --- [http-nio-8084-exec-4] c.h.user.mapper.UserMapper.selectById    : <==      Total: 0
15:23:44:520 ERROR 27620 --- [http-nio-8084-exec-4] o.a.c.c.C.[.[.[/].[dispatcherServlet]    : Servlet.service() for servlet [dispatcherServlet] in context with path [] threw exception [Request processing failed; nested exception is com.hmall.common.exception.BizIllegalException: 用户密码错误] with root cause

com.hmall.common.exception.BizIllegalException: 用户密码错误
	at com.hmall.user.service.impl.UserServiceImpl.deductMoney(UserServiceImpl.java:75) ~[classes/:na]
	at com.hmall.user.service.impl.UserServiceImpl$$FastClassBySpringCGLIB$$da72bc39.invoke(<generated>) ~[classes/:na]
	at org.springframework.cglib.proxy.MethodProxy.invoke(MethodProxy.java:218) ~[spring-core-5.3.27.jar:5.3.27]
	at org.springframework.aop.framework.CglibAopProxy.invokeMethod(CglibAopProxy.java:386) ~[spring-aop-5.3.27.jar:5.3.27]
	at org.springframework.aop.framework.CglibAopProxy.access$000(CglibAopProxy.java:85) ~[spring-aop-5.3.27.jar:5.3.27]
	at org.springframework.aop.framework.CglibAopProxy$DynamicAdvisedInterceptor.intercept(CglibAopProxy.java:704) ~[spring-aop-5.3.27.jar:5.3.27]
	at com.hmall.user.service.impl.UserServiceImpl$$EnhancerBySpringCGLIB$$5324ef98.deductMoney(<generated>) ~[classes/:na]
	at com.hmall.user.controller.UserController.deductMoney(UserController.java:36) ~[classes/:na]
	at java.base/jdk.internal.reflect.NativeMethodAccessorImpl.invoke0(Native Method) ~[na:na]
	at java.base/jdk.internal.reflect.NativeMethodAccessorImpl.invoke(NativeMethodAccessorImpl.java:62) ~[na:na]
	at java.base/jdk.internal.reflect.DelegatingMethodAccessorImpl.invoke(DelegatingMethodAccessorImpl.java:43) ~[na:na]
	at java.base/java.lang.reflect.Method.invoke(Method.java:566) ~[na:na]
	at org.springframework.web.method.support.InvocableHandlerMethod.doInvoke(InvocableHandlerMethod.java:205) ~[spring-web-5.3.27.jar:5.3.27]
	at org.springframework.web.method.support.InvocableHandlerMethod.invokeForRequest(InvocableHandlerMethod.java:150) ~[spring-web-5.3.27.jar:5.3.27]
	at org.springframework.web.servlet.mvc.method.annotation.ServletInvocableHandlerMethod.invokeAndHandle(ServletInvocableHandlerMethod.java:117) ~[spring-webmvc-5.3.27.jar:5.3.27]
	at org.springframework.web.servlet.mvc.method.annotation.RequestMappingHandlerAdapter.invokeHandlerMethod(RequestMappingHandlerAdapter.java:895) ~[spring-webmvc-5.3.27.jar:5.3.27]
	at org.springframework.web.servlet.mvc.method.annotation.RequestMappingHandlerAdapter.handleInternal(RequestMappingHandlerAdapter.java:808) ~[spring-webmvc-5.3.27.jar:5.3.27]
	at org.springframework.web.servlet.mvc.method.AbstractHandlerMethodAdapter.handle(AbstractHandlerMethodAdapter.java:87) ~[spring-webmvc-5.3.27.jar:5.3.27]
	at org.springframework.web.servlet.DispatcherServlet.doDispatch(DispatcherServlet.java:1072) ~[spring-webmvc-5.3.27.jar:5.3.27]
	at org.springframework.web.servlet.DispatcherServlet.doService(DispatcherServlet.java:965) ~[spring-webmvc-5.3.27.jar:5.3.27]
	at org.springframework.web.servlet.FrameworkServlet.processRequest(FrameworkServlet.java:1006) ~[spring-webmvc-5.3.27.jar:5.3.27]
	at org.springframework.web.servlet.FrameworkServlet.doPut(FrameworkServlet.java:920) ~[spring-webmvc-5.3.27.jar:5.3.27]
	at javax.servlet.http.HttpServlet.service(HttpServlet.java:558) ~[tomcat-embed-core-9.0.75.jar:4.0.FR]
	at org.springframework.web.servlet.FrameworkServlet.service(FrameworkServlet.java:883) ~[spring-webmvc-5.3.27.jar:5.3.27]
	at javax.servlet.http.HttpServlet.service(HttpServlet.java:623) ~[tomcat-embed-core-9.0.75.jar:4.0.FR]
	at org.apache.catalina.core.ApplicationFilterChain.internalDoFilter(ApplicationFilterChain.java:209) ~[tomcat-embed-core-9.0.75.jar:9.0.75]
	at org.apache.catalina.core.ApplicationFilterChain.doFilter(ApplicationFilterChain.java:153) ~[tomcat-embed-core-9.0.75.jar:9.0.75]
	at org.apache.tomcat.websocket.server.WsFilter.doFilter(WsFilter.java:51) ~[tomcat-embed-websocket-9.0.75.jar:9.0.75]
	at org.apache.catalina.core.ApplicationFilterChain.internalDoFilter(ApplicationFilterChain.java:178) ~[tomcat-embed-core-9.0.75.jar:9.0.75]
	at org.apache.catalina.core.ApplicationFilterChain.doFilter(ApplicationFilterChain.java:153) ~[tomcat-embed-core-9.0.75.jar:9.0.75]
	at org.springframework.web.filter.RequestContextFilter.doFilterInternal(RequestContextFilter.java:100) ~[spring-web-5.3.27.jar:5.3.27]
	at org.springframework.web.filter.OncePerRequestFilter.doFilter(OncePerRequestFilter.java:117) ~[spring-web-5.3.27.jar:5.3.27]
	at org.apache.catalina.core.ApplicationFilterChain.internalDoFilter(ApplicationFilterChain.java:178) ~[tomcat-embed-core-9.0.75.jar:9.0.75]
	at org.apache.catalina.core.ApplicationFilterChain.doFilter(ApplicationFilterChain.java:153) ~[tomcat-embed-core-9.0.75.jar:9.0.75]
	at org.springframework.web.filter.FormContentFilter.doFilterInternal(FormContentFilter.java:93) ~[spring-web-5.3.27.jar:5.3.27]
	at org.springframework.web.filter.OncePerRequestFilter.doFilter(OncePerRequestFilter.java:117) ~[spring-web-5.3.27.jar:5.3.27]
	at org.apache.catalina.core.ApplicationFilterChain.internalDoFilter(ApplicationFilterChain.java:178) ~[tomcat-embed-core-9.0.75.jar:9.0.75]
	at org.apache.catalina.core.ApplicationFilterChain.doFilter(ApplicationFilterChain.java:153) ~[tomcat-embed-core-9.0.75.jar:9.0.75]
	at org.springframework.web.filter.CharacterEncodingFilter.doFilterInternal(CharacterEncodingFilter.java:201) ~[spring-web-5.3.27.jar:5.3.27]
	at org.springframework.web.filter.OncePerRequestFilter.doFilter(OncePerRequestFilter.java:117) ~[spring-web-5.3.27.jar:5.3.27]
	at org.apache.catalina.core.ApplicationFilterChain.internalDoFilter(ApplicationFilterChain.java:178) ~[tomcat-embed-core-9.0.75.jar:9.0.75]
	at org.apache.catalina.core.ApplicationFilterChain.doFilter(ApplicationFilterChain.java:153) ~[tomcat-embed-core-9.0.75.jar:9.0.75]
	at org.apache.catalina.core.StandardWrapperValve.invoke(StandardWrapperValve.java:167) ~[tomcat-embed-core-9.0.75.jar:9.0.75]
	at org.apache.catalina.core.StandardContextValve.invoke(StandardContextValve.java:90) ~[tomcat-embed-core-9.0.75.jar:9.0.75]
	at org.apache.catalina.authenticator.AuthenticatorBase.invoke(AuthenticatorBase.java:481) ~[tomcat-embed-core-9.0.75.jar:9.0.75]
	at org.apache.catalina.core.StandardHostValve.invoke(StandardHostValve.java:130) ~[tomcat-embed-core-9.0.75.jar:9.0.75]
	at org.apache.catalina.valves.ErrorReportValve.invoke(ErrorReportValve.java:93) ~[tomcat-embed-core-9.0.75.jar:9.0.75]
	at org.apache.catalina.core.StandardEngineValve.invoke(StandardEngineValve.java:74) ~[tomcat-embed-core-9.0.75.jar:9.0.75]
	at org.apache.catalina.connector.CoyoteAdapter.service(CoyoteAdapter.java:343) ~[tomcat-embed-core-9.0.75.jar:9.0.75]
	at org.apache.coyote.http11.Http11Processor.service(Http11Processor.java:390) ~[tomcat-embed-core-9.0.75.jar:9.0.75]
	at org.apache.coyote.AbstractProcessorLight.process(AbstractProcessorLight.java:63) ~[tomcat-embed-core-9.0.75.jar:9.0.75]
	at org.apache.coyote.AbstractProtocol$ConnectionHandler.process(AbstractProtocol.java:926) ~[tomcat-embed-core-9.0.75.jar:9.0.75]
	at org.apache.tomcat.util.net.NioEndpoint$SocketProcessor.doRun(NioEndpoint.java:1791) ~[tomcat-embed-core-9.0.75.jar:9.0.75]
	at org.apache.tomcat.util.net.SocketProcessorBase.run(SocketProcessorBase.java:52) ~[tomcat-embed-core-9.0.75.jar:9.0.75]
	at org.apache.tomcat.util.threads.ThreadPoolExecutor.runWorker(ThreadPoolExecutor.java:1191) ~[tomcat-embed-core-9.0.75.jar:9.0.75]
	at org.apache.tomcat.util.threads.ThreadPoolExecutor$Worker.run(ThreadPoolExecutor.java:659) ~[tomcat-embed-core-9.0.75.jar:9.0.75]
	at org.apache.tomcat.util.threads.TaskThread$WrappingRunnable.run(TaskThread.java:61) ~[tomcat-embed-core-9.0.75.jar:9.0.75]
	at java.base/java.lang.Thread.run(Thread.java:829) ~[na:na]

15:25:19:232  INFO 27620 --- [http-nio-8084-exec-6] c.h.user.service.impl.UserServiceImpl    : 开始扣款
15:25:19:233 DEBUG 27620 --- [http-nio-8084-exec-6] c.h.user.mapper.UserMapper.selectById    : ==>  Preparing: SELECT id,username,password,phone,create_time,update_time,status,balance FROM user WHERE id=?
15:25:19:233 DEBUG 27620 --- [http-nio-8084-exec-6] c.h.user.mapper.UserMapper.selectById    : ==> Parameters: null
15:25:19:234 DEBUG 27620 --- [http-nio-8084-exec-6] c.h.user.mapper.UserMapper.selectById    : <==      Total: 0
15:25:19:235 ERROR 27620 --- [http-nio-8084-exec-6] o.a.c.c.C.[.[.[/].[dispatcherServlet]    : Servlet.service() for servlet [dispatcherServlet] in context with path [] threw exception [Request processing failed; nested exception is com.hmall.common.exception.BizIllegalException: 用户密码错误] with root cause

com.hmall.common.exception.BizIllegalException: 用户密码错误
	at com.hmall.user.service.impl.UserServiceImpl.deductMoney(UserServiceImpl.java:75) ~[classes/:na]
	at com.hmall.user.service.impl.UserServiceImpl$$FastClassBySpringCGLIB$$da72bc39.invoke(<generated>) ~[classes/:na]
	at org.springframework.cglib.proxy.MethodProxy.invoke(MethodProxy.java:218) ~[spring-core-5.3.27.jar:5.3.27]
	at org.springframework.aop.framework.CglibAopProxy.invokeMethod(CglibAopProxy.java:386) ~[spring-aop-5.3.27.jar:5.3.27]
	at org.springframework.aop.framework.CglibAopProxy.access$000(CglibAopProxy.java:85) ~[spring-aop-5.3.27.jar:5.3.27]
	at org.springframework.aop.framework.CglibAopProxy$DynamicAdvisedInterceptor.intercept(CglibAopProxy.java:704) ~[spring-aop-5.3.27.jar:5.3.27]
	at com.hmall.user.service.impl.UserServiceImpl$$EnhancerBySpringCGLIB$$5324ef98.deductMoney(<generated>) ~[classes/:na]
	at com.hmall.user.controller.UserController.deductMoney(UserController.java:36) ~[classes/:na]
	at java.base/jdk.internal.reflect.NativeMethodAccessorImpl.invoke0(Native Method) ~[na:na]
	at java.base/jdk.internal.reflect.NativeMethodAccessorImpl.invoke(NativeMethodAccessorImpl.java:62) ~[na:na]
	at java.base/jdk.internal.reflect.DelegatingMethodAccessorImpl.invoke(DelegatingMethodAccessorImpl.java:43) ~[na:na]
	at java.base/java.lang.reflect.Method.invoke(Method.java:566) ~[na:na]
	at org.springframework.web.method.support.InvocableHandlerMethod.doInvoke(InvocableHandlerMethod.java:205) ~[spring-web-5.3.27.jar:5.3.27]
	at org.springframework.web.method.support.InvocableHandlerMethod.invokeForRequest(InvocableHandlerMethod.java:150) ~[spring-web-5.3.27.jar:5.3.27]
	at org.springframework.web.servlet.mvc.method.annotation.ServletInvocableHandlerMethod.invokeAndHandle(ServletInvocableHandlerMethod.java:117) ~[spring-webmvc-5.3.27.jar:5.3.27]
	at org.springframework.web.servlet.mvc.method.annotation.RequestMappingHandlerAdapter.invokeHandlerMethod(RequestMappingHandlerAdapter.java:895) ~[spring-webmvc-5.3.27.jar:5.3.27]
	at org.springframework.web.servlet.mvc.method.annotation.RequestMappingHandlerAdapter.handleInternal(RequestMappingHandlerAdapter.java:808) ~[spring-webmvc-5.3.27.jar:5.3.27]
	at org.springframework.web.servlet.mvc.method.AbstractHandlerMethodAdapter.handle(AbstractHandlerMethodAdapter.java:87) ~[spring-webmvc-5.3.27.jar:5.3.27]
	at org.springframework.web.servlet.DispatcherServlet.doDispatch(DispatcherServlet.java:1072) ~[spring-webmvc-5.3.27.jar:5.3.27]
	at org.springframework.web.servlet.DispatcherServlet.doService(DispatcherServlet.java:965) ~[spring-webmvc-5.3.27.jar:5.3.27]
	at org.springframework.web.servlet.FrameworkServlet.processRequest(FrameworkServlet.java:1006) ~[spring-webmvc-5.3.27.jar:5.3.27]
	at org.springframework.web.servlet.FrameworkServlet.doPut(FrameworkServlet.java:920) ~[spring-webmvc-5.3.27.jar:5.3.27]
	at javax.servlet.http.HttpServlet.service(HttpServlet.java:558) ~[tomcat-embed-core-9.0.75.jar:4.0.FR]
	at org.springframework.web.servlet.FrameworkServlet.service(FrameworkServlet.java:883) ~[spring-webmvc-5.3.27.jar:5.3.27]
	at javax.servlet.http.HttpServlet.service(HttpServlet.java:623) ~[tomcat-embed-core-9.0.75.jar:4.0.FR]
	at org.apache.catalina.core.ApplicationFilterChain.internalDoFilter(ApplicationFilterChain.java:209) ~[tomcat-embed-core-9.0.75.jar:9.0.75]
	at org.apache.catalina.core.ApplicationFilterChain.doFilter(ApplicationFilterChain.java:153) ~[tomcat-embed-core-9.0.75.jar:9.0.75]
	at org.apache.tomcat.websocket.server.WsFilter.doFilter(WsFilter.java:51) ~[tomcat-embed-websocket-9.0.75.jar:9.0.75]
	at org.apache.catalina.core.ApplicationFilterChain.internalDoFilter(ApplicationFilterChain.java:178) ~[tomcat-embed-core-9.0.75.jar:9.0.75]
	at org.apache.catalina.core.ApplicationFilterChain.doFilter(ApplicationFilterChain.java:153) ~[tomcat-embed-core-9.0.75.jar:9.0.75]
	at org.springframework.web.filter.RequestContextFilter.doFilterInternal(RequestContextFilter.java:100) ~[spring-web-5.3.27.jar:5.3.27]
	at org.springframework.web.filter.OncePerRequestFilter.doFilter(OncePerRequestFilter.java:117) ~[spring-web-5.3.27.jar:5.3.27]
	at org.apache.catalina.core.ApplicationFilterChain.internalDoFilter(ApplicationFilterChain.java:178) ~[tomcat-embed-core-9.0.75.jar:9.0.75]
	at org.apache.catalina.core.ApplicationFilterChain.doFilter(ApplicationFilterChain.java:153) ~[tomcat-embed-core-9.0.75.jar:9.0.75]
	at org.springframework.web.filter.FormContentFilter.doFilterInternal(FormContentFilter.java:93) ~[spring-web-5.3.27.jar:5.3.27]
	at org.springframework.web.filter.OncePerRequestFilter.doFilter(OncePerRequestFilter.java:117) ~[spring-web-5.3.27.jar:5.3.27]
	at org.apache.catalina.core.ApplicationFilterChain.internalDoFilter(ApplicationFilterChain.java:178) ~[tomcat-embed-core-9.0.75.jar:9.0.75]
	at org.apache.catalina.core.ApplicationFilterChain.doFilter(ApplicationFilterChain.java:153) ~[tomcat-embed-core-9.0.75.jar:9.0.75]
	at org.springframework.web.filter.CharacterEncodingFilter.doFilterInternal(CharacterEncodingFilter.java:201) ~[spring-web-5.3.27.jar:5.3.27]
	at org.springframework.web.filter.OncePerRequestFilter.doFilter(OncePerRequestFilter.java:117) ~[spring-web-5.3.27.jar:5.3.27]
	at org.apache.catalina.core.ApplicationFilterChain.internalDoFilter(ApplicationFilterChain.java:178) ~[tomcat-embed-core-9.0.75.jar:9.0.75]
	at org.apache.catalina.core.ApplicationFilterChain.doFilter(ApplicationFilterChain.java:153) ~[tomcat-embed-core-9.0.75.jar:9.0.75]
	at org.apache.catalina.core.StandardWrapperValve.invoke(StandardWrapperValve.java:167) ~[tomcat-embed-core-9.0.75.jar:9.0.75]
	at org.apache.catalina.core.StandardContextValve.invoke(StandardContextValve.java:90) ~[tomcat-embed-core-9.0.75.jar:9.0.75]
	at org.apache.catalina.authenticator.AuthenticatorBase.invoke(AuthenticatorBase.java:481) ~[tomcat-embed-core-9.0.75.jar:9.0.75]
	at org.apache.catalina.core.StandardHostValve.invoke(StandardHostValve.java:130) ~[tomcat-embed-core-9.0.75.jar:9.0.75]
	at org.apache.catalina.valves.ErrorReportValve.invoke(ErrorReportValve.java:93) ~[tomcat-embed-core-9.0.75.jar:9.0.75]
	at org.apache.catalina.core.StandardEngineValve.invoke(StandardEngineValve.java:74) ~[tomcat-embed-core-9.0.75.jar:9.0.75]
	at org.apache.catalina.connector.CoyoteAdapter.service(CoyoteAdapter.java:343) ~[tomcat-embed-core-9.0.75.jar:9.0.75]
	at org.apache.coyote.http11.Http11Processor.service(Http11Processor.java:390) ~[tomcat-embed-core-9.0.75.jar:9.0.75]
	at org.apache.coyote.AbstractProcessorLight.process(AbstractProcessorLight.java:63) ~[tomcat-embed-core-9.0.75.jar:9.0.75]
	at org.apache.coyote.AbstractProtocol$ConnectionHandler.process(AbstractProtocol.java:926) ~[tomcat-embed-core-9.0.75.jar:9.0.75]
	at org.apache.tomcat.util.net.NioEndpoint$SocketProcessor.doRun(NioEndpoint.java:1791) ~[tomcat-embed-core-9.0.75.jar:9.0.75]
	at org.apache.tomcat.util.net.SocketProcessorBase.run(SocketProcessorBase.java:52) ~[tomcat-embed-core-9.0.75.jar:9.0.75]
	at org.apache.tomcat.util.threads.ThreadPoolExecutor.runWorker(ThreadPoolExecutor.java:1191) ~[tomcat-embed-core-9.0.75.jar:9.0.75]
	at org.apache.tomcat.util.threads.ThreadPoolExecutor$Worker.run(ThreadPoolExecutor.java:659) ~[tomcat-embed-core-9.0.75.jar:9.0.75]
	at org.apache.tomcat.util.threads.TaskThread$WrappingRunnable.run(TaskThread.java:61) ~[tomcat-embed-core-9.0.75.jar:9.0.75]
	at java.base/java.lang.Thread.run(Thread.java:829) ~[na:na]

15:25:30:482  INFO 27620 --- [http-nio-8084-exec-7] c.h.user.service.impl.UserServiceImpl    : 开始扣款
15:25:30:483 DEBUG 27620 --- [http-nio-8084-exec-7] c.h.user.mapper.UserMapper.selectById    : ==>  Preparing: SELECT id,username,password,phone,create_time,update_time,status,balance FROM user WHERE id=?
15:25:30:483 DEBUG 27620 --- [http-nio-8084-exec-7] c.h.user.mapper.UserMapper.selectById    : ==> Parameters: null
15:25:30:484 DEBUG 27620 --- [http-nio-8084-exec-7] c.h.user.mapper.UserMapper.selectById    : <==      Total: 0
15:25:30:485 ERROR 27620 --- [http-nio-8084-exec-7] o.a.c.c.C.[.[.[/].[dispatcherServlet]    : Servlet.service() for servlet [dispatcherServlet] in context with path [] threw exception [Request processing failed; nested exception is com.hmall.common.exception.BizIllegalException: 用户密码错误] with root cause

com.hmall.common.exception.BizIllegalException: 用户密码错误
	at com.hmall.user.service.impl.UserServiceImpl.deductMoney(UserServiceImpl.java:75) ~[classes/:na]
	at com.hmall.user.service.impl.UserServiceImpl$$FastClassBySpringCGLIB$$da72bc39.invoke(<generated>) ~[classes/:na]
	at org.springframework.cglib.proxy.MethodProxy.invoke(MethodProxy.java:218) ~[spring-core-5.3.27.jar:5.3.27]
	at org.springframework.aop.framework.CglibAopProxy.invokeMethod(CglibAopProxy.java:386) ~[spring-aop-5.3.27.jar:5.3.27]
	at org.springframework.aop.framework.CglibAopProxy.access$000(CglibAopProxy.java:85) ~[spring-aop-5.3.27.jar:5.3.27]
	at org.springframework.aop.framework.CglibAopProxy$DynamicAdvisedInterceptor.intercept(CglibAopProxy.java:704) ~[spring-aop-5.3.27.jar:5.3.27]
	at com.hmall.user.service.impl.UserServiceImpl$$EnhancerBySpringCGLIB$$5324ef98.deductMoney(<generated>) ~[classes/:na]
	at com.hmall.user.controller.UserController.deductMoney(UserController.java:36) ~[classes/:na]
	at java.base/jdk.internal.reflect.NativeMethodAccessorImpl.invoke0(Native Method) ~[na:na]
	at java.base/jdk.internal.reflect.NativeMethodAccessorImpl.invoke(NativeMethodAccessorImpl.java:62) ~[na:na]
	at java.base/jdk.internal.reflect.DelegatingMethodAccessorImpl.invoke(DelegatingMethodAccessorImpl.java:43) ~[na:na]
	at java.base/java.lang.reflect.Method.invoke(Method.java:566) ~[na:na]
	at org.springframework.web.method.support.InvocableHandlerMethod.doInvoke(InvocableHandlerMethod.java:205) ~[spring-web-5.3.27.jar:5.3.27]
	at org.springframework.web.method.support.InvocableHandlerMethod.invokeForRequest(InvocableHandlerMethod.java:150) ~[spring-web-5.3.27.jar:5.3.27]
	at org.springframework.web.servlet.mvc.method.annotation.ServletInvocableHandlerMethod.invokeAndHandle(ServletInvocableHandlerMethod.java:117) ~[spring-webmvc-5.3.27.jar:5.3.27]
	at org.springframework.web.servlet.mvc.method.annotation.RequestMappingHandlerAdapter.invokeHandlerMethod(RequestMappingHandlerAdapter.java:895) ~[spring-webmvc-5.3.27.jar:5.3.27]
	at org.springframework.web.servlet.mvc.method.annotation.RequestMappingHandlerAdapter.handleInternal(RequestMappingHandlerAdapter.java:808) ~[spring-webmvc-5.3.27.jar:5.3.27]
	at org.springframework.web.servlet.mvc.method.AbstractHandlerMethodAdapter.handle(AbstractHandlerMethodAdapter.java:87) ~[spring-webmvc-5.3.27.jar:5.3.27]
	at org.springframework.web.servlet.DispatcherServlet.doDispatch(DispatcherServlet.java:1072) ~[spring-webmvc-5.3.27.jar:5.3.27]
	at org.springframework.web.servlet.DispatcherServlet.doService(DispatcherServlet.java:965) ~[spring-webmvc-5.3.27.jar:5.3.27]
	at org.springframework.web.servlet.FrameworkServlet.processRequest(FrameworkServlet.java:1006) ~[spring-webmvc-5.3.27.jar:5.3.27]
	at org.springframework.web.servlet.FrameworkServlet.doPut(FrameworkServlet.java:920) ~[spring-webmvc-5.3.27.jar:5.3.27]
	at javax.servlet.http.HttpServlet.service(HttpServlet.java:558) ~[tomcat-embed-core-9.0.75.jar:4.0.FR]
	at org.springframework.web.servlet.FrameworkServlet.service(FrameworkServlet.java:883) ~[spring-webmvc-5.3.27.jar:5.3.27]
	at javax.servlet.http.HttpServlet.service(HttpServlet.java:623) ~[tomcat-embed-core-9.0.75.jar:4.0.FR]
	at org.apache.catalina.core.ApplicationFilterChain.internalDoFilter(ApplicationFilterChain.java:209) ~[tomcat-embed-core-9.0.75.jar:9.0.75]
	at org.apache.catalina.core.ApplicationFilterChain.doFilter(ApplicationFilterChain.java:153) ~[tomcat-embed-core-9.0.75.jar:9.0.75]
	at org.apache.tomcat.websocket.server.WsFilter.doFilter(WsFilter.java:51) ~[tomcat-embed-websocket-9.0.75.jar:9.0.75]
	at org.apache.catalina.core.ApplicationFilterChain.internalDoFilter(ApplicationFilterChain.java:178) ~[tomcat-embed-core-9.0.75.jar:9.0.75]
	at org.apache.catalina.core.ApplicationFilterChain.doFilter(ApplicationFilterChain.java:153) ~[tomcat-embed-core-9.0.75.jar:9.0.75]
	at org.springframework.web.filter.RequestContextFilter.doFilterInternal(RequestContextFilter.java:100) ~[spring-web-5.3.27.jar:5.3.27]
	at org.springframework.web.filter.OncePerRequestFilter.doFilter(OncePerRequestFilter.java:117) ~[spring-web-5.3.27.jar:5.3.27]
	at org.apache.catalina.core.ApplicationFilterChain.internalDoFilter(ApplicationFilterChain.java:178) ~[tomcat-embed-core-9.0.75.jar:9.0.75]
	at org.apache.catalina.core.ApplicationFilterChain.doFilter(ApplicationFilterChain.java:153) ~[tomcat-embed-core-9.0.75.jar:9.0.75]
	at org.springframework.web.filter.FormContentFilter.doFilterInternal(FormContentFilter.java:93) ~[spring-web-5.3.27.jar:5.3.27]
	at org.springframework.web.filter.OncePerRequestFilter.doFilter(OncePerRequestFilter.java:117) ~[spring-web-5.3.27.jar:5.3.27]
	at org.apache.catalina.core.ApplicationFilterChain.internalDoFilter(ApplicationFilterChain.java:178) ~[tomcat-embed-core-9.0.75.jar:9.0.75]
	at org.apache.catalina.core.ApplicationFilterChain.doFilter(ApplicationFilterChain.java:153) ~[tomcat-embed-core-9.0.75.jar:9.0.75]
	at org.springframework.web.filter.CharacterEncodingFilter.doFilterInternal(CharacterEncodingFilter.java:201) ~[spring-web-5.3.27.jar:5.3.27]
	at org.springframework.web.filter.OncePerRequestFilter.doFilter(OncePerRequestFilter.java:117) ~[spring-web-5.3.27.jar:5.3.27]
	at org.apache.catalina.core.ApplicationFilterChain.internalDoFilter(ApplicationFilterChain.java:178) ~[tomcat-embed-core-9.0.75.jar:9.0.75]
	at org.apache.catalina.core.ApplicationFilterChain.doFilter(ApplicationFilterChain.java:153) ~[tomcat-embed-core-9.0.75.jar:9.0.75]
	at org.apache.catalina.core.StandardWrapperValve.invoke(StandardWrapperValve.java:167) ~[tomcat-embed-core-9.0.75.jar:9.0.75]
	at org.apache.catalina.core.StandardContextValve.invoke(StandardContextValve.java:90) ~[tomcat-embed-core-9.0.75.jar:9.0.75]
	at org.apache.catalina.authenticator.AuthenticatorBase.invoke(AuthenticatorBase.java:481) ~[tomcat-embed-core-9.0.75.jar:9.0.75]
	at org.apache.catalina.core.StandardHostValve.invoke(StandardHostValve.java:130) ~[tomcat-embed-core-9.0.75.jar:9.0.75]
	at org.apache.catalina.valves.ErrorReportValve.invoke(ErrorReportValve.java:93) ~[tomcat-embed-core-9.0.75.jar:9.0.75]
	at org.apache.catalina.core.StandardEngineValve.invoke(StandardEngineValve.java:74) ~[tomcat-embed-core-9.0.75.jar:9.0.75]
	at org.apache.catalina.connector.CoyoteAdapter.service(CoyoteAdapter.java:343) ~[tomcat-embed-core-9.0.75.jar:9.0.75]
	at org.apache.coyote.http11.Http11Processor.service(Http11Processor.java:390) ~[tomcat-embed-core-9.0.75.jar:9.0.75]
	at org.apache.coyote.AbstractProcessorLight.process(AbstractProcessorLight.java:63) ~[tomcat-embed-core-9.0.75.jar:9.0.75]
	at org.apache.coyote.AbstractProtocol$ConnectionHandler.process(AbstractProtocol.java:926) ~[tomcat-embed-core-9.0.75.jar:9.0.75]
	at org.apache.tomcat.util.net.NioEndpoint$SocketProcessor.doRun(NioEndpoint.java:1791) ~[tomcat-embed-core-9.0.75.jar:9.0.75]
	at org.apache.tomcat.util.net.SocketProcessorBase.run(SocketProcessorBase.java:52) ~[tomcat-embed-core-9.0.75.jar:9.0.75]
	at org.apache.tomcat.util.threads.ThreadPoolExecutor.runWorker(ThreadPoolExecutor.java:1191) ~[tomcat-embed-core-9.0.75.jar:9.0.75]
	at org.apache.tomcat.util.threads.ThreadPoolExecutor$Worker.run(ThreadPoolExecutor.java:659) ~[tomcat-embed-core-9.0.75.jar:9.0.75]
	at org.apache.tomcat.util.threads.TaskThread$WrappingRunnable.run(TaskThread.java:61) ~[tomcat-embed-core-9.0.75.jar:9.0.75]
	at java.base/java.lang.Thread.run(Thread.java:829) ~[na:na]

15:25:34:801  INFO 27620 --- [http-nio-8084-exec-8] c.h.user.service.impl.UserServiceImpl    : 开始扣款
15:25:34:802 DEBUG 27620 --- [http-nio-8084-exec-8] c.h.user.mapper.UserMapper.selectById    : ==>  Preparing: SELECT id,username,password,phone,create_time,update_time,status,balance FROM user WHERE id=?
15:25:34:802 DEBUG 27620 --- [http-nio-8084-exec-8] c.h.user.mapper.UserMapper.selectById    : ==> Parameters: null
15:25:34:803 DEBUG 27620 --- [http-nio-8084-exec-8] c.h.user.mapper.UserMapper.selectById    : <==      Total: 0
15:25:34:804 ERROR 27620 --- [http-nio-8084-exec-8] o.a.c.c.C.[.[.[/].[dispatcherServlet]    : Servlet.service() for servlet [dispatcherServlet] in context with path [] threw exception [Request processing failed; nested exception is com.hmall.common.exception.BizIllegalException: 用户密码错误] with root cause

com.hmall.common.exception.BizIllegalException: 用户密码错误
	at com.hmall.user.service.impl.UserServiceImpl.deductMoney(UserServiceImpl.java:75) ~[classes/:na]
	at com.hmall.user.service.impl.UserServiceImpl$$FastClassBySpringCGLIB$$da72bc39.invoke(<generated>) ~[classes/:na]
	at org.springframework.cglib.proxy.MethodProxy.invoke(MethodProxy.java:218) ~[spring-core-5.3.27.jar:5.3.27]
	at org.springframework.aop.framework.CglibAopProxy.invokeMethod(CglibAopProxy.java:386) ~[spring-aop-5.3.27.jar:5.3.27]
	at org.springframework.aop.framework.CglibAopProxy.access$000(CglibAopProxy.java:85) ~[spring-aop-5.3.27.jar:5.3.27]
	at org.springframework.aop.framework.CglibAopProxy$DynamicAdvisedInterceptor.intercept(CglibAopProxy.java:704) ~[spring-aop-5.3.27.jar:5.3.27]
	at com.hmall.user.service.impl.UserServiceImpl$$EnhancerBySpringCGLIB$$5324ef98.deductMoney(<generated>) ~[classes/:na]
	at com.hmall.user.controller.UserController.deductMoney(UserController.java:36) ~[classes/:na]
	at java.base/jdk.internal.reflect.NativeMethodAccessorImpl.invoke0(Native Method) ~[na:na]
	at java.base/jdk.internal.reflect.NativeMethodAccessorImpl.invoke(NativeMethodAccessorImpl.java:62) ~[na:na]
	at java.base/jdk.internal.reflect.DelegatingMethodAccessorImpl.invoke(DelegatingMethodAccessorImpl.java:43) ~[na:na]
	at java.base/java.lang.reflect.Method.invoke(Method.java:566) ~[na:na]
	at org.springframework.web.method.support.InvocableHandlerMethod.doInvoke(InvocableHandlerMethod.java:205) ~[spring-web-5.3.27.jar:5.3.27]
	at org.springframework.web.method.support.InvocableHandlerMethod.invokeForRequest(InvocableHandlerMethod.java:150) ~[spring-web-5.3.27.jar:5.3.27]
	at org.springframework.web.servlet.mvc.method.annotation.ServletInvocableHandlerMethod.invokeAndHandle(ServletInvocableHandlerMethod.java:117) ~[spring-webmvc-5.3.27.jar:5.3.27]
	at org.springframework.web.servlet.mvc.method.annotation.RequestMappingHandlerAdapter.invokeHandlerMethod(RequestMappingHandlerAdapter.java:895) ~[spring-webmvc-5.3.27.jar:5.3.27]
	at org.springframework.web.servlet.mvc.method.annotation.RequestMappingHandlerAdapter.handleInternal(RequestMappingHandlerAdapter.java:808) ~[spring-webmvc-5.3.27.jar:5.3.27]
	at org.springframework.web.servlet.mvc.method.AbstractHandlerMethodAdapter.handle(AbstractHandlerMethodAdapter.java:87) ~[spring-webmvc-5.3.27.jar:5.3.27]
	at org.springframework.web.servlet.DispatcherServlet.doDispatch(DispatcherServlet.java:1072) ~[spring-webmvc-5.3.27.jar:5.3.27]
	at org.springframework.web.servlet.DispatcherServlet.doService(DispatcherServlet.java:965) ~[spring-webmvc-5.3.27.jar:5.3.27]
	at org.springframework.web.servlet.FrameworkServlet.processRequest(FrameworkServlet.java:1006) ~[spring-webmvc-5.3.27.jar:5.3.27]
	at org.springframework.web.servlet.FrameworkServlet.doPut(FrameworkServlet.java:920) ~[spring-webmvc-5.3.27.jar:5.3.27]
	at javax.servlet.http.HttpServlet.service(HttpServlet.java:558) ~[tomcat-embed-core-9.0.75.jar:4.0.FR]
	at org.springframework.web.servlet.FrameworkServlet.service(FrameworkServlet.java:883) ~[spring-webmvc-5.3.27.jar:5.3.27]
	at javax.servlet.http.HttpServlet.service(HttpServlet.java:623) ~[tomcat-embed-core-9.0.75.jar:4.0.FR]
	at org.apache.catalina.core.ApplicationFilterChain.internalDoFilter(ApplicationFilterChain.java:209) ~[tomcat-embed-core-9.0.75.jar:9.0.75]
	at org.apache.catalina.core.ApplicationFilterChain.doFilter(ApplicationFilterChain.java:153) ~[tomcat-embed-core-9.0.75.jar:9.0.75]
	at org.apache.tomcat.websocket.server.WsFilter.doFilter(WsFilter.java:51) ~[tomcat-embed-websocket-9.0.75.jar:9.0.75]
	at org.apache.catalina.core.ApplicationFilterChain.internalDoFilter(ApplicationFilterChain.java:178) ~[tomcat-embed-core-9.0.75.jar:9.0.75]
	at org.apache.catalina.core.ApplicationFilterChain.doFilter(ApplicationFilterChain.java:153) ~[tomcat-embed-core-9.0.75.jar:9.0.75]
	at org.springframework.web.filter.RequestContextFilter.doFilterInternal(RequestContextFilter.java:100) ~[spring-web-5.3.27.jar:5.3.27]
	at org.springframework.web.filter.OncePerRequestFilter.doFilter(OncePerRequestFilter.java:117) ~[spring-web-5.3.27.jar:5.3.27]
	at org.apache.catalina.core.ApplicationFilterChain.internalDoFilter(ApplicationFilterChain.java:178) ~[tomcat-embed-core-9.0.75.jar:9.0.75]
	at org.apache.catalina.core.ApplicationFilterChain.doFilter(ApplicationFilterChain.java:153) ~[tomcat-embed-core-9.0.75.jar:9.0.75]
	at org.springframework.web.filter.FormContentFilter.doFilterInternal(FormContentFilter.java:93) ~[spring-web-5.3.27.jar:5.3.27]
	at org.springframework.web.filter.OncePerRequestFilter.doFilter(OncePerRequestFilter.java:117) ~[spring-web-5.3.27.jar:5.3.27]
	at org.apache.catalina.core.ApplicationFilterChain.internalDoFilter(ApplicationFilterChain.java:178) ~[tomcat-embed-core-9.0.75.jar:9.0.75]
	at org.apache.catalina.core.ApplicationFilterChain.doFilter(ApplicationFilterChain.java:153) ~[tomcat-embed-core-9.0.75.jar:9.0.75]
	at org.springframework.web.filter.CharacterEncodingFilter.doFilterInternal(CharacterEncodingFilter.java:201) ~[spring-web-5.3.27.jar:5.3.27]
	at org.springframework.web.filter.OncePerRequestFilter.doFilter(OncePerRequestFilter.java:117) ~[spring-web-5.3.27.jar:5.3.27]
	at org.apache.catalina.core.ApplicationFilterChain.internalDoFilter(ApplicationFilterChain.java:178) ~[tomcat-embed-core-9.0.75.jar:9.0.75]
	at org.apache.catalina.core.ApplicationFilterChain.doFilter(ApplicationFilterChain.java:153) ~[tomcat-embed-core-9.0.75.jar:9.0.75]
	at org.apache.catalina.core.StandardWrapperValve.invoke(StandardWrapperValve.java:167) ~[tomcat-embed-core-9.0.75.jar:9.0.75]
	at org.apache.catalina.core.StandardContextValve.invoke(StandardContextValve.java:90) ~[tomcat-embed-core-9.0.75.jar:9.0.75]
	at org.apache.catalina.authenticator.AuthenticatorBase.invoke(AuthenticatorBase.java:481) ~[tomcat-embed-core-9.0.75.jar:9.0.75]
	at org.apache.catalina.core.StandardHostValve.invoke(StandardHostValve.java:130) ~[tomcat-embed-core-9.0.75.jar:9.0.75]
	at org.apache.catalina.valves.ErrorReportValve.invoke(ErrorReportValve.java:93) ~[tomcat-embed-core-9.0.75.jar:9.0.75]
	at org.apache.catalina.core.StandardEngineValve.invoke(StandardEngineValve.java:74) ~[tomcat-embed-core-9.0.75.jar:9.0.75]
	at org.apache.catalina.connector.CoyoteAdapter.service(CoyoteAdapter.java:343) ~[tomcat-embed-core-9.0.75.jar:9.0.75]
	at org.apache.coyote.http11.Http11Processor.service(Http11Processor.java:390) ~[tomcat-embed-core-9.0.75.jar:9.0.75]
	at org.apache.coyote.AbstractProcessorLight.process(AbstractProcessorLight.java:63) ~[tomcat-embed-core-9.0.75.jar:9.0.75]
	at org.apache.coyote.AbstractProtocol$ConnectionHandler.process(AbstractProtocol.java:926) ~[tomcat-embed-core-9.0.75.jar:9.0.75]
	at org.apache.tomcat.util.net.NioEndpoint$SocketProcessor.doRun(NioEndpoint.java:1791) ~[tomcat-embed-core-9.0.75.jar:9.0.75]
	at org.apache.tomcat.util.net.SocketProcessorBase.run(SocketProcessorBase.java:52) ~[tomcat-embed-core-9.0.75.jar:9.0.75]
	at org.apache.tomcat.util.threads.ThreadPoolExecutor.runWorker(ThreadPoolExecutor.java:1191) ~[tomcat-embed-core-9.0.75.jar:9.0.75]
	at org.apache.tomcat.util.threads.ThreadPoolExecutor$Worker.run(ThreadPoolExecutor.java:659) ~[tomcat-embed-core-9.0.75.jar:9.0.75]
	at org.apache.tomcat.util.threads.TaskThread$WrappingRunnable.run(TaskThread.java:61) ~[tomcat-embed-core-9.0.75.jar:9.0.75]
	at java.base/java.lang.Thread.run(Thread.java:829) ~[na:na]

15:29:28:948  WARN 27620 --- [Thread-4] c.a.nacos.common.notify.NotifyCenter     : [NotifyCenter] Start destroying Publisher
15:29:28:948  WARN 27620 --- [Thread-7] c.a.n.common.http.HttpClientBeanHolder   : [HttpClientBeanHolder] Start destroying common HttpClient
15:29:28:951  WARN 27620 --- [Thread-4] c.a.nacos.common.notify.NotifyCenter     : [NotifyCenter] Destruction of the end
15:29:28:952  WARN 27620 --- [Thread-7] c.a.n.common.http.HttpClientBeanHolder   : [HttpClientBeanHolder] Destruction of the end
15:29:29:388  INFO 27620 --- [SpringApplicationShutdownHook] c.a.c.n.registry.NacosServiceRegistry    : De-registering from Nacos Server now...
15:29:29:397  INFO 27620 --- [SpringApplicationShutdownHook] c.a.c.n.registry.NacosServiceRegistry    : De-registration finished.
15:29:29:725  INFO 27620 --- [SpringApplicationShutdownHook] com.alibaba.nacos.common.remote.client   : Shutdown rpc client, set status to shutdown
15:29:29:725  INFO 27620 --- [SpringApplicationShutdownHook] com.alibaba.nacos.common.remote.client   : Shutdown client event executor java.util.concurrent.ScheduledThreadPoolExecutor@70396659[Running, pool size = 2, active threads = 2, queued tasks = 0, completed tasks = 0]
15:29:29:726  INFO 27620 --- [SpringApplicationShutdownHook] com.alibaba.nacos.common.remote.client   : Close current connection 1777015270884_192.168.150.1_64141
15:29:29:728  INFO 27620 --- [nacos-grpc-client-executor-125] c.a.n.c.remote.client.grpc.GrpcClient    : [1777015270884_192.168.150.1_64141]Ignore complete event,isRunning:false,isAbandon=false
15:29:29:739  INFO 27620 --- [SpringApplicationShutdownHook] c.a.n.c.remote.client.grpc.GrpcClient    : Shutdown grpc executor java.util.concurrent.ThreadPoolExecutor@19fed654[Running, pool size = 5, active threads = 0, queued tasks = 0, completed tasks = 126]
15:29:29:747  INFO 27620 --- [SpringApplicationShutdownHook] com.zaxxer.hikari.HikariDataSource       : HikariPool-1 - Shutdown initiated...
15:29:29:771  INFO 27620 --- [SpringApplicationShutdownHook] com.zaxxer.hikari.HikariDataSource       : HikariPool-1 - Shutdown completed.
15:29:35:610  INFO 27652 --- [main] com.hmall.user.UserApplication           : Starting UserApplication using Java 11.0.31 on LAPTOP-16OT1L5F with PID 27652 (G:\hmall\backend\use-service\target\classes started by 18071 in G:\hmall\backend)
15:29:35:613 DEBUG 27652 --- [main] com.hmall.user.UserApplication           : Running with Spring Boot v2.7.12, Spring v5.3.27
15:29:35:613  INFO 27652 --- [main] com.hmall.user.UserApplication           : The following 1 profile is active: "dev"
15:29:36:511  INFO 27652 --- [main] o.s.cloud.context.scope.GenericScope     : BeanFactory id=1b240c66-5bce-3049-9061-cfac31c291bd
15:29:36:812  INFO 27652 --- [main] o.s.b.w.embedded.tomcat.TomcatWebServer  : Tomcat initialized with port(s): 8084 (http)
15:29:36:821  INFO 27652 --- [main] o.apache.catalina.core.StandardService   : Starting service [Tomcat]
15:29:36:821  INFO 27652 --- [main] org.apache.catalina.core.StandardEngine  : Starting Servlet engine: [Apache Tomcat/9.0.75]
15:29:36:962  INFO 27652 --- [main] o.a.c.c.C.[Tomcat].[localhost].[/]       : Initializing Spring embedded WebApplicationContext
15:29:36:962  INFO 27652 --- [main] w.s.c.ServletWebServerApplicationContext : Root WebApplicationContext: initialization completed in 1307 ms
15:29:39:666  INFO 27652 --- [main] pertySourcedRequestMappingHandlerMapping : Mapped URL path [/v2/api-docs] onto method [springfox.documentation.swagger2.web.Swagger2ControllerWebMvc#getDocumentation(String, HttpServletRequest)]
15:29:40:366  INFO 27652 --- [main] com.alibaba.nacos.common.remote.client   : [RpcClientFactory] create a new rpc client of 38177cda-91ac-4cd9-bd16-83641f66edf2
15:29:40:407  INFO 27652 --- [main] org.reflections.Reflections              : Reflections took 22 ms to scan 1 urls, producing 3 keys and 6 values 
15:29:40:440  INFO 27652 --- [main] org.reflections.Reflections              : Reflections took 16 ms to scan 1 urls, producing 4 keys and 9 values 
15:29:40:449  INFO 27652 --- [main] org.reflections.Reflections              : Reflections took 6 ms to scan 1 urls, producing 3 keys and 10 values 
15:29:40:452  WARN 27652 --- [main] org.reflections.Reflections              : given scan urls are empty. set urls in the configuration
15:29:40:458  INFO 27652 --- [main] org.reflections.Reflections              : Reflections took 6 ms to scan 1 urls, producing 1 keys and 5 values 
15:29:40:466  INFO 27652 --- [main] org.reflections.Reflections              : Reflections took 6 ms to scan 1 urls, producing 1 keys and 7 values 
15:29:40:474  INFO 27652 --- [main] org.reflections.Reflections              : Reflections took 6 ms to scan 1 urls, producing 2 keys and 8 values 
15:29:40:475  WARN 27652 --- [main] org.reflections.Reflections              : given scan urls are empty. set urls in the configuration
15:29:40:476  INFO 27652 --- [main] com.alibaba.nacos.common.remote.client   : [38177cda-91ac-4cd9-bd16-83641f66edf2] RpcClient init label, labels = {module=naming, source=sdk}
15:29:40:478  INFO 27652 --- [main] com.alibaba.nacos.common.remote.client   : [38177cda-91ac-4cd9-bd16-83641f66edf2] RpcClient init, ServerListFactory = com.alibaba.nacos.client.naming.core.ServerListManager
15:29:40:478  INFO 27652 --- [main] com.alibaba.nacos.common.remote.client   : [38177cda-91ac-4cd9-bd16-83641f66edf2] Registry connection listener to current client:com.alibaba.nacos.client.naming.remote.gprc.redo.NamingGrpcRedoService
15:29:40:479  INFO 27652 --- [main] com.alibaba.nacos.common.remote.client   : [38177cda-91ac-4cd9-bd16-83641f66edf2] Register server push request handler:com.alibaba.nacos.client.naming.remote.gprc.NamingPushRequestHandler
15:29:40:480  INFO 27652 --- [main] com.alibaba.nacos.common.remote.client   : [38177cda-91ac-4cd9-bd16-83641f66edf2] Try to connect to server on start up, server: {serverIp = '192.168.150.102', server main port = 8848}
15:29:42:368  INFO 27652 --- [main] com.alibaba.nacos.common.remote.client   : [38177cda-91ac-4cd9-bd16-83641f66edf2] Success to connect to server [192.168.150.102:8848] on start up, connectionId = 1777015781262_192.168.150.1_64914
15:29:42:369  INFO 27652 --- [com.alibaba.nacos.client.remote.worker] com.alibaba.nacos.common.remote.client   : [38177cda-91ac-4cd9-bd16-83641f66edf2] Notify connected event to listeners.
15:29:42:370  INFO 27652 --- [main] com.alibaba.nacos.common.remote.client   : [38177cda-91ac-4cd9-bd16-83641f66edf2] Register server push request handler:com.alibaba.nacos.common.remote.client.RpcClient$ConnectResetRequestHandler
15:29:42:370  INFO 27652 --- [main] com.alibaba.nacos.common.remote.client   : [38177cda-91ac-4cd9-bd16-83641f66edf2] Register server push request handler:com.alibaba.nacos.common.remote.client.RpcClient$$Lambda$954/0x0000000800712840
15:29:42:426  INFO 27652 --- [main] o.s.b.w.embedded.tomcat.TomcatWebServer  : Tomcat started on port(s): 8084 (http) with context path ''
15:29:42:434  INFO 27652 --- [main] c.a.c.n.registry.NacosServiceRegistry    : nacos registry, DEFAULT_GROUP user-service 192.168.220.1:8084 register finished
15:29:42:933  INFO 27652 --- [main] d.s.w.p.DocumentationPluginsBootstrapper : Documentation plugins bootstrapped
15:29:42:935  INFO 27652 --- [main] d.s.w.p.DocumentationPluginsBootstrapper : Found 1 custom documentation plugin(s)
15:29:42:952  INFO 27652 --- [main] s.d.s.w.s.ApiListingReferenceScanner     : Scanning for api listing references
15:29:42:989  INFO 27652 --- [nacos-grpc-client-executor-9] com.alibaba.nacos.common.remote.client   : [38177cda-91ac-4cd9-bd16-83641f66edf2] Receive server push request, request = NotifySubscriberRequest, requestId = 29
15:29:42:998  INFO 27652 --- [nacos-grpc-client-executor-9] com.alibaba.nacos.common.remote.client   : [38177cda-91ac-4cd9-bd16-83641f66edf2] Ack server push request, request = NotifySubscriberRequest, requestId = 29
15:29:43:034  INFO 27652 --- [main] com.hmall.user.UserApplication           : Started UserApplication in 8.603 seconds (JVM running for 9.786)
15:29:52:413  INFO 27652 --- [http-nio-8084-exec-1] o.a.c.c.C.[Tomcat].[localhost].[/]       : Initializing Spring DispatcherServlet 'dispatcherServlet'
15:29:52:414  INFO 27652 --- [http-nio-8084-exec-1] o.s.web.servlet.DispatcherServlet        : Initializing Servlet 'dispatcherServlet'
15:29:52:415  INFO 27652 --- [http-nio-8084-exec-1] o.s.web.servlet.DispatcherServlet        : Completed initialization in 1 ms
15:29:52:447  INFO 27652 --- [http-nio-8084-exec-1] c.h.user.service.impl.UserServiceImpl    : 开始扣款
15:29:52:463  INFO 27652 --- [http-nio-8084-exec-1] com.zaxxer.hikari.HikariDataSource       : HikariPool-1 - Starting...
15:29:52:700  INFO 27652 --- [http-nio-8084-exec-1] com.zaxxer.hikari.HikariDataSource       : HikariPool-1 - Start completed.
15:29:52:706 DEBUG 27652 --- [http-nio-8084-exec-1] c.h.user.mapper.UserMapper.selectById    : ==>  Preparing: SELECT id,username,password,phone,create_time,update_time,status,balance FROM user WHERE id=?
15:29:52:724 DEBUG 27652 --- [http-nio-8084-exec-1] c.h.user.mapper.UserMapper.selectById    : ==> Parameters: null
15:29:52:740 DEBUG 27652 --- [http-nio-8084-exec-1] c.h.user.mapper.UserMapper.selectById    : <==      Total: 0
15:29:52:756 ERROR 27652 --- [http-nio-8084-exec-1] o.a.c.c.C.[.[.[/].[dispatcherServlet]    : Servlet.service() for servlet [dispatcherServlet] in context with path [] threw exception [Request processing failed; nested exception is com.hmall.common.exception.BizIllegalException: 用户密码错误] with root cause

com.hmall.common.exception.BizIllegalException: 用户密码错误
	at com.hmall.user.service.impl.UserServiceImpl.deductMoney(UserServiceImpl.java:75) ~[classes/:na]
	at com.hmall.user.service.impl.UserServiceImpl$$FastClassBySpringCGLIB$$da72bc39.invoke(<generated>) ~[classes/:na]
	at org.springframework.cglib.proxy.MethodProxy.invoke(MethodProxy.java:218) ~[spring-core-5.3.27.jar:5.3.27]
	at org.springframework.aop.framework.CglibAopProxy.invokeMethod(CglibAopProxy.java:386) ~[spring-aop-5.3.27.jar:5.3.27]
	at org.springframework.aop.framework.CglibAopProxy.access$000(CglibAopProxy.java:85) ~[spring-aop-5.3.27.jar:5.3.27]
	at org.springframework.aop.framework.CglibAopProxy$DynamicAdvisedInterceptor.intercept(CglibAopProxy.java:704) ~[spring-aop-5.3.27.jar:5.3.27]
	at com.hmall.user.service.impl.UserServiceImpl$$EnhancerBySpringCGLIB$$ab22cfb2.deductMoney(<generated>) ~[classes/:na]
	at com.hmall.user.controller.UserController.deductMoney(UserController.java:36) ~[classes/:na]
	at java.base/jdk.internal.reflect.NativeMethodAccessorImpl.invoke0(Native Method) ~[na:na]
	at java.base/jdk.internal.reflect.NativeMethodAccessorImpl.invoke(NativeMethodAccessorImpl.java:62) ~[na:na]
	at java.base/jdk.internal.reflect.DelegatingMethodAccessorImpl.invoke(DelegatingMethodAccessorImpl.java:43) ~[na:na]
	at java.base/java.lang.reflect.Method.invoke(Method.java:566) ~[na:na]
	at org.springframework.web.method.support.InvocableHandlerMethod.doInvoke(InvocableHandlerMethod.java:205) ~[spring-web-5.3.27.jar:5.3.27]
	at org.springframework.web.method.support.InvocableHandlerMethod.invokeForRequest(InvocableHandlerMethod.java:150) ~[spring-web-5.3.27.jar:5.3.27]
	at org.springframework.web.servlet.mvc.method.annotation.ServletInvocableHandlerMethod.invokeAndHandle(ServletInvocableHandlerMethod.java:117) ~[spring-webmvc-5.3.27.jar:5.3.27]
	at org.springframework.web.servlet.mvc.method.annotation.RequestMappingHandlerAdapter.invokeHandlerMethod(RequestMappingHandlerAdapter.java:895) ~[spring-webmvc-5.3.27.jar:5.3.27]
	at org.springframework.web.servlet.mvc.method.annotation.RequestMappingHandlerAdapter.handleInternal(RequestMappingHandlerAdapter.java:808) ~[spring-webmvc-5.3.27.jar:5.3.27]
	at org.springframework.web.servlet.mvc.method.AbstractHandlerMethodAdapter.handle(AbstractHandlerMethodAdapter.java:87) ~[spring-webmvc-5.3.27.jar:5.3.27]
	at org.springframework.web.servlet.DispatcherServlet.doDispatch(DispatcherServlet.java:1072) ~[spring-webmvc-5.3.27.jar:5.3.27]
	at org.springframework.web.servlet.DispatcherServlet.doService(DispatcherServlet.java:965) ~[spring-webmvc-5.3.27.jar:5.3.27]
	at org.springframework.web.servlet.FrameworkServlet.processRequest(FrameworkServlet.java:1006) ~[spring-webmvc-5.3.27.jar:5.3.27]
	at org.springframework.web.servlet.FrameworkServlet.doPut(FrameworkServlet.java:920) ~[spring-webmvc-5.3.27.jar:5.3.27]
	at javax.servlet.http.HttpServlet.service(HttpServlet.java:558) ~[tomcat-embed-core-9.0.75.jar:4.0.FR]
	at org.springframework.web.servlet.FrameworkServlet.service(FrameworkServlet.java:883) ~[spring-webmvc-5.3.27.jar:5.3.27]
	at javax.servlet.http.HttpServlet.service(HttpServlet.java:623) ~[tomcat-embed-core-9.0.75.jar:4.0.FR]
	at org.apache.catalina.core.ApplicationFilterChain.internalDoFilter(ApplicationFilterChain.java:209) ~[tomcat-embed-core-9.0.75.jar:9.0.75]
	at org.apache.catalina.core.ApplicationFilterChain.doFilter(ApplicationFilterChain.java:153) ~[tomcat-embed-core-9.0.75.jar:9.0.75]
	at org.apache.tomcat.websocket.server.WsFilter.doFilter(WsFilter.java:51) ~[tomcat-embed-websocket-9.0.75.jar:9.0.75]
	at org.apache.catalina.core.ApplicationFilterChain.internalDoFilter(ApplicationFilterChain.java:178) ~[tomcat-embed-core-9.0.75.jar:9.0.75]
	at org.apache.catalina.core.ApplicationFilterChain.doFilter(ApplicationFilterChain.java:153) ~[tomcat-embed-core-9.0.75.jar:9.0.75]
	at org.springframework.web.filter.RequestContextFilter.doFilterInternal(RequestContextFilter.java:100) ~[spring-web-5.3.27.jar:5.3.27]
	at org.springframework.web.filter.OncePerRequestFilter.doFilter(OncePerRequestFilter.java:117) ~[spring-web-5.3.27.jar:5.3.27]
	at org.apache.catalina.core.ApplicationFilterChain.internalDoFilter(ApplicationFilterChain.java:178) ~[tomcat-embed-core-9.0.75.jar:9.0.75]
	at org.apache.catalina.core.ApplicationFilterChain.doFilter(ApplicationFilterChain.java:153) ~[tomcat-embed-core-9.0.75.jar:9.0.75]
	at org.springframework.web.filter.FormContentFilter.doFilterInternal(FormContentFilter.java:93) ~[spring-web-5.3.27.jar:5.3.27]
	at org.springframework.web.filter.OncePerRequestFilter.doFilter(OncePerRequestFilter.java:117) ~[spring-web-5.3.27.jar:5.3.27]
	at org.apache.catalina.core.ApplicationFilterChain.internalDoFilter(ApplicationFilterChain.java:178) ~[tomcat-embed-core-9.0.75.jar:9.0.75]
	at org.apache.catalina.core.ApplicationFilterChain.doFilter(ApplicationFilterChain.java:153) ~[tomcat-embed-core-9.0.75.jar:9.0.75]
	at org.springframework.web.filter.CharacterEncodingFilter.doFilterInternal(CharacterEncodingFilter.java:201) ~[spring-web-5.3.27.jar:5.3.27]
	at org.springframework.web.filter.OncePerRequestFilter.doFilter(OncePerRequestFilter.java:117) ~[spring-web-5.3.27.jar:5.3.27]
	at org.apache.catalina.core.ApplicationFilterChain.internalDoFilter(ApplicationFilterChain.java:178) ~[tomcat-embed-core-9.0.75.jar:9.0.75]
	at org.apache.catalina.core.ApplicationFilterChain.doFilter(ApplicationFilterChain.java:153) ~[tomcat-embed-core-9.0.75.jar:9.0.75]
	at org.apache.catalina.core.StandardWrapperValve.invoke(StandardWrapperValve.java:167) ~[tomcat-embed-core-9.0.75.jar:9.0.75]
	at org.apache.catalina.core.StandardContextValve.invoke(StandardContextValve.java:90) ~[tomcat-embed-core-9.0.75.jar:9.0.75]
	at org.apache.catalina.authenticator.AuthenticatorBase.invoke(AuthenticatorBase.java:481) ~[tomcat-embed-core-9.0.75.jar:9.0.75]
	at org.apache.catalina.core.StandardHostValve.invoke(StandardHostValve.java:130) ~[tomcat-embed-core-9.0.75.jar:9.0.75]
	at org.apache.catalina.valves.ErrorReportValve.invoke(ErrorReportValve.java:93) ~[tomcat-embed-core-9.0.75.jar:9.0.75]
	at org.apache.catalina.core.StandardEngineValve.invoke(StandardEngineValve.java:74) ~[tomcat-embed-core-9.0.75.jar:9.0.75]
	at org.apache.catalina.connector.CoyoteAdapter.service(CoyoteAdapter.java:343) ~[tomcat-embed-core-9.0.75.jar:9.0.75]
	at org.apache.coyote.http11.Http11Processor.service(Http11Processor.java:390) ~[tomcat-embed-core-9.0.75.jar:9.0.75]
	at org.apache.coyote.AbstractProcessorLight.process(AbstractProcessorLight.java:63) ~[tomcat-embed-core-9.0.75.jar:9.0.75]
	at org.apache.coyote.AbstractProtocol$ConnectionHandler.process(AbstractProtocol.java:926) ~[tomcat-embed-core-9.0.75.jar:9.0.75]
	at org.apache.tomcat.util.net.NioEndpoint$SocketProcessor.doRun(NioEndpoint.java:1791) ~[tomcat-embed-core-9.0.75.jar:9.0.75]
	at org.apache.tomcat.util.net.SocketProcessorBase.run(SocketProcessorBase.java:52) ~[tomcat-embed-core-9.0.75.jar:9.0.75]
	at org.apache.tomcat.util.threads.ThreadPoolExecutor.runWorker(ThreadPoolExecutor.java:1191) ~[tomcat-embed-core-9.0.75.jar:9.0.75]
	at org.apache.tomcat.util.threads.ThreadPoolExecutor$Worker.run(ThreadPoolExecutor.java:659) ~[tomcat-embed-core-9.0.75.jar:9.0.75]
	at org.apache.tomcat.util.threads.TaskThread$WrappingRunnable.run(TaskThread.java:61) ~[tomcat-embed-core-9.0.75.jar:9.0.75]
	at java.base/java.lang.Thread.run(Thread.java:829) ~[na:na]

15:34:19:012  WARN 27652 --- [Thread-4] c.a.nacos.common.notify.NotifyCenter     : [NotifyCenter] Start destroying Publisher
15:34:19:013  WARN 27652 --- [Thread-7] c.a.n.common.http.HttpClientBeanHolder   : [HttpClientBeanHolder] Start destroying common HttpClient
15:34:19:013  WARN 27652 --- [Thread-4] c.a.nacos.common.notify.NotifyCenter     : [NotifyCenter] Destruction of the end
15:34:19:015  WARN 27652 --- [Thread-7] c.a.n.common.http.HttpClientBeanHolder   : [HttpClientBeanHolder] Destruction of the end
15:34:19:409  INFO 27652 --- [SpringApplicationShutdownHook] c.a.c.n.registry.NacosServiceRegistry    : De-registering from Nacos Server now...
15:34:19:413  INFO 27652 --- [SpringApplicationShutdownHook] c.a.c.n.registry.NacosServiceRegistry    : De-registration finished.
15:34:19:746  INFO 27652 --- [SpringApplicationShutdownHook] com.alibaba.nacos.common.remote.client   : Shutdown rpc client, set status to shutdown
15:34:19:746  INFO 27652 --- [SpringApplicationShutdownHook] com.alibaba.nacos.common.remote.client   : Shutdown client event executor java.util.concurrent.ScheduledThreadPoolExecutor@71f744d9[Running, pool size = 2, active threads = 2, queued tasks = 0, completed tasks = 0]
15:34:19:746  INFO 27652 --- [SpringApplicationShutdownHook] com.alibaba.nacos.common.remote.client   : Close current connection 1777015781262_192.168.150.1_64914
15:34:19:748  INFO 27652 --- [nacos-grpc-client-executor-75] c.a.n.c.remote.client.grpc.GrpcClient    : [1777015781262_192.168.150.1_64914]Ignore complete event,isRunning:false,isAbandon=false
15:34:19:753  INFO 27652 --- [SpringApplicationShutdownHook] c.a.n.c.remote.client.grpc.GrpcClient    : Shutdown grpc executor java.util.concurrent.ThreadPoolExecutor@72dc244c[Running, pool size = 5, active threads = 0, queued tasks = 0, completed tasks = 76]
15:34:19:760  INFO 27652 --- [SpringApplicationShutdownHook] com.zaxxer.hikari.HikariDataSource       : HikariPool-1 - Shutdown initiated...
15:34:19:774  INFO 27652 --- [SpringApplicationShutdownHook] com.zaxxer.hikari.HikariDataSource       : HikariPool-1 - Shutdown completed.
15:34:24:421  INFO 25472 --- [main] com.hmall.user.UserApplication           : Starting UserApplication using Java 11.0.31 on LAPTOP-16OT1L5F with PID 25472 (G:\hmall\backend\use-service\target\classes started by 18071 in G:\hmall\backend)
15:34:24:422 DEBUG 25472 --- [main] com.hmall.user.UserApplication           : Running with Spring Boot v2.7.12, Spring v5.3.27
15:34:24:422  INFO 25472 --- [main] com.hmall.user.UserApplication           : The following 1 profile is active: "dev"
15:34:25:404  INFO 25472 --- [main] o.s.cloud.context.scope.GenericScope     : BeanFactory id=1b240c66-5bce-3049-9061-cfac31c291bd
15:34:25:732  INFO 25472 --- [main] o.s.b.w.embedded.tomcat.TomcatWebServer  : Tomcat initialized with port(s): 8084 (http)
15:34:25:740  INFO 25472 --- [main] o.apache.catalina.core.StandardService   : Starting service [Tomcat]
15:34:25:740  INFO 25472 --- [main] org.apache.catalina.core.StandardEngine  : Starting Servlet engine: [Apache Tomcat/9.0.75]
15:34:25:870  INFO 25472 --- [main] o.a.c.c.C.[Tomcat].[localhost].[/]       : Initializing Spring embedded WebApplicationContext
15:34:25:870  INFO 25472 --- [main] w.s.c.ServletWebServerApplicationContext : Root WebApplicationContext: initialization completed in 1403 ms
15:34:29:147  INFO 25472 --- [main] pertySourcedRequestMappingHandlerMapping : Mapped URL path [/v2/api-docs] onto method [springfox.documentation.swagger2.web.Swagger2ControllerWebMvc#getDocumentation(String, HttpServletRequest)]
15:34:29:893  INFO 25472 --- [main] com.alibaba.nacos.common.remote.client   : [RpcClientFactory] create a new rpc client of 5cdf154f-1314-4504-bd59-b1228baab356
15:34:29:932  INFO 25472 --- [main] org.reflections.Reflections              : Reflections took 20 ms to scan 1 urls, producing 3 keys and 6 values 
15:34:29:954  INFO 25472 --- [main] org.reflections.Reflections              : Reflections took 8 ms to scan 1 urls, producing 4 keys and 9 values 
15:34:29:963  INFO 25472 --- [main] org.reflections.Reflections              : Reflections took 6 ms to scan 1 urls, producing 3 keys and 10 values 
15:34:29:966  WARN 25472 --- [main] org.reflections.Reflections              : given scan urls are empty. set urls in the configuration
15:34:29:971  INFO 25472 --- [main] org.reflections.Reflections              : Reflections took 5 ms to scan 1 urls, producing 1 keys and 5 values 
15:34:29:979  INFO 25472 --- [main] org.reflections.Reflections              : Reflections took 6 ms to scan 1 urls, producing 1 keys and 7 values 
15:34:29:987  INFO 25472 --- [main] org.reflections.Reflections              : Reflections took 5 ms to scan 1 urls, producing 2 keys and 8 values 
15:34:29:989  WARN 25472 --- [main] org.reflections.Reflections              : given scan urls are empty. set urls in the configuration
15:34:29:990  INFO 25472 --- [main] com.alibaba.nacos.common.remote.client   : [5cdf154f-1314-4504-bd59-b1228baab356] RpcClient init label, labels = {module=naming, source=sdk}
15:34:29:993  INFO 25472 --- [main] com.alibaba.nacos.common.remote.client   : [5cdf154f-1314-4504-bd59-b1228baab356] RpcClient init, ServerListFactory = com.alibaba.nacos.client.naming.core.ServerListManager
15:34:29:993  INFO 25472 --- [main] com.alibaba.nacos.common.remote.client   : [5cdf154f-1314-4504-bd59-b1228baab356] Registry connection listener to current client:com.alibaba.nacos.client.naming.remote.gprc.redo.NamingGrpcRedoService
15:34:29:994  INFO 25472 --- [main] com.alibaba.nacos.common.remote.client   : [5cdf154f-1314-4504-bd59-b1228baab356] Register server push request handler:com.alibaba.nacos.client.naming.remote.gprc.NamingPushRequestHandler
15:34:29:995  INFO 25472 --- [main] com.alibaba.nacos.common.remote.client   : [5cdf154f-1314-4504-bd59-b1228baab356] Try to connect to server on start up, server: {serverIp = '192.168.150.102', server main port = 8848}
15:34:31:866  INFO 25472 --- [main] com.alibaba.nacos.common.remote.client   : [5cdf154f-1314-4504-bd59-b1228baab356] Success to connect to server [192.168.150.102:8848] on start up, connectionId = 1777016070748_192.168.150.1_65344
15:34:31:866  INFO 25472 --- [com.alibaba.nacos.client.remote.worker] com.alibaba.nacos.common.remote.client   : [5cdf154f-1314-4504-bd59-b1228baab356] Notify connected event to listeners.
15:34:31:867  INFO 25472 --- [main] com.alibaba.nacos.common.remote.client   : [5cdf154f-1314-4504-bd59-b1228baab356] Register server push request handler:com.alibaba.nacos.common.remote.client.RpcClient$ConnectResetRequestHandler
15:34:31:868  INFO 25472 --- [main] com.alibaba.nacos.common.remote.client   : [5cdf154f-1314-4504-bd59-b1228baab356] Register server push request handler:com.alibaba.nacos.common.remote.client.RpcClient$$Lambda$954/0x0000000800710840
15:34:31:924  INFO 25472 --- [main] o.s.b.w.embedded.tomcat.TomcatWebServer  : Tomcat started on port(s): 8084 (http) with context path ''
15:34:31:932  INFO 25472 --- [main] c.a.c.n.registry.NacosServiceRegistry    : nacos registry, DEFAULT_GROUP user-service 192.168.220.1:8084 register finished
15:34:32:439  INFO 25472 --- [nacos-grpc-client-executor-9] com.alibaba.nacos.common.remote.client   : [5cdf154f-1314-4504-bd59-b1228baab356] Receive server push request, request = NotifySubscriberRequest, requestId = 36
15:34:32:449  INFO 25472 --- [nacos-grpc-client-executor-9] com.alibaba.nacos.common.remote.client   : [5cdf154f-1314-4504-bd59-b1228baab356] Ack server push request, request = NotifySubscriberRequest, requestId = 36
15:34:32:487  INFO 25472 --- [main] d.s.w.p.DocumentationPluginsBootstrapper : Documentation plugins bootstrapped
15:34:32:490  INFO 25472 --- [main] d.s.w.p.DocumentationPluginsBootstrapper : Found 1 custom documentation plugin(s)
15:34:32:514  INFO 25472 --- [main] s.d.s.w.s.ApiListingReferenceScanner     : Scanning for api listing references
15:34:32:617  INFO 25472 --- [main] com.hmall.user.UserApplication           : Started UserApplication in 9.61 seconds (JVM running for 10.984)
15:35:34:467  INFO 25472 --- [http-nio-8084-exec-1] o.a.c.c.C.[Tomcat].[localhost].[/]       : Initializing Spring DispatcherServlet 'dispatcherServlet'
15:35:34:467  INFO 25472 --- [http-nio-8084-exec-1] o.s.web.servlet.DispatcherServlet        : Initializing Servlet 'dispatcherServlet'
15:35:34:468  INFO 25472 --- [http-nio-8084-exec-1] o.s.web.servlet.DispatcherServlet        : Completed initialization in 1 ms
15:35:34:501  INFO 25472 --- [http-nio-8084-exec-1] c.h.user.service.impl.UserServiceImpl    : 开始扣款
15:35:34:519  INFO 25472 --- [http-nio-8084-exec-1] com.zaxxer.hikari.HikariDataSource       : HikariPool-1 - Starting...
15:35:34:736  INFO 25472 --- [http-nio-8084-exec-1] com.zaxxer.hikari.HikariDataSource       : HikariPool-1 - Start completed.
15:35:34:742 DEBUG 25472 --- [http-nio-8084-exec-1] c.h.user.mapper.UserMapper.selectById    : ==>  Preparing: SELECT id,username,password,phone,create_time,update_time,status,balance FROM user WHERE id=?
15:35:34:761 DEBUG 25472 --- [http-nio-8084-exec-1] c.h.user.mapper.UserMapper.selectById    : ==> Parameters: null
15:35:34:779 DEBUG 25472 --- [http-nio-8084-exec-1] c.h.user.mapper.UserMapper.selectById    : <==      Total: 0
15:35:34:797 ERROR 25472 --- [http-nio-8084-exec-1] o.a.c.c.C.[.[.[/].[dispatcherServlet]    : Servlet.service() for servlet [dispatcherServlet] in context with path [] threw exception [Request processing failed; nested exception is com.hmall.common.exception.BizIllegalException: 用户密码错误] with root cause

com.hmall.common.exception.BizIllegalException: 用户密码错误
	at com.hmall.user.service.impl.UserServiceImpl.deductMoney(UserServiceImpl.java:75) ~[classes/:na]
	at com.hmall.user.service.impl.UserServiceImpl$$FastClassBySpringCGLIB$$da72bc39.invoke(<generated>) ~[classes/:na]
	at org.springframework.cglib.proxy.MethodProxy.invoke(MethodProxy.java:218) ~[spring-core-5.3.27.jar:5.3.27]
	at org.springframework.aop.framework.CglibAopProxy.invokeMethod(CglibAopProxy.java:386) ~[spring-aop-5.3.27.jar:5.3.27]
	at org.springframework.aop.framework.CglibAopProxy.access$000(CglibAopProxy.java:85) ~[spring-aop-5.3.27.jar:5.3.27]
	at org.springframework.aop.framework.CglibAopProxy$DynamicAdvisedInterceptor.intercept(CglibAopProxy.java:704) ~[spring-aop-5.3.27.jar:5.3.27]
	at com.hmall.user.service.impl.UserServiceImpl$$EnhancerBySpringCGLIB$$166ebc6f.deductMoney(<generated>) ~[classes/:na]
	at com.hmall.user.controller.UserController.deductMoney(UserController.java:36) ~[classes/:na]
	at java.base/jdk.internal.reflect.NativeMethodAccessorImpl.invoke0(Native Method) ~[na:na]
	at java.base/jdk.internal.reflect.NativeMethodAccessorImpl.invoke(NativeMethodAccessorImpl.java:62) ~[na:na]
	at java.base/jdk.internal.reflect.DelegatingMethodAccessorImpl.invoke(DelegatingMethodAccessorImpl.java:43) ~[na:na]
	at java.base/java.lang.reflect.Method.invoke(Method.java:566) ~[na:na]
	at org.springframework.web.method.support.InvocableHandlerMethod.doInvoke(InvocableHandlerMethod.java:205) ~[spring-web-5.3.27.jar:5.3.27]
	at org.springframework.web.method.support.InvocableHandlerMethod.invokeForRequest(InvocableHandlerMethod.java:150) ~[spring-web-5.3.27.jar:5.3.27]
	at org.springframework.web.servlet.mvc.method.annotation.ServletInvocableHandlerMethod.invokeAndHandle(ServletInvocableHandlerMethod.java:117) ~[spring-webmvc-5.3.27.jar:5.3.27]
	at org.springframework.web.servlet.mvc.method.annotation.RequestMappingHandlerAdapter.invokeHandlerMethod(RequestMappingHandlerAdapter.java:895) ~[spring-webmvc-5.3.27.jar:5.3.27]
	at org.springframework.web.servlet.mvc.method.annotation.RequestMappingHandlerAdapter.handleInternal(RequestMappingHandlerAdapter.java:808) ~[spring-webmvc-5.3.27.jar:5.3.27]
	at org.springframework.web.servlet.mvc.method.AbstractHandlerMethodAdapter.handle(AbstractHandlerMethodAdapter.java:87) ~[spring-webmvc-5.3.27.jar:5.3.27]
	at org.springframework.web.servlet.DispatcherServlet.doDispatch(DispatcherServlet.java:1072) ~[spring-webmvc-5.3.27.jar:5.3.27]
	at org.springframework.web.servlet.DispatcherServlet.doService(DispatcherServlet.java:965) ~[spring-webmvc-5.3.27.jar:5.3.27]
	at org.springframework.web.servlet.FrameworkServlet.processRequest(FrameworkServlet.java:1006) ~[spring-webmvc-5.3.27.jar:5.3.27]
	at org.springframework.web.servlet.FrameworkServlet.doPut(FrameworkServlet.java:920) ~[spring-webmvc-5.3.27.jar:5.3.27]
	at javax.servlet.http.HttpServlet.service(HttpServlet.java:558) ~[tomcat-embed-core-9.0.75.jar:4.0.FR]
	at org.springframework.web.servlet.FrameworkServlet.service(FrameworkServlet.java:883) ~[spring-webmvc-5.3.27.jar:5.3.27]
	at javax.servlet.http.HttpServlet.service(HttpServlet.java:623) ~[tomcat-embed-core-9.0.75.jar:4.0.FR]
	at org.apache.catalina.core.ApplicationFilterChain.internalDoFilter(ApplicationFilterChain.java:209) ~[tomcat-embed-core-9.0.75.jar:9.0.75]
	at org.apache.catalina.core.ApplicationFilterChain.doFilter(ApplicationFilterChain.java:153) ~[tomcat-embed-core-9.0.75.jar:9.0.75]
	at org.apache.tomcat.websocket.server.WsFilter.doFilter(WsFilter.java:51) ~[tomcat-embed-websocket-9.0.75.jar:9.0.75]
	at org.apache.catalina.core.ApplicationFilterChain.internalDoFilter(ApplicationFilterChain.java:178) ~[tomcat-embed-core-9.0.75.jar:9.0.75]
	at org.apache.catalina.core.ApplicationFilterChain.doFilter(ApplicationFilterChain.java:153) ~[tomcat-embed-core-9.0.75.jar:9.0.75]
	at org.springframework.web.filter.RequestContextFilter.doFilterInternal(RequestContextFilter.java:100) ~[spring-web-5.3.27.jar:5.3.27]
	at org.springframework.web.filter.OncePerRequestFilter.doFilter(OncePerRequestFilter.java:117) ~[spring-web-5.3.27.jar:5.3.27]
	at org.apache.catalina.core.ApplicationFilterChain.internalDoFilter(ApplicationFilterChain.java:178) ~[tomcat-embed-core-9.0.75.jar:9.0.75]
	at org.apache.catalina.core.ApplicationFilterChain.doFilter(ApplicationFilterChain.java:153) ~[tomcat-embed-core-9.0.75.jar:9.0.75]
	at org.springframework.web.filter.FormContentFilter.doFilterInternal(FormContentFilter.java:93) ~[spring-web-5.3.27.jar:5.3.27]
	at org.springframework.web.filter.OncePerRequestFilter.doFilter(OncePerRequestFilter.java:117) ~[spring-web-5.3.27.jar:5.3.27]
	at org.apache.catalina.core.ApplicationFilterChain.internalDoFilter(ApplicationFilterChain.java:178) ~[tomcat-embed-core-9.0.75.jar:9.0.75]
	at org.apache.catalina.core.ApplicationFilterChain.doFilter(ApplicationFilterChain.java:153) ~[tomcat-embed-core-9.0.75.jar:9.0.75]
	at org.springframework.web.filter.CharacterEncodingFilter.doFilterInternal(CharacterEncodingFilter.java:201) ~[spring-web-5.3.27.jar:5.3.27]
	at org.springframework.web.filter.OncePerRequestFilter.doFilter(OncePerRequestFilter.java:117) ~[spring-web-5.3.27.jar:5.3.27]
	at org.apache.catalina.core.ApplicationFilterChain.internalDoFilter(ApplicationFilterChain.java:178) ~[tomcat-embed-core-9.0.75.jar:9.0.75]
	at org.apache.catalina.core.ApplicationFilterChain.doFilter(ApplicationFilterChain.java:153) ~[tomcat-embed-core-9.0.75.jar:9.0.75]
	at org.apache.catalina.core.StandardWrapperValve.invoke(StandardWrapperValve.java:167) ~[tomcat-embed-core-9.0.75.jar:9.0.75]
	at org.apache.catalina.core.StandardContextValve.invoke(StandardContextValve.java:90) ~[tomcat-embed-core-9.0.75.jar:9.0.75]
	at org.apache.catalina.authenticator.AuthenticatorBase.invoke(AuthenticatorBase.java:481) ~[tomcat-embed-core-9.0.75.jar:9.0.75]
	at org.apache.catalina.core.StandardHostValve.invoke(StandardHostValve.java:130) ~[tomcat-embed-core-9.0.75.jar:9.0.75]
	at org.apache.catalina.valves.ErrorReportValve.invoke(ErrorReportValve.java:93) ~[tomcat-embed-core-9.0.75.jar:9.0.75]
	at org.apache.catalina.core.StandardEngineValve.invoke(StandardEngineValve.java:74) ~[tomcat-embed-core-9.0.75.jar:9.0.75]
	at org.apache.catalina.connector.CoyoteAdapter.service(CoyoteAdapter.java:343) ~[tomcat-embed-core-9.0.75.jar:9.0.75]
	at org.apache.coyote.http11.Http11Processor.service(Http11Processor.java:390) ~[tomcat-embed-core-9.0.75.jar:9.0.75]
	at org.apache.coyote.AbstractProcessorLight.process(AbstractProcessorLight.java:63) ~[tomcat-embed-core-9.0.75.jar:9.0.75]
	at org.apache.coyote.AbstractProtocol$ConnectionHandler.process(AbstractProtocol.java:926) ~[tomcat-embed-core-9.0.75.jar:9.0.75]
	at org.apache.tomcat.util.net.NioEndpoint$SocketProcessor.doRun(NioEndpoint.java:1791) ~[tomcat-embed-core-9.0.75.jar:9.0.75]
	at org.apache.tomcat.util.net.SocketProcessorBase.run(SocketProcessorBase.java:52) ~[tomcat-embed-core-9.0.75.jar:9.0.75]
	at org.apache.tomcat.util.threads.ThreadPoolExecutor.runWorker(ThreadPoolExecutor.java:1191) ~[tomcat-embed-core-9.0.75.jar:9.0.75]
	at org.apache.tomcat.util.threads.ThreadPoolExecutor$Worker.run(ThreadPoolExecutor.java:659) ~[tomcat-embed-core-9.0.75.jar:9.0.75]
	at org.apache.tomcat.util.threads.TaskThread$WrappingRunnable.run(TaskThread.java:61) ~[tomcat-embed-core-9.0.75.jar:9.0.75]
	at java.base/java.lang.Thread.run(Thread.java:829) ~[na:na]

15:36:21:896  INFO 25472 --- [http-nio-8084-exec-2] c.h.user.service.impl.UserServiceImpl    : 开始扣款
15:37:07:096  INFO 25472 --- [com.alibaba.nacos.client.remote.worker] com.alibaba.nacos.common.remote.client   : [5cdf154f-1314-4504-bd59-b1228baab356] Server healthy check fail, currentConnection = 1777016070748_192.168.150.1_65344
15:37:07:097 DEBUG 25472 --- [http-nio-8084-exec-2] c.h.user.mapper.UserMapper.selectById    : ==>  Preparing: SELECT id,username,password,phone,create_time,update_time,status,balance FROM user WHERE id=?
15:37:07:099  INFO 25472 --- [nacos-grpc-client-executor-36] com.alibaba.nacos.common.remote.client   : [5cdf154f-1314-4504-bd59-b1228baab356] Receive server push request, request = ClientDetectionRequest, requestId = 47
15:37:07:099  INFO 25472 --- [com.alibaba.nacos.client.remote.worker] com.alibaba.nacos.common.remote.client   : [5cdf154f-1314-4504-bd59-b1228baab356] Try to reconnect to a new server, server is  not appointed, will choose a random server.
15:37:07:099  INFO 25472 --- [nacos-grpc-client-executor-36] com.alibaba.nacos.common.remote.client   : [5cdf154f-1314-4504-bd59-b1228baab356] Ack server push request, request = ClientDetectionRequest, requestId = 47
15:37:07:099 DEBUG 25472 --- [http-nio-8084-exec-2] c.h.user.mapper.UserMapper.selectById    : ==> Parameters: null
15:37:07:103  INFO 25472 --- [nacos-grpc-client-executor-36] c.a.n.c.remote.client.grpc.GrpcClient    : [1777016070748_192.168.150.1_65344]Ignore complete event,isRunning:false,isAbandon=false
15:37:07:103 DEBUG 25472 --- [http-nio-8084-exec-2] c.h.user.mapper.UserMapper.selectById    : <==      Total: 0
15:37:07:107 ERROR 25472 --- [com.alibaba.nacos.client.naming.updater.1] com.alibaba.nacos.common.remote.client   : Send request fail, request = ServiceQueryRequest{headers={}, requestId='null'}, retryTimes = 0, errorMessage = java.util.concurrent.ExecutionException: com.alibaba.nacos.shaded.io.grpc.StatusRuntimeException: UNAVAILABLE: HTTP/2 error code: NO_ERROR
Received Goaway
app_requested
15:37:07:107 ERROR 25472 --- [http-nio-8084-exec-2] o.a.c.c.C.[.[.[/].[dispatcherServlet]    : Servlet.service() for servlet [dispatcherServlet] in context with path [] threw exception [Request processing failed; nested exception is com.hmall.common.exception.BizIllegalException: 用户密码错误] with root cause

com.hmall.common.exception.BizIllegalException: 用户密码错误
	at com.hmall.user.service.impl.UserServiceImpl.deductMoney(UserServiceImpl.java:75) ~[classes/:na]
	at com.hmall.user.service.impl.UserServiceImpl$$FastClassBySpringCGLIB$$da72bc39.invoke(<generated>) ~[classes/:na]
	at org.springframework.cglib.proxy.MethodProxy.invoke(MethodProxy.java:218) ~[spring-core-5.3.27.jar:5.3.27]
	at org.springframework.aop.framework.CglibAopProxy.invokeMethod(CglibAopProxy.java:386) ~[spring-aop-5.3.27.jar:5.3.27]
	at org.springframework.aop.framework.CglibAopProxy.access$000(CglibAopProxy.java:85) ~[spring-aop-5.3.27.jar:5.3.27]
	at org.springframework.aop.framework.CglibAopProxy$DynamicAdvisedInterceptor.intercept(CglibAopProxy.java:704) ~[spring-aop-5.3.27.jar:5.3.27]
	at com.hmall.user.service.impl.UserServiceImpl$$EnhancerBySpringCGLIB$$166ebc6f.deductMoney(<generated>) ~[classes/:na]
	at com.hmall.user.controller.UserController.deductMoney(UserController.java:36) ~[classes/:na]
	at java.base/jdk.internal.reflect.NativeMethodAccessorImpl.invoke0(Native Method) ~[na:na]
	at java.base/jdk.internal.reflect.NativeMethodAccessorImpl.invoke(NativeMethodAccessorImpl.java:62) ~[na:na]
	at java.base/jdk.internal.reflect.DelegatingMethodAccessorImpl.invoke(DelegatingMethodAccessorImpl.java:43) ~[na:na]
	at java.base/java.lang.reflect.Method.invoke(Method.java:566) ~[na:na]
	at org.springframework.web.method.support.InvocableHandlerMethod.doInvoke(InvocableHandlerMethod.java:205) ~[spring-web-5.3.27.jar:5.3.27]
	at org.springframework.web.method.support.InvocableHandlerMethod.invokeForRequest(InvocableHandlerMethod.java:150) ~[spring-web-5.3.27.jar:5.3.27]
	at org.springframework.web.servlet.mvc.method.annotation.ServletInvocableHandlerMethod.invokeAndHandle(ServletInvocableHandlerMethod.java:117) ~[spring-webmvc-5.3.27.jar:5.3.27]
	at org.springframework.web.servlet.mvc.method.annotation.RequestMappingHandlerAdapter.invokeHandlerMethod(RequestMappingHandlerAdapter.java:895) ~[spring-webmvc-5.3.27.jar:5.3.27]
	at org.springframework.web.servlet.mvc.method.annotation.RequestMappingHandlerAdapter.handleInternal(RequestMappingHandlerAdapter.java:808) ~[spring-webmvc-5.3.27.jar:5.3.27]
	at org.springframework.web.servlet.mvc.method.AbstractHandlerMethodAdapter.handle(AbstractHandlerMethodAdapter.java:87) ~[spring-webmvc-5.3.27.jar:5.3.27]
	at org.springframework.web.servlet.DispatcherServlet.doDispatch(DispatcherServlet.java:1072) ~[spring-webmvc-5.3.27.jar:5.3.27]
	at org.springframework.web.servlet.DispatcherServlet.doService(DispatcherServlet.java:965) ~[spring-webmvc-5.3.27.jar:5.3.27]
	at org.springframework.web.servlet.FrameworkServlet.processRequest(FrameworkServlet.java:1006) ~[spring-webmvc-5.3.27.jar:5.3.27]
	at org.springframework.web.servlet.FrameworkServlet.doPut(FrameworkServlet.java:920) ~[spring-webmvc-5.3.27.jar:5.3.27]
	at javax.servlet.http.HttpServlet.service(HttpServlet.java:558) ~[tomcat-embed-core-9.0.75.jar:4.0.FR]
	at org.springframework.web.servlet.FrameworkServlet.service(FrameworkServlet.java:883) ~[spring-webmvc-5.3.27.jar:5.3.27]
	at javax.servlet.http.HttpServlet.service(HttpServlet.java:623) ~[tomcat-embed-core-9.0.75.jar:4.0.FR]
	at org.apache.catalina.core.ApplicationFilterChain.internalDoFilter(ApplicationFilterChain.java:209) ~[tomcat-embed-core-9.0.75.jar:9.0.75]
	at org.apache.catalina.core.ApplicationFilterChain.doFilter(ApplicationFilterChain.java:153) ~[tomcat-embed-core-9.0.75.jar:9.0.75]
	at org.apache.tomcat.websocket.server.WsFilter.doFilter(WsFilter.java:51) ~[tomcat-embed-websocket-9.0.75.jar:9.0.75]
	at org.apache.catalina.core.ApplicationFilterChain.internalDoFilter(ApplicationFilterChain.java:178) ~[tomcat-embed-core-9.0.75.jar:9.0.75]
	at org.apache.catalina.core.ApplicationFilterChain.doFilter(ApplicationFilterChain.java:153) ~[tomcat-embed-core-9.0.75.jar:9.0.75]
	at org.springframework.web.filter.RequestContextFilter.doFilterInternal(RequestContextFilter.java:100) ~[spring-web-5.3.27.jar:5.3.27]
	at org.springframework.web.filter.OncePerRequestFilter.doFilter(OncePerRequestFilter.java:117) ~[spring-web-5.3.27.jar:5.3.27]
	at org.apache.catalina.core.ApplicationFilterChain.internalDoFilter(ApplicationFilterChain.java:178) ~[tomcat-embed-core-9.0.75.jar:9.0.75]
	at org.apache.catalina.core.ApplicationFilterChain.doFilter(ApplicationFilterChain.java:153) ~[tomcat-embed-core-9.0.75.jar:9.0.75]
	at org.springframework.web.filter.FormContentFilter.doFilterInternal(FormContentFilter.java:93) ~[spring-web-5.3.27.jar:5.3.27]
	at org.springframework.web.filter.OncePerRequestFilter.doFilter(OncePerRequestFilter.java:117) ~[spring-web-5.3.27.jar:5.3.27]
	at org.apache.catalina.core.ApplicationFilterChain.internalDoFilter(ApplicationFilterChain.java:178) ~[tomcat-embed-core-9.0.75.jar:9.0.75]
	at org.apache.catalina.core.ApplicationFilterChain.doFilter(ApplicationFilterChain.java:153) ~[tomcat-embed-core-9.0.75.jar:9.0.75]
	at org.springframework.web.filter.CharacterEncodingFilter.doFilterInternal(CharacterEncodingFilter.java:201) ~[spring-web-5.3.27.jar:5.3.27]
	at org.springframework.web.filter.OncePerRequestFilter.doFilter(OncePerRequestFilter.java:117) ~[spring-web-5.3.27.jar:5.3.27]
	at org.apache.catalina.core.ApplicationFilterChain.internalDoFilter(ApplicationFilterChain.java:178) ~[tomcat-embed-core-9.0.75.jar:9.0.75]
	at org.apache.catalina.core.ApplicationFilterChain.doFilter(ApplicationFilterChain.java:153) ~[tomcat-embed-core-9.0.75.jar:9.0.75]
	at org.apache.catalina.core.StandardWrapperValve.invoke(StandardWrapperValve.java:167) ~[tomcat-embed-core-9.0.75.jar:9.0.75]
	at org.apache.catalina.core.StandardContextValve.invoke(StandardContextValve.java:90) ~[tomcat-embed-core-9.0.75.jar:9.0.75]
	at org.apache.catalina.authenticator.AuthenticatorBase.invoke(AuthenticatorBase.java:481) ~[tomcat-embed-core-9.0.75.jar:9.0.75]
	at org.apache.catalina.core.StandardHostValve.invoke(StandardHostValve.java:130) ~[tomcat-embed-core-9.0.75.jar:9.0.75]
	at org.apache.catalina.valves.ErrorReportValve.invoke(ErrorReportValve.java:93) ~[tomcat-embed-core-9.0.75.jar:9.0.75]
	at org.apache.catalina.core.StandardEngineValve.invoke(StandardEngineValve.java:74) ~[tomcat-embed-core-9.0.75.jar:9.0.75]
	at org.apache.catalina.connector.CoyoteAdapter.service(CoyoteAdapter.java:343) ~[tomcat-embed-core-9.0.75.jar:9.0.75]
	at org.apache.coyote.http11.Http11Processor.service(Http11Processor.java:390) ~[tomcat-embed-core-9.0.75.jar:9.0.75]
	at org.apache.coyote.AbstractProcessorLight.process(AbstractProcessorLight.java:63) ~[tomcat-embed-core-9.0.75.jar:9.0.75]
	at org.apache.coyote.AbstractProtocol$ConnectionHandler.process(AbstractProtocol.java:926) ~[tomcat-embed-core-9.0.75.jar:9.0.75]
	at org.apache.tomcat.util.net.NioEndpoint$SocketProcessor.doRun(NioEndpoint.java:1791) ~[tomcat-embed-core-9.0.75.jar:9.0.75]
	at org.apache.tomcat.util.net.SocketProcessorBase.run(SocketProcessorBase.java:52) ~[tomcat-embed-core-9.0.75.jar:9.0.75]
	at org.apache.tomcat.util.threads.ThreadPoolExecutor.runWorker(ThreadPoolExecutor.java:1191) ~[tomcat-embed-core-9.0.75.jar:9.0.75]
	at org.apache.tomcat.util.threads.ThreadPoolExecutor$Worker.run(ThreadPoolExecutor.java:659) ~[tomcat-embed-core-9.0.75.jar:9.0.75]
	at org.apache.tomcat.util.threads.TaskThread$WrappingRunnable.run(TaskThread.java:61) ~[tomcat-embed-core-9.0.75.jar:9.0.75]
	at java.base/java.lang.Thread.run(Thread.java:829) ~[na:na]

15:37:07:233  INFO 25472 --- [com.alibaba.nacos.client.remote.worker] com.alibaba.nacos.common.remote.client   : [5cdf154f-1314-4504-bd59-b1228baab356] Success to connect a server [192.168.150.102:8848], connectionId = 1777016226203_192.168.150.1_65525
15:37:07:233  INFO 25472 --- [com.alibaba.nacos.client.remote.worker] com.alibaba.nacos.common.remote.client   : [5cdf154f-1314-4504-bd59-b1228baab356] Abandon prev connection, server is 192.168.150.102:8848, connectionId is 1777016070748_192.168.150.1_65344
15:37:07:233  INFO 25472 --- [com.alibaba.nacos.client.remote.worker] com.alibaba.nacos.common.remote.client   : Close current connection 1777016070748_192.168.150.1_65344
15:37:07:238  INFO 25472 --- [com.alibaba.nacos.client.remote.worker] com.alibaba.nacos.common.remote.client   : [5cdf154f-1314-4504-bd59-b1228baab356] Notify disconnected event to listeners
15:37:07:239  INFO 25472 --- [com.alibaba.nacos.client.remote.worker] com.alibaba.nacos.common.remote.client   : [5cdf154f-1314-4504-bd59-b1228baab356] Notify connected event to listeners.
15:37:10:661  INFO 25472 --- [nacos-grpc-client-executor-46] com.alibaba.nacos.common.remote.client   : [5cdf154f-1314-4504-bd59-b1228baab356] Receive server push request, request = NotifySubscriberRequest, requestId = 50
15:37:10:662  INFO 25472 --- [nacos-grpc-client-executor-46] com.alibaba.nacos.common.remote.client   : [5cdf154f-1314-4504-bd59-b1228baab356] Ack server push request, request = NotifySubscriberRequest, requestId = 50
15:42:14:050  INFO 25472 --- [http-nio-8084-exec-3] c.h.user.service.impl.UserServiceImpl    : 开始扣款
15:42:15:042 DEBUG 25472 --- [http-nio-8084-exec-3] c.h.user.mapper.UserMapper.selectById    : ==>  Preparing: SELECT id,username,password,phone,create_time,update_time,status,balance FROM user WHERE id=?
15:42:15:046 DEBUG 25472 --- [http-nio-8084-exec-3] c.h.user.mapper.UserMapper.selectById    : ==> Parameters: null
15:42:15:058 DEBUG 25472 --- [http-nio-8084-exec-3] c.h.user.mapper.UserMapper.selectById    : <==      Total: 0
15:54:12:079  WARN 25472 --- [HikariPool-1 housekeeper] com.zaxxer.hikari.pool.HikariPool        : HikariPool-1 - Thread starvation or clock leap detected (housekeeper delta=12m4s826ms511µs300ns).
15:54:12:166  INFO 25472 --- [nacos-grpc-client-executor-110] com.alibaba.nacos.common.remote.client   : [5cdf154f-1314-4504-bd59-b1228baab356] Receive server push request, request = ClientDetectionRequest, requestId = 54
15:54:12:169  INFO 25472 --- [nacos-grpc-client-executor-110] com.alibaba.nacos.common.remote.client   : [5cdf154f-1314-4504-bd59-b1228baab356] Ack server push request, request = ClientDetectionRequest, requestId = 54
15:54:12:202 ERROR 25472 --- [nacos-grpc-client-executor-110] c.a.n.c.remote.client.grpc.GrpcClient    : [1777016226203_192.168.150.1_65525]Request stream onCompleted, switch server
15:54:12:207 ERROR 25472 --- [com.alibaba.nacos.client.naming.updater.0] com.alibaba.nacos.common.remote.client   : Send request fail, request = ServiceQueryRequest{headers={}, requestId='null'}, retryTimes = 0, errorMessage = java.util.concurrent.ExecutionException: com.alibaba.nacos.shaded.io.grpc.StatusRuntimeException: UNAVAILABLE: HTTP/2 error code: NO_ERROR
Received Goaway
app_requested
15:54:12:209  INFO 25472 --- [com.alibaba.nacos.client.remote.worker] com.alibaba.nacos.common.remote.client   : [5cdf154f-1314-4504-bd59-b1228baab356] Server healthy check fail, currentConnection = 1777016226203_192.168.150.1_65525
15:54:12:216  INFO 25472 --- [com.alibaba.nacos.client.remote.worker] com.alibaba.nacos.common.remote.client   : [5cdf154f-1314-4504-bd59-b1228baab356] Try to reconnect to a new server, server is  not appointed, will choose a random server.
15:54:12:239  WARN 25472 --- [Thread-7] c.a.n.common.http.HttpClientBeanHolder   : [HttpClientBeanHolder] Start destroying common HttpClient
15:54:12:241  WARN 25472 --- [Thread-4] c.a.nacos.common.notify.NotifyCenter     : [NotifyCenter] Start destroying Publisher
15:54:12:249  WARN 25472 --- [Thread-4] c.a.nacos.common.notify.NotifyCenter     : [NotifyCenter] Destruction of the end
15:54:12:271  WARN 25472 --- [Thread-7] c.a.n.common.http.HttpClientBeanHolder   : [HttpClientBeanHolder] Destruction of the end
15:54:12:295 ERROR 25472 --- [http-nio-8084-exec-3] o.a.c.c.C.[.[.[/].[dispatcherServlet]    : Servlet.service() for servlet [dispatcherServlet] in context with path [] threw exception [Request processing failed; nested exception is com.hmall.common.exception.BizIllegalException: 用户密码错误] with root cause

com.hmall.common.exception.BizIllegalException: 用户密码错误
	at com.hmall.user.service.impl.UserServiceImpl.deductMoney(UserServiceImpl.java:75) ~[classes/:na]
	at com.hmall.user.service.impl.UserServiceImpl$$FastClassBySpringCGLIB$$da72bc39.invoke(<generated>) ~[classes/:na]
	at org.springframework.cglib.proxy.MethodProxy.invoke(MethodProxy.java:218) ~[spring-core-5.3.27.jar:5.3.27]
	at org.springframework.aop.framework.CglibAopProxy.invokeMethod(CglibAopProxy.java:386) ~[spring-aop-5.3.27.jar:5.3.27]
	at org.springframework.aop.framework.CglibAopProxy.access$000(CglibAopProxy.java:85) ~[spring-aop-5.3.27.jar:5.3.27]
	at org.springframework.aop.framework.CglibAopProxy$DynamicAdvisedInterceptor.intercept(CglibAopProxy.java:704) ~[spring-aop-5.3.27.jar:5.3.27]
	at com.hmall.user.service.impl.UserServiceImpl$$EnhancerBySpringCGLIB$$166ebc6f.deductMoney(<generated>) ~[classes/:na]
	at com.hmall.user.controller.UserController.deductMoney(UserController.java:36) ~[classes/:na]
	at java.base/jdk.internal.reflect.NativeMethodAccessorImpl.invoke0(Native Method) ~[na:na]
	at java.base/jdk.internal.reflect.NativeMethodAccessorImpl.invoke(NativeMethodAccessorImpl.java:62) ~[na:na]
	at java.base/jdk.internal.reflect.DelegatingMethodAccessorImpl.invoke(DelegatingMethodAccessorImpl.java:43) ~[na:na]
	at java.base/java.lang.reflect.Method.invoke(Method.java:566) ~[na:na]
	at org.springframework.web.method.support.InvocableHandlerMethod.doInvoke(InvocableHandlerMethod.java:205) ~[spring-web-5.3.27.jar:5.3.27]
	at org.springframework.web.method.support.InvocableHandlerMethod.invokeForRequest(InvocableHandlerMethod.java:150) ~[spring-web-5.3.27.jar:5.3.27]
	at org.springframework.web.servlet.mvc.method.annotation.ServletInvocableHandlerMethod.invokeAndHandle(ServletInvocableHandlerMethod.java:117) ~[spring-webmvc-5.3.27.jar:5.3.27]
	at org.springframework.web.servlet.mvc.method.annotation.RequestMappingHandlerAdapter.invokeHandlerMethod(RequestMappingHandlerAdapter.java:895) ~[spring-webmvc-5.3.27.jar:5.3.27]
	at org.springframework.web.servlet.mvc.method.annotation.RequestMappingHandlerAdapter.handleInternal(RequestMappingHandlerAdapter.java:808) ~[spring-webmvc-5.3.27.jar:5.3.27]
	at org.springframework.web.servlet.mvc.method.AbstractHandlerMethodAdapter.handle(AbstractHandlerMethodAdapter.java:87) ~[spring-webmvc-5.3.27.jar:5.3.27]
	at org.springframework.web.servlet.DispatcherServlet.doDispatch(DispatcherServlet.java:1072) ~[spring-webmvc-5.3.27.jar:5.3.27]
	at org.springframework.web.servlet.DispatcherServlet.doService(DispatcherServlet.java:965) ~[spring-webmvc-5.3.27.jar:5.3.27]
	at org.springframework.web.servlet.FrameworkServlet.processRequest(FrameworkServlet.java:1006) ~[spring-webmvc-5.3.27.jar:5.3.27]
	at org.springframework.web.servlet.FrameworkServlet.doPut(FrameworkServlet.java:920) ~[spring-webmvc-5.3.27.jar:5.3.27]
	at javax.servlet.http.HttpServlet.service(HttpServlet.java:558) ~[tomcat-embed-core-9.0.75.jar:4.0.FR]
	at org.springframework.web.servlet.FrameworkServlet.service(FrameworkServlet.java:883) ~[spring-webmvc-5.3.27.jar:5.3.27]
	at javax.servlet.http.HttpServlet.service(HttpServlet.java:623) ~[tomcat-embed-core-9.0.75.jar:4.0.FR]
	at org.apache.catalina.core.ApplicationFilterChain.internalDoFilter(ApplicationFilterChain.java:209) ~[tomcat-embed-core-9.0.75.jar:9.0.75]
	at org.apache.catalina.core.ApplicationFilterChain.doFilter(ApplicationFilterChain.java:153) ~[tomcat-embed-core-9.0.75.jar:9.0.75]
	at org.apache.tomcat.websocket.server.WsFilter.doFilter(WsFilter.java:51) ~[tomcat-embed-websocket-9.0.75.jar:9.0.75]
	at org.apache.catalina.core.ApplicationFilterChain.internalDoFilter(ApplicationFilterChain.java:178) ~[tomcat-embed-core-9.0.75.jar:9.0.75]
	at org.apache.catalina.core.ApplicationFilterChain.doFilter(ApplicationFilterChain.java:153) ~[tomcat-embed-core-9.0.75.jar:9.0.75]
	at org.springframework.web.filter.RequestContextFilter.doFilterInternal(RequestContextFilter.java:100) ~[spring-web-5.3.27.jar:5.3.27]
	at org.springframework.web.filter.OncePerRequestFilter.doFilter(OncePerRequestFilter.java:117) ~[spring-web-5.3.27.jar:5.3.27]
	at org.apache.catalina.core.ApplicationFilterChain.internalDoFilter(ApplicationFilterChain.java:178) ~[tomcat-embed-core-9.0.75.jar:9.0.75]
	at org.apache.catalina.core.ApplicationFilterChain.doFilter(ApplicationFilterChain.java:153) ~[tomcat-embed-core-9.0.75.jar:9.0.75]
	at org.springframework.web.filter.FormContentFilter.doFilterInternal(FormContentFilter.java:93) ~[spring-web-5.3.27.jar:5.3.27]
	at org.springframework.web.filter.OncePerRequestFilter.doFilter(OncePerRequestFilter.java:117) ~[spring-web-5.3.27.jar:5.3.27]
	at org.apache.catalina.core.ApplicationFilterChain.internalDoFilter(ApplicationFilterChain.java:178) ~[tomcat-embed-core-9.0.75.jar:9.0.75]
	at org.apache.catalina.core.ApplicationFilterChain.doFilter(ApplicationFilterChain.java:153) ~[tomcat-embed-core-9.0.75.jar:9.0.75]
	at org.springframework.web.filter.CharacterEncodingFilter.doFilterInternal(CharacterEncodingFilter.java:201) ~[spring-web-5.3.27.jar:5.3.27]
	at org.springframework.web.filter.OncePerRequestFilter.doFilter(OncePerRequestFilter.java:117) ~[spring-web-5.3.27.jar:5.3.27]
	at org.apache.catalina.core.ApplicationFilterChain.internalDoFilter(ApplicationFilterChain.java:178) ~[tomcat-embed-core-9.0.75.jar:9.0.75]
	at org.apache.catalina.core.ApplicationFilterChain.doFilter(ApplicationFilterChain.java:153) ~[tomcat-embed-core-9.0.75.jar:9.0.75]
	at org.apache.catalina.core.StandardWrapperValve.invoke(StandardWrapperValve.java:167) ~[tomcat-embed-core-9.0.75.jar:9.0.75]
	at org.apache.catalina.core.StandardContextValve.invoke(StandardContextValve.java:90) ~[tomcat-embed-core-9.0.75.jar:9.0.75]
	at org.apache.catalina.authenticator.AuthenticatorBase.invoke(AuthenticatorBase.java:481) ~[tomcat-embed-core-9.0.75.jar:9.0.75]
	at org.apache.catalina.core.StandardHostValve.invoke(StandardHostValve.java:130) ~[tomcat-embed-core-9.0.75.jar:9.0.75]
	at org.apache.catalina.valves.ErrorReportValve.invoke(ErrorReportValve.java:93) ~[tomcat-embed-core-9.0.75.jar:9.0.75]
	at org.apache.catalina.core.StandardEngineValve.invoke(StandardEngineValve.java:74) ~[tomcat-embed-core-9.0.75.jar:9.0.75]
	at org.apache.catalina.connector.CoyoteAdapter.service(CoyoteAdapter.java:343) ~[tomcat-embed-core-9.0.75.jar:9.0.75]
	at org.apache.coyote.http11.Http11Processor.service(Http11Processor.java:390) ~[tomcat-embed-core-9.0.75.jar:9.0.75]
	at org.apache.coyote.AbstractProcessorLight.process(AbstractProcessorLight.java:63) ~[tomcat-embed-core-9.0.75.jar:9.0.75]
	at org.apache.coyote.AbstractProtocol$ConnectionHandler.process(AbstractProtocol.java:926) ~[tomcat-embed-core-9.0.75.jar:9.0.75]
	at org.apache.tomcat.util.net.NioEndpoint$SocketProcessor.doRun(NioEndpoint.java:1791) ~[tomcat-embed-core-9.0.75.jar:9.0.75]
	at org.apache.tomcat.util.net.SocketProcessorBase.run(SocketProcessorBase.java:52) ~[tomcat-embed-core-9.0.75.jar:9.0.75]
	at org.apache.tomcat.util.threads.ThreadPoolExecutor.runWorker(ThreadPoolExecutor.java:1191) ~[tomcat-embed-core-9.0.75.jar:9.0.75]
	at org.apache.tomcat.util.threads.ThreadPoolExecutor$Worker.run(ThreadPoolExecutor.java:659) ~[tomcat-embed-core-9.0.75.jar:9.0.75]
	at org.apache.tomcat.util.threads.TaskThread$WrappingRunnable.run(TaskThread.java:61) ~[tomcat-embed-core-9.0.75.jar:9.0.75]
	at java.base/java.lang.Thread.run(Thread.java:829) ~[na:na]

15:54:12:332 ERROR 25472 --- [com.alibaba.nacos.client.naming.updater.0] com.alibaba.nacos.common.remote.client   : Send request fail, request = ServiceQueryRequest{headers={}, requestId='null'}, retryTimes = 1, errorMessage = Client not connected, current status:UNHEALTHY
15:54:12:440  INFO 25472 --- [com.alibaba.nacos.client.remote.worker] com.alibaba.nacos.common.remote.client   : [5cdf154f-1314-4504-bd59-b1228baab356] Success to connect a server [192.168.150.102:8848], connectionId = 1777017251422_192.168.150.1_50195
15:54:12:440 ERROR 25472 --- [com.alibaba.nacos.client.naming.updater.0] com.alibaba.nacos.common.remote.client   : Send request fail, request = ServiceQueryRequest{headers={}, requestId='null'}, retryTimes = 2, errorMessage = Client not connected, current status:UNHEALTHY
15:54:12:441  INFO 25472 --- [com.alibaba.nacos.client.remote.worker] com.alibaba.nacos.common.remote.client   : [5cdf154f-1314-4504-bd59-b1228baab356] Abandon prev connection, server is 192.168.150.102:8848, connectionId is 1777016226203_192.168.150.1_65525
15:54:12:442  INFO 25472 --- [com.alibaba.nacos.client.remote.worker] com.alibaba.nacos.common.remote.client   : Close current connection 1777016226203_192.168.150.1_65525
15:54:12:445  INFO 25472 --- [com.alibaba.nacos.client.remote.worker] com.alibaba.nacos.common.remote.client   : [5cdf154f-1314-4504-bd59-b1228baab356] Try to reconnect to a new server, server is  not appointed, will choose a random server.
15:54:12:446  INFO 25472 --- [com.alibaba.nacos.client.remote.worker] com.alibaba.nacos.common.remote.client   : [5cdf154f-1314-4504-bd59-b1228baab356] Notify disconnected event to listeners
15:54:12:450  INFO 25472 --- [com.alibaba.nacos.client.remote.worker] com.alibaba.nacos.common.remote.client   : [5cdf154f-1314-4504-bd59-b1228baab356] Notify connected event to listeners.
15:54:12:580  INFO 25472 --- [com.alibaba.nacos.client.remote.worker] com.alibaba.nacos.common.remote.client   : [5cdf154f-1314-4504-bd59-b1228baab356] Success to connect a server [192.168.150.102:8848], connectionId = 1777017251569_192.168.150.1_50196
15:54:12:580  INFO 25472 --- [com.alibaba.nacos.client.remote.worker] com.alibaba.nacos.common.remote.client   : [5cdf154f-1314-4504-bd59-b1228baab356] Abandon prev connection, server is 192.168.150.102:8848, connectionId is 1777017251422_192.168.150.1_50195
15:54:12:580  INFO 25472 --- [com.alibaba.nacos.client.remote.worker] com.alibaba.nacos.common.remote.client   : Close current connection 1777017251422_192.168.150.1_50195
15:54:12:589  INFO 25472 --- [com.alibaba.nacos.client.remote.worker] com.alibaba.nacos.common.remote.client   : [5cdf154f-1314-4504-bd59-b1228baab356] Notify disconnected event to listeners
15:54:12:589  INFO 25472 --- [com.alibaba.nacos.client.remote.worker] com.alibaba.nacos.common.remote.client   : [5cdf154f-1314-4504-bd59-b1228baab356] Notify connected event to listeners.
15:54:12:594  WARN 25472 --- [nacos-grpc-client-executor-119] c.a.n.c.remote.client.grpc.GrpcClient    : [1777017251422_192.168.150.1_50195]Ignore error event,isRunning:true,isAbandon=true
15:54:13:461  INFO 25472 --- [SpringApplicationShutdownHook] c.a.c.n.registry.NacosServiceRegistry    : De-registering from Nacos Server now...
15:54:13:469  INFO 25472 --- [SpringApplicationShutdownHook] c.a.c.n.registry.NacosServiceRegistry    : De-registration finished.
15:54:13:811  INFO 25472 --- [SpringApplicationShutdownHook] com.alibaba.nacos.common.remote.client   : Shutdown rpc client, set status to shutdown
15:54:13:812  INFO 25472 --- [SpringApplicationShutdownHook] com.alibaba.nacos.common.remote.client   : Shutdown client event executor java.util.concurrent.ScheduledThreadPoolExecutor@2cf2945f[Running, pool size = 2, active threads = 2, queued tasks = 0, completed tasks = 0]
15:54:13:814  INFO 25472 --- [SpringApplicationShutdownHook] com.alibaba.nacos.common.remote.client   : Close current connection 1777017251569_192.168.150.1_50196
15:54:13:816  INFO 25472 --- [nacos-grpc-client-executor-122] c.a.n.c.remote.client.grpc.GrpcClient    : [1777017251569_192.168.150.1_50196]Ignore complete event,isRunning:false,isAbandon=false
15:54:13:817  INFO 25472 --- [SpringApplicationShutdownHook] c.a.n.c.remote.client.grpc.GrpcClient    : Shutdown grpc executor java.util.concurrent.ThreadPoolExecutor@837439b[Running, pool size = 13, active threads = 0, queued tasks = 0, completed tasks = 123]
15:54:13:846  INFO 25472 --- [SpringApplicationShutdownHook] com.zaxxer.hikari.HikariDataSource       : HikariPool-1 - Shutdown initiated...
15:54:13:954  INFO 25472 --- [SpringApplicationShutdownHook] com.zaxxer.hikari.HikariDataSource       : HikariPool-1 - Shutdown completed.
15:54:24:192  INFO 25296 --- [main] com.hmall.user.UserApplication           : Starting UserApplication using Java 11.0.31 on LAPTOP-16OT1L5F with PID 25296 (G:\hmall\backend\use-service\target\classes started by 18071 in G:\hmall\backend)
15:54:24:193 DEBUG 25296 --- [main] com.hmall.user.UserApplication           : Running with Spring Boot v2.7.12, Spring v5.3.27
15:54:24:193  INFO 25296 --- [main] com.hmall.user.UserApplication           : The following 1 profile is active: "dev"
15:54:25:515  INFO 25296 --- [main] o.s.cloud.context.scope.GenericScope     : BeanFactory id=1b240c66-5bce-3049-9061-cfac31c291bd
15:54:25:993  INFO 25296 --- [main] o.s.b.w.embedded.tomcat.TomcatWebServer  : Tomcat initialized with port(s): 8084 (http)
15:54:26:012  INFO 25296 --- [main] o.apache.catalina.core.StandardService   : Starting service [Tomcat]
15:54:26:013  INFO 25296 --- [main] org.apache.catalina.core.StandardEngine  : Starting Servlet engine: [Apache Tomcat/9.0.75]
15:54:26:193  INFO 25296 --- [main] o.a.c.c.C.[Tomcat].[localhost].[/]       : Initializing Spring embedded WebApplicationContext
15:54:26:193  INFO 25296 --- [main] w.s.c.ServletWebServerApplicationContext : Root WebApplicationContext: initialization completed in 1933 ms
15:54:30:296  INFO 25296 --- [main] pertySourcedRequestMappingHandlerMapping : Mapped URL path [/v2/api-docs] onto method [springfox.documentation.swagger2.web.Swagger2ControllerWebMvc#getDocumentation(String, HttpServletRequest)]
15:54:31:822  INFO 25296 --- [main] com.alibaba.nacos.common.remote.client   : [RpcClientFactory] create a new rpc client of 909beaf7-0734-42d6-a316-eba3c936e95d
15:54:31:874  INFO 25296 --- [main] org.reflections.Reflections              : Reflections took 26 ms to scan 1 urls, producing 3 keys and 6 values 
15:54:31:904  INFO 25296 --- [main] org.reflections.Reflections              : Reflections took 10 ms to scan 1 urls, producing 4 keys and 9 values 
15:54:31:917  INFO 25296 --- [main] org.reflections.Reflections              : Reflections took 8 ms to scan 1 urls, producing 3 keys and 10 values 
15:54:31:921  WARN 25296 --- [main] org.reflections.Reflections              : given scan urls are empty. set urls in the configuration
15:54:31:929  INFO 25296 --- [main] org.reflections.Reflections              : Reflections took 8 ms to scan 1 urls, producing 1 keys and 5 values 
15:54:31:942  INFO 25296 --- [main] org.reflections.Reflections              : Reflections took 9 ms to scan 1 urls, producing 1 keys and 7 values 
15:54:31:954  INFO 25296 --- [main] org.reflections.Reflections              : Reflections took 8 ms to scan 1 urls, producing 2 keys and 8 values 
15:54:31:957  WARN 25296 --- [main] org.reflections.Reflections              : given scan urls are empty. set urls in the configuration
15:54:31:958  INFO 25296 --- [main] com.alibaba.nacos.common.remote.client   : [909beaf7-0734-42d6-a316-eba3c936e95d] RpcClient init label, labels = {module=naming, source=sdk}
15:54:31:960  INFO 25296 --- [main] com.alibaba.nacos.common.remote.client   : [909beaf7-0734-42d6-a316-eba3c936e95d] RpcClient init, ServerListFactory = com.alibaba.nacos.client.naming.core.ServerListManager
15:54:31:960  INFO 25296 --- [main] com.alibaba.nacos.common.remote.client   : [909beaf7-0734-42d6-a316-eba3c936e95d] Registry connection listener to current client:com.alibaba.nacos.client.naming.remote.gprc.redo.NamingGrpcRedoService
15:54:31:961  INFO 25296 --- [main] com.alibaba.nacos.common.remote.client   : [909beaf7-0734-42d6-a316-eba3c936e95d] Register server push request handler:com.alibaba.nacos.client.naming.remote.gprc.NamingPushRequestHandler
15:54:31:963  INFO 25296 --- [main] com.alibaba.nacos.common.remote.client   : [909beaf7-0734-42d6-a316-eba3c936e95d] Try to connect to server on start up, server: {serverIp = '192.168.150.102', server main port = 8848}
15:54:35:753  INFO 25296 --- [main] com.alibaba.nacos.common.remote.client   : [909beaf7-0734-42d6-a316-eba3c936e95d] Success to connect to server [192.168.150.102:8848] on start up, connectionId = 1777017274632_192.168.150.1_50355
15:54:35:754  INFO 25296 --- [com.alibaba.nacos.client.remote.worker] com.alibaba.nacos.common.remote.client   : [909beaf7-0734-42d6-a316-eba3c936e95d] Notify connected event to listeners.
15:54:35:755  INFO 25296 --- [main] com.alibaba.nacos.common.remote.client   : [909beaf7-0734-42d6-a316-eba3c936e95d] Register server push request handler:com.alibaba.nacos.common.remote.client.RpcClient$ConnectResetRequestHandler
15:54:35:755  INFO 25296 --- [main] com.alibaba.nacos.common.remote.client   : [909beaf7-0734-42d6-a316-eba3c936e95d] Register server push request handler:com.alibaba.nacos.common.remote.client.RpcClient$$Lambda$954/0x0000000800712040
15:54:35:829  INFO 25296 --- [main] o.s.b.w.embedded.tomcat.TomcatWebServer  : Tomcat started on port(s): 8084 (http) with context path ''
15:54:35:842  INFO 25296 --- [main] c.a.c.n.registry.NacosServiceRegistry    : nacos registry, DEFAULT_GROUP user-service 192.168.220.1:8084 register finished
15:54:36:369  INFO 25296 --- [nacos-grpc-client-executor-9] com.alibaba.nacos.common.remote.client   : [909beaf7-0734-42d6-a316-eba3c936e95d] Receive server push request, request = NotifySubscriberRequest, requestId = 58
15:54:36:385  INFO 25296 --- [nacos-grpc-client-executor-9] com.alibaba.nacos.common.remote.client   : [909beaf7-0734-42d6-a316-eba3c936e95d] Ack server push request, request = NotifySubscriberRequest, requestId = 58
15:54:36:681  INFO 25296 --- [main] d.s.w.p.DocumentationPluginsBootstrapper : Documentation plugins bootstrapped
15:54:36:686  INFO 25296 --- [main] d.s.w.p.DocumentationPluginsBootstrapper : Found 1 custom documentation plugin(s)
15:54:36:714  INFO 25296 --- [main] s.d.s.w.s.ApiListingReferenceScanner     : Scanning for api listing references
15:54:36:848  INFO 25296 --- [main] com.hmall.user.UserApplication           : Started UserApplication in 14.193 seconds (JVM running for 15.671)
15:56:10:240  WARN 25296 --- [Thread-4] c.a.nacos.common.notify.NotifyCenter     : [NotifyCenter] Start destroying Publisher
15:56:10:240  WARN 25296 --- [Thread-7] c.a.n.common.http.HttpClientBeanHolder   : [HttpClientBeanHolder] Start destroying common HttpClient
15:56:10:272  WARN 25296 --- [Thread-7] c.a.n.common.http.HttpClientBeanHolder   : [HttpClientBeanHolder] Destruction of the end
15:56:10:272  WARN 25296 --- [Thread-4] c.a.nacos.common.notify.NotifyCenter     : [NotifyCenter] Destruction of the end
15:56:11:356  INFO 25296 --- [SpringApplicationShutdownHook] c.a.c.n.registry.NacosServiceRegistry    : De-registering from Nacos Server now...
15:56:11:361  INFO 25296 --- [SpringApplicationShutdownHook] c.a.c.n.registry.NacosServiceRegistry    : De-registration finished.
15:56:11:698  INFO 25296 --- [SpringApplicationShutdownHook] com.alibaba.nacos.common.remote.client   : Shutdown rpc client, set status to shutdown
15:56:11:699  INFO 25296 --- [SpringApplicationShutdownHook] com.alibaba.nacos.common.remote.client   : Shutdown client event executor java.util.concurrent.ScheduledThreadPoolExecutor@c36d61d[Running, pool size = 2, active threads = 2, queued tasks = 0, completed tasks = 0]
15:56:11:699  INFO 25296 --- [SpringApplicationShutdownHook] com.alibaba.nacos.common.remote.client   : Close current connection 1777017274632_192.168.150.1_50355
15:56:11:704  INFO 25296 --- [nacos-grpc-client-executor-35] c.a.n.c.remote.client.grpc.GrpcClient    : [1777017274632_192.168.150.1_50355]Ignore complete event,isRunning:false,isAbandon=false
15:56:11:718  INFO 25296 --- [SpringApplicationShutdownHook] c.a.n.c.remote.client.grpc.GrpcClient    : Shutdown grpc executor java.util.concurrent.ThreadPoolExecutor@7878e6d7[Running, pool size = 5, active threads = 0, queued tasks = 0, completed tasks = 36]
15:57:10:489  INFO 14492 --- [main] com.hmall.user.UserApplication           : Starting UserApplication using Java 11.0.31 on LAPTOP-16OT1L5F with PID 14492 (G:\hmall\backend\use-service\target\classes started by 18071 in G:\hmall\backend)
15:57:10:491 DEBUG 14492 --- [main] com.hmall.user.UserApplication           : Running with Spring Boot v2.7.12, Spring v5.3.27
15:57:10:492  INFO 14492 --- [main] com.hmall.user.UserApplication           : The following 1 profile is active: "dev"
15:57:11:608  INFO 14492 --- [main] o.s.cloud.context.scope.GenericScope     : BeanFactory id=1b240c66-5bce-3049-9061-cfac31c291bd
15:57:11:958  INFO 14492 --- [main] o.s.b.w.embedded.tomcat.TomcatWebServer  : Tomcat initialized with port(s): 8084 (http)
15:57:11:970  INFO 14492 --- [main] o.apache.catalina.core.StandardService   : Starting service [Tomcat]
15:57:11:970  INFO 14492 --- [main] org.apache.catalina.core.StandardEngine  : Starting Servlet engine: [Apache Tomcat/9.0.75]
15:57:12:140  INFO 14492 --- [main] o.a.c.c.C.[Tomcat].[localhost].[/]       : Initializing Spring embedded WebApplicationContext
15:57:12:140  INFO 14492 --- [main] w.s.c.ServletWebServerApplicationContext : Root WebApplicationContext: initialization completed in 1605 ms
15:57:17:040  INFO 14492 --- [main] pertySourcedRequestMappingHandlerMapping : Mapped URL path [/v2/api-docs] onto method [springfox.documentation.swagger2.web.Swagger2ControllerWebMvc#getDocumentation(String, HttpServletRequest)]
15:57:18:346  INFO 14492 --- [main] com.alibaba.nacos.common.remote.client   : [RpcClientFactory] create a new rpc client of c6943873-78dc-4318-8a1b-10e3626d696c
15:57:18:399  INFO 14492 --- [main] org.reflections.Reflections              : Reflections took 27 ms to scan 1 urls, producing 3 keys and 6 values 
15:57:18:440  INFO 14492 --- [main] org.reflections.Reflections              : Reflections took 24 ms to scan 1 urls, producing 4 keys and 9 values 
15:57:18:455  INFO 14492 --- [main] org.reflections.Reflections              : Reflections took 11 ms to scan 1 urls, producing 3 keys and 10 values 
15:57:18:459  WARN 14492 --- [main] org.reflections.Reflections              : given scan urls are empty. set urls in the configuration
15:57:18:471  INFO 14492 --- [main] org.reflections.Reflections              : Reflections took 11 ms to scan 1 urls, producing 1 keys and 5 values 
15:57:18:484  INFO 14492 --- [main] org.reflections.Reflections              : Reflections took 10 ms to scan 1 urls, producing 1 keys and 7 values 
15:57:18:495  INFO 14492 --- [main] org.reflections.Reflections              : Reflections took 8 ms to scan 1 urls, producing 2 keys and 8 values 
15:57:18:499  WARN 14492 --- [main] org.reflections.Reflections              : given scan urls are empty. set urls in the configuration
15:57:18:500  INFO 14492 --- [main] com.alibaba.nacos.common.remote.client   : [c6943873-78dc-4318-8a1b-10e3626d696c] RpcClient init label, labels = {module=naming, source=sdk}
15:57:18:502  INFO 14492 --- [main] com.alibaba.nacos.common.remote.client   : [c6943873-78dc-4318-8a1b-10e3626d696c] RpcClient init, ServerListFactory = com.alibaba.nacos.client.naming.core.ServerListManager
15:57:18:502  INFO 14492 --- [main] com.alibaba.nacos.common.remote.client   : [c6943873-78dc-4318-8a1b-10e3626d696c] Registry connection listener to current client:com.alibaba.nacos.client.naming.remote.gprc.redo.NamingGrpcRedoService
15:57:18:503  INFO 14492 --- [main] com.alibaba.nacos.common.remote.client   : [c6943873-78dc-4318-8a1b-10e3626d696c] Register server push request handler:com.alibaba.nacos.client.naming.remote.gprc.NamingPushRequestHandler
15:57:18:505  INFO 14492 --- [main] com.alibaba.nacos.common.remote.client   : [c6943873-78dc-4318-8a1b-10e3626d696c] Try to connect to server on start up, server: {serverIp = '192.168.150.102', server main port = 8848}
15:57:22:360  INFO 14492 --- [main] com.alibaba.nacos.common.remote.client   : [c6943873-78dc-4318-8a1b-10e3626d696c] Success to connect to server [192.168.150.102:8848] on start up, connectionId = 1777017441249_192.168.150.1_50974
15:57:22:361  INFO 14492 --- [com.alibaba.nacos.client.remote.worker] com.alibaba.nacos.common.remote.client   : [c6943873-78dc-4318-8a1b-10e3626d696c] Notify connected event to listeners.
15:57:22:363  INFO 14492 --- [main] com.alibaba.nacos.common.remote.client   : [c6943873-78dc-4318-8a1b-10e3626d696c] Register server push request handler:com.alibaba.nacos.common.remote.client.RpcClient$ConnectResetRequestHandler
15:57:22:363  INFO 14492 --- [main] com.alibaba.nacos.common.remote.client   : [c6943873-78dc-4318-8a1b-10e3626d696c] Register server push request handler:com.alibaba.nacos.common.remote.client.RpcClient$$Lambda$955/0x0000000800713440
15:57:22:506  INFO 14492 --- [main] o.s.b.w.embedded.tomcat.TomcatWebServer  : Tomcat started on port(s): 8084 (http) with context path ''
15:57:22:578  INFO 14492 --- [main] c.a.c.n.registry.NacosServiceRegistry    : nacos registry, DEFAULT_GROUP user-service 192.168.220.1:8084 register finished
15:57:22:932  INFO 14492 --- [nacos-grpc-client-executor-7] com.alibaba.nacos.common.remote.client   : [c6943873-78dc-4318-8a1b-10e3626d696c] Receive server push request, request = NotifySubscriberRequest, requestId = 65
15:57:22:956  INFO 14492 --- [nacos-grpc-client-executor-7] com.alibaba.nacos.common.remote.client   : [c6943873-78dc-4318-8a1b-10e3626d696c] Ack server push request, request = NotifySubscriberRequest, requestId = 65
15:57:24:935  INFO 14492 --- [main] d.s.w.p.DocumentationPluginsBootstrapper : Documentation plugins bootstrapped
15:57:24:956  INFO 14492 --- [main] d.s.w.p.DocumentationPluginsBootstrapper : Found 1 custom documentation plugin(s)
15:57:25:010  INFO 14492 --- [main] s.d.s.w.s.ApiListingReferenceScanner     : Scanning for api listing references
15:57:25:210  INFO 14492 --- [main] com.hmall.user.UserApplication           : Started UserApplication in 16.03 seconds (JVM running for 17.233)
15:57:43:091  INFO 14492 --- [http-nio-8084-exec-1] o.a.c.c.C.[Tomcat].[localhost].[/]       : Initializing Spring DispatcherServlet 'dispatcherServlet'
15:57:43:092  INFO 14492 --- [http-nio-8084-exec-1] o.s.web.servlet.DispatcherServlet        : Initializing Servlet 'dispatcherServlet'
15:57:43:093  INFO 14492 --- [http-nio-8084-exec-1] o.s.web.servlet.DispatcherServlet        : Completed initialization in 1 ms
15:57:43:222  INFO 14492 --- [http-nio-8084-exec-1] com.zaxxer.hikari.HikariDataSource       : HikariPool-1 - Starting...
15:57:43:553  INFO 14492 --- [http-nio-8084-exec-1] com.zaxxer.hikari.HikariDataSource       : HikariPool-1 - Start completed.
15:57:43:559 DEBUG 14492 --- [http-nio-8084-exec-1] c.h.user.mapper.UserMapper.selectOne     : ==>  Preparing: SELECT id,username,password,phone,create_time,update_time,status,balance FROM user WHERE (username = ?)
15:57:43:582 DEBUG 14492 --- [http-nio-8084-exec-1] c.h.user.mapper.UserMapper.selectOne     : ==> Parameters: jack(String)
15:57:43:628 DEBUG 14492 --- [http-nio-8084-exec-1] c.h.user.mapper.UserMapper.selectOne     : <==      Total: 1
15:57:43:879 DEBUG 14492 --- [http-nio-8084-exec-9] c.h.u.mapper.AddressMapper.selectList    : ==>  Preparing: SELECT id,user_id,province,city,town,mobile,street,contact,is_default,notes FROM address WHERE (user_id = ?)
15:57:43:879 DEBUG 14492 --- [http-nio-8084-exec-9] c.h.u.mapper.AddressMapper.selectList    : ==> Parameters: 1(Long)
15:57:43:887 DEBUG 14492 --- [http-nio-8084-exec-9] c.h.u.mapper.AddressMapper.selectList    : <==      Total: 4
15:57:57:744  INFO 14492 --- [http-nio-8084-exec-8] c.h.user.service.impl.UserServiceImpl    : 开始扣款
15:57:57:746 DEBUG 14492 --- [http-nio-8084-exec-8] c.h.user.mapper.UserMapper.selectById    : ==>  Preparing: SELECT id,username,password,phone,create_time,update_time,status,balance FROM user WHERE id=?
15:57:57:746 DEBUG 14492 --- [http-nio-8084-exec-8] c.h.user.mapper.UserMapper.selectById    : ==> Parameters: 1(Long)
15:57:57:747 DEBUG 14492 --- [http-nio-8084-exec-8] c.h.user.mapper.UserMapper.selectById    : <==      Total: 1
15:57:57:820 DEBUG 14492 --- [http-nio-8084-exec-8] c.h.user.mapper.UserMapper.updateMoney   : ==>  Preparing: update user set balance = balance - 87900 where id = ?
15:57:57:820 DEBUG 14492 --- [http-nio-8084-exec-8] c.h.user.mapper.UserMapper.updateMoney   : ==> Parameters: 1(Long)
15:57:57:824 DEBUG 14492 --- [http-nio-8084-exec-8] c.h.user.mapper.UserMapper.updateMoney   : <==    Updates: 1
15:57:57:824  INFO 14492 --- [http-nio-8084-exec-8] c.h.user.service.impl.UserServiceImpl    : 扣款成功
15:58:33:969  INFO 14492 --- [http-nio-8084-exec-3] c.h.user.service.impl.UserServiceImpl    : 开始扣款
15:58:33:970 DEBUG 14492 --- [http-nio-8084-exec-3] c.h.user.mapper.UserMapper.selectById    : ==>  Preparing: SELECT id,username,password,phone,create_time,update_time,status,balance FROM user WHERE id=?
15:58:33:970 DEBUG 14492 --- [http-nio-8084-exec-3] c.h.user.mapper.UserMapper.selectById    : ==> Parameters: 1(Long)
15:58:33:971 DEBUG 14492 --- [http-nio-8084-exec-3] c.h.user.mapper.UserMapper.selectById    : <==      Total: 1
15:58:34:043 DEBUG 14492 --- [http-nio-8084-exec-3] c.h.user.mapper.UserMapper.updateMoney   : ==>  Preparing: update user set balance = balance - 87900 where id = ?
15:58:34:044 DEBUG 14492 --- [http-nio-8084-exec-3] c.h.user.mapper.UserMapper.updateMoney   : ==> Parameters: 1(Long)
15:58:34:051 DEBUG 14492 --- [http-nio-8084-exec-3] c.h.user.mapper.UserMapper.updateMoney   : <==    Updates: 1
15:58:34:051  INFO 14492 --- [http-nio-8084-exec-3] c.h.user.service.impl.UserServiceImpl    : 扣款成功
15:58:37:557  WARN 14492 --- [Thread-7] c.a.n.common.http.HttpClientBeanHolder   : [HttpClientBeanHolder] Start destroying common HttpClient
15:58:37:557  WARN 14492 --- [Thread-4] c.a.nacos.common.notify.NotifyCenter     : [NotifyCenter] Start destroying Publisher
15:58:37:558  WARN 14492 --- [Thread-4] c.a.nacos.common.notify.NotifyCenter     : [NotifyCenter] Destruction of the end
15:58:37:559  WARN 14492 --- [Thread-7] c.a.n.common.http.HttpClientBeanHolder   : [HttpClientBeanHolder] Destruction of the end
15:58:38:535  INFO 14492 --- [SpringApplicationShutdownHook] c.a.c.n.registry.NacosServiceRegistry    : De-registering from Nacos Server now...
15:58:38:539  INFO 14492 --- [SpringApplicationShutdownHook] c.a.c.n.registry.NacosServiceRegistry    : De-registration finished.
15:58:38:870  INFO 14492 --- [SpringApplicationShutdownHook] com.alibaba.nacos.common.remote.client   : Shutdown rpc client, set status to shutdown
15:58:38:870  INFO 14492 --- [SpringApplicationShutdownHook] com.alibaba.nacos.common.remote.client   : Shutdown client event executor java.util.concurrent.ScheduledThreadPoolExecutor@509c9179[Running, pool size = 2, active threads = 2, queued tasks = 0, completed tasks = 0]
15:58:38:870  INFO 14492 --- [SpringApplicationShutdownHook] com.alibaba.nacos.common.remote.client   : Close current connection 1777017441249_192.168.150.1_50974
15:58:38:872  INFO 14492 --- [nacos-grpc-client-executor-27] c.a.n.c.remote.client.grpc.GrpcClient    : [1777017441249_192.168.150.1_50974]Ignore complete event,isRunning:false,isAbandon=false
15:58:38:881  INFO 14492 --- [SpringApplicationShutdownHook] c.a.n.c.remote.client.grpc.GrpcClient    : Shutdown grpc executor java.util.concurrent.ThreadPoolExecutor@2878978b[Running, pool size = 4, active threads = 0, queued tasks = 0, completed tasks = 28]
15:58:38:889  INFO 14492 --- [SpringApplicationShutdownHook] com.zaxxer.hikari.HikariDataSource       : HikariPool-1 - Shutdown initiated...
15:58:38:900  INFO 14492 --- [SpringApplicationShutdownHook] com.zaxxer.hikari.HikariDataSource       : HikariPool-1 - Shutdown completed.
15:58:46:484  INFO 12708 --- [main] com.hmall.user.UserApplication           : Starting UserApplication using Java 11.0.31 on LAPTOP-16OT1L5F with PID 12708 (G:\hmall\backend\use-service\target\classes started by 18071 in G:\hmall\backend)
15:58:46:485 DEBUG 12708 --- [main] com.hmall.user.UserApplication           : Running with Spring Boot v2.7.12, Spring v5.3.27
15:58:46:485  INFO 12708 --- [main] com.hmall.user.UserApplication           : The following 1 profile is active: "dev"
15:58:47:708  INFO 12708 --- [main] o.s.cloud.context.scope.GenericScope     : BeanFactory id=1b240c66-5bce-3049-9061-cfac31c291bd
15:58:48:140  INFO 12708 --- [main] o.s.b.w.embedded.tomcat.TomcatWebServer  : Tomcat initialized with port(s): 8084 (http)
15:58:48:164  INFO 12708 --- [main] o.apache.catalina.core.StandardService   : Starting service [Tomcat]
15:58:48:165  INFO 12708 --- [main] org.apache.catalina.core.StandardEngine  : Starting Servlet engine: [Apache Tomcat/9.0.75]
15:58:48:399  INFO 12708 --- [main] o.a.c.c.C.[Tomcat].[localhost].[/]       : Initializing Spring embedded WebApplicationContext
15:58:48:399  INFO 12708 --- [main] w.s.c.ServletWebServerApplicationContext : Root WebApplicationContext: initialization completed in 1867 ms
15:58:54:031  INFO 12708 --- [main] pertySourcedRequestMappingHandlerMapping : Mapped URL path [/v2/api-docs] onto method [springfox.documentation.swagger2.web.Swagger2ControllerWebMvc#getDocumentation(String, HttpServletRequest)]
15:58:55:435  INFO 12708 --- [main] com.alibaba.nacos.common.remote.client   : [RpcClientFactory] create a new rpc client of e647aeb8-6238-4100-9fee-34e01659418b
15:58:55:486  INFO 12708 --- [main] org.reflections.Reflections              : Reflections took 26 ms to scan 1 urls, producing 3 keys and 6 values 
15:58:55:520  INFO 12708 --- [main] org.reflections.Reflections              : Reflections took 11 ms to scan 1 urls, producing 4 keys and 9 values 
15:58:55:532  INFO 12708 --- [main] org.reflections.Reflections              : Reflections took 7 ms to scan 1 urls, producing 3 keys and 10 values 
15:58:55:536  WARN 12708 --- [main] org.reflections.Reflections              : given scan urls are empty. set urls in the configuration
15:58:55:544  INFO 12708 --- [main] org.reflections.Reflections              : Reflections took 7 ms to scan 1 urls, producing 1 keys and 5 values 
15:58:55:556  INFO 12708 --- [main] org.reflections.Reflections              : Reflections took 9 ms to scan 1 urls, producing 1 keys and 7 values 
15:58:55:569  INFO 12708 --- [main] org.reflections.Reflections              : Reflections took 10 ms to scan 1 urls, producing 2 keys and 8 values 
15:58:55:573  WARN 12708 --- [main] org.reflections.Reflections              : given scan urls are empty. set urls in the configuration
15:58:55:574  INFO 12708 --- [main] com.alibaba.nacos.common.remote.client   : [e647aeb8-6238-4100-9fee-34e01659418b] RpcClient init label, labels = {module=naming, source=sdk}
15:58:55:577  INFO 12708 --- [main] com.alibaba.nacos.common.remote.client   : [e647aeb8-6238-4100-9fee-34e01659418b] RpcClient init, ServerListFactory = com.alibaba.nacos.client.naming.core.ServerListManager
15:58:55:577  INFO 12708 --- [main] com.alibaba.nacos.common.remote.client   : [e647aeb8-6238-4100-9fee-34e01659418b] Registry connection listener to current client:com.alibaba.nacos.client.naming.remote.gprc.redo.NamingGrpcRedoService
15:58:55:578  INFO 12708 --- [main] com.alibaba.nacos.common.remote.client   : [e647aeb8-6238-4100-9fee-34e01659418b] Register server push request handler:com.alibaba.nacos.client.naming.remote.gprc.NamingPushRequestHandler
15:58:55:580  INFO 12708 --- [main] com.alibaba.nacos.common.remote.client   : [e647aeb8-6238-4100-9fee-34e01659418b] Try to connect to server on start up, server: {serverIp = '192.168.150.102', server main port = 8848}
15:58:59:454  INFO 12708 --- [main] com.alibaba.nacos.common.remote.client   : [e647aeb8-6238-4100-9fee-34e01659418b] Success to connect to server [192.168.150.102:8848] on start up, connectionId = 1777017538350_192.168.150.1_51571
15:58:59:455  INFO 12708 --- [com.alibaba.nacos.client.remote.worker] com.alibaba.nacos.common.remote.client   : [e647aeb8-6238-4100-9fee-34e01659418b] Notify connected event to listeners.
15:58:59:456  INFO 12708 --- [main] com.alibaba.nacos.common.remote.client   : [e647aeb8-6238-4100-9fee-34e01659418b] Register server push request handler:com.alibaba.nacos.common.remote.client.RpcClient$ConnectResetRequestHandler
15:58:59:456  INFO 12708 --- [main] com.alibaba.nacos.common.remote.client   : [e647aeb8-6238-4100-9fee-34e01659418b] Register server push request handler:com.alibaba.nacos.common.remote.client.RpcClient$$Lambda$955/0x0000000800712440
15:58:59:532  INFO 12708 --- [main] o.s.b.w.embedded.tomcat.TomcatWebServer  : Tomcat started on port(s): 8084 (http) with context path ''
15:58:59:542  INFO 12708 --- [main] c.a.c.n.registry.NacosServiceRegistry    : nacos registry, DEFAULT_GROUP user-service 192.168.220.1:8084 register finished
15:59:00:056  INFO 12708 --- [nacos-grpc-client-executor-9] com.alibaba.nacos.common.remote.client   : [e647aeb8-6238-4100-9fee-34e01659418b] Receive server push request, request = NotifySubscriberRequest, requestId = 79
15:59:00:072  INFO 12708 --- [nacos-grpc-client-executor-9] com.alibaba.nacos.common.remote.client   : [e647aeb8-6238-4100-9fee-34e01659418b] Ack server push request, request = NotifySubscriberRequest, requestId = 79
15:59:00:765  INFO 12708 --- [main] d.s.w.p.DocumentationPluginsBootstrapper : Documentation plugins bootstrapped
15:59:00:769  INFO 12708 --- [main] d.s.w.p.DocumentationPluginsBootstrapper : Found 1 custom documentation plugin(s)
15:59:00:808  INFO 12708 --- [main] s.d.s.w.s.ApiListingReferenceScanner     : Scanning for api listing references
15:59:00:962  INFO 12708 --- [main] com.hmall.user.UserApplication           : Started UserApplication in 15.807 seconds (JVM running for 17.215)
15:59:52:206  INFO 12708 --- [http-nio-8084-exec-1] o.a.c.c.C.[Tomcat].[localhost].[/]       : Initializing Spring DispatcherServlet 'dispatcherServlet'
15:59:52:207  INFO 12708 --- [http-nio-8084-exec-1] o.s.web.servlet.DispatcherServlet        : Initializing Servlet 'dispatcherServlet'
15:59:52:217  INFO 12708 --- [http-nio-8084-exec-1] o.s.web.servlet.DispatcherServlet        : Completed initialization in 10 ms
16:00:02:664  INFO 12708 --- [http-nio-8084-exec-1] c.h.user.service.impl.UserServiceImpl    : 开始扣款
16:00:04:063  INFO 12708 --- [http-nio-8084-exec-1] com.zaxxer.hikari.HikariDataSource       : HikariPool-1 - Starting...
16:00:05:484  INFO 12708 --- [http-nio-8084-exec-1] com.zaxxer.hikari.HikariDataSource       : HikariPool-1 - Start completed.
16:00:05:567 DEBUG 12708 --- [http-nio-8084-exec-1] c.h.user.mapper.UserMapper.selectById    : ==>  Preparing: SELECT id,username,password,phone,create_time,update_time,status,balance FROM user WHERE id=?
16:00:05:786 DEBUG 12708 --- [http-nio-8084-exec-1] c.h.user.mapper.UserMapper.selectById    : ==> Parameters: 1(Long)
16:00:06:069 DEBUG 12708 --- [http-nio-8084-exec-1] c.h.user.mapper.UserMapper.selectById    : <==      Total: 1
16:00:40:079  INFO 12708 --- [nacos-grpc-client-executor-25] com.alibaba.nacos.common.remote.client   : [e647aeb8-6238-4100-9fee-34e01659418b] Receive server push request, request = ClientDetectionRequest, requestId = 87
16:00:40:080  INFO 12708 --- [nacos-grpc-client-executor-25] com.alibaba.nacos.common.remote.client   : [e647aeb8-6238-4100-9fee-34e01659418b] Ack server push request, request = ClientDetectionRequest, requestId = 87
16:00:40:084 ERROR 12708 --- [nacos-grpc-client-executor-25] c.a.n.c.remote.client.grpc.GrpcClient    : [1777017538350_192.168.150.1_51571]Request stream onCompleted, switch server
16:00:40:088  INFO 12708 --- [com.alibaba.nacos.client.remote.worker] com.alibaba.nacos.common.remote.client   : [e647aeb8-6238-4100-9fee-34e01659418b] Server healthy check fail, currentConnection = 1777017538350_192.168.150.1_51571
16:00:40:088  INFO 12708 --- [com.alibaba.nacos.client.remote.worker] com.alibaba.nacos.common.remote.client   : [e647aeb8-6238-4100-9fee-34e01659418b] Try to reconnect to a new server, server is  not appointed, will choose a random server.
16:00:40:215  INFO 12708 --- [com.alibaba.nacos.client.remote.worker] com.alibaba.nacos.common.remote.client   : [e647aeb8-6238-4100-9fee-34e01659418b] Success to connect a server [192.168.150.102:8848], connectionId = 1777017639209_192.168.150.1_51864
16:00:40:215  INFO 12708 --- [com.alibaba.nacos.client.remote.worker] com.alibaba.nacos.common.remote.client   : [e647aeb8-6238-4100-9fee-34e01659418b] Abandon prev connection, server is 192.168.150.102:8848, connectionId is 1777017538350_192.168.150.1_51571
16:00:40:215  INFO 12708 --- [com.alibaba.nacos.client.remote.worker] com.alibaba.nacos.common.remote.client   : Close current connection 1777017538350_192.168.150.1_51571
16:00:40:220  INFO 12708 --- [com.alibaba.nacos.client.remote.worker] com.alibaba.nacos.common.remote.client   : [e647aeb8-6238-4100-9fee-34e01659418b] Try to reconnect to a new server, server is  not appointed, will choose a random server.
16:00:40:220  INFO 12708 --- [com.alibaba.nacos.client.remote.worker] com.alibaba.nacos.common.remote.client   : [e647aeb8-6238-4100-9fee-34e01659418b] Notify disconnected event to listeners
16:00:40:221  INFO 12708 --- [com.alibaba.nacos.client.remote.worker] com.alibaba.nacos.common.remote.client   : [e647aeb8-6238-4100-9fee-34e01659418b] Notify connected event to listeners.
16:00:40:354  INFO 12708 --- [com.alibaba.nacos.client.remote.worker] com.alibaba.nacos.common.remote.client   : [e647aeb8-6238-4100-9fee-34e01659418b] Success to connect a server [192.168.150.102:8848], connectionId = 1777017639347_192.168.150.1_51865
16:00:40:354  INFO 12708 --- [com.alibaba.nacos.client.remote.worker] com.alibaba.nacos.common.remote.client   : [e647aeb8-6238-4100-9fee-34e01659418b] Abandon prev connection, server is 192.168.150.102:8848, connectionId is 1777017639209_192.168.150.1_51864
16:00:40:354  INFO 12708 --- [com.alibaba.nacos.client.remote.worker] com.alibaba.nacos.common.remote.client   : Close current connection 1777017639209_192.168.150.1_51864
16:00:40:357  INFO 12708 --- [com.alibaba.nacos.client.remote.worker] com.alibaba.nacos.common.remote.client   : [e647aeb8-6238-4100-9fee-34e01659418b] Notify disconnected event to listeners
16:00:40:357  INFO 12708 --- [com.alibaba.nacos.client.remote.worker] com.alibaba.nacos.common.remote.client   : [e647aeb8-6238-4100-9fee-34e01659418b] Notify connected event to listeners.
16:00:40:357  INFO 12708 --- [nacos-grpc-client-executor-33] c.a.n.c.remote.client.grpc.GrpcClient    : [1777017639209_192.168.150.1_51864]Ignore complete event,isRunning:true,isAbandon=true
16:16:00:386  WARN 12708 --- [HikariPool-1 housekeeper] com.zaxxer.hikari.pool.HikariPool        : HikariPool-1 - Thread starvation or clock leap detected (housekeeper delta=15m20s272ms520µs).
16:16:00:464  INFO 12708 --- [com.alibaba.nacos.client.remote.worker] com.alibaba.nacos.common.remote.client   : [e647aeb8-6238-4100-9fee-34e01659418b] Server healthy check fail, currentConnection = 1777017639347_192.168.150.1_51865
16:16:00:471  INFO 12708 --- [com.alibaba.nacos.client.remote.worker] com.alibaba.nacos.common.remote.client   : [e647aeb8-6238-4100-9fee-34e01659418b] Try to reconnect to a new server, server is  not appointed, will choose a random server.
16:16:00:474  WARN 12708 --- [Thread-7] c.a.n.common.http.HttpClientBeanHolder   : [HttpClientBeanHolder] Start destroying common HttpClient
16:16:00:465 ERROR 12708 --- [com.alibaba.nacos.client.naming.updater.1] com.alibaba.nacos.common.remote.client   : Send request fail, request = ServiceQueryRequest{headers={}, requestId='null'}, retryTimes = 0, errorMessage = java.util.concurrent.ExecutionException: com.alibaba.nacos.shaded.io.grpc.StatusRuntimeException: UNAVAILABLE: HTTP/2 error code: NO_ERROR
Received Goaway
app_requested
16:16:00:482  WARN 12708 --- [Thread-4] c.a.nacos.common.notify.NotifyCenter     : [NotifyCenter] Start destroying Publisher
16:16:00:482  INFO 12708 --- [nacos-grpc-client-executor-34] com.alibaba.nacos.common.remote.client   : [e647aeb8-6238-4100-9fee-34e01659418b] Receive server push request, request = ClientDetectionRequest, requestId = 89
16:16:00:482  INFO 12708 --- [nacos-grpc-client-executor-34] com.alibaba.nacos.common.remote.client   : [e647aeb8-6238-4100-9fee-34e01659418b] Ack server push request, request = ClientDetectionRequest, requestId = 89
16:16:00:484  WARN 12708 --- [Thread-4] c.a.nacos.common.notify.NotifyCenter     : [NotifyCenter] Destruction of the end
16:16:00:489  WARN 12708 --- [Thread-7] c.a.n.common.http.HttpClientBeanHolder   : [HttpClientBeanHolder] Destruction of the end
16:16:00:499  INFO 12708 --- [nacos-grpc-client-executor-34] c.a.n.c.remote.client.grpc.GrpcClient    : [1777017639347_192.168.150.1_51865]Ignore complete event,isRunning:false,isAbandon=false
16:16:00:590 ERROR 12708 --- [com.alibaba.nacos.client.naming.updater.1] com.alibaba.nacos.common.remote.client   : Send request fail, request = ServiceQueryRequest{headers={}, requestId='null'}, retryTimes = 1, errorMessage = Client not connected, current status:UNHEALTHY
16:16:00:667 ERROR 12708 --- [com.alibaba.nacos.client.naming.grpc.redo.0] com.alibaba.nacos.common.remote.client   : Send request fail, request = InstanceRequest{headers={}, requestId='null'}, retryTimes = 0, errorMessage = Connection is unregistered.
16:16:00:667  INFO 12708 --- [com.alibaba.nacos.client.remote.worker] com.alibaba.nacos.common.remote.client   : [e647aeb8-6238-4100-9fee-34e01659418b] Success to connect a server [192.168.150.102:8848], connectionId = 1777018559619_192.168.150.1_53191
16:16:00:668  INFO 12708 --- [com.alibaba.nacos.client.remote.worker] com.alibaba.nacos.common.remote.client   : [e647aeb8-6238-4100-9fee-34e01659418b] Abandon prev connection, server is 192.168.150.102:8848, connectionId is 1777017639347_192.168.150.1_51865
16:16:00:668  INFO 12708 --- [com.alibaba.nacos.client.remote.worker] com.alibaba.nacos.common.remote.client   : Close current connection 1777017639347_192.168.150.1_51865
16:16:00:669  INFO 12708 --- [com.alibaba.nacos.client.remote.worker] com.alibaba.nacos.common.remote.client   : [e647aeb8-6238-4100-9fee-34e01659418b] Notify disconnected event to listeners
16:16:00:669  INFO 12708 --- [com.alibaba.nacos.client.remote.worker] com.alibaba.nacos.common.remote.client   : [e647aeb8-6238-4100-9fee-34e01659418b] Notify connected event to listeners.
16:16:00:698 ERROR 12708 --- [com.alibaba.nacos.client.naming.updater.1] com.alibaba.nacos.common.remote.client   : Send request fail, request = ServiceQueryRequest{headers={}, requestId='null'}, retryTimes = 2, errorMessage = Client not connected, current status:UNHEALTHY
16:16:00:702  INFO 12708 --- [com.alibaba.nacos.client.remote.worker] com.alibaba.nacos.common.remote.client   : [e647aeb8-6238-4100-9fee-34e01659418b] Server check success, currentServer is 192.168.150.102:8848 
16:16:00:768 DEBUG 12708 --- [http-nio-8084-exec-1] c.h.user.mapper.UserMapper.updateMoney   : ==>  Preparing: update user set balance = balance - 87900 where id = ?
16:16:00:775 DEBUG 12708 --- [http-nio-8084-exec-1] c.h.user.mapper.UserMapper.updateMoney   : ==> Parameters: 1(Long)
16:16:00:776 ERROR 12708 --- [com.alibaba.nacos.client.naming.grpc.redo.0] com.alibaba.nacos.common.remote.client   : Send request fail, request = InstanceRequest{headers={}, requestId='null'}, retryTimes = 1, errorMessage = Client not connected, current status:UNHEALTHY
16:16:00:814 DEBUG 12708 --- [http-nio-8084-exec-1] c.h.user.mapper.UserMapper.updateMoney   : <==    Updates: 1
16:16:00:815  INFO 12708 --- [http-nio-8084-exec-1] c.h.user.service.impl.UserServiceImpl    : 扣款成功
16:16:01:338  INFO 12708 --- [nacos-grpc-client-executor-46] com.alibaba.nacos.common.remote.client   : [e647aeb8-6238-4100-9fee-34e01659418b] Receive server push request, request = NotifySubscriberRequest, requestId = 96
16:16:01:339  INFO 12708 --- [nacos-grpc-client-executor-46] com.alibaba.nacos.common.remote.client   : [e647aeb8-6238-4100-9fee-34e01659418b] Ack server push request, request = NotifySubscriberRequest, requestId = 96
16:16:01:482  INFO 12708 --- [SpringApplicationShutdownHook] c.a.c.n.registry.NacosServiceRegistry    : De-registering from Nacos Server now...
16:16:01:487  INFO 12708 --- [SpringApplicationShutdownHook] c.a.c.n.registry.NacosServiceRegistry    : De-registration finished.
16:16:01:825  INFO 12708 --- [SpringApplicationShutdownHook] com.alibaba.nacos.common.remote.client   : Shutdown rpc client, set status to shutdown
16:16:01:827  INFO 12708 --- [SpringApplicationShutdownHook] com.alibaba.nacos.common.remote.client   : Shutdown client event executor java.util.concurrent.ScheduledThreadPoolExecutor@7ab84e90[Running, pool size = 2, active threads = 2, queued tasks = 0, completed tasks = 0]
16:16:01:827  INFO 12708 --- [SpringApplicationShutdownHook] com.alibaba.nacos.common.remote.client   : Close current connection 1777018559619_192.168.150.1_53191
16:16:01:829  INFO 12708 --- [nacos-grpc-client-executor-49] c.a.n.c.remote.client.grpc.GrpcClient    : [1777018559619_192.168.150.1_53191]Ignore complete event,isRunning:false,isAbandon=false
16:16:01:837  INFO 12708 --- [SpringApplicationShutdownHook] c.a.n.c.remote.client.grpc.GrpcClient    : Shutdown grpc executor java.util.concurrent.ThreadPoolExecutor@626663fb[Running, pool size = 16, active threads = 0, queued tasks = 0, completed tasks = 50]
16:16:01:865  INFO 12708 --- [SpringApplicationShutdownHook] com.zaxxer.hikari.HikariDataSource       : HikariPool-1 - Shutdown initiated...
16:16:01:953  INFO 12708 --- [SpringApplicationShutdownHook] com.zaxxer.hikari.HikariDataSource       : HikariPool-1 - Shutdown completed.
16:16:13:399  INFO 20028 --- [main] com.hmall.user.UserApplication           : Starting UserApplication using Java 11.0.31 on LAPTOP-16OT1L5F with PID 20028 (G:\hmall\backend\use-service\target\classes started by 18071 in G:\hmall\backend)
16:16:13:400 DEBUG 20028 --- [main] com.hmall.user.UserApplication           : Running with Spring Boot v2.7.12, Spring v5.3.27
16:16:13:401  INFO 20028 --- [main] com.hmall.user.UserApplication           : The following 1 profile is active: "dev"
16:16:14:784  INFO 20028 --- [main] o.s.cloud.context.scope.GenericScope     : BeanFactory id=1b240c66-5bce-3049-9061-cfac31c291bd
16:16:15:240  INFO 20028 --- [main] o.s.b.w.embedded.tomcat.TomcatWebServer  : Tomcat initialized with port(s): 8084 (http)
16:16:15:260  INFO 20028 --- [main] o.apache.catalina.core.StandardService   : Starting service [Tomcat]
16:16:15:261  INFO 20028 --- [main] org.apache.catalina.core.StandardEngine  : Starting Servlet engine: [Apache Tomcat/9.0.75]
16:16:15:509  INFO 20028 --- [main] o.a.c.c.C.[Tomcat].[localhost].[/]       : Initializing Spring embedded WebApplicationContext
16:16:15:509  INFO 20028 --- [main] w.s.c.ServletWebServerApplicationContext : Root WebApplicationContext: initialization completed in 2044 ms
16:16:21:646  INFO 20028 --- [main] pertySourcedRequestMappingHandlerMapping : Mapped URL path [/v2/api-docs] onto method [springfox.documentation.swagger2.web.Swagger2ControllerWebMvc#getDocumentation(String, HttpServletRequest)]
16:16:23:186  INFO 20028 --- [main] com.alibaba.nacos.common.remote.client   : [RpcClientFactory] create a new rpc client of 04330435-1a80-41f2-926b-87543208c8a6
16:16:23:244  INFO 20028 --- [main] org.reflections.Reflections              : Reflections took 29 ms to scan 1 urls, producing 3 keys and 6 values 
16:16:23:285  INFO 20028 --- [main] org.reflections.Reflections              : Reflections took 15 ms to scan 1 urls, producing 4 keys and 9 values 
16:16:23:303  INFO 20028 --- [main] org.reflections.Reflections              : Reflections took 13 ms to scan 1 urls, producing 3 keys and 10 values 
16:16:23:310  WARN 20028 --- [main] org.reflections.Reflections              : given scan urls are empty. set urls in the configuration
16:16:23:325  INFO 20028 --- [main] org.reflections.Reflections              : Reflections took 12 ms to scan 1 urls, producing 1 keys and 5 values 
16:16:23:342  INFO 20028 --- [main] org.reflections.Reflections              : Reflections took 13 ms to scan 1 urls, producing 1 keys and 7 values 
16:16:23:360  INFO 20028 --- [main] org.reflections.Reflections              : Reflections took 12 ms to scan 1 urls, producing 2 keys and 8 values 
16:16:23:364  WARN 20028 --- [main] org.reflections.Reflections              : given scan urls are empty. set urls in the configuration
16:16:23:366  INFO 20028 --- [main] com.alibaba.nacos.common.remote.client   : [04330435-1a80-41f2-926b-87543208c8a6] RpcClient init label, labels = {module=naming, source=sdk}
16:16:23:369  INFO 20028 --- [main] com.alibaba.nacos.common.remote.client   : [04330435-1a80-41f2-926b-87543208c8a6] RpcClient init, ServerListFactory = com.alibaba.nacos.client.naming.core.ServerListManager
16:16:23:369  INFO 20028 --- [main] com.alibaba.nacos.common.remote.client   : [04330435-1a80-41f2-926b-87543208c8a6] Registry connection listener to current client:com.alibaba.nacos.client.naming.remote.gprc.redo.NamingGrpcRedoService
16:16:23:371  INFO 20028 --- [main] com.alibaba.nacos.common.remote.client   : [04330435-1a80-41f2-926b-87543208c8a6] Register server push request handler:com.alibaba.nacos.client.naming.remote.gprc.NamingPushRequestHandler
16:16:23:374  INFO 20028 --- [main] com.alibaba.nacos.common.remote.client   : [04330435-1a80-41f2-926b-87543208c8a6] Try to connect to server on start up, server: {serverIp = '192.168.150.102', server main port = 8848}
16:16:27:409  INFO 20028 --- [main] com.alibaba.nacos.common.remote.client   : [04330435-1a80-41f2-926b-87543208c8a6] Success to connect to server [192.168.150.102:8848] on start up, connectionId = 1777018586239_192.168.150.1_53463
16:16:27:410  INFO 20028 --- [com.alibaba.nacos.client.remote.worker] com.alibaba.nacos.common.remote.client   : [04330435-1a80-41f2-926b-87543208c8a6] Notify connected event to listeners.
16:16:27:412  INFO 20028 --- [main] com.alibaba.nacos.common.remote.client   : [04330435-1a80-41f2-926b-87543208c8a6] Register server push request handler:com.alibaba.nacos.common.remote.client.RpcClient$ConnectResetRequestHandler
16:16:27:412  INFO 20028 --- [main] com.alibaba.nacos.common.remote.client   : [04330435-1a80-41f2-926b-87543208c8a6] Register server push request handler:com.alibaba.nacos.common.remote.client.RpcClient$$Lambda$955/0x0000000800712440
16:16:27:499  INFO 20028 --- [main] o.s.b.w.embedded.tomcat.TomcatWebServer  : Tomcat started on port(s): 8084 (http) with context path ''
16:16:27:511  INFO 20028 --- [main] c.a.c.n.registry.NacosServiceRegistry    : nacos registry, DEFAULT_GROUP user-service 192.168.220.1:8084 register finished
16:16:27:992  INFO 20028 --- [nacos-grpc-client-executor-8] com.alibaba.nacos.common.remote.client   : [04330435-1a80-41f2-926b-87543208c8a6] Receive server push request, request = NotifySubscriberRequest, requestId = 99
16:16:28:009  INFO 20028 --- [nacos-grpc-client-executor-8] com.alibaba.nacos.common.remote.client   : [04330435-1a80-41f2-926b-87543208c8a6] Ack server push request, request = NotifySubscriberRequest, requestId = 99
16:16:28:529  INFO 20028 --- [main] d.s.w.p.DocumentationPluginsBootstrapper : Documentation plugins bootstrapped
16:16:28:532  INFO 20028 --- [main] d.s.w.p.DocumentationPluginsBootstrapper : Found 1 custom documentation plugin(s)
16:16:28:553  INFO 20028 --- [main] s.d.s.w.s.ApiListingReferenceScanner     : Scanning for api listing references
16:16:28:674  INFO 20028 --- [main] com.hmall.user.UserApplication           : Started UserApplication in 16.926 seconds (JVM running for 18.452)
16:17:21:826  INFO 20028 --- [http-nio-8084-exec-2] o.a.c.c.C.[Tomcat].[localhost].[/]       : Initializing Spring DispatcherServlet 'dispatcherServlet'
16:17:21:827  INFO 20028 --- [http-nio-8084-exec-2] o.s.web.servlet.DispatcherServlet        : Initializing Servlet 'dispatcherServlet'
16:17:21:838  INFO 20028 --- [http-nio-8084-exec-2] o.s.web.servlet.DispatcherServlet        : Completed initialization in 10 ms
16:17:22:063  INFO 20028 --- [http-nio-8084-exec-2] com.zaxxer.hikari.HikariDataSource       : HikariPool-1 - Starting...
16:17:22:379  INFO 20028 --- [http-nio-8084-exec-2] com.zaxxer.hikari.HikariDataSource       : HikariPool-1 - Start completed.
16:17:22:386 DEBUG 20028 --- [http-nio-8084-exec-2] c.h.user.mapper.UserMapper.selectOne     : ==>  Preparing: SELECT id,username,password,phone,create_time,update_time,status,balance FROM user WHERE (username = ?)
16:17:22:406 DEBUG 20028 --- [http-nio-8084-exec-2] c.h.user.mapper.UserMapper.selectOne     : ==> Parameters: jack(String)
16:17:22:432 DEBUG 20028 --- [http-nio-8084-exec-2] c.h.user.mapper.UserMapper.selectOne     : <==      Total: 1
16:19:01:458  WARN 20028 --- [Thread-7] c.a.n.common.http.HttpClientBeanHolder   : [HttpClientBeanHolder] Start destroying common HttpClient
16:19:01:459  WARN 20028 --- [Thread-4] c.a.nacos.common.notify.NotifyCenter     : [NotifyCenter] Start destroying Publisher
16:19:01:459  WARN 20028 --- [Thread-4] c.a.nacos.common.notify.NotifyCenter     : [NotifyCenter] Destruction of the end
16:19:01:460  WARN 20028 --- [Thread-7] c.a.n.common.http.HttpClientBeanHolder   : [HttpClientBeanHolder] Destruction of the end
16:19:02:194  INFO 20028 --- [SpringApplicationShutdownHook] c.a.c.n.registry.NacosServiceRegistry    : De-registering from Nacos Server now...
16:19:02:197  INFO 20028 --- [SpringApplicationShutdownHook] c.a.c.n.registry.NacosServiceRegistry    : De-registration finished.
16:19:02:530  INFO 20028 --- [SpringApplicationShutdownHook] com.alibaba.nacos.common.remote.client   : Shutdown rpc client, set status to shutdown
16:19:02:530  INFO 20028 --- [SpringApplicationShutdownHook] com.alibaba.nacos.common.remote.client   : Shutdown client event executor java.util.concurrent.ScheduledThreadPoolExecutor@31455eb9[Running, pool size = 2, active threads = 2, queued tasks = 0, completed tasks = 0]
16:19:02:530  INFO 20028 --- [SpringApplicationShutdownHook] com.alibaba.nacos.common.remote.client   : Close current connection 1777018586239_192.168.150.1_53463
16:19:02:533  INFO 20028 --- [nacos-grpc-client-executor-42] c.a.n.c.remote.client.grpc.GrpcClient    : [1777018586239_192.168.150.1_53463]Ignore complete event,isRunning:false,isAbandon=false
16:19:02:540  INFO 20028 --- [SpringApplicationShutdownHook] c.a.n.c.remote.client.grpc.GrpcClient    : Shutdown grpc executor java.util.concurrent.ThreadPoolExecutor@71d8ae22[Running, pool size = 5, active threads = 0, queued tasks = 0, completed tasks = 43]
16:19:02:547  INFO 20028 --- [SpringApplicationShutdownHook] com.zaxxer.hikari.HikariDataSource       : HikariPool-1 - Shutdown initiated...
16:19:02:561  INFO 20028 --- [SpringApplicationShutdownHook] com.zaxxer.hikari.HikariDataSource       : HikariPool-1 - Shutdown completed.
19:22:14:576  INFO 10300 --- [main] com.hmall.user.UserApplication           : Starting UserApplication using Java 11.0.31 on LAPTOP-16OT1L5F with PID 10300 (G:\hmall\backend\use-service\target\classes started by 18071 in G:\hmall\backend)
19:22:14:586 DEBUG 10300 --- [main] com.hmall.user.UserApplication           : Running with Spring Boot v2.7.12, Spring v5.3.27
19:22:14:587  INFO 10300 --- [main] com.hmall.user.UserApplication           : The following 1 profile is active: "dev"
19:22:15:761  INFO 10300 --- [main] o.s.cloud.context.scope.GenericScope     : BeanFactory id=1b240c66-5bce-3049-9061-cfac31c291bd
19:22:16:070  INFO 10300 --- [main] o.s.b.w.embedded.tomcat.TomcatWebServer  : Tomcat initialized with port(s): 8084 (http)
19:22:16:079  INFO 10300 --- [main] o.apache.catalina.core.StandardService   : Starting service [Tomcat]
19:22:16:079  INFO 10300 --- [main] org.apache.catalina.core.StandardEngine  : Starting Servlet engine: [Apache Tomcat/9.0.75]
19:22:16:209  INFO 10300 --- [main] o.a.c.c.C.[Tomcat].[localhost].[/]       : Initializing Spring embedded WebApplicationContext
19:22:16:209  INFO 10300 --- [main] w.s.c.ServletWebServerApplicationContext : Root WebApplicationContext: initialization completed in 1568 ms
19:22:20:872  INFO 10300 --- [main] pertySourcedRequestMappingHandlerMapping : Mapped URL path [/v2/api-docs] onto method [springfox.documentation.swagger2.web.Swagger2ControllerWebMvc#getDocumentation(String, HttpServletRequest)]
19:22:22:280  INFO 10300 --- [main] com.alibaba.nacos.common.remote.client   : [RpcClientFactory] create a new rpc client of e8d99038-f9d2-497b-88f9-a93218ce89e0
19:22:22:346  INFO 10300 --- [main] org.reflections.Reflections              : Reflections took 36 ms to scan 1 urls, producing 3 keys and 6 values 
19:22:22:393  INFO 10300 --- [main] org.reflections.Reflections              : Reflections took 25 ms to scan 1 urls, producing 4 keys and 9 values 
19:22:22:409  INFO 10300 --- [main] org.reflections.Reflections              : Reflections took 12 ms to scan 1 urls, producing 3 keys and 10 values 
19:22:22:415  WARN 10300 --- [main] org.reflections.Reflections              : given scan urls are empty. set urls in the configuration
19:22:22:425  INFO 10300 --- [main] org.reflections.Reflections              : Reflections took 9 ms to scan 1 urls, producing 1 keys and 5 values 
19:22:22:439  INFO 10300 --- [main] org.reflections.Reflections              : Reflections took 11 ms to scan 1 urls, producing 1 keys and 7 values 
19:22:22:454  INFO 10300 --- [main] org.reflections.Reflections              : Reflections took 11 ms to scan 1 urls, producing 2 keys and 8 values 
19:22:22:458  WARN 10300 --- [main] org.reflections.Reflections              : given scan urls are empty. set urls in the configuration
19:22:22:459  INFO 10300 --- [main] com.alibaba.nacos.common.remote.client   : [e8d99038-f9d2-497b-88f9-a93218ce89e0] RpcClient init label, labels = {module=naming, source=sdk}
19:22:22:462  INFO 10300 --- [main] com.alibaba.nacos.common.remote.client   : [e8d99038-f9d2-497b-88f9-a93218ce89e0] RpcClient init, ServerListFactory = com.alibaba.nacos.client.naming.core.ServerListManager
19:22:22:463  INFO 10300 --- [main] com.alibaba.nacos.common.remote.client   : [e8d99038-f9d2-497b-88f9-a93218ce89e0] Registry connection listener to current client:com.alibaba.nacos.client.naming.remote.gprc.redo.NamingGrpcRedoService
19:22:22:464  INFO 10300 --- [main] com.alibaba.nacos.common.remote.client   : [e8d99038-f9d2-497b-88f9-a93218ce89e0] Register server push request handler:com.alibaba.nacos.client.naming.remote.gprc.NamingPushRequestHandler
19:22:22:466  INFO 10300 --- [main] com.alibaba.nacos.common.remote.client   : [e8d99038-f9d2-497b-88f9-a93218ce89e0] Try to connect to server on start up, server: {serverIp = '192.168.150.102', server main port = 8848}
19:22:26:744 ERROR 10300 --- [main] c.a.n.c.remote.client.grpc.GrpcClient    : Server check fail, please check server 192.168.150.102 ,port 9848 is available , error ={}

java.util.concurrent.TimeoutException: Waited 3000 milliseconds (plus 1 milliseconds, 447800 nanoseconds delay) for com.alibaba.nacos.shaded.io.grpc.stub.ClientCalls$GrpcFuture@221cdd87[status=PENDING, info=[GrpcFuture{clientCall={delegate={delegate=ClientCallImpl{method=MethodDescriptor{fullMethodName=Request/request, type=UNARY, idempotent=false, safe=false, sampledToLocalTracing=true, requestMarshaller=com.alibaba.nacos.shaded.io.grpc.protobuf.lite.ProtoLiteUtils$MessageMarshaller@7fad28ac, responseMarshaller=com.alibaba.nacos.shaded.io.grpc.protobuf.lite.ProtoLiteUtils$MessageMarshaller@3450bd13, schemaDescriptor=com.alibaba.nacos.api.grpc.auto.RequestGrpc$RequestMethodDescriptorSupplier@1bb51492}}}}}]]
	at com.alibaba.nacos.shaded.com.google.common.util.concurrent.AbstractFuture.get(AbstractFuture.java:508) ~[nacos-client-2.0.4.jar:na]
	at com.alibaba.nacos.common.remote.client.grpc.GrpcClient.serverCheck(GrpcClient.java:148) ~[nacos-client-2.0.4.jar:na]
	at com.alibaba.nacos.common.remote.client.grpc.GrpcClient.connectToServer(GrpcClient.java:264) ~[nacos-client-2.0.4.jar:na]
	at com.alibaba.nacos.common.remote.client.RpcClient.start(RpcClient.java:390) ~[nacos-client-2.0.4.jar:na]
	at com.alibaba.nacos.client.naming.remote.gprc.NamingGrpcClientProxy.start(NamingGrpcClientProxy.java:96) ~[nacos-client-2.0.4.jar:na]
	at com.alibaba.nacos.client.naming.remote.gprc.NamingGrpcClientProxy.<init>(NamingGrpcClientProxy.java:89) ~[nacos-client-2.0.4.jar:na]
	at com.alibaba.nacos.client.naming.remote.NamingClientProxyDelegate.<init>(NamingClientProxyDelegate.java:76) ~[nacos-client-2.0.4.jar:na]
	at com.alibaba.nacos.client.naming.NacosNamingService.init(NacosNamingService.java:95) ~[nacos-client-2.0.4.jar:na]
	at com.alibaba.nacos.client.naming.NacosNamingService.<init>(NacosNamingService.java:81) ~[nacos-client-2.0.4.jar:na]
	at java.base/jdk.internal.reflect.NativeConstructorAccessorImpl.newInstance0(Native Method) ~[na:na]
	at java.base/jdk.internal.reflect.NativeConstructorAccessorImpl.newInstance(NativeConstructorAccessorImpl.java:62) ~[na:na]
	at java.base/jdk.internal.reflect.DelegatingConstructorAccessorImpl.newInstance(DelegatingConstructorAccessorImpl.java:45) ~[na:na]
	at java.base/java.lang.reflect.Constructor.newInstance(Constructor.java:490) ~[na:na]
	at com.alibaba.nacos.api.naming.NamingFactory.createNamingService(NamingFactory.java:59) ~[nacos-client-2.0.4.jar:na]
	at com.alibaba.nacos.api.NacosFactory.createNamingService(NacosFactory.java:77) ~[nacos-client-2.0.4.jar:na]
	at com.alibaba.cloud.nacos.NacosServiceManager.createNewNamingService(NacosServiceManager.java:99) ~[spring-cloud-starter-alibaba-nacos-discovery-2021.0.4.0.jar:2021.0.4.0]
	at com.alibaba.cloud.nacos.NacosServiceManager.buildNamingService(NacosServiceManager.java:90) ~[spring-cloud-starter-alibaba-nacos-discovery-2021.0.4.0.jar:2021.0.4.0]
	at com.alibaba.cloud.nacos.NacosServiceManager.getNamingService(NacosServiceManager.java:46) ~[spring-cloud-starter-alibaba-nacos-discovery-2021.0.4.0.jar:2021.0.4.0]
	at com.alibaba.cloud.nacos.discovery.NacosWatch.start(NacosWatch.java:130) ~[spring-cloud-starter-alibaba-nacos-discovery-2021.0.4.0.jar:2021.0.4.0]
	at org.springframework.context.support.DefaultLifecycleProcessor.doStart(DefaultLifecycleProcessor.java:178) ~[spring-context-5.3.27.jar:5.3.27]
	at org.springframework.context.support.DefaultLifecycleProcessor.access$200(DefaultLifecycleProcessor.java:54) ~[spring-context-5.3.27.jar:5.3.27]
	at org.springframework.context.support.DefaultLifecycleProcessor$LifecycleGroup.start(DefaultLifecycleProcessor.java:356) ~[spring-context-5.3.27.jar:5.3.27]
	at java.base/java.lang.Iterable.forEach(Iterable.java:75) ~[na:na]
	at org.springframework.context.support.DefaultLifecycleProcessor.startBeans(DefaultLifecycleProcessor.java:155) ~[spring-context-5.3.27.jar:5.3.27]
	at org.springframework.context.support.DefaultLifecycleProcessor.onRefresh(DefaultLifecycleProcessor.java:123) ~[spring-context-5.3.27.jar:5.3.27]
	at org.springframework.context.support.AbstractApplicationContext.finishRefresh(AbstractApplicationContext.java:937) ~[spring-context-5.3.27.jar:5.3.27]
	at org.springframework.context.support.AbstractApplicationContext.refresh(AbstractApplicationContext.java:586) ~[spring-context-5.3.27.jar:5.3.27]
	at org.springframework.boot.web.servlet.context.ServletWebServerApplicationContext.refresh(ServletWebServerApplicationContext.java:147) ~[spring-boot-2.7.12.jar:2.7.12]
	at org.springframework.boot.SpringApplication.refresh(SpringApplication.java:731) ~[spring-boot-2.7.12.jar:2.7.12]
	at org.springframework.boot.SpringApplication.refreshContext(SpringApplication.java:408) ~[spring-boot-2.7.12.jar:2.7.12]
	at org.springframework.boot.SpringApplication.run(SpringApplication.java:307) ~[spring-boot-2.7.12.jar:2.7.12]
	at org.springframework.boot.SpringApplication.run(SpringApplication.java:1303) ~[spring-boot-2.7.12.jar:2.7.12]
	at org.springframework.boot.SpringApplication.run(SpringApplication.java:1292) ~[spring-boot-2.7.12.jar:2.7.12]
	at com.hmall.user.UserApplication.main(UserApplication.java:14) ~[classes/:na]

19:22:26:753  INFO 10300 --- [main] com.alibaba.nacos.common.remote.client   : [e8d99038-f9d2-497b-88f9-a93218ce89e0] Try to connect to server on start up, server: {serverIp = '192.168.150.102', server main port = 8848}
19:22:29:758 ERROR 10300 --- [main] c.a.n.c.remote.client.grpc.GrpcClient    : Server check fail, please check server 192.168.150.102 ,port 9848 is available , error ={}

java.util.concurrent.TimeoutException: Waited 3000 milliseconds (plus 2 milliseconds, 944700 nanoseconds delay) for com.alibaba.nacos.shaded.io.grpc.stub.ClientCalls$GrpcFuture@5dac6bc3[status=PENDING, info=[GrpcFuture{clientCall={delegate={delegate=ClientCallImpl{method=MethodDescriptor{fullMethodName=Request/request, type=UNARY, idempotent=false, safe=false, sampledToLocalTracing=true, requestMarshaller=com.alibaba.nacos.shaded.io.grpc.protobuf.lite.ProtoLiteUtils$MessageMarshaller@7fad28ac, responseMarshaller=com.alibaba.nacos.shaded.io.grpc.protobuf.lite.ProtoLiteUtils$MessageMarshaller@3450bd13, schemaDescriptor=com.alibaba.nacos.api.grpc.auto.RequestGrpc$RequestMethodDescriptorSupplier@1bb51492}}}}}]]
	at com.alibaba.nacos.shaded.com.google.common.util.concurrent.AbstractFuture.get(AbstractFuture.java:508) ~[nacos-client-2.0.4.jar:na]
	at com.alibaba.nacos.common.remote.client.grpc.GrpcClient.serverCheck(GrpcClient.java:148) ~[nacos-client-2.0.4.jar:na]
	at com.alibaba.nacos.common.remote.client.grpc.GrpcClient.connectToServer(GrpcClient.java:264) ~[nacos-client-2.0.4.jar:na]
	at com.alibaba.nacos.common.remote.client.RpcClient.start(RpcClient.java:390) ~[nacos-client-2.0.4.jar:na]
	at com.alibaba.nacos.client.naming.remote.gprc.NamingGrpcClientProxy.start(NamingGrpcClientProxy.java:96) ~[nacos-client-2.0.4.jar:na]
	at com.alibaba.nacos.client.naming.remote.gprc.NamingGrpcClientProxy.<init>(NamingGrpcClientProxy.java:89) ~[nacos-client-2.0.4.jar:na]
	at com.alibaba.nacos.client.naming.remote.NamingClientProxyDelegate.<init>(NamingClientProxyDelegate.java:76) ~[nacos-client-2.0.4.jar:na]
	at com.alibaba.nacos.client.naming.NacosNamingService.init(NacosNamingService.java:95) ~[nacos-client-2.0.4.jar:na]
	at com.alibaba.nacos.client.naming.NacosNamingService.<init>(NacosNamingService.java:81) ~[nacos-client-2.0.4.jar:na]
	at java.base/jdk.internal.reflect.NativeConstructorAccessorImpl.newInstance0(Native Method) ~[na:na]
	at java.base/jdk.internal.reflect.NativeConstructorAccessorImpl.newInstance(NativeConstructorAccessorImpl.java:62) ~[na:na]
	at java.base/jdk.internal.reflect.DelegatingConstructorAccessorImpl.newInstance(DelegatingConstructorAccessorImpl.java:45) ~[na:na]
	at java.base/java.lang.reflect.Constructor.newInstance(Constructor.java:490) ~[na:na]
	at com.alibaba.nacos.api.naming.NamingFactory.createNamingService(NamingFactory.java:59) ~[nacos-client-2.0.4.jar:na]
	at com.alibaba.nacos.api.NacosFactory.createNamingService(NacosFactory.java:77) ~[nacos-client-2.0.4.jar:na]
	at com.alibaba.cloud.nacos.NacosServiceManager.createNewNamingService(NacosServiceManager.java:99) ~[spring-cloud-starter-alibaba-nacos-discovery-2021.0.4.0.jar:2021.0.4.0]
	at com.alibaba.cloud.nacos.NacosServiceManager.buildNamingService(NacosServiceManager.java:90) ~[spring-cloud-starter-alibaba-nacos-discovery-2021.0.4.0.jar:2021.0.4.0]
	at com.alibaba.cloud.nacos.NacosServiceManager.getNamingService(NacosServiceManager.java:46) ~[spring-cloud-starter-alibaba-nacos-discovery-2021.0.4.0.jar:2021.0.4.0]
	at com.alibaba.cloud.nacos.discovery.NacosWatch.start(NacosWatch.java:130) ~[spring-cloud-starter-alibaba-nacos-discovery-2021.0.4.0.jar:2021.0.4.0]
	at org.springframework.context.support.DefaultLifecycleProcessor.doStart(DefaultLifecycleProcessor.java:178) ~[spring-context-5.3.27.jar:5.3.27]
	at org.springframework.context.support.DefaultLifecycleProcessor.access$200(DefaultLifecycleProcessor.java:54) ~[spring-context-5.3.27.jar:5.3.27]
	at org.springframework.context.support.DefaultLifecycleProcessor$LifecycleGroup.start(DefaultLifecycleProcessor.java:356) ~[spring-context-5.3.27.jar:5.3.27]
	at java.base/java.lang.Iterable.forEach(Iterable.java:75) ~[na:na]
	at org.springframework.context.support.DefaultLifecycleProcessor.startBeans(DefaultLifecycleProcessor.java:155) ~[spring-context-5.3.27.jar:5.3.27]
	at org.springframework.context.support.DefaultLifecycleProcessor.onRefresh(DefaultLifecycleProcessor.java:123) ~[spring-context-5.3.27.jar:5.3.27]
	at org.springframework.context.support.AbstractApplicationContext.finishRefresh(AbstractApplicationContext.java:937) ~[spring-context-5.3.27.jar:5.3.27]
	at org.springframework.context.support.AbstractApplicationContext.refresh(AbstractApplicationContext.java:586) ~[spring-context-5.3.27.jar:5.3.27]
	at org.springframework.boot.web.servlet.context.ServletWebServerApplicationContext.refresh(ServletWebServerApplicationContext.java:147) ~[spring-boot-2.7.12.jar:2.7.12]
	at org.springframework.boot.SpringApplication.refresh(SpringApplication.java:731) ~[spring-boot-2.7.12.jar:2.7.12]
	at org.springframework.boot.SpringApplication.refreshContext(SpringApplication.java:408) ~[spring-boot-2.7.12.jar:2.7.12]
	at org.springframework.boot.SpringApplication.run(SpringApplication.java:307) ~[spring-boot-2.7.12.jar:2.7.12]
	at org.springframework.boot.SpringApplication.run(SpringApplication.java:1303) ~[spring-boot-2.7.12.jar:2.7.12]
	at org.springframework.boot.SpringApplication.run(SpringApplication.java:1292) ~[spring-boot-2.7.12.jar:2.7.12]
	at com.hmall.user.UserApplication.main(UserApplication.java:14) ~[classes/:na]

19:22:29:759  INFO 10300 --- [main] com.alibaba.nacos.common.remote.client   : [e8d99038-f9d2-497b-88f9-a93218ce89e0] Try to connect to server on start up, server: {serverIp = '192.168.150.102', server main port = 8848}
19:22:32:770 ERROR 10300 --- [main] c.a.n.c.remote.client.grpc.GrpcClient    : Server check fail, please check server 192.168.150.102 ,port 9848 is available , error ={}

java.util.concurrent.TimeoutException: Waited 3000 milliseconds (plus 9 milliseconds, 125400 nanoseconds delay) for com.alibaba.nacos.shaded.io.grpc.stub.ClientCalls$GrpcFuture@7535307c[status=PENDING, info=[GrpcFuture{clientCall={delegate={delegate=ClientCallImpl{method=MethodDescriptor{fullMethodName=Request/request, type=UNARY, idempotent=false, safe=false, sampledToLocalTracing=true, requestMarshaller=com.alibaba.nacos.shaded.io.grpc.protobuf.lite.ProtoLiteUtils$MessageMarshaller@7fad28ac, responseMarshaller=com.alibaba.nacos.shaded.io.grpc.protobuf.lite.ProtoLiteUtils$MessageMarshaller@3450bd13, schemaDescriptor=com.alibaba.nacos.api.grpc.auto.RequestGrpc$RequestMethodDescriptorSupplier@1bb51492}}}}}]]
	at com.alibaba.nacos.shaded.com.google.common.util.concurrent.AbstractFuture.get(AbstractFuture.java:508) ~[nacos-client-2.0.4.jar:na]
	at com.alibaba.nacos.common.remote.client.grpc.GrpcClient.serverCheck(GrpcClient.java:148) ~[nacos-client-2.0.4.jar:na]
	at com.alibaba.nacos.common.remote.client.grpc.GrpcClient.connectToServer(GrpcClient.java:264) ~[nacos-client-2.0.4.jar:na]
	at com.alibaba.nacos.common.remote.client.RpcClient.start(RpcClient.java:390) ~[nacos-client-2.0.4.jar:na]
	at com.alibaba.nacos.client.naming.remote.gprc.NamingGrpcClientProxy.start(NamingGrpcClientProxy.java:96) ~[nacos-client-2.0.4.jar:na]
	at com.alibaba.nacos.client.naming.remote.gprc.NamingGrpcClientProxy.<init>(NamingGrpcClientProxy.java:89) ~[nacos-client-2.0.4.jar:na]
	at com.alibaba.nacos.client.naming.remote.NamingClientProxyDelegate.<init>(NamingClientProxyDelegate.java:76) ~[nacos-client-2.0.4.jar:na]
	at com.alibaba.nacos.client.naming.NacosNamingService.init(NacosNamingService.java:95) ~[nacos-client-2.0.4.jar:na]
	at com.alibaba.nacos.client.naming.NacosNamingService.<init>(NacosNamingService.java:81) ~[nacos-client-2.0.4.jar:na]
	at java.base/jdk.internal.reflect.NativeConstructorAccessorImpl.newInstance0(Native Method) ~[na:na]
	at java.base/jdk.internal.reflect.NativeConstructorAccessorImpl.newInstance(NativeConstructorAccessorImpl.java:62) ~[na:na]
	at java.base/jdk.internal.reflect.DelegatingConstructorAccessorImpl.newInstance(DelegatingConstructorAccessorImpl.java:45) ~[na:na]
	at java.base/java.lang.reflect.Constructor.newInstance(Constructor.java:490) ~[na:na]
	at com.alibaba.nacos.api.naming.NamingFactory.createNamingService(NamingFactory.java:59) ~[nacos-client-2.0.4.jar:na]
	at com.alibaba.nacos.api.NacosFactory.createNamingService(NacosFactory.java:77) ~[nacos-client-2.0.4.jar:na]
	at com.alibaba.cloud.nacos.NacosServiceManager.createNewNamingService(NacosServiceManager.java:99) ~[spring-cloud-starter-alibaba-nacos-discovery-2021.0.4.0.jar:2021.0.4.0]
	at com.alibaba.cloud.nacos.NacosServiceManager.buildNamingService(NacosServiceManager.java:90) ~[spring-cloud-starter-alibaba-nacos-discovery-2021.0.4.0.jar:2021.0.4.0]
	at com.alibaba.cloud.nacos.NacosServiceManager.getNamingService(NacosServiceManager.java:46) ~[spring-cloud-starter-alibaba-nacos-discovery-2021.0.4.0.jar:2021.0.4.0]
	at com.alibaba.cloud.nacos.discovery.NacosWatch.start(NacosWatch.java:130) ~[spring-cloud-starter-alibaba-nacos-discovery-2021.0.4.0.jar:2021.0.4.0]
	at org.springframework.context.support.DefaultLifecycleProcessor.doStart(DefaultLifecycleProcessor.java:178) ~[spring-context-5.3.27.jar:5.3.27]
	at org.springframework.context.support.DefaultLifecycleProcessor.access$200(DefaultLifecycleProcessor.java:54) ~[spring-context-5.3.27.jar:5.3.27]
	at org.springframework.context.support.DefaultLifecycleProcessor$LifecycleGroup.start(DefaultLifecycleProcessor.java:356) ~[spring-context-5.3.27.jar:5.3.27]
	at java.base/java.lang.Iterable.forEach(Iterable.java:75) ~[na:na]
	at org.springframework.context.support.DefaultLifecycleProcessor.startBeans(DefaultLifecycleProcessor.java:155) ~[spring-context-5.3.27.jar:5.3.27]
	at org.springframework.context.support.DefaultLifecycleProcessor.onRefresh(DefaultLifecycleProcessor.java:123) ~[spring-context-5.3.27.jar:5.3.27]
	at org.springframework.context.support.AbstractApplicationContext.finishRefresh(AbstractApplicationContext.java:937) ~[spring-context-5.3.27.jar:5.3.27]
	at org.springframework.context.support.AbstractApplicationContext.refresh(AbstractApplicationContext.java:586) ~[spring-context-5.3.27.jar:5.3.27]
	at org.springframework.boot.web.servlet.context.ServletWebServerApplicationContext.refresh(ServletWebServerApplicationContext.java:147) ~[spring-boot-2.7.12.jar:2.7.12]
	at org.springframework.boot.SpringApplication.refresh(SpringApplication.java:731) ~[spring-boot-2.7.12.jar:2.7.12]
	at org.springframework.boot.SpringApplication.refreshContext(SpringApplication.java:408) ~[spring-boot-2.7.12.jar:2.7.12]
	at org.springframework.boot.SpringApplication.run(SpringApplication.java:307) ~[spring-boot-2.7.12.jar:2.7.12]
	at org.springframework.boot.SpringApplication.run(SpringApplication.java:1303) ~[spring-boot-2.7.12.jar:2.7.12]
	at org.springframework.boot.SpringApplication.run(SpringApplication.java:1292) ~[spring-boot-2.7.12.jar:2.7.12]
	at com.hmall.user.UserApplication.main(UserApplication.java:14) ~[classes/:na]

19:22:32:771  INFO 10300 --- [com.alibaba.nacos.client.remote.worker] com.alibaba.nacos.common.remote.client   : [e8d99038-f9d2-497b-88f9-a93218ce89e0] Try to reconnect to a new server, server is  not appointed, will choose a random server.
19:22:32:772  INFO 10300 --- [main] com.alibaba.nacos.common.remote.client   : [e8d99038-f9d2-497b-88f9-a93218ce89e0] Register server push request handler:com.alibaba.nacos.common.remote.client.RpcClient$ConnectResetRequestHandler
19:22:32:773  INFO 10300 --- [main] com.alibaba.nacos.common.remote.client   : [e8d99038-f9d2-497b-88f9-a93218ce89e0] Register server push request handler:com.alibaba.nacos.common.remote.client.RpcClient$$Lambda$955/0x0000000800820840
19:22:32:880 ERROR 10300 --- [main] com.alibaba.nacos.common.remote.client   : Send request fail, request = SubscribeServiceRequest{headers={app=unknown}, requestId='null'}, retryTimes = 0, errorMessage = Client not connected, current status:STARTING
19:22:32:990 ERROR 10300 --- [main] com.alibaba.nacos.common.remote.client   : Send request fail, request = SubscribeServiceRequest{headers={app=unknown}, requestId='null'}, retryTimes = 1, errorMessage = Client not connected, current status:STARTING
19:22:33:102 ERROR 10300 --- [main] com.alibaba.nacos.common.remote.client   : Send request fail, request = SubscribeServiceRequest{headers={app=unknown}, requestId='null'}, retryTimes = 2, errorMessage = Client not connected, current status:STARTING
19:22:33:102 ERROR 10300 --- [main] c.a.cloud.nacos.discovery.NacosWatch     : namingService subscribe failed, properties:NacosDiscoveryProperties{serverAddr='192.168.150.102:8848', username='', password='', endpoint='', namespace='', watchDelay=30000, logName='', service='user-service', weight=1.0, clusterName='DEFAULT', group='DEFAULT_GROUP', namingLoadCacheAtStart='false', metadata={preserved.register.source=SPRING_CLOUD}, registerEnabled=true, ip='192.168.220.1', networkInterface='', port=-1, secure=false, accessKey='', secretKey='', heartBeatInterval=null, heartBeatTimeout=null, ipDeleteTimeout=null, instanceEnabled=true, ephemeral=true, failureToleranceEnabled=false}, ipDeleteTimeout=null, failFast=true}

com.alibaba.nacos.api.exception.NacosException: Request nacos server failed: 
	at com.alibaba.nacos.client.naming.remote.gprc.NamingGrpcClientProxy.requestToServer(NamingGrpcClientProxy.java:290) ~[nacos-client-2.0.4.jar:na]
	at com.alibaba.nacos.client.naming.remote.gprc.NamingGrpcClientProxy.doSubscribe(NamingGrpcClientProxy.java:230) ~[nacos-client-2.0.4.jar:na]
	at com.alibaba.nacos.client.naming.remote.gprc.NamingGrpcClientProxy.subscribe(NamingGrpcClientProxy.java:215) ~[nacos-client-2.0.4.jar:na]
	at com.alibaba.nacos.client.naming.remote.NamingClientProxyDelegate.subscribe(NamingClientProxyDelegate.java:147) ~[nacos-client-2.0.4.jar:na]
	at com.alibaba.nacos.client.naming.NacosNamingService.subscribe(NacosNamingService.java:393) ~[nacos-client-2.0.4.jar:na]
	at com.alibaba.cloud.nacos.discovery.NacosWatch.start(NacosWatch.java:132) ~[spring-cloud-starter-alibaba-nacos-discovery-2021.0.4.0.jar:2021.0.4.0]
	at org.springframework.context.support.DefaultLifecycleProcessor.doStart(DefaultLifecycleProcessor.java:178) ~[spring-context-5.3.27.jar:5.3.27]
	at org.springframework.context.support.DefaultLifecycleProcessor.access$200(DefaultLifecycleProcessor.java:54) ~[spring-context-5.3.27.jar:5.3.27]
	at org.springframework.context.support.DefaultLifecycleProcessor$LifecycleGroup.start(DefaultLifecycleProcessor.java:356) ~[spring-context-5.3.27.jar:5.3.27]
	at java.base/java.lang.Iterable.forEach(Iterable.java:75) ~[na:na]
	at org.springframework.context.support.DefaultLifecycleProcessor.startBeans(DefaultLifecycleProcessor.java:155) ~[spring-context-5.3.27.jar:5.3.27]
	at org.springframework.context.support.DefaultLifecycleProcessor.onRefresh(DefaultLifecycleProcessor.java:123) ~[spring-context-5.3.27.jar:5.3.27]
	at org.springframework.context.support.AbstractApplicationContext.finishRefresh(AbstractApplicationContext.java:937) ~[spring-context-5.3.27.jar:5.3.27]
	at org.springframework.context.support.AbstractApplicationContext.refresh(AbstractApplicationContext.java:586) ~[spring-context-5.3.27.jar:5.3.27]
	at org.springframework.boot.web.servlet.context.ServletWebServerApplicationContext.refresh(ServletWebServerApplicationContext.java:147) ~[spring-boot-2.7.12.jar:2.7.12]
	at org.springframework.boot.SpringApplication.refresh(SpringApplication.java:731) ~[spring-boot-2.7.12.jar:2.7.12]
	at org.springframework.boot.SpringApplication.refreshContext(SpringApplication.java:408) ~[spring-boot-2.7.12.jar:2.7.12]
	at org.springframework.boot.SpringApplication.run(SpringApplication.java:307) ~[spring-boot-2.7.12.jar:2.7.12]
	at org.springframework.boot.SpringApplication.run(SpringApplication.java:1303) ~[spring-boot-2.7.12.jar:2.7.12]
	at org.springframework.boot.SpringApplication.run(SpringApplication.java:1292) ~[spring-boot-2.7.12.jar:2.7.12]
	at com.hmall.user.UserApplication.main(UserApplication.java:14) ~[classes/:na]
Caused by: com.alibaba.nacos.api.exception.NacosException: Client not connected, current status:STARTING
	at com.alibaba.nacos.common.remote.client.RpcClient.request(RpcClient.java:650) ~[nacos-client-2.0.4.jar:na]
	at com.alibaba.nacos.common.remote.client.RpcClient.request(RpcClient.java:630) ~[nacos-client-2.0.4.jar:na]
	at com.alibaba.nacos.client.naming.remote.gprc.NamingGrpcClientProxy.requestToServer(NamingGrpcClientProxy.java:280) ~[nacos-client-2.0.4.jar:na]
	... 20 common frames omitted

19:22:33:113  INFO 10300 --- [main] o.s.b.w.embedded.tomcat.TomcatWebServer  : Tomcat started on port(s): 8084 (http) with context path ''
19:22:33:230 ERROR 10300 --- [main] com.alibaba.nacos.common.remote.client   : Send request fail, request = InstanceRequest{headers={app=unknown}, requestId='null'}, retryTimes = 0, errorMessage = Client not connected, current status:STARTING
19:22:33:340 ERROR 10300 --- [main] com.alibaba.nacos.common.remote.client   : Send request fail, request = InstanceRequest{headers={app=unknown}, requestId='null'}, retryTimes = 1, errorMessage = Client not connected, current status:STARTING
19:22:33:449 ERROR 10300 --- [main] com.alibaba.nacos.common.remote.client   : Send request fail, request = InstanceRequest{headers={app=unknown}, requestId='null'}, retryTimes = 2, errorMessage = Client not connected, current status:STARTING
19:22:33:450 ERROR 10300 --- [main] c.a.c.n.registry.NacosServiceRegistry    : nacos registry, user-service register failed...NacosRegistration{nacosDiscoveryProperties=NacosDiscoveryProperties{serverAddr='192.168.150.102:8848', username='', password='', endpoint='', namespace='', watchDelay=30000, logName='', service='user-service', weight=1.0, clusterName='DEFAULT', group='DEFAULT_GROUP', namingLoadCacheAtStart='false', metadata={preserved.register.source=SPRING_CLOUD}, registerEnabled=true, ip='192.168.220.1', networkInterface='', port=8084, secure=false, accessKey='', secretKey='', heartBeatInterval=null, heartBeatTimeout=null, ipDeleteTimeout=null, instanceEnabled=true, ephemeral=true, failureToleranceEnabled=false}, ipDeleteTimeout=null, failFast=true}},

com.alibaba.nacos.api.exception.NacosException: Request nacos server failed: 
	at com.alibaba.nacos.client.naming.remote.gprc.NamingGrpcClientProxy.requestToServer(NamingGrpcClientProxy.java:290) ~[nacos-client-2.0.4.jar:na]
	at com.alibaba.nacos.client.naming.remote.gprc.NamingGrpcClientProxy.doRegisterService(NamingGrpcClientProxy.java:129) ~[nacos-client-2.0.4.jar:na]
	at com.alibaba.nacos.client.naming.remote.gprc.NamingGrpcClientProxy.registerService(NamingGrpcClientProxy.java:115) ~[nacos-client-2.0.4.jar:na]
	at com.alibaba.nacos.client.naming.remote.NamingClientProxyDelegate.registerService(NamingClientProxyDelegate.java:94) ~[nacos-client-2.0.4.jar:na]
	at com.alibaba.nacos.client.naming.NacosNamingService.registerInstance(NacosNamingService.java:145) ~[nacos-client-2.0.4.jar:na]
	at com.alibaba.cloud.nacos.registry.NacosServiceRegistry.register(NacosServiceRegistry.java:74) ~[spring-cloud-starter-alibaba-nacos-discovery-2021.0.4.0.jar:2021.0.4.0]
	at org.springframework.cloud.client.serviceregistry.AbstractAutoServiceRegistration.register(AbstractAutoServiceRegistration.java:232) ~[spring-cloud-commons-3.1.3.jar:3.1.3]
	at com.alibaba.cloud.nacos.registry.NacosAutoServiceRegistration.register(NacosAutoServiceRegistration.java:78) ~[spring-cloud-starter-alibaba-nacos-discovery-2021.0.4.0.jar:2021.0.4.0]
	at org.springframework.cloud.client.serviceregistry.AbstractAutoServiceRegistration.start(AbstractAutoServiceRegistration.java:133) ~[spring-cloud-commons-3.1.3.jar:3.1.3]
	at org.springframework.cloud.client.serviceregistry.AbstractAutoServiceRegistration.bind(AbstractAutoServiceRegistration.java:98) ~[spring-cloud-commons-3.1.3.jar:3.1.3]
	at org.springframework.cloud.client.serviceregistry.AbstractAutoServiceRegistration.onApplicationEvent(AbstractAutoServiceRegistration.java:86) ~[spring-cloud-commons-3.1.3.jar:3.1.3]
	at org.springframework.cloud.client.serviceregistry.AbstractAutoServiceRegistration.onApplicationEvent(AbstractAutoServiceRegistration.java:47) ~[spring-cloud-commons-3.1.3.jar:3.1.3]
	at org.springframework.context.event.SimpleApplicationEventMulticaster.doInvokeListener(SimpleApplicationEventMulticaster.java:176) ~[spring-context-5.3.27.jar:5.3.27]
	at org.springframework.context.event.SimpleApplicationEventMulticaster.invokeListener(SimpleApplicationEventMulticaster.java:169) ~[spring-context-5.3.27.jar:5.3.27]
	at org.springframework.context.event.SimpleApplicationEventMulticaster.multicastEvent(SimpleApplicationEventMulticaster.java:143) ~[spring-context-5.3.27.jar:5.3.27]
	at org.springframework.context.support.AbstractApplicationContext.publishEvent(AbstractApplicationContext.java:421) ~[spring-context-5.3.27.jar:5.3.27]
	at org.springframework.context.support.AbstractApplicationContext.publishEvent(AbstractApplicationContext.java:378) ~[spring-context-5.3.27.jar:5.3.27]
	at org.springframework.boot.web.servlet.context.WebServerStartStopLifecycle.start(WebServerStartStopLifecycle.java:46) ~[spring-boot-2.7.12.jar:2.7.12]
	at org.springframework.context.support.DefaultLifecycleProcessor.doStart(DefaultLifecycleProcessor.java:178) ~[spring-context-5.3.27.jar:5.3.27]
	at org.springframework.context.support.DefaultLifecycleProcessor.access$200(DefaultLifecycleProcessor.java:54) ~[spring-context-5.3.27.jar:5.3.27]
	at org.springframework.context.support.DefaultLifecycleProcessor$LifecycleGroup.start(DefaultLifecycleProcessor.java:356) ~[spring-context-5.3.27.jar:5.3.27]
	at java.base/java.lang.Iterable.forEach(Iterable.java:75) ~[na:na]
	at org.springframework.context.support.DefaultLifecycleProcessor.startBeans(DefaultLifecycleProcessor.java:155) ~[spring-context-5.3.27.jar:5.3.27]
	at org.springframework.context.support.DefaultLifecycleProcessor.onRefresh(DefaultLifecycleProcessor.java:123) ~[spring-context-5.3.27.jar:5.3.27]
	at org.springframework.context.support.AbstractApplicationContext.finishRefresh(AbstractApplicationContext.java:937) ~[spring-context-5.3.27.jar:5.3.27]
	at org.springframework.context.support.AbstractApplicationContext.refresh(AbstractApplicationContext.java:586) ~[spring-context-5.3.27.jar:5.3.27]
	at org.springframework.boot.web.servlet.context.ServletWebServerApplicationContext.refresh(ServletWebServerApplicationContext.java:147) ~[spring-boot-2.7.12.jar:2.7.12]
	at org.springframework.boot.SpringApplication.refresh(SpringApplication.java:731) ~[spring-boot-2.7.12.jar:2.7.12]
	at org.springframework.boot.SpringApplication.refreshContext(SpringApplication.java:408) ~[spring-boot-2.7.12.jar:2.7.12]
	at org.springframework.boot.SpringApplication.run(SpringApplication.java:307) ~[spring-boot-2.7.12.jar:2.7.12]
	at org.springframework.boot.SpringApplication.run(SpringApplication.java:1303) ~[spring-boot-2.7.12.jar:2.7.12]
	at org.springframework.boot.SpringApplication.run(SpringApplication.java:1292) ~[spring-boot-2.7.12.jar:2.7.12]
	at com.hmall.user.UserApplication.main(UserApplication.java:14) ~[classes/:na]
Caused by: com.alibaba.nacos.api.exception.NacosException: Client not connected, current status:STARTING
	at com.alibaba.nacos.common.remote.client.RpcClient.request(RpcClient.java:650) ~[nacos-client-2.0.4.jar:na]
	at com.alibaba.nacos.common.remote.client.RpcClient.request(RpcClient.java:630) ~[nacos-client-2.0.4.jar:na]
	at com.alibaba.nacos.client.naming.remote.gprc.NamingGrpcClientProxy.requestToServer(NamingGrpcClientProxy.java:280) ~[nacos-client-2.0.4.jar:na]
	... 32 common frames omitted

19:22:33:450  WARN 10300 --- [main] ConfigServletWebServerApplicationContext : Exception encountered during context initialization - cancelling refresh attempt: org.springframework.context.ApplicationContextException: Failed to start bean 'webServerStartStop'; nested exception is java.lang.reflect.UndeclaredThrowableException
19:22:33:782 ERROR 10300 --- [com.alibaba.nacos.client.naming.updater.0] com.alibaba.nacos.common.remote.client   : Send request fail, request = ServiceQueryRequest{headers={app=unknown}, requestId='null'}, retryTimes = 0, errorMessage = Client not connected, current status:STARTING
19:22:33:783  INFO 10300 --- [main] com.alibaba.nacos.common.remote.client   : Shutdown rpc client, set status to shutdown
19:22:33:783  INFO 10300 --- [main] com.alibaba.nacos.common.remote.client   : Shutdown client event executor java.util.concurrent.ScheduledThreadPoolExecutor@7348e75e[Running, pool size = 2, active threads = 2, queued tasks = 0, completed tasks = 0]
19:22:33:784  INFO 10300 --- [main] c.a.n.c.remote.client.grpc.GrpcClient    : Shutdown grpc executor java.util.concurrent.ThreadPoolExecutor@27e3dc9a[Running, pool size = 3, active threads = 0, queued tasks = 0, completed tasks = 3]
19:22:33:784 ERROR 10300 --- [com.alibaba.nacos.client.remote.worker] c.a.n.c.remote.client.grpc.GrpcClient    : Server check fail, please check server 192.168.150.102 ,port 9848 is available , error ={}

java.lang.InterruptedException: null
	at com.alibaba.nacos.shaded.com.google.common.util.concurrent.AbstractFuture.get(AbstractFuture.java:438) ~[nacos-client-2.0.4.jar:na]
	at com.alibaba.nacos.common.remote.client.grpc.GrpcClient.serverCheck(GrpcClient.java:148) ~[nacos-client-2.0.4.jar:na]
	at com.alibaba.nacos.common.remote.client.grpc.GrpcClient.connectToServer(GrpcClient.java:264) ~[nacos-client-2.0.4.jar:na]
	at com.alibaba.nacos.common.remote.client.RpcClient.reconnect(RpcClient.java:522) ~[nacos-client-2.0.4.jar:na]
	at com.alibaba.nacos.common.remote.client.RpcClient.lambda$start$2(RpcClient.java:370) ~[nacos-client-2.0.4.jar:na]
	at java.base/java.util.concurrent.Executors$RunnableAdapter.call(Executors.java:515) ~[na:na]
	at java.base/java.util.concurrent.FutureTask.run(FutureTask.java:264) ~[na:na]
	at java.base/java.util.concurrent.ScheduledThreadPoolExecutor$ScheduledFutureTask.run(ScheduledThreadPoolExecutor.java:304) ~[na:na]
	at java.base/java.util.concurrent.ThreadPoolExecutor.runWorker(ThreadPoolExecutor.java:1128) ~[na:na]
	at java.base/java.util.concurrent.ThreadPoolExecutor$Worker.run(ThreadPoolExecutor.java:628) ~[na:na]
	at java.base/java.lang.Thread.run(Thread.java:829) ~[na:na]

19:22:33:784 ERROR 10300 --- [com.alibaba.nacos.client.remote.worker] c.a.n.c.remote.client.grpc.GrpcClient    : [e8d99038-f9d2-497b-88f9-a93218ce89e0]Fail to connect to server!,error={}

java.util.concurrent.RejectedExecutionException: Task com.alibaba.nacos.shaded.io.grpc.internal.SerializingExecutor@6368ba8a rejected from java.util.concurrent.ThreadPoolExecutor@27e3dc9a[Terminated, pool size = 0, active threads = 0, queued tasks = 0, completed tasks = 3]
	at java.base/java.util.concurrent.ThreadPoolExecutor$AbortPolicy.rejectedExecution(ThreadPoolExecutor.java:2055) ~[na:na]
	at java.base/java.util.concurrent.ThreadPoolExecutor.reject(ThreadPoolExecutor.java:825) ~[na:na]
	at java.base/java.util.concurrent.ThreadPoolExecutor.execute(ThreadPoolExecutor.java:1355) ~[na:na]
	at com.alibaba.nacos.shaded.io.grpc.internal.SerializingExecutor.schedule(SerializingExecutor.java:93) ~[nacos-client-2.0.4.jar:na]
	at com.alibaba.nacos.shaded.io.grpc.internal.SerializingExecutor.execute(SerializingExecutor.java:86) ~[nacos-client-2.0.4.jar:na]
	at com.alibaba.nacos.shaded.io.grpc.internal.ClientCallImpl$ClientStreamListenerImpl.closedInternal(ClientCallImpl.java:696) ~[nacos-client-2.0.4.jar:na]
	at com.alibaba.nacos.shaded.io.grpc.internal.ClientCallImpl$ClientStreamListenerImpl.closed(ClientCallImpl.java:646) ~[nacos-client-2.0.4.jar:na]
	at com.alibaba.nacos.shaded.io.grpc.internal.ClientCallImpl$ClientStreamListenerImpl.closed(ClientCallImpl.java:639) ~[nacos-client-2.0.4.jar:na]
	at com.alibaba.nacos.shaded.io.grpc.internal.DelayedStream.cancel(DelayedStream.java:302) ~[nacos-client-2.0.4.jar:na]
	at com.alibaba.nacos.shaded.io.grpc.internal.DelayedClientTransport$PendingStream.cancel(DelayedClientTransport.java:363) ~[nacos-client-2.0.4.jar:na]
	at com.alibaba.nacos.shaded.io.grpc.internal.DelayedClientTransport.shutdownNow(DelayedClientTransport.java:241) ~[nacos-client-2.0.4.jar:na]
	at com.alibaba.nacos.shaded.io.grpc.internal.ManagedChannelImpl$UncommittedRetriableStreamsRegistry.onShutdownNow(ManagedChannelImpl.java:1021) ~[nacos-client-2.0.4.jar:na]
	at com.alibaba.nacos.shaded.io.grpc.internal.ManagedChannelImpl.shutdownNow(ManagedChannelImpl.java:752) ~[nacos-client-2.0.4.jar:na]
	at com.alibaba.nacos.shaded.io.grpc.internal.ManagedChannelImpl.shutdownNow(ManagedChannelImpl.java:105) ~[nacos-client-2.0.4.jar:na]
	at com.alibaba.nacos.shaded.io.grpc.internal.ForwardingManagedChannel.shutdownNow(ForwardingManagedChannel.java:52) ~[nacos-client-2.0.4.jar:na]
	at com.alibaba.nacos.shaded.io.grpc.internal.ManagedChannelOrphanWrapper.shutdownNow(ManagedChannelOrphanWrapper.java:66) ~[nacos-client-2.0.4.jar:na]
	at com.alibaba.nacos.common.remote.client.grpc.GrpcClient.shuntDownChannel(GrpcClient.java:130) ~[nacos-client-2.0.4.jar:na]
	at com.alibaba.nacos.common.remote.client.grpc.GrpcClient.connectToServer(GrpcClient.java:266) ~[nacos-client-2.0.4.jar:na]
	at com.alibaba.nacos.common.remote.client.RpcClient.reconnect(RpcClient.java:522) ~[nacos-client-2.0.4.jar:na]
	at com.alibaba.nacos.common.remote.client.RpcClient.lambda$start$2(RpcClient.java:370) ~[nacos-client-2.0.4.jar:na]
	at java.base/java.util.concurrent.Executors$RunnableAdapter.call(Executors.java:515) ~[na:na]
	at java.base/java.util.concurrent.FutureTask.run(FutureTask.java:264) ~[na:na]
	at java.base/java.util.concurrent.ScheduledThreadPoolExecutor$ScheduledFutureTask.run(ScheduledThreadPoolExecutor.java:304) ~[na:na]
	at java.base/java.util.concurrent.ThreadPoolExecutor.runWorker(ThreadPoolExecutor.java:1128) ~[na:na]
	at java.base/java.util.concurrent.ThreadPoolExecutor$Worker.run(ThreadPoolExecutor.java:628) ~[na:na]
	at java.base/java.lang.Thread.run(Thread.java:829) ~[na:na]

19:22:33:785  INFO 10300 --- [main] com.alibaba.nacos.common.remote.client   : [RpcClientFactory] create a new rpc client of a9421097-7542-4e9f-b1dc-4b1468737c9a
19:22:33:785  INFO 10300 --- [main] com.alibaba.nacos.common.remote.client   : [a9421097-7542-4e9f-b1dc-4b1468737c9a] RpcClient init label, labels = {module=naming, source=sdk}
19:22:33:785  INFO 10300 --- [main] com.alibaba.nacos.common.remote.client   : [a9421097-7542-4e9f-b1dc-4b1468737c9a] RpcClient init, ServerListFactory = com.alibaba.nacos.client.naming.core.ServerListManager
19:22:33:785  INFO 10300 --- [main] com.alibaba.nacos.common.remote.client   : [a9421097-7542-4e9f-b1dc-4b1468737c9a] Registry connection listener to current client:com.alibaba.nacos.client.naming.remote.gprc.redo.NamingGrpcRedoService
19:22:33:785  INFO 10300 --- [main] com.alibaba.nacos.common.remote.client   : [a9421097-7542-4e9f-b1dc-4b1468737c9a] Register server push request handler:com.alibaba.nacos.client.naming.remote.gprc.NamingPushRequestHandler
19:22:33:786  INFO 10300 --- [main] com.alibaba.nacos.common.remote.client   : [a9421097-7542-4e9f-b1dc-4b1468737c9a] Try to connect to server on start up, server: {serverIp = '192.168.150.102', server main port = 8848}
19:22:33:892 ERROR 10300 --- [com.alibaba.nacos.client.naming.updater.0] com.alibaba.nacos.common.remote.client   : Send request fail, request = ServiceQueryRequest{headers={app=unknown}, requestId='null'}, retryTimes = 1, errorMessage = Client not connected, current status:STARTING
19:22:33:892  INFO 10300 --- [com.alibaba.nacos.client.remote.worker] com.alibaba.nacos.common.remote.client   : [e8d99038-f9d2-497b-88f9-a93218ce89e0] Client is shutdown, stop reconnect to server
19:22:34:001 ERROR 10300 --- [com.alibaba.nacos.client.naming.updater.0] com.alibaba.nacos.common.remote.client   : Send request fail, request = ServiceQueryRequest{headers={app=unknown}, requestId='null'}, retryTimes = 2, errorMessage = Client not connected, current status:SHUTDOWN
19:22:36:801 ERROR 10300 --- [main] c.a.n.c.remote.client.grpc.GrpcClient    : Server check fail, please check server 192.168.150.102 ,port 9848 is available , error ={}

java.util.concurrent.TimeoutException: Waited 3000 milliseconds (plus 14 milliseconds, 611600 nanoseconds delay) for com.alibaba.nacos.shaded.io.grpc.stub.ClientCalls$GrpcFuture@73ff7a54[status=PENDING, info=[GrpcFuture{clientCall={delegate={delegate=ClientCallImpl{method=MethodDescriptor{fullMethodName=Request/request, type=UNARY, idempotent=false, safe=false, sampledToLocalTracing=true, requestMarshaller=com.alibaba.nacos.shaded.io.grpc.protobuf.lite.ProtoLiteUtils$MessageMarshaller@7fad28ac, responseMarshaller=com.alibaba.nacos.shaded.io.grpc.protobuf.lite.ProtoLiteUtils$MessageMarshaller@3450bd13, schemaDescriptor=com.alibaba.nacos.api.grpc.auto.RequestGrpc$RequestMethodDescriptorSupplier@1bb51492}}}}}]]
	at com.alibaba.nacos.shaded.com.google.common.util.concurrent.AbstractFuture.get(AbstractFuture.java:508) ~[nacos-client-2.0.4.jar:na]
	at com.alibaba.nacos.common.remote.client.grpc.GrpcClient.serverCheck(GrpcClient.java:148) ~[nacos-client-2.0.4.jar:na]
	at com.alibaba.nacos.common.remote.client.grpc.GrpcClient.connectToServer(GrpcClient.java:264) ~[nacos-client-2.0.4.jar:na]
	at com.alibaba.nacos.common.remote.client.RpcClient.start(RpcClient.java:390) ~[nacos-client-2.0.4.jar:na]
	at com.alibaba.nacos.client.naming.remote.gprc.NamingGrpcClientProxy.start(NamingGrpcClientProxy.java:96) ~[nacos-client-2.0.4.jar:na]
	at com.alibaba.nacos.client.naming.remote.gprc.NamingGrpcClientProxy.<init>(NamingGrpcClientProxy.java:89) ~[nacos-client-2.0.4.jar:na]
	at com.alibaba.nacos.client.naming.remote.NamingClientProxyDelegate.<init>(NamingClientProxyDelegate.java:76) ~[nacos-client-2.0.4.jar:na]
	at com.alibaba.nacos.client.naming.NacosNamingService.init(NacosNamingService.java:95) ~[nacos-client-2.0.4.jar:na]
	at com.alibaba.nacos.client.naming.NacosNamingService.<init>(NacosNamingService.java:81) ~[nacos-client-2.0.4.jar:na]
	at java.base/jdk.internal.reflect.NativeConstructorAccessorImpl.newInstance0(Native Method) ~[na:na]
	at java.base/jdk.internal.reflect.NativeConstructorAccessorImpl.newInstance(NativeConstructorAccessorImpl.java:62) ~[na:na]
	at java.base/jdk.internal.reflect.DelegatingConstructorAccessorImpl.newInstance(DelegatingConstructorAccessorImpl.java:45) ~[na:na]
	at java.base/java.lang.reflect.Constructor.newInstance(Constructor.java:490) ~[na:na]
	at com.alibaba.nacos.api.naming.NamingFactory.createNamingService(NamingFactory.java:59) ~[nacos-client-2.0.4.jar:na]
	at com.alibaba.nacos.api.NacosFactory.createNamingService(NacosFactory.java:77) ~[nacos-client-2.0.4.jar:na]
	at com.alibaba.cloud.nacos.NacosServiceManager.createNewNamingService(NacosServiceManager.java:99) ~[spring-cloud-starter-alibaba-nacos-discovery-2021.0.4.0.jar:2021.0.4.0]
	at com.alibaba.cloud.nacos.NacosServiceManager.buildNamingService(NacosServiceManager.java:90) ~[spring-cloud-starter-alibaba-nacos-discovery-2021.0.4.0.jar:2021.0.4.0]
	at com.alibaba.cloud.nacos.NacosServiceManager.getNamingService(NacosServiceManager.java:46) ~[spring-cloud-starter-alibaba-nacos-discovery-2021.0.4.0.jar:2021.0.4.0]
	at com.alibaba.cloud.nacos.discovery.NacosWatch.stop(NacosWatch.java:173) ~[spring-cloud-starter-alibaba-nacos-discovery-2021.0.4.0.jar:2021.0.4.0]
	at com.alibaba.cloud.nacos.discovery.NacosWatch.destroy(NacosWatch.java:204) ~[spring-cloud-starter-alibaba-nacos-discovery-2021.0.4.0.jar:2021.0.4.0]
	at org.springframework.beans.factory.support.DisposableBeanAdapter.destroy(DisposableBeanAdapter.java:213) ~[spring-beans-5.3.27.jar:5.3.27]
	at org.springframework.beans.factory.support.DefaultSingletonBeanRegistry.destroyBean(DefaultSingletonBeanRegistry.java:587) ~[spring-beans-5.3.27.jar:5.3.27]
	at org.springframework.beans.factory.support.DefaultSingletonBeanRegistry.destroySingleton(DefaultSingletonBeanRegistry.java:559) ~[spring-beans-5.3.27.jar:5.3.27]
	at org.springframework.beans.factory.support.DefaultListableBeanFactory.destroySingleton(DefaultListableBeanFactory.java:1163) ~[spring-beans-5.3.27.jar:5.3.27]
	at org.springframework.beans.factory.support.DefaultSingletonBeanRegistry.destroySingletons(DefaultSingletonBeanRegistry.java:520) ~[spring-beans-5.3.27.jar:5.3.27]
	at org.springframework.beans.factory.support.DefaultListableBeanFactory.destroySingletons(DefaultListableBeanFactory.java:1156) ~[spring-beans-5.3.27.jar:5.3.27]
	at org.springframework.context.support.AbstractApplicationContext.destroyBeans(AbstractApplicationContext.java:1108) ~[spring-context-5.3.27.jar:5.3.27]
	at org.springframework.context.support.AbstractApplicationContext.refresh(AbstractApplicationContext.java:596) ~[spring-context-5.3.27.jar:5.3.27]
	at org.springframework.boot.web.servlet.context.ServletWebServerApplicationContext.refresh(ServletWebServerApplicationContext.java:147) ~[spring-boot-2.7.12.jar:2.7.12]
	at org.springframework.boot.SpringApplication.refresh(SpringApplication.java:731) ~[spring-boot-2.7.12.jar:2.7.12]
	at org.springframework.boot.SpringApplication.refreshContext(SpringApplication.java:408) ~[spring-boot-2.7.12.jar:2.7.12]
	at org.springframework.boot.SpringApplication.run(SpringApplication.java:307) ~[spring-boot-2.7.12.jar:2.7.12]
	at org.springframework.boot.SpringApplication.run(SpringApplication.java:1303) ~[spring-boot-2.7.12.jar:2.7.12]
	at org.springframework.boot.SpringApplication.run(SpringApplication.java:1292) ~[spring-boot-2.7.12.jar:2.7.12]
	at com.hmall.user.UserApplication.main(UserApplication.java:14) ~[classes/:na]

19:22:36:802  INFO 10300 --- [main] com.alibaba.nacos.common.remote.client   : [a9421097-7542-4e9f-b1dc-4b1468737c9a] Try to connect to server on start up, server: {serverIp = '192.168.150.102', server main port = 8848}
19:22:39:807 ERROR 10300 --- [main] c.a.n.c.remote.client.grpc.GrpcClient    : Server check fail, please check server 192.168.150.102 ,port 9848 is available , error ={}

java.util.concurrent.TimeoutException: Waited 3000 milliseconds (plus 3 milliseconds, 345700 nanoseconds delay) for com.alibaba.nacos.shaded.io.grpc.stub.ClientCalls$GrpcFuture@176054b7[status=PENDING, info=[GrpcFuture{clientCall={delegate={delegate=ClientCallImpl{method=MethodDescriptor{fullMethodName=Request/request, type=UNARY, idempotent=false, safe=false, sampledToLocalTracing=true, requestMarshaller=com.alibaba.nacos.shaded.io.grpc.protobuf.lite.ProtoLiteUtils$MessageMarshaller@7fad28ac, responseMarshaller=com.alibaba.nacos.shaded.io.grpc.protobuf.lite.ProtoLiteUtils$MessageMarshaller@3450bd13, schemaDescriptor=com.alibaba.nacos.api.grpc.auto.RequestGrpc$RequestMethodDescriptorSupplier@1bb51492}}}}}]]
	at com.alibaba.nacos.shaded.com.google.common.util.concurrent.AbstractFuture.get(AbstractFuture.java:508) ~[nacos-client-2.0.4.jar:na]
	at com.alibaba.nacos.common.remote.client.grpc.GrpcClient.serverCheck(GrpcClient.java:148) ~[nacos-client-2.0.4.jar:na]
	at com.alibaba.nacos.common.remote.client.grpc.GrpcClient.connectToServer(GrpcClient.java:264) ~[nacos-client-2.0.4.jar:na]
	at com.alibaba.nacos.common.remote.client.RpcClient.start(RpcClient.java:390) ~[nacos-client-2.0.4.jar:na]
	at com.alibaba.nacos.client.naming.remote.gprc.NamingGrpcClientProxy.start(NamingGrpcClientProxy.java:96) ~[nacos-client-2.0.4.jar:na]
	at com.alibaba.nacos.client.naming.remote.gprc.NamingGrpcClientProxy.<init>(NamingGrpcClientProxy.java:89) ~[nacos-client-2.0.4.jar:na]
	at com.alibaba.nacos.client.naming.remote.NamingClientProxyDelegate.<init>(NamingClientProxyDelegate.java:76) ~[nacos-client-2.0.4.jar:na]
	at com.alibaba.nacos.client.naming.NacosNamingService.init(NacosNamingService.java:95) ~[nacos-client-2.0.4.jar:na]
	at com.alibaba.nacos.client.naming.NacosNamingService.<init>(NacosNamingService.java:81) ~[nacos-client-2.0.4.jar:na]
	at java.base/jdk.internal.reflect.NativeConstructorAccessorImpl.newInstance0(Native Method) ~[na:na]
	at java.base/jdk.internal.reflect.NativeConstructorAccessorImpl.newInstance(NativeConstructorAccessorImpl.java:62) ~[na:na]
	at java.base/jdk.internal.reflect.DelegatingConstructorAccessorImpl.newInstance(DelegatingConstructorAccessorImpl.java:45) ~[na:na]
	at java.base/java.lang.reflect.Constructor.newInstance(Constructor.java:490) ~[na:na]
	at com.alibaba.nacos.api.naming.NamingFactory.createNamingService(NamingFactory.java:59) ~[nacos-client-2.0.4.jar:na]
	at com.alibaba.nacos.api.NacosFactory.createNamingService(NacosFactory.java:77) ~[nacos-client-2.0.4.jar:na]
	at com.alibaba.cloud.nacos.NacosServiceManager.createNewNamingService(NacosServiceManager.java:99) ~[spring-cloud-starter-alibaba-nacos-discovery-2021.0.4.0.jar:2021.0.4.0]
	at com.alibaba.cloud.nacos.NacosServiceManager.buildNamingService(NacosServiceManager.java:90) ~[spring-cloud-starter-alibaba-nacos-discovery-2021.0.4.0.jar:2021.0.4.0]
	at com.alibaba.cloud.nacos.NacosServiceManager.getNamingService(NacosServiceManager.java:46) ~[spring-cloud-starter-alibaba-nacos-discovery-2021.0.4.0.jar:2021.0.4.0]
	at com.alibaba.cloud.nacos.discovery.NacosWatch.stop(NacosWatch.java:173) ~[spring-cloud-starter-alibaba-nacos-discovery-2021.0.4.0.jar:2021.0.4.0]
	at com.alibaba.cloud.nacos.discovery.NacosWatch.destroy(NacosWatch.java:204) ~[spring-cloud-starter-alibaba-nacos-discovery-2021.0.4.0.jar:2021.0.4.0]
	at org.springframework.beans.factory.support.DisposableBeanAdapter.destroy(DisposableBeanAdapter.java:213) ~[spring-beans-5.3.27.jar:5.3.27]
	at org.springframework.beans.factory.support.DefaultSingletonBeanRegistry.destroyBean(DefaultSingletonBeanRegistry.java:587) ~[spring-beans-5.3.27.jar:5.3.27]
	at org.springframework.beans.factory.support.DefaultSingletonBeanRegistry.destroySingleton(DefaultSingletonBeanRegistry.java:559) ~[spring-beans-5.3.27.jar:5.3.27]
	at org.springframework.beans.factory.support.DefaultListableBeanFactory.destroySingleton(DefaultListableBeanFactory.java:1163) ~[spring-beans-5.3.27.jar:5.3.27]
	at org.springframework.beans.factory.support.DefaultSingletonBeanRegistry.destroySingletons(DefaultSingletonBeanRegistry.java:520) ~[spring-beans-5.3.27.jar:5.3.27]
	at org.springframework.beans.factory.support.DefaultListableBeanFactory.destroySingletons(DefaultListableBeanFactory.java:1156) ~[spring-beans-5.3.27.jar:5.3.27]
	at org.springframework.context.support.AbstractApplicationContext.destroyBeans(AbstractApplicationContext.java:1108) ~[spring-context-5.3.27.jar:5.3.27]
	at org.springframework.context.support.AbstractApplicationContext.refresh(AbstractApplicationContext.java:596) ~[spring-context-5.3.27.jar:5.3.27]
	at org.springframework.boot.web.servlet.context.ServletWebServerApplicationContext.refresh(ServletWebServerApplicationContext.java:147) ~[spring-boot-2.7.12.jar:2.7.12]
	at org.springframework.boot.SpringApplication.refresh(SpringApplication.java:731) ~[spring-boot-2.7.12.jar:2.7.12]
	at org.springframework.boot.SpringApplication.refreshContext(SpringApplication.java:408) ~[spring-boot-2.7.12.jar:2.7.12]
	at org.springframework.boot.SpringApplication.run(SpringApplication.java:307) ~[spring-boot-2.7.12.jar:2.7.12]
	at org.springframework.boot.SpringApplication.run(SpringApplication.java:1303) ~[spring-boot-2.7.12.jar:2.7.12]
	at org.springframework.boot.SpringApplication.run(SpringApplication.java:1292) ~[spring-boot-2.7.12.jar:2.7.12]
	at com.hmall.user.UserApplication.main(UserApplication.java:14) ~[classes/:na]

19:22:39:808  INFO 10300 --- [main] com.alibaba.nacos.common.remote.client   : [a9421097-7542-4e9f-b1dc-4b1468737c9a] Try to connect to server on start up, server: {serverIp = '192.168.150.102', server main port = 8848}
19:22:42:810 ERROR 10300 --- [main] c.a.n.c.remote.client.grpc.GrpcClient    : Server check fail, please check server 192.168.150.102 ,port 9848 is available , error ={}

java.util.concurrent.TimeoutException: Waited 3000 milliseconds (plus 817100 nanoseconds delay) for com.alibaba.nacos.shaded.io.grpc.stub.ClientCalls$GrpcFuture@4ef28dc4[status=PENDING, info=[GrpcFuture{clientCall={delegate={delegate=ClientCallImpl{method=MethodDescriptor{fullMethodName=Request/request, type=UNARY, idempotent=false, safe=false, sampledToLocalTracing=true, requestMarshaller=com.alibaba.nacos.shaded.io.grpc.protobuf.lite.ProtoLiteUtils$MessageMarshaller@7fad28ac, responseMarshaller=com.alibaba.nacos.shaded.io.grpc.protobuf.lite.ProtoLiteUtils$MessageMarshaller@3450bd13, schemaDescriptor=com.alibaba.nacos.api.grpc.auto.RequestGrpc$RequestMethodDescriptorSupplier@1bb51492}}}}}]]
	at com.alibaba.nacos.shaded.com.google.common.util.concurrent.AbstractFuture.get(AbstractFuture.java:508) ~[nacos-client-2.0.4.jar:na]
	at com.alibaba.nacos.common.remote.client.grpc.GrpcClient.serverCheck(GrpcClient.java:148) ~[nacos-client-2.0.4.jar:na]
	at com.alibaba.nacos.common.remote.client.grpc.GrpcClient.connectToServer(GrpcClient.java:264) ~[nacos-client-2.0.4.jar:na]
	at com.alibaba.nacos.common.remote.client.RpcClient.start(RpcClient.java:390) ~[nacos-client-2.0.4.jar:na]
	at com.alibaba.nacos.client.naming.remote.gprc.NamingGrpcClientProxy.start(NamingGrpcClientProxy.java:96) ~[nacos-client-2.0.4.jar:na]
	at com.alibaba.nacos.client.naming.remote.gprc.NamingGrpcClientProxy.<init>(NamingGrpcClientProxy.java:89) ~[nacos-client-2.0.4.jar:na]
	at com.alibaba.nacos.client.naming.remote.NamingClientProxyDelegate.<init>(NamingClientProxyDelegate.java:76) ~[nacos-client-2.0.4.jar:na]
	at com.alibaba.nacos.client.naming.NacosNamingService.init(NacosNamingService.java:95) ~[nacos-client-2.0.4.jar:na]
	at com.alibaba.nacos.client.naming.NacosNamingService.<init>(NacosNamingService.java:81) ~[nacos-client-2.0.4.jar:na]
	at java.base/jdk.internal.reflect.NativeConstructorAccessorImpl.newInstance0(Native Method) ~[na:na]
	at java.base/jdk.internal.reflect.NativeConstructorAccessorImpl.newInstance(NativeConstructorAccessorImpl.java:62) ~[na:na]
	at java.base/jdk.internal.reflect.DelegatingConstructorAccessorImpl.newInstance(DelegatingConstructorAccessorImpl.java:45) ~[na:na]
	at java.base/java.lang.reflect.Constructor.newInstance(Constructor.java:490) ~[na:na]
	at com.alibaba.nacos.api.naming.NamingFactory.createNamingService(NamingFactory.java:59) ~[nacos-client-2.0.4.jar:na]
	at com.alibaba.nacos.api.NacosFactory.createNamingService(NacosFactory.java:77) ~[nacos-client-2.0.4.jar:na]
	at com.alibaba.cloud.nacos.NacosServiceManager.createNewNamingService(NacosServiceManager.java:99) ~[spring-cloud-starter-alibaba-nacos-discovery-2021.0.4.0.jar:2021.0.4.0]
	at com.alibaba.cloud.nacos.NacosServiceManager.buildNamingService(NacosServiceManager.java:90) ~[spring-cloud-starter-alibaba-nacos-discovery-2021.0.4.0.jar:2021.0.4.0]
	at com.alibaba.cloud.nacos.NacosServiceManager.getNamingService(NacosServiceManager.java:46) ~[spring-cloud-starter-alibaba-nacos-discovery-2021.0.4.0.jar:2021.0.4.0]
	at com.alibaba.cloud.nacos.discovery.NacosWatch.stop(NacosWatch.java:173) ~[spring-cloud-starter-alibaba-nacos-discovery-2021.0.4.0.jar:2021.0.4.0]
	at com.alibaba.cloud.nacos.discovery.NacosWatch.destroy(NacosWatch.java:204) ~[spring-cloud-starter-alibaba-nacos-discovery-2021.0.4.0.jar:2021.0.4.0]
	at org.springframework.beans.factory.support.DisposableBeanAdapter.destroy(DisposableBeanAdapter.java:213) ~[spring-beans-5.3.27.jar:5.3.27]
	at org.springframework.beans.factory.support.DefaultSingletonBeanRegistry.destroyBean(DefaultSingletonBeanRegistry.java:587) ~[spring-beans-5.3.27.jar:5.3.27]
	at org.springframework.beans.factory.support.DefaultSingletonBeanRegistry.destroySingleton(DefaultSingletonBeanRegistry.java:559) ~[spring-beans-5.3.27.jar:5.3.27]
	at org.springframework.beans.factory.support.DefaultListableBeanFactory.destroySingleton(DefaultListableBeanFactory.java:1163) ~[spring-beans-5.3.27.jar:5.3.27]
	at org.springframework.beans.factory.support.DefaultSingletonBeanRegistry.destroySingletons(DefaultSingletonBeanRegistry.java:520) ~[spring-beans-5.3.27.jar:5.3.27]
	at org.springframework.beans.factory.support.DefaultListableBeanFactory.destroySingletons(DefaultListableBeanFactory.java:1156) ~[spring-beans-5.3.27.jar:5.3.27]
	at org.springframework.context.support.AbstractApplicationContext.destroyBeans(AbstractApplicationContext.java:1108) ~[spring-context-5.3.27.jar:5.3.27]
	at org.springframework.context.support.AbstractApplicationContext.refresh(AbstractApplicationContext.java:596) ~[spring-context-5.3.27.jar:5.3.27]
	at org.springframework.boot.web.servlet.context.ServletWebServerApplicationContext.refresh(ServletWebServerApplicationContext.java:147) ~[spring-boot-2.7.12.jar:2.7.12]
	at org.springframework.boot.SpringApplication.refresh(SpringApplication.java:731) ~[spring-boot-2.7.12.jar:2.7.12]
	at org.springframework.boot.SpringApplication.refreshContext(SpringApplication.java:408) ~[spring-boot-2.7.12.jar:2.7.12]
	at org.springframework.boot.SpringApplication.run(SpringApplication.java:307) ~[spring-boot-2.7.12.jar:2.7.12]
	at org.springframework.boot.SpringApplication.run(SpringApplication.java:1303) ~[spring-boot-2.7.12.jar:2.7.12]
	at org.springframework.boot.SpringApplication.run(SpringApplication.java:1292) ~[spring-boot-2.7.12.jar:2.7.12]
	at com.hmall.user.UserApplication.main(UserApplication.java:14) ~[classes/:na]

19:22:42:811  INFO 10300 --- [main] com.alibaba.nacos.common.remote.client   : [a9421097-7542-4e9f-b1dc-4b1468737c9a] Register server push request handler:com.alibaba.nacos.common.remote.client.RpcClient$ConnectResetRequestHandler
19:22:42:811  INFO 10300 --- [com.alibaba.nacos.client.remote.worker] com.alibaba.nacos.common.remote.client   : [a9421097-7542-4e9f-b1dc-4b1468737c9a] Try to reconnect to a new server, server is  not appointed, will choose a random server.
19:22:42:811  INFO 10300 --- [main] com.alibaba.nacos.common.remote.client   : [a9421097-7542-4e9f-b1dc-4b1468737c9a] Register server push request handler:com.alibaba.nacos.common.remote.client.RpcClient$$Lambda$955/0x0000000800820840
19:22:42:922 ERROR 10300 --- [main] com.alibaba.nacos.common.remote.client   : Send request fail, request = SubscribeServiceRequest{headers={app=unknown}, requestId='null'}, retryTimes = 0, errorMessage = Client not connected, current status:STARTING
19:22:43:031 ERROR 10300 --- [main] com.alibaba.nacos.common.remote.client   : Send request fail, request = SubscribeServiceRequest{headers={app=unknown}, requestId='null'}, retryTimes = 1, errorMessage = Client not connected, current status:STARTING
19:22:43:141 ERROR 10300 --- [main] com.alibaba.nacos.common.remote.client   : Send request fail, request = SubscribeServiceRequest{headers={app=unknown}, requestId='null'}, retryTimes = 2, errorMessage = Client not connected, current status:STARTING
19:22:43:141 ERROR 10300 --- [main] c.a.cloud.nacos.discovery.NacosWatch     : namingService unsubscribe failed, properties:NacosDiscoveryProperties{serverAddr='192.168.150.102:8848', username='', password='', endpoint='', namespace='', watchDelay=30000, logName='', service='user-service', weight=1.0, clusterName='DEFAULT', group='DEFAULT_GROUP', namingLoadCacheAtStart='false', metadata={preserved.register.source=SPRING_CLOUD}, registerEnabled=true, ip='192.168.220.1', networkInterface='', port=8084, secure=false, accessKey='', secretKey='', heartBeatInterval=null, heartBeatTimeout=null, ipDeleteTimeout=null, instanceEnabled=true, ephemeral=true, failureToleranceEnabled=false}, ipDeleteTimeout=null, failFast=true}

com.alibaba.nacos.api.exception.NacosException: Request nacos server failed: 
	at com.alibaba.nacos.client.naming.remote.gprc.NamingGrpcClientProxy.requestToServer(NamingGrpcClientProxy.java:290) ~[nacos-client-2.0.4.jar:na]
	at com.alibaba.nacos.client.naming.remote.gprc.NamingGrpcClientProxy.doUnsubscribe(NamingGrpcClientProxy.java:260) ~[nacos-client-2.0.4.jar:na]
	at com.alibaba.nacos.client.naming.remote.gprc.NamingGrpcClientProxy.unsubscribe(NamingGrpcClientProxy.java:241) ~[nacos-client-2.0.4.jar:na]
	at com.alibaba.nacos.client.naming.remote.NamingClientProxyDelegate.unsubscribe(NamingClientProxyDelegate.java:157) ~[nacos-client-2.0.4.jar:na]
	at com.alibaba.nacos.client.naming.NacosNamingService.unsubscribe(NacosNamingService.java:417) ~[nacos-client-2.0.4.jar:na]
	at com.alibaba.cloud.nacos.discovery.NacosWatch.stop(NacosWatch.java:174) ~[spring-cloud-starter-alibaba-nacos-discovery-2021.0.4.0.jar:2021.0.4.0]
	at com.alibaba.cloud.nacos.discovery.NacosWatch.destroy(NacosWatch.java:204) ~[spring-cloud-starter-alibaba-nacos-discovery-2021.0.4.0.jar:2021.0.4.0]
	at org.springframework.beans.factory.support.DisposableBeanAdapter.destroy(DisposableBeanAdapter.java:213) ~[spring-beans-5.3.27.jar:5.3.27]
	at org.springframework.beans.factory.support.DefaultSingletonBeanRegistry.destroyBean(DefaultSingletonBeanRegistry.java:587) ~[spring-beans-5.3.27.jar:5.3.27]
	at org.springframework.beans.factory.support.DefaultSingletonBeanRegistry.destroySingleton(DefaultSingletonBeanRegistry.java:559) ~[spring-beans-5.3.27.jar:5.3.27]
	at org.springframework.beans.factory.support.DefaultListableBeanFactory.destroySingleton(DefaultListableBeanFactory.java:1163) ~[spring-beans-5.3.27.jar:5.3.27]
	at org.springframework.beans.factory.support.DefaultSingletonBeanRegistry.destroySingletons(DefaultSingletonBeanRegistry.java:520) ~[spring-beans-5.3.27.jar:5.3.27]
	at org.springframework.beans.factory.support.DefaultListableBeanFactory.destroySingletons(DefaultListableBeanFactory.java:1156) ~[spring-beans-5.3.27.jar:5.3.27]
	at org.springframework.context.support.AbstractApplicationContext.destroyBeans(AbstractApplicationContext.java:1108) ~[spring-context-5.3.27.jar:5.3.27]
	at org.springframework.context.support.AbstractApplicationContext.refresh(AbstractApplicationContext.java:596) ~[spring-context-5.3.27.jar:5.3.27]
	at org.springframework.boot.web.servlet.context.ServletWebServerApplicationContext.refresh(ServletWebServerApplicationContext.java:147) ~[spring-boot-2.7.12.jar:2.7.12]
	at org.springframework.boot.SpringApplication.refresh(SpringApplication.java:731) ~[spring-boot-2.7.12.jar:2.7.12]
	at org.springframework.boot.SpringApplication.refreshContext(SpringApplication.java:408) ~[spring-boot-2.7.12.jar:2.7.12]
	at org.springframework.boot.SpringApplication.run(SpringApplication.java:307) ~[spring-boot-2.7.12.jar:2.7.12]
	at org.springframework.boot.SpringApplication.run(SpringApplication.java:1303) ~[spring-boot-2.7.12.jar:2.7.12]
	at org.springframework.boot.SpringApplication.run(SpringApplication.java:1292) ~[spring-boot-2.7.12.jar:2.7.12]
	at com.hmall.user.UserApplication.main(UserApplication.java:14) ~[classes/:na]
Caused by: com.alibaba.nacos.api.exception.NacosException: Client not connected, current status:STARTING
	at com.alibaba.nacos.common.remote.client.RpcClient.request(RpcClient.java:650) ~[nacos-client-2.0.4.jar:na]
	at com.alibaba.nacos.common.remote.client.RpcClient.request(RpcClient.java:630) ~[nacos-client-2.0.4.jar:na]
	at com.alibaba.nacos.client.naming.remote.gprc.NamingGrpcClientProxy.requestToServer(NamingGrpcClientProxy.java:280) ~[nacos-client-2.0.4.jar:na]
	... 21 common frames omitted

19:22:43:479  INFO 10300 --- [main] o.apache.catalina.core.StandardService   : Stopping service [Tomcat]
19:22:43:490  INFO 10300 --- [main] ConditionEvaluationReportLoggingListener : 

Error starting ApplicationContext. To display the conditions report re-run your application with 'debug' enabled.
19:22:43:506 ERROR 10300 --- [main] o.s.boot.SpringApplication               : Application run failed

org.springframework.context.ApplicationContextException: Failed to start bean 'webServerStartStop'; nested exception is java.lang.reflect.UndeclaredThrowableException
	at org.springframework.context.support.DefaultLifecycleProcessor.doStart(DefaultLifecycleProcessor.java:181) ~[spring-context-5.3.27.jar:5.3.27]
	at org.springframework.context.support.DefaultLifecycleProcessor.access$200(DefaultLifecycleProcessor.java:54) ~[spring-context-5.3.27.jar:5.3.27]
	at org.springframework.context.support.DefaultLifecycleProcessor$LifecycleGroup.start(DefaultLifecycleProcessor.java:356) ~[spring-context-5.3.27.jar:5.3.27]
	at java.base/java.lang.Iterable.forEach(Iterable.java:75) ~[na:na]
	at org.springframework.context.support.DefaultLifecycleProcessor.startBeans(DefaultLifecycleProcessor.java:155) ~[spring-context-5.3.27.jar:5.3.27]
	at org.springframework.context.support.DefaultLifecycleProcessor.onRefresh(DefaultLifecycleProcessor.java:123) ~[spring-context-5.3.27.jar:5.3.27]
	at org.springframework.context.support.AbstractApplicationContext.finishRefresh(AbstractApplicationContext.java:937) ~[spring-context-5.3.27.jar:5.3.27]
	at org.springframework.context.support.AbstractApplicationContext.refresh(AbstractApplicationContext.java:586) ~[spring-context-5.3.27.jar:5.3.27]
	at org.springframework.boot.web.servlet.context.ServletWebServerApplicationContext.refresh(ServletWebServerApplicationContext.java:147) ~[spring-boot-2.7.12.jar:2.7.12]
	at org.springframework.boot.SpringApplication.refresh(SpringApplication.java:731) ~[spring-boot-2.7.12.jar:2.7.12]
	at org.springframework.boot.SpringApplication.refreshContext(SpringApplication.java:408) ~[spring-boot-2.7.12.jar:2.7.12]
	at org.springframework.boot.SpringApplication.run(SpringApplication.java:307) ~[spring-boot-2.7.12.jar:2.7.12]
	at org.springframework.boot.SpringApplication.run(SpringApplication.java:1303) ~[spring-boot-2.7.12.jar:2.7.12]
	at org.springframework.boot.SpringApplication.run(SpringApplication.java:1292) ~[spring-boot-2.7.12.jar:2.7.12]
	at com.hmall.user.UserApplication.main(UserApplication.java:14) ~[classes/:na]
Caused by: java.lang.reflect.UndeclaredThrowableException: null
	at org.springframework.util.ReflectionUtils.rethrowRuntimeException(ReflectionUtils.java:147) ~[spring-core-5.3.27.jar:5.3.27]
	at com.alibaba.cloud.nacos.registry.NacosServiceRegistry.register(NacosServiceRegistry.java:82) ~[spring-cloud-starter-alibaba-nacos-discovery-2021.0.4.0.jar:2021.0.4.0]
	at org.springframework.cloud.client.serviceregistry.AbstractAutoServiceRegistration.register(AbstractAutoServiceRegistration.java:232) ~[spring-cloud-commons-3.1.3.jar:3.1.3]
	at com.alibaba.cloud.nacos.registry.NacosAutoServiceRegistration.register(NacosAutoServiceRegistration.java:78) ~[spring-cloud-starter-alibaba-nacos-discovery-2021.0.4.0.jar:2021.0.4.0]
	at org.springframework.cloud.client.serviceregistry.AbstractAutoServiceRegistration.start(AbstractAutoServiceRegistration.java:133) ~[spring-cloud-commons-3.1.3.jar:3.1.3]
	at org.springframework.cloud.client.serviceregistry.AbstractAutoServiceRegistration.bind(AbstractAutoServiceRegistration.java:98) ~[spring-cloud-commons-3.1.3.jar:3.1.3]
	at org.springframework.cloud.client.serviceregistry.AbstractAutoServiceRegistration.onApplicationEvent(AbstractAutoServiceRegistration.java:86) ~[spring-cloud-commons-3.1.3.jar:3.1.3]
	at org.springframework.cloud.client.serviceregistry.AbstractAutoServiceRegistration.onApplicationEvent(AbstractAutoServiceRegistration.java:47) ~[spring-cloud-commons-3.1.3.jar:3.1.3]
	at org.springframework.context.event.SimpleApplicationEventMulticaster.doInvokeListener(SimpleApplicationEventMulticaster.java:176) ~[spring-context-5.3.27.jar:5.3.27]
	at org.springframework.context.event.SimpleApplicationEventMulticaster.invokeListener(SimpleApplicationEventMulticaster.java:169) ~[spring-context-5.3.27.jar:5.3.27]
	at org.springframework.context.event.SimpleApplicationEventMulticaster.multicastEvent(SimpleApplicationEventMulticaster.java:143) ~[spring-context-5.3.27.jar:5.3.27]
	at org.springframework.context.support.AbstractApplicationContext.publishEvent(AbstractApplicationContext.java:421) ~[spring-context-5.3.27.jar:5.3.27]
	at org.springframework.context.support.AbstractApplicationContext.publishEvent(AbstractApplicationContext.java:378) ~[spring-context-5.3.27.jar:5.3.27]
	at org.springframework.boot.web.servlet.context.WebServerStartStopLifecycle.start(WebServerStartStopLifecycle.java:46) ~[spring-boot-2.7.12.jar:2.7.12]
	at org.springframework.context.support.DefaultLifecycleProcessor.doStart(DefaultLifecycleProcessor.java:178) ~[spring-context-5.3.27.jar:5.3.27]
	... 14 common frames omitted
Caused by: com.alibaba.nacos.api.exception.NacosException: Request nacos server failed: 
	at com.alibaba.nacos.client.naming.remote.gprc.NamingGrpcClientProxy.requestToServer(NamingGrpcClientProxy.java:290) ~[nacos-client-2.0.4.jar:na]
	at com.alibaba.nacos.client.naming.remote.gprc.NamingGrpcClientProxy.doRegisterService(NamingGrpcClientProxy.java:129) ~[nacos-client-2.0.4.jar:na]
	at com.alibaba.nacos.client.naming.remote.gprc.NamingGrpcClientProxy.registerService(NamingGrpcClientProxy.java:115) ~[nacos-client-2.0.4.jar:na]
	at com.alibaba.nacos.client.naming.remote.NamingClientProxyDelegate.registerService(NamingClientProxyDelegate.java:94) ~[nacos-client-2.0.4.jar:na]
	at com.alibaba.nacos.client.naming.NacosNamingService.registerInstance(NacosNamingService.java:145) ~[nacos-client-2.0.4.jar:na]
	at com.alibaba.cloud.nacos.registry.NacosServiceRegistry.register(NacosServiceRegistry.java:74) ~[spring-cloud-starter-alibaba-nacos-discovery-2021.0.4.0.jar:2021.0.4.0]
	... 27 common frames omitted
Caused by: com.alibaba.nacos.api.exception.NacosException: Client not connected, current status:STARTING
	at com.alibaba.nacos.common.remote.client.RpcClient.request(RpcClient.java:650) ~[nacos-client-2.0.4.jar:na]
	at com.alibaba.nacos.common.remote.client.RpcClient.request(RpcClient.java:630) ~[nacos-client-2.0.4.jar:na]
	at com.alibaba.nacos.client.naming.remote.gprc.NamingGrpcClientProxy.requestToServer(NamingGrpcClientProxy.java:280) ~[nacos-client-2.0.4.jar:na]
	... 32 common frames omitted

19:22:43:507  WARN 10300 --- [Thread-4] c.a.nacos.common.notify.NotifyCenter     : [NotifyCenter] Start destroying Publisher
19:22:43:508  WARN 10300 --- [Thread-7] c.a.n.common.http.HttpClientBeanHolder   : [HttpClientBeanHolder] Start destroying common HttpClient
19:22:43:508  WARN 10300 --- [Thread-4] c.a.nacos.common.notify.NotifyCenter     : [NotifyCenter] Destruction of the end
19:22:43:508  WARN 10300 --- [Thread-7] c.a.n.common.http.HttpClientBeanHolder   : [HttpClientBeanHolder] Destruction of the end
19:54:48:436  INFO 31392 --- [main] com.hmall.user.UserApplication           : Starting UserApplication using Java 11.0.31 on LAPTOP-16OT1L5F with PID 31392 (G:\hmall\backend\use-service\target\classes started by 18071 in G:\hmall\backend)
19:54:48:438 DEBUG 31392 --- [main] com.hmall.user.UserApplication           : Running with Spring Boot v2.7.12, Spring v5.3.27
19:54:48:439  INFO 31392 --- [main] com.hmall.user.UserApplication           : The following 1 profile is active: "dev"
19:54:49:459  INFO 31392 --- [main] o.s.cloud.context.scope.GenericScope     : BeanFactory id=1b240c66-5bce-3049-9061-cfac31c291bd
19:54:49:772  INFO 31392 --- [main] o.s.b.w.embedded.tomcat.TomcatWebServer  : Tomcat initialized with port(s): 8084 (http)
19:54:49:780  INFO 31392 --- [main] o.apache.catalina.core.StandardService   : Starting service [Tomcat]
19:54:49:780  INFO 31392 --- [main] org.apache.catalina.core.StandardEngine  : Starting Servlet engine: [Apache Tomcat/9.0.75]
19:54:49:944  INFO 31392 --- [main] o.a.c.c.C.[Tomcat].[localhost].[/]       : Initializing Spring embedded WebApplicationContext
19:54:49:945  INFO 31392 --- [main] w.s.c.ServletWebServerApplicationContext : Root WebApplicationContext: initialization completed in 1466 ms
19:54:54:627  INFO 31392 --- [main] pertySourcedRequestMappingHandlerMapping : Mapped URL path [/v2/api-docs] onto method [springfox.documentation.swagger2.web.Swagger2ControllerWebMvc#getDocumentation(String, HttpServletRequest)]
19:54:55:703  INFO 31392 --- [main] com.alibaba.nacos.common.remote.client   : [RpcClientFactory] create a new rpc client of 6cd31876-f782-4f27-9228-56e5cc1dcbd9
19:54:55:760  INFO 31392 --- [main] org.reflections.Reflections              : Reflections took 36 ms to scan 1 urls, producing 3 keys and 6 values 
19:54:55:790  INFO 31392 --- [main] org.reflections.Reflections              : Reflections took 12 ms to scan 1 urls, producing 4 keys and 9 values 
19:54:55:802  INFO 31392 --- [main] org.reflections.Reflections              : Reflections took 7 ms to scan 1 urls, producing 3 keys and 10 values 
19:54:55:805  WARN 31392 --- [main] org.reflections.Reflections              : given scan urls are empty. set urls in the configuration
19:54:55:813  INFO 31392 --- [main] org.reflections.Reflections              : Reflections took 7 ms to scan 1 urls, producing 1 keys and 5 values 
19:54:55:822  INFO 31392 --- [main] org.reflections.Reflections              : Reflections took 7 ms to scan 1 urls, producing 1 keys and 7 values 
19:54:55:836  INFO 31392 --- [main] org.reflections.Reflections              : Reflections took 11 ms to scan 1 urls, producing 2 keys and 8 values 
19:54:55:839  WARN 31392 --- [main] org.reflections.Reflections              : given scan urls are empty. set urls in the configuration
19:54:55:840  INFO 31392 --- [main] com.alibaba.nacos.common.remote.client   : [6cd31876-f782-4f27-9228-56e5cc1dcbd9] RpcClient init label, labels = {module=naming, source=sdk}
19:54:55:843  INFO 31392 --- [main] com.alibaba.nacos.common.remote.client   : [6cd31876-f782-4f27-9228-56e5cc1dcbd9] RpcClient init, ServerListFactory = com.alibaba.nacos.client.naming.core.ServerListManager
19:54:55:843  INFO 31392 --- [main] com.alibaba.nacos.common.remote.client   : [6cd31876-f782-4f27-9228-56e5cc1dcbd9] Registry connection listener to current client:com.alibaba.nacos.client.naming.remote.gprc.redo.NamingGrpcRedoService
19:54:55:844  INFO 31392 --- [main] com.alibaba.nacos.common.remote.client   : [6cd31876-f782-4f27-9228-56e5cc1dcbd9] Register server push request handler:com.alibaba.nacos.client.naming.remote.gprc.NamingPushRequestHandler
19:54:55:846  INFO 31392 --- [main] com.alibaba.nacos.common.remote.client   : [6cd31876-f782-4f27-9228-56e5cc1dcbd9] Try to connect to server on start up, server: {serverIp = '192.168.150.102', server main port = 8848}
19:55:00:108 ERROR 31392 --- [main] c.a.n.c.remote.client.grpc.GrpcClient    : Server check fail, please check server 192.168.150.102 ,port 9848 is available , error ={}

java.util.concurrent.TimeoutException: Waited 3000 milliseconds (plus 724400 nanoseconds delay) for com.alibaba.nacos.shaded.io.grpc.stub.ClientCalls$GrpcFuture@5da1a97f[status=PENDING, info=[GrpcFuture{clientCall={delegate={delegate=ClientCallImpl{method=MethodDescriptor{fullMethodName=Request/request, type=UNARY, idempotent=false, safe=false, sampledToLocalTracing=true, requestMarshaller=com.alibaba.nacos.shaded.io.grpc.protobuf.lite.ProtoLiteUtils$MessageMarshaller@64186f60, responseMarshaller=com.alibaba.nacos.shaded.io.grpc.protobuf.lite.ProtoLiteUtils$MessageMarshaller@de40aa1, schemaDescriptor=com.alibaba.nacos.api.grpc.auto.RequestGrpc$RequestMethodDescriptorSupplier@61b76a7d}}}}}]]
	at com.alibaba.nacos.shaded.com.google.common.util.concurrent.AbstractFuture.get(AbstractFuture.java:508) ~[nacos-client-2.0.4.jar:na]
	at com.alibaba.nacos.common.remote.client.grpc.GrpcClient.serverCheck(GrpcClient.java:148) ~[nacos-client-2.0.4.jar:na]
	at com.alibaba.nacos.common.remote.client.grpc.GrpcClient.connectToServer(GrpcClient.java:264) ~[nacos-client-2.0.4.jar:na]
	at com.alibaba.nacos.common.remote.client.RpcClient.start(RpcClient.java:390) ~[nacos-client-2.0.4.jar:na]
	at com.alibaba.nacos.client.naming.remote.gprc.NamingGrpcClientProxy.start(NamingGrpcClientProxy.java:96) ~[nacos-client-2.0.4.jar:na]
	at com.alibaba.nacos.client.naming.remote.gprc.NamingGrpcClientProxy.<init>(NamingGrpcClientProxy.java:89) ~[nacos-client-2.0.4.jar:na]
	at com.alibaba.nacos.client.naming.remote.NamingClientProxyDelegate.<init>(NamingClientProxyDelegate.java:76) ~[nacos-client-2.0.4.jar:na]
	at com.alibaba.nacos.client.naming.NacosNamingService.init(NacosNamingService.java:95) ~[nacos-client-2.0.4.jar:na]
	at com.alibaba.nacos.client.naming.NacosNamingService.<init>(NacosNamingService.java:81) ~[nacos-client-2.0.4.jar:na]
	at java.base/jdk.internal.reflect.NativeConstructorAccessorImpl.newInstance0(Native Method) ~[na:na]
	at java.base/jdk.internal.reflect.NativeConstructorAccessorImpl.newInstance(NativeConstructorAccessorImpl.java:62) ~[na:na]
	at java.base/jdk.internal.reflect.DelegatingConstructorAccessorImpl.newInstance(DelegatingConstructorAccessorImpl.java:45) ~[na:na]
	at java.base/java.lang.reflect.Constructor.newInstance(Constructor.java:490) ~[na:na]
	at com.alibaba.nacos.api.naming.NamingFactory.createNamingService(NamingFactory.java:59) ~[nacos-client-2.0.4.jar:na]
	at com.alibaba.nacos.api.NacosFactory.createNamingService(NacosFactory.java:77) ~[nacos-client-2.0.4.jar:na]
	at com.alibaba.cloud.nacos.NacosServiceManager.createNewNamingService(NacosServiceManager.java:99) ~[spring-cloud-starter-alibaba-nacos-discovery-2021.0.4.0.jar:2021.0.4.0]
	at com.alibaba.cloud.nacos.NacosServiceManager.buildNamingService(NacosServiceManager.java:90) ~[spring-cloud-starter-alibaba-nacos-discovery-2021.0.4.0.jar:2021.0.4.0]
	at com.alibaba.cloud.nacos.NacosServiceManager.getNamingService(NacosServiceManager.java:46) ~[spring-cloud-starter-alibaba-nacos-discovery-2021.0.4.0.jar:2021.0.4.0]
	at com.alibaba.cloud.nacos.discovery.NacosWatch.start(NacosWatch.java:130) ~[spring-cloud-starter-alibaba-nacos-discovery-2021.0.4.0.jar:2021.0.4.0]
	at org.springframework.context.support.DefaultLifecycleProcessor.doStart(DefaultLifecycleProcessor.java:178) ~[spring-context-5.3.27.jar:5.3.27]
	at org.springframework.context.support.DefaultLifecycleProcessor.access$200(DefaultLifecycleProcessor.java:54) ~[spring-context-5.3.27.jar:5.3.27]
	at org.springframework.context.support.DefaultLifecycleProcessor$LifecycleGroup.start(DefaultLifecycleProcessor.java:356) ~[spring-context-5.3.27.jar:5.3.27]
	at java.base/java.lang.Iterable.forEach(Iterable.java:75) ~[na:na]
	at org.springframework.context.support.DefaultLifecycleProcessor.startBeans(DefaultLifecycleProcessor.java:155) ~[spring-context-5.3.27.jar:5.3.27]
	at org.springframework.context.support.DefaultLifecycleProcessor.onRefresh(DefaultLifecycleProcessor.java:123) ~[spring-context-5.3.27.jar:5.3.27]
	at org.springframework.context.support.AbstractApplicationContext.finishRefresh(AbstractApplicationContext.java:937) ~[spring-context-5.3.27.jar:5.3.27]
	at org.springframework.context.support.AbstractApplicationContext.refresh(AbstractApplicationContext.java:586) ~[spring-context-5.3.27.jar:5.3.27]
	at org.springframework.boot.web.servlet.context.ServletWebServerApplicationContext.refresh(ServletWebServerApplicationContext.java:147) ~[spring-boot-2.7.12.jar:2.7.12]
	at org.springframework.boot.SpringApplication.refresh(SpringApplication.java:731) ~[spring-boot-2.7.12.jar:2.7.12]
	at org.springframework.boot.SpringApplication.refreshContext(SpringApplication.java:408) ~[spring-boot-2.7.12.jar:2.7.12]
	at org.springframework.boot.SpringApplication.run(SpringApplication.java:307) ~[spring-boot-2.7.12.jar:2.7.12]
	at org.springframework.boot.SpringApplication.run(SpringApplication.java:1303) ~[spring-boot-2.7.12.jar:2.7.12]
	at org.springframework.boot.SpringApplication.run(SpringApplication.java:1292) ~[spring-boot-2.7.12.jar:2.7.12]
	at com.hmall.user.UserApplication.main(UserApplication.java:14) ~[classes/:na]

19:55:00:119  INFO 31392 --- [main] com.alibaba.nacos.common.remote.client   : [6cd31876-f782-4f27-9228-56e5cc1dcbd9] Try to connect to server on start up, server: {serverIp = '192.168.150.102', server main port = 8848}
19:55:03:134 ERROR 31392 --- [main] c.a.n.c.remote.client.grpc.GrpcClient    : Server check fail, please check server 192.168.150.102 ,port 9848 is available , error ={}

java.util.concurrent.TimeoutException: Waited 3000 milliseconds (plus 13 milliseconds, 429400 nanoseconds delay) for com.alibaba.nacos.shaded.io.grpc.stub.ClientCalls$GrpcFuture@7535307c[status=PENDING, info=[GrpcFuture{clientCall={delegate={delegate=ClientCallImpl{method=MethodDescriptor{fullMethodName=Request/request, type=UNARY, idempotent=false, safe=false, sampledToLocalTracing=true, requestMarshaller=com.alibaba.nacos.shaded.io.grpc.protobuf.lite.ProtoLiteUtils$MessageMarshaller@64186f60, responseMarshaller=com.alibaba.nacos.shaded.io.grpc.protobuf.lite.ProtoLiteUtils$MessageMarshaller@de40aa1, schemaDescriptor=com.alibaba.nacos.api.grpc.auto.RequestGrpc$RequestMethodDescriptorSupplier@61b76a7d}}}}}]]
	at com.alibaba.nacos.shaded.com.google.common.util.concurrent.AbstractFuture.get(AbstractFuture.java:508) ~[nacos-client-2.0.4.jar:na]
	at com.alibaba.nacos.common.remote.client.grpc.GrpcClient.serverCheck(GrpcClient.java:148) ~[nacos-client-2.0.4.jar:na]
	at com.alibaba.nacos.common.remote.client.grpc.GrpcClient.connectToServer(GrpcClient.java:264) ~[nacos-client-2.0.4.jar:na]
	at com.alibaba.nacos.common.remote.client.RpcClient.start(RpcClient.java:390) ~[nacos-client-2.0.4.jar:na]
	at com.alibaba.nacos.client.naming.remote.gprc.NamingGrpcClientProxy.start(NamingGrpcClientProxy.java:96) ~[nacos-client-2.0.4.jar:na]
	at com.alibaba.nacos.client.naming.remote.gprc.NamingGrpcClientProxy.<init>(NamingGrpcClientProxy.java:89) ~[nacos-client-2.0.4.jar:na]
	at com.alibaba.nacos.client.naming.remote.NamingClientProxyDelegate.<init>(NamingClientProxyDelegate.java:76) ~[nacos-client-2.0.4.jar:na]
	at com.alibaba.nacos.client.naming.NacosNamingService.init(NacosNamingService.java:95) ~[nacos-client-2.0.4.jar:na]
	at com.alibaba.nacos.client.naming.NacosNamingService.<init>(NacosNamingService.java:81) ~[nacos-client-2.0.4.jar:na]
	at java.base/jdk.internal.reflect.NativeConstructorAccessorImpl.newInstance0(Native Method) ~[na:na]
	at java.base/jdk.internal.reflect.NativeConstructorAccessorImpl.newInstance(NativeConstructorAccessorImpl.java:62) ~[na:na]
	at java.base/jdk.internal.reflect.DelegatingConstructorAccessorImpl.newInstance(DelegatingConstructorAccessorImpl.java:45) ~[na:na]
	at java.base/java.lang.reflect.Constructor.newInstance(Constructor.java:490) ~[na:na]
	at com.alibaba.nacos.api.naming.NamingFactory.createNamingService(NamingFactory.java:59) ~[nacos-client-2.0.4.jar:na]
	at com.alibaba.nacos.api.NacosFactory.createNamingService(NacosFactory.java:77) ~[nacos-client-2.0.4.jar:na]
	at com.alibaba.cloud.nacos.NacosServiceManager.createNewNamingService(NacosServiceManager.java:99) ~[spring-cloud-starter-alibaba-nacos-discovery-2021.0.4.0.jar:2021.0.4.0]
	at com.alibaba.cloud.nacos.NacosServiceManager.buildNamingService(NacosServiceManager.java:90) ~[spring-cloud-starter-alibaba-nacos-discovery-2021.0.4.0.jar:2021.0.4.0]
	at com.alibaba.cloud.nacos.NacosServiceManager.getNamingService(NacosServiceManager.java:46) ~[spring-cloud-starter-alibaba-nacos-discovery-2021.0.4.0.jar:2021.0.4.0]
	at com.alibaba.cloud.nacos.discovery.NacosWatch.start(NacosWatch.java:130) ~[spring-cloud-starter-alibaba-nacos-discovery-2021.0.4.0.jar:2021.0.4.0]
	at org.springframework.context.support.DefaultLifecycleProcessor.doStart(DefaultLifecycleProcessor.java:178) ~[spring-context-5.3.27.jar:5.3.27]
	at org.springframework.context.support.DefaultLifecycleProcessor.access$200(DefaultLifecycleProcessor.java:54) ~[spring-context-5.3.27.jar:5.3.27]
	at org.springframework.context.support.DefaultLifecycleProcessor$LifecycleGroup.start(DefaultLifecycleProcessor.java:356) ~[spring-context-5.3.27.jar:5.3.27]
	at java.base/java.lang.Iterable.forEach(Iterable.java:75) ~[na:na]
	at org.springframework.context.support.DefaultLifecycleProcessor.startBeans(DefaultLifecycleProcessor.java:155) ~[spring-context-5.3.27.jar:5.3.27]
	at org.springframework.context.support.DefaultLifecycleProcessor.onRefresh(DefaultLifecycleProcessor.java:123) ~[spring-context-5.3.27.jar:5.3.27]
	at org.springframework.context.support.AbstractApplicationContext.finishRefresh(AbstractApplicationContext.java:937) ~[spring-context-5.3.27.jar:5.3.27]
	at org.springframework.context.support.AbstractApplicationContext.refresh(AbstractApplicationContext.java:586) ~[spring-context-5.3.27.jar:5.3.27]
	at org.springframework.boot.web.servlet.context.ServletWebServerApplicationContext.refresh(ServletWebServerApplicationContext.java:147) ~[spring-boot-2.7.12.jar:2.7.12]
	at org.springframework.boot.SpringApplication.refresh(SpringApplication.java:731) ~[spring-boot-2.7.12.jar:2.7.12]
	at org.springframework.boot.SpringApplication.refreshContext(SpringApplication.java:408) ~[spring-boot-2.7.12.jar:2.7.12]
	at org.springframework.boot.SpringApplication.run(SpringApplication.java:307) ~[spring-boot-2.7.12.jar:2.7.12]
	at org.springframework.boot.SpringApplication.run(SpringApplication.java:1303) ~[spring-boot-2.7.12.jar:2.7.12]
	at org.springframework.boot.SpringApplication.run(SpringApplication.java:1292) ~[spring-boot-2.7.12.jar:2.7.12]
	at com.hmall.user.UserApplication.main(UserApplication.java:14) ~[classes/:na]

19:55:03:135  INFO 31392 --- [main] com.alibaba.nacos.common.remote.client   : [6cd31876-f782-4f27-9228-56e5cc1dcbd9] Try to connect to server on start up, server: {serverIp = '192.168.150.102', server main port = 8848}
19:55:06:146 ERROR 31392 --- [main] c.a.n.c.remote.client.grpc.GrpcClient    : Server check fail, please check server 192.168.150.102 ,port 9848 is available , error ={}

java.util.concurrent.TimeoutException: Waited 3000 milliseconds (plus 8 milliseconds, 577700 nanoseconds delay) for com.alibaba.nacos.shaded.io.grpc.stub.ClientCalls$GrpcFuture@744db9fb[status=PENDING, info=[GrpcFuture{clientCall={delegate={delegate=ClientCallImpl{method=MethodDescriptor{fullMethodName=Request/request, type=UNARY, idempotent=false, safe=false, sampledToLocalTracing=true, requestMarshaller=com.alibaba.nacos.shaded.io.grpc.protobuf.lite.ProtoLiteUtils$MessageMarshaller@64186f60, responseMarshaller=com.alibaba.nacos.shaded.io.grpc.protobuf.lite.ProtoLiteUtils$MessageMarshaller@de40aa1, schemaDescriptor=com.alibaba.nacos.api.grpc.auto.RequestGrpc$RequestMethodDescriptorSupplier@61b76a7d}}}}}]]
	at com.alibaba.nacos.shaded.com.google.common.util.concurrent.AbstractFuture.get(AbstractFuture.java:508) ~[nacos-client-2.0.4.jar:na]
	at com.alibaba.nacos.common.remote.client.grpc.GrpcClient.serverCheck(GrpcClient.java:148) ~[nacos-client-2.0.4.jar:na]
	at com.alibaba.nacos.common.remote.client.grpc.GrpcClient.connectToServer(GrpcClient.java:264) ~[nacos-client-2.0.4.jar:na]
	at com.alibaba.nacos.common.remote.client.RpcClient.start(RpcClient.java:390) ~[nacos-client-2.0.4.jar:na]
	at com.alibaba.nacos.client.naming.remote.gprc.NamingGrpcClientProxy.start(NamingGrpcClientProxy.java:96) ~[nacos-client-2.0.4.jar:na]
	at com.alibaba.nacos.client.naming.remote.gprc.NamingGrpcClientProxy.<init>(NamingGrpcClientProxy.java:89) ~[nacos-client-2.0.4.jar:na]
	at com.alibaba.nacos.client.naming.remote.NamingClientProxyDelegate.<init>(NamingClientProxyDelegate.java:76) ~[nacos-client-2.0.4.jar:na]
	at com.alibaba.nacos.client.naming.NacosNamingService.init(NacosNamingService.java:95) ~[nacos-client-2.0.4.jar:na]
	at com.alibaba.nacos.client.naming.NacosNamingService.<init>(NacosNamingService.java:81) ~[nacos-client-2.0.4.jar:na]
	at java.base/jdk.internal.reflect.NativeConstructorAccessorImpl.newInstance0(Native Method) ~[na:na]
	at java.base/jdk.internal.reflect.NativeConstructorAccessorImpl.newInstance(NativeConstructorAccessorImpl.java:62) ~[na:na]
	at java.base/jdk.internal.reflect.DelegatingConstructorAccessorImpl.newInstance(DelegatingConstructorAccessorImpl.java:45) ~[na:na]
	at java.base/java.lang.reflect.Constructor.newInstance(Constructor.java:490) ~[na:na]
	at com.alibaba.nacos.api.naming.NamingFactory.createNamingService(NamingFactory.java:59) ~[nacos-client-2.0.4.jar:na]
	at com.alibaba.nacos.api.NacosFactory.createNamingService(NacosFactory.java:77) ~[nacos-client-2.0.4.jar:na]
	at com.alibaba.cloud.nacos.NacosServiceManager.createNewNamingService(NacosServiceManager.java:99) ~[spring-cloud-starter-alibaba-nacos-discovery-2021.0.4.0.jar:2021.0.4.0]
	at com.alibaba.cloud.nacos.NacosServiceManager.buildNamingService(NacosServiceManager.java:90) ~[spring-cloud-starter-alibaba-nacos-discovery-2021.0.4.0.jar:2021.0.4.0]
	at com.alibaba.cloud.nacos.NacosServiceManager.getNamingService(NacosServiceManager.java:46) ~[spring-cloud-starter-alibaba-nacos-discovery-2021.0.4.0.jar:2021.0.4.0]
	at com.alibaba.cloud.nacos.discovery.NacosWatch.start(NacosWatch.java:130) ~[spring-cloud-starter-alibaba-nacos-discovery-2021.0.4.0.jar:2021.0.4.0]
	at org.springframework.context.support.DefaultLifecycleProcessor.doStart(DefaultLifecycleProcessor.java:178) ~[spring-context-5.3.27.jar:5.3.27]
	at org.springframework.context.support.DefaultLifecycleProcessor.access$200(DefaultLifecycleProcessor.java:54) ~[spring-context-5.3.27.jar:5.3.27]
	at org.springframework.context.support.DefaultLifecycleProcessor$LifecycleGroup.start(DefaultLifecycleProcessor.java:356) ~[spring-context-5.3.27.jar:5.3.27]
	at java.base/java.lang.Iterable.forEach(Iterable.java:75) ~[na:na]
	at org.springframework.context.support.DefaultLifecycleProcessor.startBeans(DefaultLifecycleProcessor.java:155) ~[spring-context-5.3.27.jar:5.3.27]
	at org.springframework.context.support.DefaultLifecycleProcessor.onRefresh(DefaultLifecycleProcessor.java:123) ~[spring-context-5.3.27.jar:5.3.27]
	at org.springframework.context.support.AbstractApplicationContext.finishRefresh(AbstractApplicationContext.java:937) ~[spring-context-5.3.27.jar:5.3.27]
	at org.springframework.context.support.AbstractApplicationContext.refresh(AbstractApplicationContext.java:586) ~[spring-context-5.3.27.jar:5.3.27]
	at org.springframework.boot.web.servlet.context.ServletWebServerApplicationContext.refresh(ServletWebServerApplicationContext.java:147) ~[spring-boot-2.7.12.jar:2.7.12]
	at org.springframework.boot.SpringApplication.refresh(SpringApplication.java:731) ~[spring-boot-2.7.12.jar:2.7.12]
	at org.springframework.boot.SpringApplication.refreshContext(SpringApplication.java:408) ~[spring-boot-2.7.12.jar:2.7.12]
	at org.springframework.boot.SpringApplication.run(SpringApplication.java:307) ~[spring-boot-2.7.12.jar:2.7.12]
	at org.springframework.boot.SpringApplication.run(SpringApplication.java:1303) ~[spring-boot-2.7.12.jar:2.7.12]
	at org.springframework.boot.SpringApplication.run(SpringApplication.java:1292) ~[spring-boot-2.7.12.jar:2.7.12]
	at com.hmall.user.UserApplication.main(UserApplication.java:14) ~[classes/:na]

19:55:06:147  INFO 31392 --- [com.alibaba.nacos.client.remote.worker] com.alibaba.nacos.common.remote.client   : [6cd31876-f782-4f27-9228-56e5cc1dcbd9] Try to reconnect to a new server, server is  not appointed, will choose a random server.
19:55:06:148  INFO 31392 --- [main] com.alibaba.nacos.common.remote.client   : [6cd31876-f782-4f27-9228-56e5cc1dcbd9] Register server push request handler:com.alibaba.nacos.common.remote.client.RpcClient$ConnectResetRequestHandler
19:55:06:149  INFO 31392 --- [main] com.alibaba.nacos.common.remote.client   : [6cd31876-f782-4f27-9228-56e5cc1dcbd9] Register server push request handler:com.alibaba.nacos.common.remote.client.RpcClient$$Lambda$955/0x0000000800820840
19:55:06:257 ERROR 31392 --- [main] com.alibaba.nacos.common.remote.client   : Send request fail, request = SubscribeServiceRequest{headers={app=unknown}, requestId='null'}, retryTimes = 0, errorMessage = Client not connected, current status:STARTING
19:55:06:368 ERROR 31392 --- [main] com.alibaba.nacos.common.remote.client   : Send request fail, request = SubscribeServiceRequest{headers={app=unknown}, requestId='null'}, retryTimes = 1, errorMessage = Client not connected, current status:STARTING
19:55:06:478 ERROR 31392 --- [main] com.alibaba.nacos.common.remote.client   : Send request fail, request = SubscribeServiceRequest{headers={app=unknown}, requestId='null'}, retryTimes = 2, errorMessage = Client not connected, current status:STARTING
19:55:06:478 ERROR 31392 --- [main] c.a.cloud.nacos.discovery.NacosWatch     : namingService subscribe failed, properties:NacosDiscoveryProperties{serverAddr='192.168.150.102:8848', username='', password='', endpoint='', namespace='', watchDelay=30000, logName='', service='user-service', weight=1.0, clusterName='DEFAULT', group='DEFAULT_GROUP', namingLoadCacheAtStart='false', metadata={preserved.register.source=SPRING_CLOUD}, registerEnabled=true, ip='192.168.220.1', networkInterface='', port=-1, secure=false, accessKey='', secretKey='', heartBeatInterval=null, heartBeatTimeout=null, ipDeleteTimeout=null, instanceEnabled=true, ephemeral=true, failureToleranceEnabled=false}, ipDeleteTimeout=null, failFast=true}

com.alibaba.nacos.api.exception.NacosException: Request nacos server failed: 
	at com.alibaba.nacos.client.naming.remote.gprc.NamingGrpcClientProxy.requestToServer(NamingGrpcClientProxy.java:290) ~[nacos-client-2.0.4.jar:na]
	at com.alibaba.nacos.client.naming.remote.gprc.NamingGrpcClientProxy.doSubscribe(NamingGrpcClientProxy.java:230) ~[nacos-client-2.0.4.jar:na]
	at com.alibaba.nacos.client.naming.remote.gprc.NamingGrpcClientProxy.subscribe(NamingGrpcClientProxy.java:215) ~[nacos-client-2.0.4.jar:na]
	at com.alibaba.nacos.client.naming.remote.NamingClientProxyDelegate.subscribe(NamingClientProxyDelegate.java:147) ~[nacos-client-2.0.4.jar:na]
	at com.alibaba.nacos.client.naming.NacosNamingService.subscribe(NacosNamingService.java:393) ~[nacos-client-2.0.4.jar:na]
	at com.alibaba.cloud.nacos.discovery.NacosWatch.start(NacosWatch.java:132) ~[spring-cloud-starter-alibaba-nacos-discovery-2021.0.4.0.jar:2021.0.4.0]
	at org.springframework.context.support.DefaultLifecycleProcessor.doStart(DefaultLifecycleProcessor.java:178) ~[spring-context-5.3.27.jar:5.3.27]
	at org.springframework.context.support.DefaultLifecycleProcessor.access$200(DefaultLifecycleProcessor.java:54) ~[spring-context-5.3.27.jar:5.3.27]
	at org.springframework.context.support.DefaultLifecycleProcessor$LifecycleGroup.start(DefaultLifecycleProcessor.java:356) ~[spring-context-5.3.27.jar:5.3.27]
	at java.base/java.lang.Iterable.forEach(Iterable.java:75) ~[na:na]
	at org.springframework.context.support.DefaultLifecycleProcessor.startBeans(DefaultLifecycleProcessor.java:155) ~[spring-context-5.3.27.jar:5.3.27]
	at org.springframework.context.support.DefaultLifecycleProcessor.onRefresh(DefaultLifecycleProcessor.java:123) ~[spring-context-5.3.27.jar:5.3.27]
	at org.springframework.context.support.AbstractApplicationContext.finishRefresh(AbstractApplicationContext.java:937) ~[spring-context-5.3.27.jar:5.3.27]
	at org.springframework.context.support.AbstractApplicationContext.refresh(AbstractApplicationContext.java:586) ~[spring-context-5.3.27.jar:5.3.27]
	at org.springframework.boot.web.servlet.context.ServletWebServerApplicationContext.refresh(ServletWebServerApplicationContext.java:147) ~[spring-boot-2.7.12.jar:2.7.12]
	at org.springframework.boot.SpringApplication.refresh(SpringApplication.java:731) ~[spring-boot-2.7.12.jar:2.7.12]
	at org.springframework.boot.SpringApplication.refreshContext(SpringApplication.java:408) ~[spring-boot-2.7.12.jar:2.7.12]
	at org.springframework.boot.SpringApplication.run(SpringApplication.java:307) ~[spring-boot-2.7.12.jar:2.7.12]
	at org.springframework.boot.SpringApplication.run(SpringApplication.java:1303) ~[spring-boot-2.7.12.jar:2.7.12]
	at org.springframework.boot.SpringApplication.run(SpringApplication.java:1292) ~[spring-boot-2.7.12.jar:2.7.12]
	at com.hmall.user.UserApplication.main(UserApplication.java:14) ~[classes/:na]
Caused by: com.alibaba.nacos.api.exception.NacosException: Client not connected, current status:STARTING
	at com.alibaba.nacos.common.remote.client.RpcClient.request(RpcClient.java:650) ~[nacos-client-2.0.4.jar:na]
	at com.alibaba.nacos.common.remote.client.RpcClient.request(RpcClient.java:630) ~[nacos-client-2.0.4.jar:na]
	at com.alibaba.nacos.client.naming.remote.gprc.NamingGrpcClientProxy.requestToServer(NamingGrpcClientProxy.java:280) ~[nacos-client-2.0.4.jar:na]
	... 20 common frames omitted

19:55:06:491  INFO 31392 --- [main] o.s.b.w.embedded.tomcat.TomcatWebServer  : Tomcat started on port(s): 8084 (http) with context path ''
19:55:06:605 ERROR 31392 --- [main] com.alibaba.nacos.common.remote.client   : Send request fail, request = InstanceRequest{headers={app=unknown}, requestId='null'}, retryTimes = 0, errorMessage = Client not connected, current status:STARTING
19:55:06:715 ERROR 31392 --- [main] com.alibaba.nacos.common.remote.client   : Send request fail, request = InstanceRequest{headers={app=unknown}, requestId='null'}, retryTimes = 1, errorMessage = Client not connected, current status:STARTING
19:55:06:826 ERROR 31392 --- [main] com.alibaba.nacos.common.remote.client   : Send request fail, request = InstanceRequest{headers={app=unknown}, requestId='null'}, retryTimes = 2, errorMessage = Client not connected, current status:STARTING
19:55:06:826 ERROR 31392 --- [main] c.a.c.n.registry.NacosServiceRegistry    : nacos registry, user-service register failed...NacosRegistration{nacosDiscoveryProperties=NacosDiscoveryProperties{serverAddr='192.168.150.102:8848', username='', password='', endpoint='', namespace='', watchDelay=30000, logName='', service='user-service', weight=1.0, clusterName='DEFAULT', group='DEFAULT_GROUP', namingLoadCacheAtStart='false', metadata={preserved.register.source=SPRING_CLOUD}, registerEnabled=true, ip='192.168.220.1', networkInterface='', port=8084, secure=false, accessKey='', secretKey='', heartBeatInterval=null, heartBeatTimeout=null, ipDeleteTimeout=null, instanceEnabled=true, ephemeral=true, failureToleranceEnabled=false}, ipDeleteTimeout=null, failFast=true}},

com.alibaba.nacos.api.exception.NacosException: Request nacos server failed: 
	at com.alibaba.nacos.client.naming.remote.gprc.NamingGrpcClientProxy.requestToServer(NamingGrpcClientProxy.java:290) ~[nacos-client-2.0.4.jar:na]
	at com.alibaba.nacos.client.naming.remote.gprc.NamingGrpcClientProxy.doRegisterService(NamingGrpcClientProxy.java:129) ~[nacos-client-2.0.4.jar:na]
	at com.alibaba.nacos.client.naming.remote.gprc.NamingGrpcClientProxy.registerService(NamingGrpcClientProxy.java:115) ~[nacos-client-2.0.4.jar:na]
	at com.alibaba.nacos.client.naming.remote.NamingClientProxyDelegate.registerService(NamingClientProxyDelegate.java:94) ~[nacos-client-2.0.4.jar:na]
	at com.alibaba.nacos.client.naming.NacosNamingService.registerInstance(NacosNamingService.java:145) ~[nacos-client-2.0.4.jar:na]
	at com.alibaba.cloud.nacos.registry.NacosServiceRegistry.register(NacosServiceRegistry.java:74) ~[spring-cloud-starter-alibaba-nacos-discovery-2021.0.4.0.jar:2021.0.4.0]
	at org.springframework.cloud.client.serviceregistry.AbstractAutoServiceRegistration.register(AbstractAutoServiceRegistration.java:232) ~[spring-cloud-commons-3.1.3.jar:3.1.3]
	at com.alibaba.cloud.nacos.registry.NacosAutoServiceRegistration.register(NacosAutoServiceRegistration.java:78) ~[spring-cloud-starter-alibaba-nacos-discovery-2021.0.4.0.jar:2021.0.4.0]
	at org.springframework.cloud.client.serviceregistry.AbstractAutoServiceRegistration.start(AbstractAutoServiceRegistration.java:133) ~[spring-cloud-commons-3.1.3.jar:3.1.3]
	at org.springframework.cloud.client.serviceregistry.AbstractAutoServiceRegistration.bind(AbstractAutoServiceRegistration.java:98) ~[spring-cloud-commons-3.1.3.jar:3.1.3]
	at org.springframework.cloud.client.serviceregistry.AbstractAutoServiceRegistration.onApplicationEvent(AbstractAutoServiceRegistration.java:86) ~[spring-cloud-commons-3.1.3.jar:3.1.3]
	at org.springframework.cloud.client.serviceregistry.AbstractAutoServiceRegistration.onApplicationEvent(AbstractAutoServiceRegistration.java:47) ~[spring-cloud-commons-3.1.3.jar:3.1.3]
	at org.springframework.context.event.SimpleApplicationEventMulticaster.doInvokeListener(SimpleApplicationEventMulticaster.java:176) ~[spring-context-5.3.27.jar:5.3.27]
	at org.springframework.context.event.SimpleApplicationEventMulticaster.invokeListener(SimpleApplicationEventMulticaster.java:169) ~[spring-context-5.3.27.jar:5.3.27]
	at org.springframework.context.event.SimpleApplicationEventMulticaster.multicastEvent(SimpleApplicationEventMulticaster.java:143) ~[spring-context-5.3.27.jar:5.3.27]
	at org.springframework.context.support.AbstractApplicationContext.publishEvent(AbstractApplicationContext.java:421) ~[spring-context-5.3.27.jar:5.3.27]
	at org.springframework.context.support.AbstractApplicationContext.publishEvent(AbstractApplicationContext.java:378) ~[spring-context-5.3.27.jar:5.3.27]
	at org.springframework.boot.web.servlet.context.WebServerStartStopLifecycle.start(WebServerStartStopLifecycle.java:46) ~[spring-boot-2.7.12.jar:2.7.12]
	at org.springframework.context.support.DefaultLifecycleProcessor.doStart(DefaultLifecycleProcessor.java:178) ~[spring-context-5.3.27.jar:5.3.27]
	at org.springframework.context.support.DefaultLifecycleProcessor.access$200(DefaultLifecycleProcessor.java:54) ~[spring-context-5.3.27.jar:5.3.27]
	at org.springframework.context.support.DefaultLifecycleProcessor$LifecycleGroup.start(DefaultLifecycleProcessor.java:356) ~[spring-context-5.3.27.jar:5.3.27]
	at java.base/java.lang.Iterable.forEach(Iterable.java:75) ~[na:na]
	at org.springframework.context.support.DefaultLifecycleProcessor.startBeans(DefaultLifecycleProcessor.java:155) ~[spring-context-5.3.27.jar:5.3.27]
	at org.springframework.context.support.DefaultLifecycleProcessor.onRefresh(DefaultLifecycleProcessor.java:123) ~[spring-context-5.3.27.jar:5.3.27]
	at org.springframework.context.support.AbstractApplicationContext.finishRefresh(AbstractApplicationContext.java:937) ~[spring-context-5.3.27.jar:5.3.27]
	at org.springframework.context.support.AbstractApplicationContext.refresh(AbstractApplicationContext.java:586) ~[spring-context-5.3.27.jar:5.3.27]
	at org.springframework.boot.web.servlet.context.ServletWebServerApplicationContext.refresh(ServletWebServerApplicationContext.java:147) ~[spring-boot-2.7.12.jar:2.7.12]
	at org.springframework.boot.SpringApplication.refresh(SpringApplication.java:731) ~[spring-boot-2.7.12.jar:2.7.12]
	at org.springframework.boot.SpringApplication.refreshContext(SpringApplication.java:408) ~[spring-boot-2.7.12.jar:2.7.12]
	at org.springframework.boot.SpringApplication.run(SpringApplication.java:307) ~[spring-boot-2.7.12.jar:2.7.12]
	at org.springframework.boot.SpringApplication.run(SpringApplication.java:1303) ~[spring-boot-2.7.12.jar:2.7.12]
	at org.springframework.boot.SpringApplication.run(SpringApplication.java:1292) ~[spring-boot-2.7.12.jar:2.7.12]
	at com.hmall.user.UserApplication.main(UserApplication.java:14) ~[classes/:na]
Caused by: com.alibaba.nacos.api.exception.NacosException: Client not connected, current status:STARTING
	at com.alibaba.nacos.common.remote.client.RpcClient.request(RpcClient.java:650) ~[nacos-client-2.0.4.jar:na]
	at com.alibaba.nacos.common.remote.client.RpcClient.request(RpcClient.java:630) ~[nacos-client-2.0.4.jar:na]
	at com.alibaba.nacos.client.naming.remote.gprc.NamingGrpcClientProxy.requestToServer(NamingGrpcClientProxy.java:280) ~[nacos-client-2.0.4.jar:na]
	... 32 common frames omitted

19:55:06:827  WARN 31392 --- [main] ConfigServletWebServerApplicationContext : Exception encountered during context initialization - cancelling refresh attempt: org.springframework.context.ApplicationContextException: Failed to start bean 'webServerStartStop'; nested exception is java.lang.reflect.UndeclaredThrowableException
19:55:07:157  INFO 31392 --- [main] com.alibaba.nacos.common.remote.client   : Shutdown rpc client, set status to shutdown
19:55:07:157  INFO 31392 --- [main] com.alibaba.nacos.common.remote.client   : Shutdown client event executor java.util.concurrent.ScheduledThreadPoolExecutor@418bdde9[Running, pool size = 2, active threads = 2, queued tasks = 0, completed tasks = 0]
19:55:07:157  INFO 31392 --- [main] c.a.n.c.remote.client.grpc.GrpcClient    : Shutdown grpc executor java.util.concurrent.ThreadPoolExecutor@13e0f380[Running, pool size = 3, active threads = 0, queued tasks = 0, completed tasks = 3]
19:55:07:157 ERROR 31392 --- [com.alibaba.nacos.client.remote.worker] c.a.n.c.remote.client.grpc.GrpcClient    : Server check fail, please check server 192.168.150.102 ,port 9848 is available , error ={}

java.lang.InterruptedException: null
	at com.alibaba.nacos.shaded.com.google.common.util.concurrent.AbstractFuture.get(AbstractFuture.java:438) ~[nacos-client-2.0.4.jar:na]
	at com.alibaba.nacos.common.remote.client.grpc.GrpcClient.serverCheck(GrpcClient.java:148) ~[nacos-client-2.0.4.jar:na]
	at com.alibaba.nacos.common.remote.client.grpc.GrpcClient.connectToServer(GrpcClient.java:264) ~[nacos-client-2.0.4.jar:na]
	at com.alibaba.nacos.common.remote.client.RpcClient.reconnect(RpcClient.java:522) ~[nacos-client-2.0.4.jar:na]
	at com.alibaba.nacos.common.remote.client.RpcClient.lambda$start$2(RpcClient.java:370) ~[nacos-client-2.0.4.jar:na]
	at java.base/java.util.concurrent.Executors$RunnableAdapter.call(Executors.java:515) ~[na:na]
	at java.base/java.util.concurrent.FutureTask.run(FutureTask.java:264) ~[na:na]
	at java.base/java.util.concurrent.ScheduledThreadPoolExecutor$ScheduledFutureTask.run(ScheduledThreadPoolExecutor.java:304) ~[na:na]
	at java.base/java.util.concurrent.ThreadPoolExecutor.runWorker(ThreadPoolExecutor.java:1128) ~[na:na]
	at java.base/java.util.concurrent.ThreadPoolExecutor$Worker.run(ThreadPoolExecutor.java:628) ~[na:na]
	at java.base/java.lang.Thread.run(Thread.java:829) ~[na:na]

19:55:07:158 ERROR 31392 --- [com.alibaba.nacos.client.remote.worker] c.a.n.c.remote.client.grpc.GrpcClient    : [6cd31876-f782-4f27-9228-56e5cc1dcbd9]Fail to connect to server!,error={}

java.util.concurrent.RejectedExecutionException: Task com.alibaba.nacos.shaded.io.grpc.internal.SerializingExecutor@155f71a2 rejected from java.util.concurrent.ThreadPoolExecutor@13e0f380[Terminated, pool size = 0, active threads = 0, queued tasks = 0, completed tasks = 3]
	at java.base/java.util.concurrent.ThreadPoolExecutor$AbortPolicy.rejectedExecution(ThreadPoolExecutor.java:2055) ~[na:na]
	at java.base/java.util.concurrent.ThreadPoolExecutor.reject(ThreadPoolExecutor.java:825) ~[na:na]
	at java.base/java.util.concurrent.ThreadPoolExecutor.execute(ThreadPoolExecutor.java:1355) ~[na:na]
	at com.alibaba.nacos.shaded.io.grpc.internal.SerializingExecutor.schedule(SerializingExecutor.java:93) ~[nacos-client-2.0.4.jar:na]
	at com.alibaba.nacos.shaded.io.grpc.internal.SerializingExecutor.execute(SerializingExecutor.java:86) ~[nacos-client-2.0.4.jar:na]
	at com.alibaba.nacos.shaded.io.grpc.internal.ClientCallImpl$ClientStreamListenerImpl.closedInternal(ClientCallImpl.java:696) ~[nacos-client-2.0.4.jar:na]
	at com.alibaba.nacos.shaded.io.grpc.internal.ClientCallImpl$ClientStreamListenerImpl.closed(ClientCallImpl.java:646) ~[nacos-client-2.0.4.jar:na]
	at com.alibaba.nacos.shaded.io.grpc.internal.ClientCallImpl$ClientStreamListenerImpl.closed(ClientCallImpl.java:639) ~[nacos-client-2.0.4.jar:na]
	at com.alibaba.nacos.shaded.io.grpc.internal.DelayedStream.cancel(DelayedStream.java:302) ~[nacos-client-2.0.4.jar:na]
	at com.alibaba.nacos.shaded.io.grpc.internal.DelayedClientTransport$PendingStream.cancel(DelayedClientTransport.java:363) ~[nacos-client-2.0.4.jar:na]
	at com.alibaba.nacos.shaded.io.grpc.internal.DelayedClientTransport.shutdownNow(DelayedClientTransport.java:241) ~[nacos-client-2.0.4.jar:na]
	at com.alibaba.nacos.shaded.io.grpc.internal.ManagedChannelImpl$UncommittedRetriableStreamsRegistry.onShutdownNow(ManagedChannelImpl.java:1021) ~[nacos-client-2.0.4.jar:na]
	at com.alibaba.nacos.shaded.io.grpc.internal.ManagedChannelImpl.shutdownNow(ManagedChannelImpl.java:752) ~[nacos-client-2.0.4.jar:na]
	at com.alibaba.nacos.shaded.io.grpc.internal.ManagedChannelImpl.shutdownNow(ManagedChannelImpl.java:105) ~[nacos-client-2.0.4.jar:na]
	at com.alibaba.nacos.shaded.io.grpc.internal.ForwardingManagedChannel.shutdownNow(ForwardingManagedChannel.java:52) ~[nacos-client-2.0.4.jar:na]
	at com.alibaba.nacos.shaded.io.grpc.internal.ManagedChannelOrphanWrapper.shutdownNow(ManagedChannelOrphanWrapper.java:66) ~[nacos-client-2.0.4.jar:na]
	at com.alibaba.nacos.common.remote.client.grpc.GrpcClient.shuntDownChannel(GrpcClient.java:130) ~[nacos-client-2.0.4.jar:na]
	at com.alibaba.nacos.common.remote.client.grpc.GrpcClient.connectToServer(GrpcClient.java:266) ~[nacos-client-2.0.4.jar:na]
	at com.alibaba.nacos.common.remote.client.RpcClient.reconnect(RpcClient.java:522) ~[nacos-client-2.0.4.jar:na]
	at com.alibaba.nacos.common.remote.client.RpcClient.lambda$start$2(RpcClient.java:370) ~[nacos-client-2.0.4.jar:na]
	at java.base/java.util.concurrent.Executors$RunnableAdapter.call(Executors.java:515) ~[na:na]
	at java.base/java.util.concurrent.FutureTask.run(FutureTask.java:264) ~[na:na]
	at java.base/java.util.concurrent.ScheduledThreadPoolExecutor$ScheduledFutureTask.run(ScheduledThreadPoolExecutor.java:304) ~[na:na]
	at java.base/java.util.concurrent.ThreadPoolExecutor.runWorker(ThreadPoolExecutor.java:1128) ~[na:na]
	at java.base/java.util.concurrent.ThreadPoolExecutor$Worker.run(ThreadPoolExecutor.java:628) ~[na:na]
	at java.base/java.lang.Thread.run(Thread.java:829) ~[na:na]

19:55:07:158  INFO 31392 --- [main] com.alibaba.nacos.common.remote.client   : [RpcClientFactory] create a new rpc client of 9297d20c-d539-4a59-bdc9-321f25bad556
19:55:07:159  INFO 31392 --- [main] com.alibaba.nacos.common.remote.client   : [9297d20c-d539-4a59-bdc9-321f25bad556] RpcClient init label, labels = {module=naming, source=sdk}
19:55:07:159  INFO 31392 --- [main] com.alibaba.nacos.common.remote.client   : [9297d20c-d539-4a59-bdc9-321f25bad556] RpcClient init, ServerListFactory = com.alibaba.nacos.client.naming.core.ServerListManager
19:55:07:159  INFO 31392 --- [main] com.alibaba.nacos.common.remote.client   : [9297d20c-d539-4a59-bdc9-321f25bad556] Registry connection listener to current client:com.alibaba.nacos.client.naming.remote.gprc.redo.NamingGrpcRedoService
19:55:07:159  INFO 31392 --- [main] com.alibaba.nacos.common.remote.client   : [9297d20c-d539-4a59-bdc9-321f25bad556] Register server push request handler:com.alibaba.nacos.client.naming.remote.gprc.NamingPushRequestHandler
19:55:07:159  INFO 31392 --- [main] com.alibaba.nacos.common.remote.client   : [9297d20c-d539-4a59-bdc9-321f25bad556] Try to connect to server on start up, server: {serverIp = '192.168.150.102', server main port = 8848}
19:55:07:264  INFO 31392 --- [com.alibaba.nacos.client.remote.worker] com.alibaba.nacos.common.remote.client   : [6cd31876-f782-4f27-9228-56e5cc1dcbd9] Client is shutdown, stop reconnect to server
19:55:10:165 ERROR 31392 --- [main] c.a.n.c.remote.client.grpc.GrpcClient    : Server check fail, please check server 192.168.150.102 ,port 9848 is available , error ={}

java.util.concurrent.TimeoutException: Waited 3000 milliseconds (plus 4 milliseconds, 550600 nanoseconds delay) for com.alibaba.nacos.shaded.io.grpc.stub.ClientCalls$GrpcFuture@24563809[status=PENDING, info=[GrpcFuture{clientCall={delegate={delegate=ClientCallImpl{method=MethodDescriptor{fullMethodName=Request/request, type=UNARY, idempotent=false, safe=false, sampledToLocalTracing=true, requestMarshaller=com.alibaba.nacos.shaded.io.grpc.protobuf.lite.ProtoLiteUtils$MessageMarshaller@64186f60, responseMarshaller=com.alibaba.nacos.shaded.io.grpc.protobuf.lite.ProtoLiteUtils$MessageMarshaller@de40aa1, schemaDescriptor=com.alibaba.nacos.api.grpc.auto.RequestGrpc$RequestMethodDescriptorSupplier@61b76a7d}}}}}]]
	at com.alibaba.nacos.shaded.com.google.common.util.concurrent.AbstractFuture.get(AbstractFuture.java:508) ~[nacos-client-2.0.4.jar:na]
	at com.alibaba.nacos.common.remote.client.grpc.GrpcClient.serverCheck(GrpcClient.java:148) ~[nacos-client-2.0.4.jar:na]
	at com.alibaba.nacos.common.remote.client.grpc.GrpcClient.connectToServer(GrpcClient.java:264) ~[nacos-client-2.0.4.jar:na]
	at com.alibaba.nacos.common.remote.client.RpcClient.start(RpcClient.java:390) ~[nacos-client-2.0.4.jar:na]
	at com.alibaba.nacos.client.naming.remote.gprc.NamingGrpcClientProxy.start(NamingGrpcClientProxy.java:96) ~[nacos-client-2.0.4.jar:na]
	at com.alibaba.nacos.client.naming.remote.gprc.NamingGrpcClientProxy.<init>(NamingGrpcClientProxy.java:89) ~[nacos-client-2.0.4.jar:na]
	at com.alibaba.nacos.client.naming.remote.NamingClientProxyDelegate.<init>(NamingClientProxyDelegate.java:76) ~[nacos-client-2.0.4.jar:na]
	at com.alibaba.nacos.client.naming.NacosNamingService.init(NacosNamingService.java:95) ~[nacos-client-2.0.4.jar:na]
	at com.alibaba.nacos.client.naming.NacosNamingService.<init>(NacosNamingService.java:81) ~[nacos-client-2.0.4.jar:na]
	at java.base/jdk.internal.reflect.NativeConstructorAccessorImpl.newInstance0(Native Method) ~[na:na]
	at java.base/jdk.internal.reflect.NativeConstructorAccessorImpl.newInstance(NativeConstructorAccessorImpl.java:62) ~[na:na]
	at java.base/jdk.internal.reflect.DelegatingConstructorAccessorImpl.newInstance(DelegatingConstructorAccessorImpl.java:45) ~[na:na]
	at java.base/java.lang.reflect.Constructor.newInstance(Constructor.java:490) ~[na:na]
	at com.alibaba.nacos.api.naming.NamingFactory.createNamingService(NamingFactory.java:59) ~[nacos-client-2.0.4.jar:na]
	at com.alibaba.nacos.api.NacosFactory.createNamingService(NacosFactory.java:77) ~[nacos-client-2.0.4.jar:na]
	at com.alibaba.cloud.nacos.NacosServiceManager.createNewNamingService(NacosServiceManager.java:99) ~[spring-cloud-starter-alibaba-nacos-discovery-2021.0.4.0.jar:2021.0.4.0]
	at com.alibaba.cloud.nacos.NacosServiceManager.buildNamingService(NacosServiceManager.java:90) ~[spring-cloud-starter-alibaba-nacos-discovery-2021.0.4.0.jar:2021.0.4.0]
	at com.alibaba.cloud.nacos.NacosServiceManager.getNamingService(NacosServiceManager.java:46) ~[spring-cloud-starter-alibaba-nacos-discovery-2021.0.4.0.jar:2021.0.4.0]
	at com.alibaba.cloud.nacos.discovery.NacosWatch.stop(NacosWatch.java:173) ~[spring-cloud-starter-alibaba-nacos-discovery-2021.0.4.0.jar:2021.0.4.0]
	at com.alibaba.cloud.nacos.discovery.NacosWatch.destroy(NacosWatch.java:204) ~[spring-cloud-starter-alibaba-nacos-discovery-2021.0.4.0.jar:2021.0.4.0]
	at org.springframework.beans.factory.support.DisposableBeanAdapter.destroy(DisposableBeanAdapter.java:213) ~[spring-beans-5.3.27.jar:5.3.27]
	at org.springframework.beans.factory.support.DefaultSingletonBeanRegistry.destroyBean(DefaultSingletonBeanRegistry.java:587) ~[spring-beans-5.3.27.jar:5.3.27]
	at org.springframework.beans.factory.support.DefaultSingletonBeanRegistry.destroySingleton(DefaultSingletonBeanRegistry.java:559) ~[spring-beans-5.3.27.jar:5.3.27]
	at org.springframework.beans.factory.support.DefaultListableBeanFactory.destroySingleton(DefaultListableBeanFactory.java:1163) ~[spring-beans-5.3.27.jar:5.3.27]
	at org.springframework.beans.factory.support.DefaultSingletonBeanRegistry.destroySingletons(DefaultSingletonBeanRegistry.java:520) ~[spring-beans-5.3.27.jar:5.3.27]
	at org.springframework.beans.factory.support.DefaultListableBeanFactory.destroySingletons(DefaultListableBeanFactory.java:1156) ~[spring-beans-5.3.27.jar:5.3.27]
	at org.springframework.context.support.AbstractApplicationContext.destroyBeans(AbstractApplicationContext.java:1108) ~[spring-context-5.3.27.jar:5.3.27]
	at org.springframework.context.support.AbstractApplicationContext.refresh(AbstractApplicationContext.java:596) ~[spring-context-5.3.27.jar:5.3.27]
	at org.springframework.boot.web.servlet.context.ServletWebServerApplicationContext.refresh(ServletWebServerApplicationContext.java:147) ~[spring-boot-2.7.12.jar:2.7.12]
	at org.springframework.boot.SpringApplication.refresh(SpringApplication.java:731) ~[spring-boot-2.7.12.jar:2.7.12]
	at org.springframework.boot.SpringApplication.refreshContext(SpringApplication.java:408) ~[spring-boot-2.7.12.jar:2.7.12]
	at org.springframework.boot.SpringApplication.run(SpringApplication.java:307) ~[spring-boot-2.7.12.jar:2.7.12]
	at org.springframework.boot.SpringApplication.run(SpringApplication.java:1303) ~[spring-boot-2.7.12.jar:2.7.12]
	at org.springframework.boot.SpringApplication.run(SpringApplication.java:1292) ~[spring-boot-2.7.12.jar:2.7.12]
	at com.hmall.user.UserApplication.main(UserApplication.java:14) ~[classes/:na]

19:55:10:166  INFO 31392 --- [main] com.alibaba.nacos.common.remote.client   : [9297d20c-d539-4a59-bdc9-321f25bad556] Try to connect to server on start up, server: {serverIp = '192.168.150.102', server main port = 8848}
19:55:13:182 ERROR 31392 --- [main] c.a.n.c.remote.client.grpc.GrpcClient    : Server check fail, please check server 192.168.150.102 ,port 9848 is available , error ={}

java.util.concurrent.TimeoutException: Waited 3000 milliseconds (plus 14 milliseconds, 441400 nanoseconds delay) for com.alibaba.nacos.shaded.io.grpc.stub.ClientCalls$GrpcFuture@7ade62a6[status=PENDING, info=[GrpcFuture{clientCall={delegate={delegate=ClientCallImpl{method=MethodDescriptor{fullMethodName=Request/request, type=UNARY, idempotent=false, safe=false, sampledToLocalTracing=true, requestMarshaller=com.alibaba.nacos.shaded.io.grpc.protobuf.lite.ProtoLiteUtils$MessageMarshaller@64186f60, responseMarshaller=com.alibaba.nacos.shaded.io.grpc.protobuf.lite.ProtoLiteUtils$MessageMarshaller@de40aa1, schemaDescriptor=com.alibaba.nacos.api.grpc.auto.RequestGrpc$RequestMethodDescriptorSupplier@61b76a7d}}}}}]]
	at com.alibaba.nacos.shaded.com.google.common.util.concurrent.AbstractFuture.get(AbstractFuture.java:508) ~[nacos-client-2.0.4.jar:na]
	at com.alibaba.nacos.common.remote.client.grpc.GrpcClient.serverCheck(GrpcClient.java:148) ~[nacos-client-2.0.4.jar:na]
	at com.alibaba.nacos.common.remote.client.grpc.GrpcClient.connectToServer(GrpcClient.java:264) ~[nacos-client-2.0.4.jar:na]
	at com.alibaba.nacos.common.remote.client.RpcClient.start(RpcClient.java:390) ~[nacos-client-2.0.4.jar:na]
	at com.alibaba.nacos.client.naming.remote.gprc.NamingGrpcClientProxy.start(NamingGrpcClientProxy.java:96) ~[nacos-client-2.0.4.jar:na]
	at com.alibaba.nacos.client.naming.remote.gprc.NamingGrpcClientProxy.<init>(NamingGrpcClientProxy.java:89) ~[nacos-client-2.0.4.jar:na]
	at com.alibaba.nacos.client.naming.remote.NamingClientProxyDelegate.<init>(NamingClientProxyDelegate.java:76) ~[nacos-client-2.0.4.jar:na]
	at com.alibaba.nacos.client.naming.NacosNamingService.init(NacosNamingService.java:95) ~[nacos-client-2.0.4.jar:na]
	at com.alibaba.nacos.client.naming.NacosNamingService.<init>(NacosNamingService.java:81) ~[nacos-client-2.0.4.jar:na]
	at java.base/jdk.internal.reflect.NativeConstructorAccessorImpl.newInstance0(Native Method) ~[na:na]
	at java.base/jdk.internal.reflect.NativeConstructorAccessorImpl.newInstance(NativeConstructorAccessorImpl.java:62) ~[na:na]
	at java.base/jdk.internal.reflect.DelegatingConstructorAccessorImpl.newInstance(DelegatingConstructorAccessorImpl.java:45) ~[na:na]
	at java.base/java.lang.reflect.Constructor.newInstance(Constructor.java:490) ~[na:na]
	at com.alibaba.nacos.api.naming.NamingFactory.createNamingService(NamingFactory.java:59) ~[nacos-client-2.0.4.jar:na]
	at com.alibaba.nacos.api.NacosFactory.createNamingService(NacosFactory.java:77) ~[nacos-client-2.0.4.jar:na]
	at com.alibaba.cloud.nacos.NacosServiceManager.createNewNamingService(NacosServiceManager.java:99) ~[spring-cloud-starter-alibaba-nacos-discovery-2021.0.4.0.jar:2021.0.4.0]
	at com.alibaba.cloud.nacos.NacosServiceManager.buildNamingService(NacosServiceManager.java:90) ~[spring-cloud-starter-alibaba-nacos-discovery-2021.0.4.0.jar:2021.0.4.0]
	at com.alibaba.cloud.nacos.NacosServiceManager.getNamingService(NacosServiceManager.java:46) ~[spring-cloud-starter-alibaba-nacos-discovery-2021.0.4.0.jar:2021.0.4.0]
	at com.alibaba.cloud.nacos.discovery.NacosWatch.stop(NacosWatch.java:173) ~[spring-cloud-starter-alibaba-nacos-discovery-2021.0.4.0.jar:2021.0.4.0]
	at com.alibaba.cloud.nacos.discovery.NacosWatch.destroy(NacosWatch.java:204) ~[spring-cloud-starter-alibaba-nacos-discovery-2021.0.4.0.jar:2021.0.4.0]
	at org.springframework.beans.factory.support.DisposableBeanAdapter.destroy(DisposableBeanAdapter.java:213) ~[spring-beans-5.3.27.jar:5.3.27]
	at org.springframework.beans.factory.support.DefaultSingletonBeanRegistry.destroyBean(DefaultSingletonBeanRegistry.java:587) ~[spring-beans-5.3.27.jar:5.3.27]
	at org.springframework.beans.factory.support.DefaultSingletonBeanRegistry.destroySingleton(DefaultSingletonBeanRegistry.java:559) ~[spring-beans-5.3.27.jar:5.3.27]
	at org.springframework.beans.factory.support.DefaultListableBeanFactory.destroySingleton(DefaultListableBeanFactory.java:1163) ~[spring-beans-5.3.27.jar:5.3.27]
	at org.springframework.beans.factory.support.DefaultSingletonBeanRegistry.destroySingletons(DefaultSingletonBeanRegistry.java:520) ~[spring-beans-5.3.27.jar:5.3.27]
	at org.springframework.beans.factory.support.DefaultListableBeanFactory.destroySingletons(DefaultListableBeanFactory.java:1156) ~[spring-beans-5.3.27.jar:5.3.27]
	at org.springframework.context.support.AbstractApplicationContext.destroyBeans(AbstractApplicationContext.java:1108) ~[spring-context-5.3.27.jar:5.3.27]
	at org.springframework.context.support.AbstractApplicationContext.refresh(AbstractApplicationContext.java:596) ~[spring-context-5.3.27.jar:5.3.27]
	at org.springframework.boot.web.servlet.context.ServletWebServerApplicationContext.refresh(ServletWebServerApplicationContext.java:147) ~[spring-boot-2.7.12.jar:2.7.12]
	at org.springframework.boot.SpringApplication.refresh(SpringApplication.java:731) ~[spring-boot-2.7.12.jar:2.7.12]
	at org.springframework.boot.SpringApplication.refreshContext(SpringApplication.java:408) ~[spring-boot-2.7.12.jar:2.7.12]
	at org.springframework.boot.SpringApplication.run(SpringApplication.java:307) ~[spring-boot-2.7.12.jar:2.7.12]
	at org.springframework.boot.SpringApplication.run(SpringApplication.java:1303) ~[spring-boot-2.7.12.jar:2.7.12]
	at org.springframework.boot.SpringApplication.run(SpringApplication.java:1292) ~[spring-boot-2.7.12.jar:2.7.12]
	at com.hmall.user.UserApplication.main(UserApplication.java:14) ~[classes/:na]

19:55:13:183  INFO 31392 --- [main] com.alibaba.nacos.common.remote.client   : [9297d20c-d539-4a59-bdc9-321f25bad556] Try to connect to server on start up, server: {serverIp = '192.168.150.102', server main port = 8848}
19:55:16:187 ERROR 31392 --- [main] c.a.n.c.remote.client.grpc.GrpcClient    : Server check fail, please check server 192.168.150.102 ,port 9848 is available , error ={}

java.util.concurrent.TimeoutException: Waited 3000 milliseconds (plus 1 milliseconds, 895500 nanoseconds delay) for com.alibaba.nacos.shaded.io.grpc.stub.ClientCalls$GrpcFuture@2f29e630[status=PENDING, info=[GrpcFuture{clientCall={delegate={delegate=ClientCallImpl{method=MethodDescriptor{fullMethodName=Request/request, type=UNARY, idempotent=false, safe=false, sampledToLocalTracing=true, requestMarshaller=com.alibaba.nacos.shaded.io.grpc.protobuf.lite.ProtoLiteUtils$MessageMarshaller@64186f60, responseMarshaller=com.alibaba.nacos.shaded.io.grpc.protobuf.lite.ProtoLiteUtils$MessageMarshaller@de40aa1, schemaDescriptor=com.alibaba.nacos.api.grpc.auto.RequestGrpc$RequestMethodDescriptorSupplier@61b76a7d}}}}}]]
	at com.alibaba.nacos.shaded.com.google.common.util.concurrent.AbstractFuture.get(AbstractFuture.java:508) ~[nacos-client-2.0.4.jar:na]
	at com.alibaba.nacos.common.remote.client.grpc.GrpcClient.serverCheck(GrpcClient.java:148) ~[nacos-client-2.0.4.jar:na]
	at com.alibaba.nacos.common.remote.client.grpc.GrpcClient.connectToServer(GrpcClient.java:264) ~[nacos-client-2.0.4.jar:na]
	at com.alibaba.nacos.common.remote.client.RpcClient.start(RpcClient.java:390) ~[nacos-client-2.0.4.jar:na]
	at com.alibaba.nacos.client.naming.remote.gprc.NamingGrpcClientProxy.start(NamingGrpcClientProxy.java:96) ~[nacos-client-2.0.4.jar:na]
	at com.alibaba.nacos.client.naming.remote.gprc.NamingGrpcClientProxy.<init>(NamingGrpcClientProxy.java:89) ~[nacos-client-2.0.4.jar:na]
	at com.alibaba.nacos.client.naming.remote.NamingClientProxyDelegate.<init>(NamingClientProxyDelegate.java:76) ~[nacos-client-2.0.4.jar:na]
	at com.alibaba.nacos.client.naming.NacosNamingService.init(NacosNamingService.java:95) ~[nacos-client-2.0.4.jar:na]
	at com.alibaba.nacos.client.naming.NacosNamingService.<init>(NacosNamingService.java:81) ~[nacos-client-2.0.4.jar:na]
	at java.base/jdk.internal.reflect.NativeConstructorAccessorImpl.newInstance0(Native Method) ~[na:na]
	at java.base/jdk.internal.reflect.NativeConstructorAccessorImpl.newInstance(NativeConstructorAccessorImpl.java:62) ~[na:na]
	at java.base/jdk.internal.reflect.DelegatingConstructorAccessorImpl.newInstance(DelegatingConstructorAccessorImpl.java:45) ~[na:na]
	at java.base/java.lang.reflect.Constructor.newInstance(Constructor.java:490) ~[na:na]
	at com.alibaba.nacos.api.naming.NamingFactory.createNamingService(NamingFactory.java:59) ~[nacos-client-2.0.4.jar:na]
	at com.alibaba.nacos.api.NacosFactory.createNamingService(NacosFactory.java:77) ~[nacos-client-2.0.4.jar:na]
	at com.alibaba.cloud.nacos.NacosServiceManager.createNewNamingService(NacosServiceManager.java:99) ~[spring-cloud-starter-alibaba-nacos-discovery-2021.0.4.0.jar:2021.0.4.0]
	at com.alibaba.cloud.nacos.NacosServiceManager.buildNamingService(NacosServiceManager.java:90) ~[spring-cloud-starter-alibaba-nacos-discovery-2021.0.4.0.jar:2021.0.4.0]
	at com.alibaba.cloud.nacos.NacosServiceManager.getNamingService(NacosServiceManager.java:46) ~[spring-cloud-starter-alibaba-nacos-discovery-2021.0.4.0.jar:2021.0.4.0]
	at com.alibaba.cloud.nacos.discovery.NacosWatch.stop(NacosWatch.java:173) ~[spring-cloud-starter-alibaba-nacos-discovery-2021.0.4.0.jar:2021.0.4.0]
	at com.alibaba.cloud.nacos.discovery.NacosWatch.destroy(NacosWatch.java:204) ~[spring-cloud-starter-alibaba-nacos-discovery-2021.0.4.0.jar:2021.0.4.0]
	at org.springframework.beans.factory.support.DisposableBeanAdapter.destroy(DisposableBeanAdapter.java:213) ~[spring-beans-5.3.27.jar:5.3.27]
	at org.springframework.beans.factory.support.DefaultSingletonBeanRegistry.destroyBean(DefaultSingletonBeanRegistry.java:587) ~[spring-beans-5.3.27.jar:5.3.27]
	at org.springframework.beans.factory.support.DefaultSingletonBeanRegistry.destroySingleton(DefaultSingletonBeanRegistry.java:559) ~[spring-beans-5.3.27.jar:5.3.27]
	at org.springframework.beans.factory.support.DefaultListableBeanFactory.destroySingleton(DefaultListableBeanFactory.java:1163) ~[spring-beans-5.3.27.jar:5.3.27]
	at org.springframework.beans.factory.support.DefaultSingletonBeanRegistry.destroySingletons(DefaultSingletonBeanRegistry.java:520) ~[spring-beans-5.3.27.jar:5.3.27]
	at org.springframework.beans.factory.support.DefaultListableBeanFactory.destroySingletons(DefaultListableBeanFactory.java:1156) ~[spring-beans-5.3.27.jar:5.3.27]
	at org.springframework.context.support.AbstractApplicationContext.destroyBeans(AbstractApplicationContext.java:1108) ~[spring-context-5.3.27.jar:5.3.27]
	at org.springframework.context.support.AbstractApplicationContext.refresh(AbstractApplicationContext.java:596) ~[spring-context-5.3.27.jar:5.3.27]
	at org.springframework.boot.web.servlet.context.ServletWebServerApplicationContext.refresh(ServletWebServerApplicationContext.java:147) ~[spring-boot-2.7.12.jar:2.7.12]
	at org.springframework.boot.SpringApplication.refresh(SpringApplication.java:731) ~[spring-boot-2.7.12.jar:2.7.12]
	at org.springframework.boot.SpringApplication.refreshContext(SpringApplication.java:408) ~[spring-boot-2.7.12.jar:2.7.12]
	at org.springframework.boot.SpringApplication.run(SpringApplication.java:307) ~[spring-boot-2.7.12.jar:2.7.12]
	at org.springframework.boot.SpringApplication.run(SpringApplication.java:1303) ~[spring-boot-2.7.12.jar:2.7.12]
	at org.springframework.boot.SpringApplication.run(SpringApplication.java:1292) ~[spring-boot-2.7.12.jar:2.7.12]
	at com.hmall.user.UserApplication.main(UserApplication.java:14) ~[classes/:na]

19:55:16:188  INFO 31392 --- [main] com.alibaba.nacos.common.remote.client   : [9297d20c-d539-4a59-bdc9-321f25bad556] Register server push request handler:com.alibaba.nacos.common.remote.client.RpcClient$ConnectResetRequestHandler
19:55:16:188  INFO 31392 --- [com.alibaba.nacos.client.remote.worker] com.alibaba.nacos.common.remote.client   : [9297d20c-d539-4a59-bdc9-321f25bad556] Try to reconnect to a new server, server is  not appointed, will choose a random server.
19:55:16:188  INFO 31392 --- [main] com.alibaba.nacos.common.remote.client   : [9297d20c-d539-4a59-bdc9-321f25bad556] Register server push request handler:com.alibaba.nacos.common.remote.client.RpcClient$$Lambda$955/0x0000000800820840
19:55:16:296 ERROR 31392 --- [main] com.alibaba.nacos.common.remote.client   : Send request fail, request = SubscribeServiceRequest{headers={app=unknown}, requestId='null'}, retryTimes = 0, errorMessage = Client not connected, current status:STARTING
19:55:16:406 ERROR 31392 --- [main] com.alibaba.nacos.common.remote.client   : Send request fail, request = SubscribeServiceRequest{headers={app=unknown}, requestId='null'}, retryTimes = 1, errorMessage = Client not connected, current status:STARTING
19:55:16:516 ERROR 31392 --- [main] com.alibaba.nacos.common.remote.client   : Send request fail, request = SubscribeServiceRequest{headers={app=unknown}, requestId='null'}, retryTimes = 2, errorMessage = Client not connected, current status:STARTING
19:55:16:516 ERROR 31392 --- [main] c.a.cloud.nacos.discovery.NacosWatch     : namingService unsubscribe failed, properties:NacosDiscoveryProperties{serverAddr='192.168.150.102:8848', username='', password='', endpoint='', namespace='', watchDelay=30000, logName='', service='user-service', weight=1.0, clusterName='DEFAULT', group='DEFAULT_GROUP', namingLoadCacheAtStart='false', metadata={preserved.register.source=SPRING_CLOUD}, registerEnabled=true, ip='192.168.220.1', networkInterface='', port=8084, secure=false, accessKey='', secretKey='', heartBeatInterval=null, heartBeatTimeout=null, ipDeleteTimeout=null, instanceEnabled=true, ephemeral=true, failureToleranceEnabled=false}, ipDeleteTimeout=null, failFast=true}

com.alibaba.nacos.api.exception.NacosException: Request nacos server failed: 
	at com.alibaba.nacos.client.naming.remote.gprc.NamingGrpcClientProxy.requestToServer(NamingGrpcClientProxy.java:290) ~[nacos-client-2.0.4.jar:na]
	at com.alibaba.nacos.client.naming.remote.gprc.NamingGrpcClientProxy.doUnsubscribe(NamingGrpcClientProxy.java:260) ~[nacos-client-2.0.4.jar:na]
	at com.alibaba.nacos.client.naming.remote.gprc.NamingGrpcClientProxy.unsubscribe(NamingGrpcClientProxy.java:241) ~[nacos-client-2.0.4.jar:na]
	at com.alibaba.nacos.client.naming.remote.NamingClientProxyDelegate.unsubscribe(NamingClientProxyDelegate.java:157) ~[nacos-client-2.0.4.jar:na]
	at com.alibaba.nacos.client.naming.NacosNamingService.unsubscribe(NacosNamingService.java:417) ~[nacos-client-2.0.4.jar:na]
	at com.alibaba.cloud.nacos.discovery.NacosWatch.stop(NacosWatch.java:174) ~[spring-cloud-starter-alibaba-nacos-discovery-2021.0.4.0.jar:2021.0.4.0]
	at com.alibaba.cloud.nacos.discovery.NacosWatch.destroy(NacosWatch.java:204) ~[spring-cloud-starter-alibaba-nacos-discovery-2021.0.4.0.jar:2021.0.4.0]
	at org.springframework.beans.factory.support.DisposableBeanAdapter.destroy(DisposableBeanAdapter.java:213) ~[spring-beans-5.3.27.jar:5.3.27]
	at org.springframework.beans.factory.support.DefaultSingletonBeanRegistry.destroyBean(DefaultSingletonBeanRegistry.java:587) ~[spring-beans-5.3.27.jar:5.3.27]
	at org.springframework.beans.factory.support.DefaultSingletonBeanRegistry.destroySingleton(DefaultSingletonBeanRegistry.java:559) ~[spring-beans-5.3.27.jar:5.3.27]
	at org.springframework.beans.factory.support.DefaultListableBeanFactory.destroySingleton(DefaultListableBeanFactory.java:1163) ~[spring-beans-5.3.27.jar:5.3.27]
	at org.springframework.beans.factory.support.DefaultSingletonBeanRegistry.destroySingletons(DefaultSingletonBeanRegistry.java:520) ~[spring-beans-5.3.27.jar:5.3.27]
	at org.springframework.beans.factory.support.DefaultListableBeanFactory.destroySingletons(DefaultListableBeanFactory.java:1156) ~[spring-beans-5.3.27.jar:5.3.27]
	at org.springframework.context.support.AbstractApplicationContext.destroyBeans(AbstractApplicationContext.java:1108) ~[spring-context-5.3.27.jar:5.3.27]
	at org.springframework.context.support.AbstractApplicationContext.refresh(AbstractApplicationContext.java:596) ~[spring-context-5.3.27.jar:5.3.27]
	at org.springframework.boot.web.servlet.context.ServletWebServerApplicationContext.refresh(ServletWebServerApplicationContext.java:147) ~[spring-boot-2.7.12.jar:2.7.12]
	at org.springframework.boot.SpringApplication.refresh(SpringApplication.java:731) ~[spring-boot-2.7.12.jar:2.7.12]
	at org.springframework.boot.SpringApplication.refreshContext(SpringApplication.java:408) ~[spring-boot-2.7.12.jar:2.7.12]
	at org.springframework.boot.SpringApplication.run(SpringApplication.java:307) ~[spring-boot-2.7.12.jar:2.7.12]
	at org.springframework.boot.SpringApplication.run(SpringApplication.java:1303) ~[spring-boot-2.7.12.jar:2.7.12]
	at org.springframework.boot.SpringApplication.run(SpringApplication.java:1292) ~[spring-boot-2.7.12.jar:2.7.12]
	at com.hmall.user.UserApplication.main(UserApplication.java:14) ~[classes/:na]
Caused by: com.alibaba.nacos.api.exception.NacosException: Client not connected, current status:STARTING
	at com.alibaba.nacos.common.remote.client.RpcClient.request(RpcClient.java:650) ~[nacos-client-2.0.4.jar:na]
	at com.alibaba.nacos.common.remote.client.RpcClient.request(RpcClient.java:630) ~[nacos-client-2.0.4.jar:na]
	at com.alibaba.nacos.client.naming.remote.gprc.NamingGrpcClientProxy.requestToServer(NamingGrpcClientProxy.java:280) ~[nacos-client-2.0.4.jar:na]
	... 21 common frames omitted

19:55:16:831  INFO 31392 --- [main] o.apache.catalina.core.StandardService   : Stopping service [Tomcat]
19:55:16:842  INFO 31392 --- [main] ConditionEvaluationReportLoggingListener : 

Error starting ApplicationContext. To display the conditions report re-run your application with 'debug' enabled.
19:55:16:860 ERROR 31392 --- [main] o.s.boot.SpringApplication               : Application run failed

org.springframework.context.ApplicationContextException: Failed to start bean 'webServerStartStop'; nested exception is java.lang.reflect.UndeclaredThrowableException
	at org.springframework.context.support.DefaultLifecycleProcessor.doStart(DefaultLifecycleProcessor.java:181) ~[spring-context-5.3.27.jar:5.3.27]
	at org.springframework.context.support.DefaultLifecycleProcessor.access$200(DefaultLifecycleProcessor.java:54) ~[spring-context-5.3.27.jar:5.3.27]
	at org.springframework.context.support.DefaultLifecycleProcessor$LifecycleGroup.start(DefaultLifecycleProcessor.java:356) ~[spring-context-5.3.27.jar:5.3.27]
	at java.base/java.lang.Iterable.forEach(Iterable.java:75) ~[na:na]
	at org.springframework.context.support.DefaultLifecycleProcessor.startBeans(DefaultLifecycleProcessor.java:155) ~[spring-context-5.3.27.jar:5.3.27]
	at org.springframework.context.support.DefaultLifecycleProcessor.onRefresh(DefaultLifecycleProcessor.java:123) ~[spring-context-5.3.27.jar:5.3.27]
	at org.springframework.context.support.AbstractApplicationContext.finishRefresh(AbstractApplicationContext.java:937) ~[spring-context-5.3.27.jar:5.3.27]
	at org.springframework.context.support.AbstractApplicationContext.refresh(AbstractApplicationContext.java:586) ~[spring-context-5.3.27.jar:5.3.27]
	at org.springframework.boot.web.servlet.context.ServletWebServerApplicationContext.refresh(ServletWebServerApplicationContext.java:147) ~[spring-boot-2.7.12.jar:2.7.12]
	at org.springframework.boot.SpringApplication.refresh(SpringApplication.java:731) ~[spring-boot-2.7.12.jar:2.7.12]
	at org.springframework.boot.SpringApplication.refreshContext(SpringApplication.java:408) ~[spring-boot-2.7.12.jar:2.7.12]
	at org.springframework.boot.SpringApplication.run(SpringApplication.java:307) ~[spring-boot-2.7.12.jar:2.7.12]
	at org.springframework.boot.SpringApplication.run(SpringApplication.java:1303) ~[spring-boot-2.7.12.jar:2.7.12]
	at org.springframework.boot.SpringApplication.run(SpringApplication.java:1292) ~[spring-boot-2.7.12.jar:2.7.12]
	at com.hmall.user.UserApplication.main(UserApplication.java:14) ~[classes/:na]
Caused by: java.lang.reflect.UndeclaredThrowableException: null
	at org.springframework.util.ReflectionUtils.rethrowRuntimeException(ReflectionUtils.java:147) ~[spring-core-5.3.27.jar:5.3.27]
	at com.alibaba.cloud.nacos.registry.NacosServiceRegistry.register(NacosServiceRegistry.java:82) ~[spring-cloud-starter-alibaba-nacos-discovery-2021.0.4.0.jar:2021.0.4.0]
	at org.springframework.cloud.client.serviceregistry.AbstractAutoServiceRegistration.register(AbstractAutoServiceRegistration.java:232) ~[spring-cloud-commons-3.1.3.jar:3.1.3]
	at com.alibaba.cloud.nacos.registry.NacosAutoServiceRegistration.register(NacosAutoServiceRegistration.java:78) ~[spring-cloud-starter-alibaba-nacos-discovery-2021.0.4.0.jar:2021.0.4.0]
	at org.springframework.cloud.client.serviceregistry.AbstractAutoServiceRegistration.start(AbstractAutoServiceRegistration.java:133) ~[spring-cloud-commons-3.1.3.jar:3.1.3]
	at org.springframework.cloud.client.serviceregistry.AbstractAutoServiceRegistration.bind(AbstractAutoServiceRegistration.java:98) ~[spring-cloud-commons-3.1.3.jar:3.1.3]
	at org.springframework.cloud.client.serviceregistry.AbstractAutoServiceRegistration.onApplicationEvent(AbstractAutoServiceRegistration.java:86) ~[spring-cloud-commons-3.1.3.jar:3.1.3]
	at org.springframework.cloud.client.serviceregistry.AbstractAutoServiceRegistration.onApplicationEvent(AbstractAutoServiceRegistration.java:47) ~[spring-cloud-commons-3.1.3.jar:3.1.3]
	at org.springframework.context.event.SimpleApplicationEventMulticaster.doInvokeListener(SimpleApplicationEventMulticaster.java:176) ~[spring-context-5.3.27.jar:5.3.27]
	at org.springframework.context.event.SimpleApplicationEventMulticaster.invokeListener(SimpleApplicationEventMulticaster.java:169) ~[spring-context-5.3.27.jar:5.3.27]
	at org.springframework.context.event.SimpleApplicationEventMulticaster.multicastEvent(SimpleApplicationEventMulticaster.java:143) ~[spring-context-5.3.27.jar:5.3.27]
	at org.springframework.context.support.AbstractApplicationContext.publishEvent(AbstractApplicationContext.java:421) ~[spring-context-5.3.27.jar:5.3.27]
	at org.springframework.context.support.AbstractApplicationContext.publishEvent(AbstractApplicationContext.java:378) ~[spring-context-5.3.27.jar:5.3.27]
	at org.springframework.boot.web.servlet.context.WebServerStartStopLifecycle.start(WebServerStartStopLifecycle.java:46) ~[spring-boot-2.7.12.jar:2.7.12]
	at org.springframework.context.support.DefaultLifecycleProcessor.doStart(DefaultLifecycleProcessor.java:178) ~[spring-context-5.3.27.jar:5.3.27]
	... 14 common frames omitted
Caused by: com.alibaba.nacos.api.exception.NacosException: Request nacos server failed: 
	at com.alibaba.nacos.client.naming.remote.gprc.NamingGrpcClientProxy.requestToServer(NamingGrpcClientProxy.java:290) ~[nacos-client-2.0.4.jar:na]
	at com.alibaba.nacos.client.naming.remote.gprc.NamingGrpcClientProxy.doRegisterService(NamingGrpcClientProxy.java:129) ~[nacos-client-2.0.4.jar:na]
	at com.alibaba.nacos.client.naming.remote.gprc.NamingGrpcClientProxy.registerService(NamingGrpcClientProxy.java:115) ~[nacos-client-2.0.4.jar:na]
	at com.alibaba.nacos.client.naming.remote.NamingClientProxyDelegate.registerService(NamingClientProxyDelegate.java:94) ~[nacos-client-2.0.4.jar:na]
	at com.alibaba.nacos.client.naming.NacosNamingService.registerInstance(NacosNamingService.java:145) ~[nacos-client-2.0.4.jar:na]
	at com.alibaba.cloud.nacos.registry.NacosServiceRegistry.register(NacosServiceRegistry.java:74) ~[spring-cloud-starter-alibaba-nacos-discovery-2021.0.4.0.jar:2021.0.4.0]
	... 27 common frames omitted
Caused by: com.alibaba.nacos.api.exception.NacosException: Client not connected, current status:STARTING
	at com.alibaba.nacos.common.remote.client.RpcClient.request(RpcClient.java:650) ~[nacos-client-2.0.4.jar:na]
	at com.alibaba.nacos.common.remote.client.RpcClient.request(RpcClient.java:630) ~[nacos-client-2.0.4.jar:na]
	at com.alibaba.nacos.client.naming.remote.gprc.NamingGrpcClientProxy.requestToServer(NamingGrpcClientProxy.java:280) ~[nacos-client-2.0.4.jar:na]
	... 32 common frames omitted

19:55:16:861  WARN 31392 --- [Thread-4] c.a.nacos.common.notify.NotifyCenter     : [NotifyCenter] Start destroying Publisher
19:55:16:861  WARN 31392 --- [Thread-7] c.a.n.common.http.HttpClientBeanHolder   : [HttpClientBeanHolder] Start destroying common HttpClient
19:55:16:861  WARN 31392 --- [Thread-4] c.a.nacos.common.notify.NotifyCenter     : [NotifyCenter] Destruction of the end
19:55:16:862  WARN 31392 --- [Thread-7] c.a.n.common.http.HttpClientBeanHolder   : [HttpClientBeanHolder] Destruction of the end
19:57:21:677  INFO 7340 --- [main] com.hmall.user.UserApplication           : Starting UserApplication using Java 11.0.31 on LAPTOP-16OT1L5F with PID 7340 (G:\hmall\backend\use-service\target\classes started by 18071 in G:\hmall\backend)
19:57:21:680 DEBUG 7340 --- [main] com.hmall.user.UserApplication           : Running with Spring Boot v2.7.12, Spring v5.3.27
19:57:21:680  INFO 7340 --- [main] com.hmall.user.UserApplication           : The following 1 profile is active: "dev"
19:57:22:846  INFO 7340 --- [main] o.s.cloud.context.scope.GenericScope     : BeanFactory id=1b240c66-5bce-3049-9061-cfac31c291bd
19:57:23:221  INFO 7340 --- [main] o.s.b.w.embedded.tomcat.TomcatWebServer  : Tomcat initialized with port(s): 8084 (http)
19:57:23:230  INFO 7340 --- [main] o.apache.catalina.core.StandardService   : Starting service [Tomcat]
19:57:23:231  INFO 7340 --- [main] org.apache.catalina.core.StandardEngine  : Starting Servlet engine: [Apache Tomcat/9.0.75]
19:57:23:412  INFO 7340 --- [main] o.a.c.c.C.[Tomcat].[localhost].[/]       : Initializing Spring embedded WebApplicationContext
19:57:23:412  INFO 7340 --- [main] w.s.c.ServletWebServerApplicationContext : Root WebApplicationContext: initialization completed in 1689 ms
19:57:28:400  INFO 7340 --- [main] pertySourcedRequestMappingHandlerMapping : Mapped URL path [/v2/api-docs] onto method [springfox.documentation.swagger2.web.Swagger2ControllerWebMvc#getDocumentation(String, HttpServletRequest)]
19:57:29:677  INFO 7340 --- [main] com.alibaba.nacos.common.remote.client   : [RpcClientFactory] create a new rpc client of 5c5c270c-6e38-4308-9c9e-a57b65a3a9d3
19:57:29:726  INFO 7340 --- [main] org.reflections.Reflections              : Reflections took 25 ms to scan 1 urls, producing 3 keys and 6 values 
19:57:29:772  INFO 7340 --- [main] org.reflections.Reflections              : Reflections took 24 ms to scan 1 urls, producing 4 keys and 9 values 
19:57:29:787  INFO 7340 --- [main] org.reflections.Reflections              : Reflections took 9 ms to scan 1 urls, producing 3 keys and 10 values 
19:57:29:790  WARN 7340 --- [main] org.reflections.Reflections              : given scan urls are empty. set urls in the configuration
19:57:29:798  INFO 7340 --- [main] org.reflections.Reflections              : Reflections took 7 ms to scan 1 urls, producing 1 keys and 5 values 
19:57:29:813  INFO 7340 --- [main] org.reflections.Reflections              : Reflections took 12 ms to scan 1 urls, producing 1 keys and 7 values 
19:57:29:826  INFO 7340 --- [main] org.reflections.Reflections              : Reflections took 9 ms to scan 1 urls, producing 2 keys and 8 values 
19:57:29:829  WARN 7340 --- [main] org.reflections.Reflections              : given scan urls are empty. set urls in the configuration
19:57:29:830  INFO 7340 --- [main] com.alibaba.nacos.common.remote.client   : [5c5c270c-6e38-4308-9c9e-a57b65a3a9d3] RpcClient init label, labels = {module=naming, source=sdk}
19:57:29:832  INFO 7340 --- [main] com.alibaba.nacos.common.remote.client   : [5c5c270c-6e38-4308-9c9e-a57b65a3a9d3] RpcClient init, ServerListFactory = com.alibaba.nacos.client.naming.core.ServerListManager
19:57:29:832  INFO 7340 --- [main] com.alibaba.nacos.common.remote.client   : [5c5c270c-6e38-4308-9c9e-a57b65a3a9d3] Registry connection listener to current client:com.alibaba.nacos.client.naming.remote.gprc.redo.NamingGrpcRedoService
19:57:29:833  INFO 7340 --- [main] com.alibaba.nacos.common.remote.client   : [5c5c270c-6e38-4308-9c9e-a57b65a3a9d3] Register server push request handler:com.alibaba.nacos.client.naming.remote.gprc.NamingPushRequestHandler
19:57:29:835  INFO 7340 --- [main] com.alibaba.nacos.common.remote.client   : [5c5c270c-6e38-4308-9c9e-a57b65a3a9d3] Try to connect to server on start up, server: {serverIp = '192.168.150.102', server main port = 8848}
19:57:33:644  INFO 7340 --- [main] com.alibaba.nacos.common.remote.client   : [5c5c270c-6e38-4308-9c9e-a57b65a3a9d3] Success to connect to server [192.168.150.102:8848] on start up, connectionId = 1777031852542_192.168.150.1_54515
19:57:33:645  INFO 7340 --- [com.alibaba.nacos.client.remote.worker] com.alibaba.nacos.common.remote.client   : [5c5c270c-6e38-4308-9c9e-a57b65a3a9d3] Notify connected event to listeners.
19:57:33:646  INFO 7340 --- [main] com.alibaba.nacos.common.remote.client   : [5c5c270c-6e38-4308-9c9e-a57b65a3a9d3] Register server push request handler:com.alibaba.nacos.common.remote.client.RpcClient$ConnectResetRequestHandler
19:57:33:647  INFO 7340 --- [main] com.alibaba.nacos.common.remote.client   : [5c5c270c-6e38-4308-9c9e-a57b65a3a9d3] Register server push request handler:com.alibaba.nacos.common.remote.client.RpcClient$$Lambda$955/0x0000000800713440
19:57:33:739  INFO 7340 --- [main] o.s.b.w.embedded.tomcat.TomcatWebServer  : Tomcat started on port(s): 8084 (http) with context path ''
19:57:33:752  INFO 7340 --- [main] c.a.c.n.registry.NacosServiceRegistry    : nacos registry, DEFAULT_GROUP user-service 192.168.220.1:8084 register finished
19:57:34:250  INFO 7340 --- [nacos-grpc-client-executor-9] com.alibaba.nacos.common.remote.client   : [5c5c270c-6e38-4308-9c9e-a57b65a3a9d3] Receive server push request, request = NotifySubscriberRequest, requestId = 121
19:57:34:261  INFO 7340 --- [nacos-grpc-client-executor-9] com.alibaba.nacos.common.remote.client   : [5c5c270c-6e38-4308-9c9e-a57b65a3a9d3] Ack server push request, request = NotifySubscriberRequest, requestId = 121
19:57:34:938  INFO 7340 --- [main] d.s.w.p.DocumentationPluginsBootstrapper : Documentation plugins bootstrapped
19:57:34:941  INFO 7340 --- [main] d.s.w.p.DocumentationPluginsBootstrapper : Found 1 custom documentation plugin(s)
19:57:34:975  INFO 7340 --- [main] s.d.s.w.s.ApiListingReferenceScanner     : Scanning for api listing references
19:57:35:107  INFO 7340 --- [main] com.hmall.user.UserApplication           : Started UserApplication in 14.755 seconds (JVM running for 16.25)
19:59:19:633  INFO 7340 --- [http-nio-8084-exec-1] o.a.c.c.C.[Tomcat].[localhost].[/]       : Initializing Spring DispatcherServlet 'dispatcherServlet'
19:59:19:633  INFO 7340 --- [http-nio-8084-exec-1] o.s.web.servlet.DispatcherServlet        : Initializing Servlet 'dispatcherServlet'
19:59:19:635  INFO 7340 --- [http-nio-8084-exec-1] o.s.web.servlet.DispatcherServlet        : Completed initialization in 2 ms
19:59:19:724  INFO 7340 --- [http-nio-8084-exec-1] com.zaxxer.hikari.HikariDataSource       : HikariPool-1 - Starting...
19:59:19:912  INFO 7340 --- [http-nio-8084-exec-1] com.zaxxer.hikari.HikariDataSource       : HikariPool-1 - Start completed.
19:59:19:917 DEBUG 7340 --- [http-nio-8084-exec-1] c.h.u.mapper.AddressMapper.selectList    : ==>  Preparing: SELECT id,user_id,province,city,town,mobile,street,contact,is_default,notes FROM address WHERE (user_id = ?)
19:59:19:942 DEBUG 7340 --- [http-nio-8084-exec-1] c.h.u.mapper.AddressMapper.selectList    : ==> Parameters: 1(Long)
19:59:19:964 DEBUG 7340 --- [http-nio-8084-exec-1] c.h.u.mapper.AddressMapper.selectList    : <==      Total: 4
19:59:23:769  INFO 7340 --- [http-nio-8084-exec-2] c.h.user.service.impl.UserServiceImpl    : 开始扣款
19:59:23:771 DEBUG 7340 --- [http-nio-8084-exec-2] c.h.user.mapper.UserMapper.selectById    : ==>  Preparing: SELECT id,username,password,phone,create_time,update_time,status,balance FROM user WHERE id=?
19:59:23:771 DEBUG 7340 --- [http-nio-8084-exec-2] c.h.user.mapper.UserMapper.selectById    : ==> Parameters: 1(Long)
19:59:23:777 DEBUG 7340 --- [http-nio-8084-exec-2] c.h.user.mapper.UserMapper.selectById    : <==      Total: 1
19:59:23:866 ERROR 7340 --- [http-nio-8084-exec-2] o.a.c.c.C.[.[.[/].[dispatcherServlet]    : Servlet.service() for servlet [dispatcherServlet] in context with path [] threw exception [Request processing failed; nested exception is com.hmall.common.exception.BizIllegalException: 用户密码错误] with root cause

com.hmall.common.exception.BizIllegalException: 用户密码错误
	at com.hmall.user.service.impl.UserServiceImpl.deductMoney(UserServiceImpl.java:75) ~[classes/:na]
	at com.hmall.user.service.impl.UserServiceImpl$$FastClassBySpringCGLIB$$da72bc39.invoke(<generated>) ~[classes/:na]
	at org.springframework.cglib.proxy.MethodProxy.invoke(MethodProxy.java:218) ~[spring-core-5.3.27.jar:5.3.27]
	at org.springframework.aop.framework.CglibAopProxy.invokeMethod(CglibAopProxy.java:386) ~[spring-aop-5.3.27.jar:5.3.27]
	at org.springframework.aop.framework.CglibAopProxy.access$000(CglibAopProxy.java:85) ~[spring-aop-5.3.27.jar:5.3.27]
	at org.springframework.aop.framework.CglibAopProxy$DynamicAdvisedInterceptor.intercept(CglibAopProxy.java:704) ~[spring-aop-5.3.27.jar:5.3.27]
	at com.hmall.user.service.impl.UserServiceImpl$$EnhancerBySpringCGLIB$$55d7b2d0.deductMoney(<generated>) ~[classes/:na]
	at com.hmall.user.controller.UserController.deductMoney(UserController.java:36) ~[classes/:na]
	at java.base/jdk.internal.reflect.NativeMethodAccessorImpl.invoke0(Native Method) ~[na:na]
	at java.base/jdk.internal.reflect.NativeMethodAccessorImpl.invoke(NativeMethodAccessorImpl.java:62) ~[na:na]
	at java.base/jdk.internal.reflect.DelegatingMethodAccessorImpl.invoke(DelegatingMethodAccessorImpl.java:43) ~[na:na]
	at java.base/java.lang.reflect.Method.invoke(Method.java:566) ~[na:na]
	at org.springframework.web.method.support.InvocableHandlerMethod.doInvoke(InvocableHandlerMethod.java:205) ~[spring-web-5.3.27.jar:5.3.27]
	at org.springframework.web.method.support.InvocableHandlerMethod.invokeForRequest(InvocableHandlerMethod.java:150) ~[spring-web-5.3.27.jar:5.3.27]
	at org.springframework.web.servlet.mvc.method.annotation.ServletInvocableHandlerMethod.invokeAndHandle(ServletInvocableHandlerMethod.java:117) ~[spring-webmvc-5.3.27.jar:5.3.27]
	at org.springframework.web.servlet.mvc.method.annotation.RequestMappingHandlerAdapter.invokeHandlerMethod(RequestMappingHandlerAdapter.java:895) ~[spring-webmvc-5.3.27.jar:5.3.27]
	at org.springframework.web.servlet.mvc.method.annotation.RequestMappingHandlerAdapter.handleInternal(RequestMappingHandlerAdapter.java:808) ~[spring-webmvc-5.3.27.jar:5.3.27]
	at org.springframework.web.servlet.mvc.method.AbstractHandlerMethodAdapter.handle(AbstractHandlerMethodAdapter.java:87) ~[spring-webmvc-5.3.27.jar:5.3.27]
	at org.springframework.web.servlet.DispatcherServlet.doDispatch(DispatcherServlet.java:1072) ~[spring-webmvc-5.3.27.jar:5.3.27]
	at org.springframework.web.servlet.DispatcherServlet.doService(DispatcherServlet.java:965) ~[spring-webmvc-5.3.27.jar:5.3.27]
	at org.springframework.web.servlet.FrameworkServlet.processRequest(FrameworkServlet.java:1006) ~[spring-webmvc-5.3.27.jar:5.3.27]
	at org.springframework.web.servlet.FrameworkServlet.doPut(FrameworkServlet.java:920) ~[spring-webmvc-5.3.27.jar:5.3.27]
	at javax.servlet.http.HttpServlet.service(HttpServlet.java:558) ~[tomcat-embed-core-9.0.75.jar:4.0.FR]
	at org.springframework.web.servlet.FrameworkServlet.service(FrameworkServlet.java:883) ~[spring-webmvc-5.3.27.jar:5.3.27]
	at javax.servlet.http.HttpServlet.service(HttpServlet.java:623) ~[tomcat-embed-core-9.0.75.jar:4.0.FR]
	at org.apache.catalina.core.ApplicationFilterChain.internalDoFilter(ApplicationFilterChain.java:209) ~[tomcat-embed-core-9.0.75.jar:9.0.75]
	at org.apache.catalina.core.ApplicationFilterChain.doFilter(ApplicationFilterChain.java:153) ~[tomcat-embed-core-9.0.75.jar:9.0.75]
	at org.apache.tomcat.websocket.server.WsFilter.doFilter(WsFilter.java:51) ~[tomcat-embed-websocket-9.0.75.jar:9.0.75]
	at org.apache.catalina.core.ApplicationFilterChain.internalDoFilter(ApplicationFilterChain.java:178) ~[tomcat-embed-core-9.0.75.jar:9.0.75]
	at org.apache.catalina.core.ApplicationFilterChain.doFilter(ApplicationFilterChain.java:153) ~[tomcat-embed-core-9.0.75.jar:9.0.75]
	at org.springframework.web.filter.RequestContextFilter.doFilterInternal(RequestContextFilter.java:100) ~[spring-web-5.3.27.jar:5.3.27]
	at org.springframework.web.filter.OncePerRequestFilter.doFilter(OncePerRequestFilter.java:117) ~[spring-web-5.3.27.jar:5.3.27]
	at org.apache.catalina.core.ApplicationFilterChain.internalDoFilter(ApplicationFilterChain.java:178) ~[tomcat-embed-core-9.0.75.jar:9.0.75]
	at org.apache.catalina.core.ApplicationFilterChain.doFilter(ApplicationFilterChain.java:153) ~[tomcat-embed-core-9.0.75.jar:9.0.75]
	at org.springframework.web.filter.FormContentFilter.doFilterInternal(FormContentFilter.java:93) ~[spring-web-5.3.27.jar:5.3.27]
	at org.springframework.web.filter.OncePerRequestFilter.doFilter(OncePerRequestFilter.java:117) ~[spring-web-5.3.27.jar:5.3.27]
	at org.apache.catalina.core.ApplicationFilterChain.internalDoFilter(ApplicationFilterChain.java:178) ~[tomcat-embed-core-9.0.75.jar:9.0.75]
	at org.apache.catalina.core.ApplicationFilterChain.doFilter(ApplicationFilterChain.java:153) ~[tomcat-embed-core-9.0.75.jar:9.0.75]
	at org.springframework.web.filter.CharacterEncodingFilter.doFilterInternal(CharacterEncodingFilter.java:201) ~[spring-web-5.3.27.jar:5.3.27]
	at org.springframework.web.filter.OncePerRequestFilter.doFilter(OncePerRequestFilter.java:117) ~[spring-web-5.3.27.jar:5.3.27]
	at org.apache.catalina.core.ApplicationFilterChain.internalDoFilter(ApplicationFilterChain.java:178) ~[tomcat-embed-core-9.0.75.jar:9.0.75]
	at org.apache.catalina.core.ApplicationFilterChain.doFilter(ApplicationFilterChain.java:153) ~[tomcat-embed-core-9.0.75.jar:9.0.75]
	at org.apache.catalina.core.StandardWrapperValve.invoke(StandardWrapperValve.java:167) ~[tomcat-embed-core-9.0.75.jar:9.0.75]
	at org.apache.catalina.core.StandardContextValve.invoke(StandardContextValve.java:90) ~[tomcat-embed-core-9.0.75.jar:9.0.75]
	at org.apache.catalina.authenticator.AuthenticatorBase.invoke(AuthenticatorBase.java:481) ~[tomcat-embed-core-9.0.75.jar:9.0.75]
	at org.apache.catalina.core.StandardHostValve.invoke(StandardHostValve.java:130) ~[tomcat-embed-core-9.0.75.jar:9.0.75]
	at org.apache.catalina.valves.ErrorReportValve.invoke(ErrorReportValve.java:93) ~[tomcat-embed-core-9.0.75.jar:9.0.75]
	at org.apache.catalina.core.StandardEngineValve.invoke(StandardEngineValve.java:74) ~[tomcat-embed-core-9.0.75.jar:9.0.75]
	at org.apache.catalina.connector.CoyoteAdapter.service(CoyoteAdapter.java:343) ~[tomcat-embed-core-9.0.75.jar:9.0.75]
	at org.apache.coyote.http11.Http11Processor.service(Http11Processor.java:390) ~[tomcat-embed-core-9.0.75.jar:9.0.75]
	at org.apache.coyote.AbstractProcessorLight.process(AbstractProcessorLight.java:63) ~[tomcat-embed-core-9.0.75.jar:9.0.75]
	at org.apache.coyote.AbstractProtocol$ConnectionHandler.process(AbstractProtocol.java:926) ~[tomcat-embed-core-9.0.75.jar:9.0.75]
	at org.apache.tomcat.util.net.NioEndpoint$SocketProcessor.doRun(NioEndpoint.java:1791) ~[tomcat-embed-core-9.0.75.jar:9.0.75]
	at org.apache.tomcat.util.net.SocketProcessorBase.run(SocketProcessorBase.java:52) ~[tomcat-embed-core-9.0.75.jar:9.0.75]
	at org.apache.tomcat.util.threads.ThreadPoolExecutor.runWorker(ThreadPoolExecutor.java:1191) ~[tomcat-embed-core-9.0.75.jar:9.0.75]
	at org.apache.tomcat.util.threads.ThreadPoolExecutor$Worker.run(ThreadPoolExecutor.java:659) ~[tomcat-embed-core-9.0.75.jar:9.0.75]
	at org.apache.tomcat.util.threads.TaskThread$WrappingRunnable.run(TaskThread.java:61) ~[tomcat-embed-core-9.0.75.jar:9.0.75]
	at java.base/java.lang.Thread.run(Thread.java:829) ~[na:na]

19:59:28:032  INFO 7340 --- [http-nio-8084-exec-3] c.h.user.service.impl.UserServiceImpl    : 开始扣款
19:59:28:033 DEBUG 7340 --- [http-nio-8084-exec-3] c.h.user.mapper.UserMapper.selectById    : ==>  Preparing: SELECT id,username,password,phone,create_time,update_time,status,balance FROM user WHERE id=?
19:59:28:034 DEBUG 7340 --- [http-nio-8084-exec-3] c.h.user.mapper.UserMapper.selectById    : ==> Parameters: 1(Long)
19:59:28:035 DEBUG 7340 --- [http-nio-8084-exec-3] c.h.user.mapper.UserMapper.selectById    : <==      Total: 1
19:59:28:106 DEBUG 7340 --- [http-nio-8084-exec-3] c.h.user.mapper.UserMapper.updateMoney   : ==>  Preparing: update user set balance = balance - 71800 where id = ?
19:59:28:106 DEBUG 7340 --- [http-nio-8084-exec-3] c.h.user.mapper.UserMapper.updateMoney   : ==> Parameters: 1(Long)
19:59:28:109 DEBUG 7340 --- [http-nio-8084-exec-3] c.h.user.mapper.UserMapper.updateMoney   : <==    Updates: 1
19:59:28:110  INFO 7340 --- [http-nio-8084-exec-3] c.h.user.service.impl.UserServiceImpl    : 扣款成功
20:03:07:609 DEBUG 7340 --- [http-nio-8084-exec-6] c.h.user.mapper.UserMapper.selectOne     : ==>  Preparing: SELECT id,username,password,phone,create_time,update_time,status,balance FROM user WHERE (username = ?)
20:03:07:609 DEBUG 7340 --- [http-nio-8084-exec-6] c.h.user.mapper.UserMapper.selectOne     : ==> Parameters: jack(String)
20:03:07:611 DEBUG 7340 --- [http-nio-8084-exec-6] c.h.user.mapper.UserMapper.selectOne     : <==      Total: 1
20:09:17:211 DEBUG 7340 --- [http-nio-8084-exec-8] c.h.u.mapper.AddressMapper.selectList    : ==>  Preparing: SELECT id,user_id,province,city,town,mobile,street,contact,is_default,notes FROM address WHERE (user_id = ?)
20:09:17:212 DEBUG 7340 --- [http-nio-8084-exec-8] c.h.u.mapper.AddressMapper.selectList    : ==> Parameters: 1(Long)
20:09:17:216 DEBUG 7340 --- [http-nio-8084-exec-8] c.h.u.mapper.AddressMapper.selectList    : <==      Total: 4
20:10:53:849  INFO 7340 --- [http-nio-8084-exec-10] c.h.user.service.impl.UserServiceImpl    : 开始扣款
20:10:53:850 DEBUG 7340 --- [http-nio-8084-exec-10] c.h.user.mapper.UserMapper.selectById    : ==>  Preparing: SELECT id,username,password,phone,create_time,update_time,status,balance FROM user WHERE id=?
20:10:53:850 DEBUG 7340 --- [http-nio-8084-exec-10] c.h.user.mapper.UserMapper.selectById    : ==> Parameters: 1(Long)
20:10:53:851 DEBUG 7340 --- [http-nio-8084-exec-10] c.h.user.mapper.UserMapper.selectById    : <==      Total: 1
20:10:53:926 DEBUG 7340 --- [http-nio-8084-exec-10] c.h.user.mapper.UserMapper.updateMoney   : ==>  Preparing: update user set balance = balance - 87900 where id = ?
20:10:53:926 DEBUG 7340 --- [http-nio-8084-exec-10] c.h.user.mapper.UserMapper.updateMoney   : ==> Parameters: 1(Long)
20:10:53:929 DEBUG 7340 --- [http-nio-8084-exec-10] c.h.user.mapper.UserMapper.updateMoney   : <==    Updates: 1
20:10:53:930  INFO 7340 --- [http-nio-8084-exec-10] c.h.user.service.impl.UserServiceImpl    : 扣款成功
20:13:38:537  INFO 7340 --- [http-nio-8084-exec-2] c.h.user.service.impl.UserServiceImpl    : 开始扣款
20:13:38:538 DEBUG 7340 --- [http-nio-8084-exec-2] c.h.user.mapper.UserMapper.selectById    : ==>  Preparing: SELECT id,username,password,phone,create_time,update_time,status,balance FROM user WHERE id=?
20:13:38:538 DEBUG 7340 --- [http-nio-8084-exec-2] c.h.user.mapper.UserMapper.selectById    : ==> Parameters: 1(Long)
20:13:38:540 DEBUG 7340 --- [http-nio-8084-exec-2] c.h.user.mapper.UserMapper.selectById    : <==      Total: 1
20:13:38:617 DEBUG 7340 --- [http-nio-8084-exec-2] c.h.user.mapper.UserMapper.updateMoney   : ==>  Preparing: update user set balance = balance - 87900 where id = ?
20:13:38:617 DEBUG 7340 --- [http-nio-8084-exec-2] c.h.user.mapper.UserMapper.updateMoney   : ==> Parameters: 1(Long)
20:13:38:619 DEBUG 7340 --- [http-nio-8084-exec-2] c.h.user.mapper.UserMapper.updateMoney   : <==    Updates: 1
20:13:38:619  INFO 7340 --- [http-nio-8084-exec-2] c.h.user.service.impl.UserServiceImpl    : 扣款成功
20:19:22:037  INFO 7340 --- [http-nio-8084-exec-4] c.h.user.service.impl.UserServiceImpl    : 开始扣款
20:19:22:038 DEBUG 7340 --- [http-nio-8084-exec-4] c.h.user.mapper.UserMapper.selectById    : ==>  Preparing: SELECT id,username,password,phone,create_time,update_time,status,balance FROM user WHERE id=?
20:19:22:039 DEBUG 7340 --- [http-nio-8084-exec-4] c.h.user.mapper.UserMapper.selectById    : ==> Parameters: 1(Long)
20:19:22:041 DEBUG 7340 --- [http-nio-8084-exec-4] c.h.user.mapper.UserMapper.selectById    : <==      Total: 1
20:19:22:143 DEBUG 7340 --- [http-nio-8084-exec-4] c.h.user.mapper.UserMapper.updateMoney   : ==>  Preparing: update user set balance = balance - 87900 where id = ?
20:19:22:143 DEBUG 7340 --- [http-nio-8084-exec-4] c.h.user.mapper.UserMapper.updateMoney   : ==> Parameters: 1(Long)
20:19:22:146 DEBUG 7340 --- [http-nio-8084-exec-4] c.h.user.mapper.UserMapper.updateMoney   : <==    Updates: 1
20:19:22:146  INFO 7340 --- [http-nio-8084-exec-4] c.h.user.service.impl.UserServiceImpl    : 扣款成功
20:19:56:955  INFO 7340 --- [http-nio-8084-exec-6] c.h.user.service.impl.UserServiceImpl    : 开始扣款
20:19:56:956 DEBUG 7340 --- [http-nio-8084-exec-6] c.h.user.mapper.UserMapper.selectById    : ==>  Preparing: SELECT id,username,password,phone,create_time,update_time,status,balance FROM user WHERE id=?
20:19:56:956 DEBUG 7340 --- [http-nio-8084-exec-6] c.h.user.mapper.UserMapper.selectById    : ==> Parameters: 1(Long)
20:19:56:958 DEBUG 7340 --- [http-nio-8084-exec-6] c.h.user.mapper.UserMapper.selectById    : <==      Total: 1
20:19:57:038 DEBUG 7340 --- [http-nio-8084-exec-6] c.h.user.mapper.UserMapper.updateMoney   : ==>  Preparing: update user set balance = balance - 87900 where id = ?
20:19:57:038 DEBUG 7340 --- [http-nio-8084-exec-6] c.h.user.mapper.UserMapper.updateMoney   : ==> Parameters: 1(Long)
20:19:57:041 DEBUG 7340 --- [http-nio-8084-exec-6] c.h.user.mapper.UserMapper.updateMoney   : <==    Updates: 1
20:19:57:041  INFO 7340 --- [http-nio-8084-exec-6] c.h.user.service.impl.UserServiceImpl    : 扣款成功
20:20:55:124  WARN 7340 --- [Thread-7] c.a.n.common.http.HttpClientBeanHolder   : [HttpClientBeanHolder] Start destroying common HttpClient
20:20:55:125  WARN 7340 --- [Thread-4] c.a.nacos.common.notify.NotifyCenter     : [NotifyCenter] Start destroying Publisher
20:20:55:127  WARN 7340 --- [Thread-4] c.a.nacos.common.notify.NotifyCenter     : [NotifyCenter] Destruction of the end
20:20:55:136  WARN 7340 --- [Thread-7] c.a.n.common.http.HttpClientBeanHolder   : [HttpClientBeanHolder] Destruction of the end
20:20:56:103  INFO 7340 --- [SpringApplicationShutdownHook] c.a.c.n.registry.NacosServiceRegistry    : De-registering from Nacos Server now...
20:20:56:109  INFO 7340 --- [SpringApplicationShutdownHook] c.a.c.n.registry.NacosServiceRegistry    : De-registration finished.
20:20:56:434  INFO 7340 --- [SpringApplicationShutdownHook] com.alibaba.nacos.common.remote.client   : Shutdown rpc client, set status to shutdown
20:20:56:435  INFO 7340 --- [SpringApplicationShutdownHook] com.alibaba.nacos.common.remote.client   : Shutdown client event executor java.util.concurrent.ScheduledThreadPoolExecutor@341b5f89[Running, pool size = 2, active threads = 2, queued tasks = 0, completed tasks = 0]
20:20:56:435  INFO 7340 --- [SpringApplicationShutdownHook] com.alibaba.nacos.common.remote.client   : Close current connection 1777031852542_192.168.150.1_54515
20:20:56:437  INFO 7340 --- [nacos-grpc-client-executor-302] c.a.n.c.remote.client.grpc.GrpcClient    : [1777031852542_192.168.150.1_54515]Ignore complete event,isRunning:false,isAbandon=false
20:20:56:454  INFO 7340 --- [SpringApplicationShutdownHook] c.a.n.c.remote.client.grpc.GrpcClient    : Shutdown grpc executor java.util.concurrent.ThreadPoolExecutor@22ee4818[Running, pool size = 6, active threads = 0, queued tasks = 0, completed tasks = 303]
20:20:56:475  INFO 7340 --- [SpringApplicationShutdownHook] com.zaxxer.hikari.HikariDataSource       : HikariPool-1 - Shutdown initiated...
20:20:56:509  INFO 7340 --- [SpringApplicationShutdownHook] com.zaxxer.hikari.HikariDataSource       : HikariPool-1 - Shutdown completed.
